{
    "layer_names": [
        "LOWER_MANTLE_1",
        "LOWER_MANTLE_2",
        "LOWER_MANTLE_3",
        "LOWER_MANTLE_4",
        "LOWER_MANTLE_5",
        "LOWER_MANTLE_6",
        "LOWER_MANTLE_7",
        "LOWER_MANTLE_8",
        "MANTLE_TRANSITION_ZONE_1",
        "MANTLE_TRANSITION_ZONE_2",
        "MANTLE_TRANSITION_ZONE_3",
        "MANTLE_TRANSITION_ZONE_4",
        "MANTLE_LVZ_1",
        "MANTLE_LVZ_2",
        "CRUST"
    ],
    "r_limits": [
        3480000.0,
        4351000.0,
        4525000.0,
        4700000.0,
        4868000.0,
        5056000.0,
        5210000.0,
        5485000.0,
        5693000.0,
        5701000.0,
        5830000.0,
        5950000.0,
        6050000.0,
        6170000.0,
        6300000.0,
        6371000.0
    ],
    "variable_names": [
        "q_mu",
        "omega_m",
        "alpha",
        "tau_m",
        "asymptotic_mu_ratio"
    ],
    "crust_values": {
        "q_mu": null,
        "omega_m": null,
        "alpha": null,
        "tau_m": null,
        "asymptotic_mu_ratio": null
    },
    "polynomials": {
        "q_mu": [
            [
                267
            ],
            [
                283
            ],
            [
                309
            ],
            [
                340
            ],
            [
                358
            ],
            [
                366
            ],
            [
                378
            ],
            [
                359
            ],
            [
                283
            ],
            [
                209
            ],
            [
                152
            ],
            [
                121
            ],
            [
                115
            ],
            [
                120
            ],
            [
                120
            ]
        ],
        "omega_m": [
            [
                0.000309
            ],
            [
                0.000309
            ],
            [
                0.000309
            ],
            [
                0.000309
            ],
            [
                0.000309
            ],
            [
                0.000309
            ],
            [
                0.000309
            ],
            [
                0.000309
            ],
            [
                0.000309
            ],
            [
                0.000309
            ],
            [
                0.000309
            ],
            [
                0.000309
            ],
            [
                0.000309
            ],
            [
                0.000309
            ],
            [
                0.0
            ]
        ],
        "alpha": [
            [
                0.260
            ],
            [
                0.260
            ],
            [
                0.260
            ],
            [
                0.260
            ],
            [
                0.260
            ],
            [
                0.260
            ],
            [
                0.260
            ],
            [
                0.260
            ],
            [
                0.260
            ],
            [
                0.260
            ],
            [
                0.260
            ],
            [
                0.260
            ],
            [
                0.260
            ],
            [
                0.260
            ],
            [
                0.0
            ]
        ],
        "tau_m": [
            [
                0.0
            ],
            [
                0.0
            ],
            [
                0.0
            ],
            [
                0.0
            ],
            [
                0.0
            ],
            [
                0.0
            ],
            [
                0.0
            ],
            [
                0.0
            ],
            [
                0.0
            ],
            [
                0.0
            ],
            [
                0.0
            ],
            [
                0.0
            ],
            [
                0.0
            ],
            [
                0.0
            ],
            [
                0.0
            ]
        ],
        "asymptotic_mu_ratio": [
            [
                0.15
            ],
            [
                0.15
            ],
            [
                0.15
            ],
            [
                0.15
            ],
            [
                0.15
            ],
            [
                0.15
            ],
            [
                0.15
            ],
            [
                0.15
            ],
            [
                0.15
            ],
            [
                0.15
            ],
            [
                0.15
            ],
            [
                0.15
            ],
            [
                0.15
            ],
            [
                0.15
            ],
            [
                1.0
            ]
        ]
    }
}