{
    "layer_names": [
        "LOWER_MANTLE_1",
        "LOWER_MANTLE_2",
        "LOWER_MANTLE_3",
        "MANTLE_TRANSITION_ZONE",
        "MANTLE_LVZ",
        "MANTLE_LID",
        "CRUST"
    ],
    "r_limits": [
        3480000.0,
        4290000.0,
        4900000.0,
        5701000.0,
        6151000.0,
        6291000.0,
        6346600.0,
        6371000.0
    ],
    "variable_names": [
        "q_mu",
        "omega_m",
        "alpha",
        "tau_m",
        "asymptotic_mu_ratio"
    ],
    "crust_values": {
        "q_mu": null,
        "omega_m": null,
        "alpha": null,
        "tau_m": null,
        "asymptotic_mu_ratio": null
    },
    "polynomials": {
        "q_mu": [
            [
                312
            ],
            [
                335
            ],
            [
                419
            ],
            [
                132
            ],
            [
                88
            ],
            [
                594
            ],
            [
                594
            ]
        ],
        "omega_m": [
            [
                0.000309
            ],
            [
                0.000309
            ],
            [
                0.000309
            ],
            [
                0.000309
            ],
            [
                0.000309
            ],
            [
                0.000309
            ],
            [
                0.0
            ]
        ],
        "alpha": [
            [
                0.297
            ],
            [
                0.297
            ],
            [
                0.297
            ],
            [
                0.297
            ],
            [
                0.297
            ],
            [
                0.297
            ],
            [
                0.0
            ]
        ],
        "tau_m": [
            [
                0.0
            ],
            [
                0.0
            ],
            [
                0.0
            ],
            [
                0.0
            ],
            [
                0.0
            ],
            [
                0.0
            ],
            [
                0.0
            ]
        ],
        "asymptotic_mu_ratio": [
            [
                0.1
            ],
            [
                0.1
            ],
            [
                0.1
            ],
            [
                0.1
            ],
            [
                0.1
            ],
            [
                0.1
            ],
            [
                1.0
            ]
        ]
    }
}