{
    "layer_names": [
        "LOWER MANTLE 1",
        "LOWER MANTLE 2",
        "LOWER MANTLE 3",
        "MANTLE_TRANSITION_ZONE_1",
        "MANTLE_TRANSITION_ZONE_2",
        "MANTLE_LVZ",
        "MANTLE_LID",
        "CRUST"
    ],
    "r_limits": [
        3480000.0,
        4370000.0,
        5165000.0,
        5701000.0,
        5968000.0,
        6151000.0,
        6291000.0,
        6346600.0,
        6371000.0
    ],
    "variable_names": [
        "q_mu",
        "omega_m",
        "alpha",
        "tau_m",
        "asymptotic_mu_ratio"
    ],
    "crust_values": {
        "q_mu": null,
        "omega_m": null,
        "alpha": null,
        "tau_m": null,
        "asymptotic_mu_ratio": null
    },
    "polynomials": {
        "q_mu": [
            [
                302
            ],
            [
                359
            ],
            [
                334
            ],
            [
                185
            ],
            [
                168
            ],
            [
                62
            ],
            [
                600
            ],
            [
                600
            ]
        ],
        "omega_m": [
            [
                0.000309
            ],
            [
                0.000309
            ],
            [
                0.000309
            ],
            [
                0.000309
            ],
            [
                0.000309
            ],
            [
                0.000309
            ],
            [
                0.000309
            ],
            [
                0.0
            ]
        ],
        "alpha": [
            [
                0.223
            ],
            [
                0.223
            ],
            [
                0.223
            ],
            [
                0.223
            ],
            [
                0.223
            ],
            [
                0.223
            ],
            [
                0.223
            ],
            [
                0.0
            ]
        ],
        "tau_m": [
            [
                0.0
            ],
            [
                0.0
            ],
            [
                0.0
            ],
            [
                0.0
            ],
            [
                0.0
            ],
            [
                0.0
            ],
            [
                0.0
            ],
            [
                0.0
            ]
        ],
        "asymptotic_mu_ratio": [
            [
                0.1
            ],
            [
                0.1
            ],
            [
                0.1
            ],
            [
                0.1
            ],
            [
                0.1
            ],
            [
                0.1
            ],
            [
                0.1
            ],
            [
                1.0
            ]
        ]
    }
}