LIA,pole_:_time series,Uniform_:_continental load model,elastic mean_:_barystatic sea_:_level,viscosity_:_profile,Asthenosphere_:_viscosity,Q profile,GRACE_:_solution,relaxed shear_:_modulus ratio,alpha,Anelasticity,ocean_mean_trend_step_5
False,mean,True,mean,,,,GFZ,,,elastic,1.991899
False,mean,True,mean,,,,JPL,,,elastic,2.061466
False,mean,True,mean,,,,CSR,,,elastic,2.004874
False,mean,True,mean,,,,MSSA,,,elastic,2.045856
True,mean,True,mean,,,,GFZ,,,elastic,1.998717
True,mean,True,mean,,,,JPL,,,elastic,2.070475
True,mean,True,mean,,,,CSR,,,elastic,2.012097
False,mean,True,lower,,,,GFZ,,,elastic,1.973889
False,mean,True,lower,,,,JPL,,,elastic,2.043116
False,mean,True,lower,,,,CSR,,,elastic,1.987742
False,mean,True,lower,,,,MSSA,,,elastic,2.029187
True,mean,True,lower,,,,GFZ,,,elastic,1.98279
True,mean,True,lower,,,,JPL,,,elastic,2.050982
True,mean,True,lower,,,,CSR,,,elastic,1.995596
True,mean,True,lower,,,,MSSA,,,elastic,2.037066
False,mean,True,upper,,,,GFZ,,,elastic,2.006148
False,mean,True,upper,,,,JPL,,,elastic,2.077753
False,mean,True,upper,,,,CSR,,,elastic,2.019348
False,mean,True,upper,,,,MSSA,,,elastic,2.058689
True,mean,True,upper,,,,GFZ,,,elastic,2.013122
True,mean,True,upper,,,,JPL,,,elastic,2.085199
True,mean,True,upper,,,,CSR,,,elastic,2.026898
True,mean,True,upper,,,,MSSA,,,elastic,2.065123
False,mean,True,mean,,,PAR3P,GFZ,0.15,0.26,short-term,2.33627
False,mean,True,mean,,,PAR3P,JPL,0.15,0.26,short-term,2.416366
False,mean,True,mean,,,PAR3P,CSR,0.15,0.26,short-term,2.350388
False,mean,True,mean,,,PAR3P,MSSA,0.15,0.26,short-term,2.364962
True,mean,True,mean,,,PAR3P,GFZ,0.15,0.26,short-term,2.337246
True,mean,True,mean,,,PAR3P,JPL,0.15,0.26,short-term,2.417896
True,mean,True,mean,,,PAR3P,CSR,0.15,0.26,short-term,2.351762
False,mean,True,lower,,,PAR3P,GFZ,0.15,0.26,short-term,2.340365
False,mean,True,lower,,,PAR3P,JPL,0.15,0.26,short-term,2.42073
False,mean,True,lower,,,PAR3P,CSR,0.15,0.26,short-term,2.355964
False,mean,True,lower,,,PAR3P,MSSA,0.15,0.26,short-term,2.368551
True,mean,True,lower,,,PAR3P,GFZ,0.15,0.26,short-term,2.341009
True,mean,True,lower,,,PAR3P,JPL,0.15,0.26,short-term,2.421887
True,mean,True,lower,,,PAR3P,CSR,0.15,0.26,short-term,2.356802
True,mean,True,lower,,,PAR3P,MSSA,0.15,0.26,short-term,2.370795
False,mean,True,upper,,,PAR3P,GFZ,0.15,0.26,short-term,2.330606
False,mean,True,upper,,,PAR3P,JPL,0.15,0.26,short-term,2.410169
False,mean,True,upper,,,PAR3P,CSR,0.15,0.26,short-term,2.34456
False,mean,True,upper,,,PAR3P,MSSA,0.15,0.26,short-term,2.359709
True,mean,True,upper,,,PAR3P,GFZ,0.15,0.26,short-term,2.330675
True,mean,True,upper,,,PAR3P,JPL,0.15,0.26,short-term,2.410231
True,mean,True,upper,,,PAR3P,CSR,0.15,0.26,short-term,2.345336
True,mean,True,upper,,,PAR3P,MSSA,0.15,0.26,short-term,2.361095
False,mean,True,mean,,,PAR3P,GFZ,0.1,0.26,short-term,2.375598
False,mean,True,mean,,,PAR3P,JPL,0.1,0.26,short-term,2.454567
False,mean,True,mean,,,PAR3P,CSR,0.1,0.26,short-term,2.393092
False,mean,True,mean,,,PAR3P,MSSA,0.1,0.26,short-term,2.405019
True,mean,True,mean,,,PAR3P,GFZ,0.1,0.26,short-term,2.373714
True,mean,True,mean,,,PAR3P,JPL,0.1,0.26,short-term,2.453649
True,mean,True,mean,,,PAR3P,CSR,0.1,0.26,short-term,2.392106
False,mean,True,lower,,,PAR3P,GFZ,0.1,0.26,short-term,2.385374
False,mean,True,lower,,,PAR3P,JPL,0.1,0.26,short-term,2.464127
False,mean,True,lower,,,PAR3P,CSR,0.1,0.26,short-term,2.403685
False,mean,True,lower,,,PAR3P,MSSA,0.1,0.26,short-term,2.412139
True,mean,True,lower,,,PAR3P,GFZ,0.1,0.26,short-term,2.38415
True,mean,True,lower,,,PAR3P,JPL,0.1,0.26,short-term,2.46307
True,mean,True,lower,,,PAR3P,CSR,0.1,0.26,short-term,2.402781
True,mean,True,lower,,,PAR3P,MSSA,0.1,0.26,short-term,2.411095
False,mean,True,upper,,,PAR3P,GFZ,0.1,0.26,short-term,2.36461
False,mean,True,upper,,,PAR3P,JPL,0.1,0.26,short-term,2.443287
False,mean,True,upper,,,PAR3P,CSR,0.1,0.26,short-term,2.381905
False,mean,True,upper,,,PAR3P,MSSA,0.1,0.26,short-term,2.394213
True,mean,True,upper,,,PAR3P,GFZ,0.1,0.26,short-term,2.363514
True,mean,True,upper,,,PAR3P,JPL,0.1,0.26,short-term,2.441916
True,mean,True,upper,,,PAR3P,CSR,0.1,0.26,short-term,2.380101
True,mean,True,upper,,,PAR3P,MSSA,0.1,0.26,short-term,2.393233
False,mean,True,mean,,,PAR3P,GFZ,0.2,0.26,short-term,2.311276
False,mean,True,mean,,,PAR3P,JPL,0.2,0.26,short-term,2.388637
False,mean,True,mean,,,PAR3P,CSR,0.2,0.26,short-term,2.3252
False,mean,True,mean,,,PAR3P,MSSA,0.2,0.26,short-term,2.339672
True,mean,True,mean,,,PAR3P,GFZ,0.2,0.26,short-term,2.313518
True,mean,True,mean,,,PAR3P,JPL,0.2,0.26,short-term,2.392458
True,mean,True,mean,,,PAR3P,CSR,0.2,0.26,short-term,2.327385
False,mean,True,lower,,,PAR3P,GFZ,0.2,0.26,short-term,2.313104
False,mean,True,lower,,,PAR3P,JPL,0.2,0.26,short-term,2.389549
False,mean,True,lower,,,PAR3P,CSR,0.2,0.26,short-term,2.326014
False,mean,True,lower,,,PAR3P,MSSA,0.2,0.26,short-term,2.338894
True,mean,True,lower,,,PAR3P,GFZ,0.2,0.26,short-term,2.315924
True,mean,True,lower,,,PAR3P,JPL,0.2,0.26,short-term,2.393016
True,mean,True,lower,,,PAR3P,CSR,0.2,0.26,short-term,2.329614
True,mean,True,lower,,,PAR3P,MSSA,0.2,0.26,short-term,2.343441
False,mean,True,upper,,,PAR3P,GFZ,0.2,0.26,short-term,2.308196
False,mean,True,upper,,,PAR3P,JPL,0.2,0.26,short-term,2.387516
False,mean,True,upper,,,PAR3P,CSR,0.2,0.26,short-term,2.321866
False,mean,True,upper,,,PAR3P,MSSA,0.2,0.26,short-term,2.337019
True,mean,True,upper,,,PAR3P,GFZ,0.2,0.26,short-term,2.31059
True,mean,True,upper,,,PAR3P,JPL,0.2,0.26,short-term,2.389869
True,mean,True,upper,,,PAR3P,CSR,0.2,0.26,short-term,2.324137
True,mean,True,upper,,,PAR3P,MSSA,0.2,0.26,short-term,2.339357
False,mean,True,mean,,,PREM,GFZ,0.15,0.26,short-term,2.371178
False,mean,True,mean,,,PREM,JPL,0.15,0.26,short-term,2.45099
False,mean,True,mean,,,PREM,CSR,0.15,0.26,short-term,2.38596
False,mean,True,mean,,,PREM,MSSA,0.15,0.26,short-term,2.399217
True,mean,True,mean,,,PREM,GFZ,0.15,0.26,short-term,2.371782
True,mean,True,mean,,,PREM,JPL,0.15,0.26,short-term,2.451435
True,mean,True,mean,,,PREM,CSR,0.15,0.26,short-term,2.38577
False,mean,True,lower,,,PREM,GFZ,0.15,0.26,short-term,2.379664
False,mean,True,lower,,,PREM,JPL,0.15,0.26,short-term,2.458098
False,mean,True,lower,,,PREM,CSR,0.15,0.26,short-term,2.394126
False,mean,True,lower,,,PREM,MSSA,0.15,0.26,short-term,2.406526
True,mean,True,lower,,,PREM,GFZ,0.15,0.26,short-term,2.379122
True,mean,True,lower,,,PREM,JPL,0.15,0.26,short-term,2.458501
True,mean,True,lower,,,PREM,CSR,0.15,0.26,short-term,2.394335
True,mean,True,lower,,,PREM,MSSA,0.15,0.26,short-term,2.405664
False,mean,True,upper,,,PREM,GFZ,0.15,0.26,short-term,2.361892
False,mean,True,upper,,,PREM,JPL,0.15,0.26,short-term,2.442957
False,mean,True,upper,,,PREM,CSR,0.15,0.26,short-term,2.376737
False,mean,True,upper,,,PREM,MSSA,0.15,0.26,short-term,2.391013
True,mean,True,upper,,,PREM,GFZ,0.15,0.26,short-term,2.361949
True,mean,True,upper,,,PREM,JPL,0.15,0.26,short-term,2.442632
True,mean,True,upper,,,PREM,CSR,0.15,0.26,short-term,2.376192
True,mean,True,upper,,,PREM,MSSA,0.15,0.26,short-term,2.390088
False,mean,True,mean,,,PREM,GFZ,0.1,0.26,short-term,2.410294
False,mean,True,mean,,,PREM,JPL,0.1,0.26,short-term,2.488602
False,mean,True,mean,,,PREM,CSR,0.1,0.26,short-term,2.428413
False,mean,True,mean,,,PREM,MSSA,0.1,0.26,short-term,2.437667
True,mean,True,mean,,,PREM,GFZ,0.1,0.26,short-term,2.40751
True,mean,True,mean,,,PREM,JPL,0.1,0.26,short-term,2.485713
True,mean,True,mean,,,PREM,CSR,0.1,0.26,short-term,2.42575
False,mean,True,lower,,,PREM,GFZ,0.1,0.26,short-term,2.422705
False,mean,True,lower,,,PREM,JPL,0.1,0.26,short-term,2.500761
False,mean,True,lower,,,PREM,CSR,0.1,0.26,short-term,2.441385
False,mean,True,lower,,,PREM,MSSA,0.1,0.26,short-term,2.446484
True,mean,True,lower,,,PREM,GFZ,0.1,0.26,short-term,2.418772
True,mean,True,lower,,,PREM,JPL,0.1,0.26,short-term,2.497973
True,mean,True,lower,,,PREM,CSR,0.1,0.26,short-term,2.438175
True,mean,True,lower,,,PREM,MSSA,0.1,0.26,short-term,2.444741
False,mean,True,upper,,,PREM,GFZ,0.1,0.26,short-term,2.396072
False,mean,True,upper,,,PREM,JPL,0.1,0.26,short-term,2.475978
False,mean,True,upper,,,PREM,CSR,0.1,0.26,short-term,2.412815
False,mean,True,upper,,,PREM,MSSA,0.1,0.26,short-term,2.427197
True,mean,True,upper,,,PREM,GFZ,0.1,0.26,short-term,2.392888
True,mean,True,upper,,,PREM,JPL,0.1,0.26,short-term,2.472447
True,mean,True,upper,,,PREM,CSR,0.1,0.26,short-term,2.409414
True,mean,True,upper,,,PREM,MSSA,0.1,0.26,short-term,2.423369
False,mean,True,mean,,,PREM,GFZ,0.2,0.26,short-term,2.343879
False,mean,True,mean,,,PREM,JPL,0.2,0.26,short-term,2.421574
False,mean,True,mean,,,PREM,CSR,0.2,0.26,short-term,2.356944
False,mean,True,mean,,,PREM,MSSA,0.2,0.26,short-term,2.37154
True,mean,True,mean,,,PREM,GFZ,0.2,0.26,short-term,2.346875
True,mean,True,mean,,,PREM,JPL,0.2,0.26,short-term,2.425021
True,mean,True,mean,,,PREM,CSR,0.2,0.26,short-term,2.361117
False,mean,True,lower,,,PREM,GFZ,0.2,0.26,short-term,2.348126
False,mean,True,lower,,,PREM,JPL,0.2,0.26,short-term,2.425551
False,mean,True,lower,,,PREM,CSR,0.2,0.26,short-term,2.362085
False,mean,True,lower,,,PREM,MSSA,0.2,0.26,short-term,2.373574
True,mean,True,lower,,,PREM,GFZ,0.2,0.26,short-term,2.351817
True,mean,True,lower,,,PREM,JPL,0.2,0.26,short-term,2.429704
True,mean,True,lower,,,PREM,CSR,0.2,0.26,short-term,2.365357
True,mean,True,lower,,,PREM,MSSA,0.2,0.26,short-term,2.377546
False,mean,True,upper,,,PREM,GFZ,0.2,0.26,short-term,2.337987
False,mean,True,upper,,,PREM,JPL,0.2,0.26,short-term,2.416366
False,mean,True,upper,,,PREM,CSR,0.2,0.26,short-term,2.351714
False,mean,True,upper,,,PREM,MSSA,0.2,0.26,short-term,2.36673
True,mean,True,upper,,,PREM,GFZ,0.2,0.26,short-term,2.340073
True,mean,True,upper,,,PREM,JPL,0.2,0.26,short-term,2.419074
True,mean,True,upper,,,PREM,CSR,0.2,0.26,short-term,2.354743
True,mean,True,upper,,,PREM,MSSA,0.2,0.26,short-term,2.37019
False,mean,True,mean,,,QL6,GFZ,0.15,0.26,short-term,2.321802
False,mean,True,mean,,,QL6,JPL,0.15,0.26,short-term,2.399676
False,mean,True,mean,,,QL6,CSR,0.15,0.26,short-term,2.33563
False,mean,True,mean,,,QL6,MSSA,0.15,0.26,short-term,2.351643
True,mean,True,mean,,,QL6,GFZ,0.15,0.26,short-term,2.322819
True,mean,True,mean,,,QL6,JPL,0.15,0.26,short-term,2.401083
True,mean,True,mean,,,QL6,CSR,0.15,0.26,short-term,2.336413
False,mean,True,lower,,,QL6,GFZ,0.15,0.26,short-term,2.326559
False,mean,True,lower,,,QL6,JPL,0.15,0.26,short-term,2.404707
False,mean,True,lower,,,QL6,CSR,0.15,0.26,short-term,2.340771
False,mean,True,lower,,,QL6,MSSA,0.15,0.26,short-term,2.353925
True,mean,True,lower,,,QL6,GFZ,0.15,0.26,short-term,2.326869
True,mean,True,lower,,,QL6,JPL,0.15,0.26,short-term,2.404982
True,mean,True,lower,,,QL6,CSR,0.15,0.26,short-term,2.341486
True,mean,True,lower,,,QL6,MSSA,0.15,0.26,short-term,2.356704
False,mean,True,upper,,,QL6,GFZ,0.15,0.26,short-term,2.315934
False,mean,True,upper,,,QL6,JPL,0.15,0.26,short-term,2.393756
False,mean,True,upper,,,QL6,CSR,0.15,0.26,short-term,2.329514
False,mean,True,upper,,,QL6,MSSA,0.15,0.26,short-term,2.345328
True,mean,True,upper,,,QL6,GFZ,0.15,0.26,short-term,2.315808
True,mean,True,upper,,,QL6,JPL,0.15,0.26,short-term,2.394541
True,mean,True,upper,,,QL6,CSR,0.15,0.26,short-term,2.329649
True,mean,True,upper,,,QL6,MSSA,0.15,0.26,short-term,2.347047
False,mean,True,mean,,,QL6,GFZ,0.1,0.26,short-term,2.355426
False,mean,True,mean,,,QL6,JPL,0.1,0.26,short-term,2.432246
False,mean,True,mean,,,QL6,CSR,0.1,0.26,short-term,2.369206
False,mean,True,mean,,,QL6,MSSA,0.1,0.26,short-term,2.383665
True,mean,True,mean,,,QL6,GFZ,0.1,0.26,short-term,2.353064
True,mean,True,mean,,,QL6,JPL,0.1,0.26,short-term,2.430187
True,mean,True,mean,,,QL6,CSR,0.1,0.26,short-term,2.368363
False,mean,True,lower,,,QL6,GFZ,0.1,0.26,short-term,2.363515
False,mean,True,lower,,,QL6,JPL,0.1,0.26,short-term,2.439643
False,mean,True,lower,,,QL6,CSR,0.1,0.26,short-term,2.379029
False,mean,True,lower,,,QL6,MSSA,0.1,0.26,short-term,2.390247
True,mean,True,lower,,,QL6,GFZ,0.1,0.26,short-term,2.361197
True,mean,True,lower,,,QL6,JPL,0.1,0.26,short-term,2.437914
True,mean,True,lower,,,QL6,CSR,0.1,0.26,short-term,2.377189
True,mean,True,lower,,,QL6,MSSA,0.1,0.26,short-term,2.389223
False,mean,True,upper,,,QL6,GFZ,0.1,0.26,short-term,2.344247
False,mean,True,upper,,,QL6,JPL,0.1,0.26,short-term,2.424342
False,mean,True,upper,,,QL6,CSR,0.1,0.26,short-term,2.360582
False,mean,True,upper,,,QL6,MSSA,0.1,0.26,short-term,2.375084
True,mean,True,upper,,,QL6,GFZ,0.1,0.26,short-term,2.342419
True,mean,True,upper,,,QL6,JPL,0.1,0.26,short-term,2.421811
True,mean,True,upper,,,QL6,CSR,0.1,0.26,short-term,2.357823
True,mean,True,upper,,,QL6,MSSA,0.1,0.26,short-term,2.37335
False,mean,True,mean,,,QL6,GFZ,0.2,0.26,short-term,2.29794
False,mean,True,mean,,,QL6,JPL,0.2,0.26,short-term,2.376729
False,mean,True,mean,,,QL6,CSR,0.2,0.26,short-term,2.309858
False,mean,True,mean,,,QL6,MSSA,0.2,0.26,short-term,2.326565
True,mean,True,mean,,,QL6,GFZ,0.2,0.26,short-term,2.300731
True,mean,True,mean,,,QL6,JPL,0.2,0.26,short-term,2.379054
True,mean,True,mean,,,QL6,CSR,0.2,0.26,short-term,2.313552
False,mean,True,lower,,,QL6,GFZ,0.2,0.26,short-term,2.299704
False,mean,True,lower,,,QL6,JPL,0.2,0.26,short-term,2.377274
False,mean,True,lower,,,QL6,CSR,0.2,0.26,short-term,2.312508
False,mean,True,lower,,,QL6,MSSA,0.2,0.26,short-term,2.327832
True,mean,True,lower,,,QL6,GFZ,0.2,0.26,short-term,2.302844
True,mean,True,lower,,,QL6,JPL,0.2,0.26,short-term,2.380961
True,mean,True,lower,,,QL6,CSR,0.2,0.26,short-term,2.315233
True,mean,True,lower,,,QL6,MSSA,0.2,0.26,short-term,2.330634
False,mean,True,upper,,,QL6,GFZ,0.2,0.26,short-term,2.293932
False,mean,True,upper,,,QL6,JPL,0.2,0.26,short-term,2.373281
False,mean,True,upper,,,QL6,CSR,0.2,0.26,short-term,2.306026
False,mean,True,upper,,,QL6,MSSA,0.2,0.26,short-term,2.32388
True,mean,True,upper,,,QL6,GFZ,0.2,0.26,short-term,2.296046
True,mean,True,upper,,,QL6,JPL,0.2,0.26,short-term,2.375218
True,mean,True,upper,,,QL6,CSR,0.2,0.26,short-term,2.308302
True,mean,True,upper,,,QL6,MSSA,0.2,0.26,short-term,2.327172
False,mean,True,mean,,,QM1,GFZ,0.15,0.26,short-term,2.370888
False,mean,True,mean,,,QM1,JPL,0.15,0.26,short-term,2.450231
False,mean,True,mean,,,QM1,CSR,0.15,0.26,short-term,2.384777
False,mean,True,mean,,,QM1,MSSA,0.15,0.26,short-term,2.395031
True,mean,True,mean,,,QM1,GFZ,0.15,0.26,short-term,2.371751
True,mean,True,mean,,,QM1,JPL,0.15,0.26,short-term,2.451812
True,mean,True,mean,,,QM1,CSR,0.15,0.26,short-term,2.385566
False,mean,True,lower,,,QM1,GFZ,0.15,0.26,short-term,2.378982
False,mean,True,lower,,,QM1,JPL,0.15,0.26,short-term,2.457059
False,mean,True,lower,,,QM1,CSR,0.15,0.26,short-term,2.393003
False,mean,True,lower,,,QM1,MSSA,0.15,0.26,short-term,2.401741
True,mean,True,lower,,,QM1,GFZ,0.15,0.26,short-term,2.379551
True,mean,True,lower,,,QM1,JPL,0.15,0.26,short-term,2.458839
True,mean,True,lower,,,QM1,CSR,0.15,0.26,short-term,2.393438
True,mean,True,lower,,,QM1,MSSA,0.15,0.26,short-term,2.402575
False,mean,True,upper,,,QM1,GFZ,0.15,0.26,short-term,2.362307
False,mean,True,upper,,,QM1,JPL,0.15,0.26,short-term,2.442187
False,mean,True,upper,,,QM1,CSR,0.15,0.26,short-term,2.376881
False,mean,True,upper,,,QM1,MSSA,0.15,0.26,short-term,2.389166
True,mean,True,upper,,,QM1,GFZ,0.15,0.26,short-term,2.362623
True,mean,True,upper,,,QM1,JPL,0.15,0.26,short-term,2.443246
True,mean,True,upper,,,QM1,CSR,0.15,0.26,short-term,2.376992
True,mean,True,upper,,,QM1,MSSA,0.15,0.26,short-term,2.388603
False,mean,True,mean,,,QM1,GFZ,0.1,0.26,short-term,2.402096
False,mean,True,mean,,,QM1,JPL,0.1,0.26,short-term,2.481136
False,mean,True,mean,,,QM1,CSR,0.1,0.26,short-term,2.418038
False,mean,True,mean,,,QM1,MSSA,0.1,0.26,short-term,2.42859
True,mean,True,mean,,,QM1,GFZ,0.1,0.26,short-term,2.399866
True,mean,True,mean,,,QM1,JPL,0.1,0.26,short-term,2.478959
True,mean,True,mean,,,QM1,CSR,0.1,0.26,short-term,2.416811
False,mean,True,lower,,,QM1,GFZ,0.1,0.26,short-term,2.413333
False,mean,True,lower,,,QM1,JPL,0.1,0.26,short-term,2.492927
False,mean,True,lower,,,QM1,CSR,0.1,0.26,short-term,2.432907
False,mean,True,lower,,,QM1,MSSA,0.1,0.26,short-term,2.438852
True,mean,True,lower,,,QM1,GFZ,0.1,0.26,short-term,2.410753
True,mean,True,lower,,,QM1,JPL,0.1,0.26,short-term,2.490723
True,mean,True,lower,,,QM1,CSR,0.1,0.26,short-term,2.430301
True,mean,True,lower,,,QM1,MSSA,0.1,0.26,short-term,2.436398
False,mean,True,upper,,,QM1,GFZ,0.1,0.26,short-term,2.389146
False,mean,True,upper,,,QM1,JPL,0.1,0.26,short-term,2.467914
False,mean,True,upper,,,QM1,CSR,0.1,0.26,short-term,2.405127
False,mean,True,upper,,,QM1,MSSA,0.1,0.26,short-term,2.416007
True,mean,True,upper,,,QM1,GFZ,0.1,0.26,short-term,2.386229
True,mean,True,upper,,,QM1,JPL,0.1,0.26,short-term,2.466076
True,mean,True,upper,,,QM1,CSR,0.1,0.26,short-term,2.402878
True,mean,True,upper,,,QM1,MSSA,0.1,0.26,short-term,2.413719
False,mean,True,mean,,,QM1,GFZ,0.2,0.26,short-term,2.346481
False,mean,True,mean,,,QM1,JPL,0.2,0.26,short-term,2.423718
False,mean,True,mean,,,QM1,CSR,0.2,0.26,short-term,2.360207
False,mean,True,mean,,,QM1,MSSA,0.2,0.26,short-term,2.37239
True,mean,True,mean,,,QM1,GFZ,0.2,0.26,short-term,2.350117
True,mean,True,mean,,,QM1,JPL,0.2,0.26,short-term,2.427147
True,mean,True,mean,,,QM1,CSR,0.2,0.26,short-term,2.363428
False,mean,True,lower,,,QM1,GFZ,0.2,0.26,short-term,2.350667
False,mean,True,lower,,,QM1,JPL,0.2,0.26,short-term,2.427425
False,mean,True,lower,,,QM1,CSR,0.2,0.26,short-term,2.364266
False,mean,True,lower,,,QM1,MSSA,0.2,0.26,short-term,2.375299
True,mean,True,lower,,,QM1,GFZ,0.2,0.26,short-term,2.354562
True,mean,True,lower,,,QM1,JPL,0.2,0.26,short-term,2.431755
True,mean,True,lower,,,QM1,CSR,0.2,0.26,short-term,2.368792
True,mean,True,lower,,,QM1,MSSA,0.2,0.26,short-term,2.379167
False,mean,True,upper,,,QM1,GFZ,0.2,0.26,short-term,2.341134
False,mean,True,upper,,,QM1,JPL,0.2,0.26,short-term,2.418284
False,mean,True,upper,,,QM1,CSR,0.2,0.26,short-term,2.35429
False,mean,True,upper,,,QM1,MSSA,0.2,0.26,short-term,2.367934
True,mean,True,upper,,,QM1,GFZ,0.2,0.26,short-term,2.343532
True,mean,True,upper,,,QM1,JPL,0.2,0.26,short-term,2.421122
True,mean,True,upper,,,QM1,CSR,0.2,0.26,short-term,2.357426
True,mean,True,upper,,,QM1,MSSA,0.2,0.26,short-term,2.370839
False,mean,True,mean,,,Resovsky,GFZ,0.15,0.26,short-term,2.336033
False,mean,True,mean,,,Resovsky,JPL,0.15,0.26,short-term,2.414477
False,mean,True,mean,,,Resovsky,CSR,0.15,0.26,short-term,2.349613
False,mean,True,mean,,,Resovsky,MSSA,0.15,0.26,short-term,2.363742
True,mean,True,mean,,,Resovsky,GFZ,0.15,0.26,short-term,2.33613
True,mean,True,mean,,,Resovsky,JPL,0.15,0.26,short-term,2.414719
True,mean,True,mean,,,Resovsky,CSR,0.15,0.26,short-term,2.350028
False,mean,True,lower,,,Resovsky,GFZ,0.15,0.26,short-term,2.340814
False,mean,True,lower,,,Resovsky,JPL,0.15,0.26,short-term,2.41907
False,mean,True,lower,,,Resovsky,CSR,0.15,0.26,short-term,2.355873
False,mean,True,lower,,,Resovsky,MSSA,0.15,0.26,short-term,2.367984
True,mean,True,lower,,,Resovsky,GFZ,0.15,0.26,short-term,2.341808
True,mean,True,lower,,,Resovsky,JPL,0.15,0.26,short-term,2.42067
True,mean,True,lower,,,Resovsky,CSR,0.15,0.26,short-term,2.356665
True,mean,True,lower,,,Resovsky,MSSA,0.15,0.26,short-term,2.368498
False,mean,True,upper,,,Resovsky,GFZ,0.15,0.26,short-term,2.328831
False,mean,True,upper,,,Resovsky,JPL,0.15,0.26,short-term,2.407776
False,mean,True,upper,,,Resovsky,CSR,0.15,0.26,short-term,2.342996
False,mean,True,upper,,,Resovsky,MSSA,0.15,0.26,short-term,2.358106
True,mean,True,upper,,,Resovsky,GFZ,0.15,0.26,short-term,2.329248
True,mean,True,upper,,,Resovsky,JPL,0.15,0.26,short-term,2.408087
True,mean,True,upper,,,Resovsky,CSR,0.15,0.26,short-term,2.343015
True,mean,True,upper,,,Resovsky,MSSA,0.15,0.26,short-term,2.357859
False,mean,True,mean,,,Resovsky,GFZ,0.1,0.26,short-term,2.360199
False,mean,True,mean,,,Resovsky,JPL,0.1,0.26,short-term,2.439774
False,mean,True,mean,,,Resovsky,CSR,0.1,0.26,short-term,2.375639
False,mean,True,mean,,,Resovsky,MSSA,0.1,0.26,short-term,2.388035
True,mean,True,mean,,,Resovsky,GFZ,0.1,0.26,short-term,2.357929
True,mean,True,mean,,,Resovsky,JPL,0.1,0.26,short-term,2.437553
True,mean,True,mean,,,Resovsky,CSR,0.1,0.26,short-term,2.372993
False,mean,True,lower,,,Resovsky,GFZ,0.1,0.26,short-term,2.368669
False,mean,True,lower,,,Resovsky,JPL,0.1,0.26,short-term,2.44624
False,mean,True,lower,,,Resovsky,CSR,0.1,0.26,short-term,2.383948
False,mean,True,lower,,,Resovsky,MSSA,0.1,0.26,short-term,2.395046
True,mean,True,lower,,,Resovsky,GFZ,0.1,0.26,short-term,2.365633
True,mean,True,lower,,,Resovsky,JPL,0.1,0.26,short-term,2.443074
True,mean,True,lower,,,Resovsky,CSR,0.1,0.26,short-term,2.380931
True,mean,True,lower,,,Resovsky,MSSA,0.1,0.26,short-term,2.392576
False,mean,True,upper,,,Resovsky,GFZ,0.1,0.26,short-term,2.35169
False,mean,True,upper,,,Resovsky,JPL,0.1,0.26,short-term,2.4307
False,mean,True,upper,,,Resovsky,CSR,0.1,0.26,short-term,2.366367
False,mean,True,upper,,,Resovsky,MSSA,0.1,0.26,short-term,2.381933
True,mean,True,upper,,,Resovsky,GFZ,0.1,0.26,short-term,2.348775
True,mean,True,upper,,,Resovsky,JPL,0.1,0.26,short-term,2.428724
True,mean,True,upper,,,Resovsky,CSR,0.1,0.26,short-term,2.363684
True,mean,True,upper,,,Resovsky,MSSA,0.1,0.26,short-term,2.379015
False,mean,True,mean,,,Resovsky,GFZ,0.2,0.26,short-term,2.313798
False,mean,True,mean,,,Resovsky,JPL,0.2,0.26,short-term,2.391368
False,mean,True,mean,,,Resovsky,CSR,0.2,0.26,short-term,2.326287
False,mean,True,mean,,,Resovsky,MSSA,0.2,0.26,short-term,2.342845
True,mean,True,mean,,,Resovsky,GFZ,0.2,0.26,short-term,2.317604
True,mean,True,mean,,,Resovsky,JPL,0.2,0.26,short-term,2.394569
True,mean,True,mean,,,Resovsky,CSR,0.2,0.26,short-term,2.330218
False,mean,True,lower,,,Resovsky,GFZ,0.2,0.26,short-term,2.315951
False,mean,True,lower,,,Resovsky,JPL,0.2,0.26,short-term,2.394139
False,mean,True,lower,,,Resovsky,CSR,0.2,0.26,short-term,2.329867
False,mean,True,lower,,,Resovsky,MSSA,0.2,0.26,short-term,2.344186
True,mean,True,lower,,,Resovsky,GFZ,0.2,0.26,short-term,2.320173
True,mean,True,lower,,,Resovsky,JPL,0.2,0.26,short-term,2.396717
True,mean,True,lower,,,Resovsky,CSR,0.2,0.26,short-term,2.333373
True,mean,True,lower,,,Resovsky,MSSA,0.2,0.26,short-term,2.34781
False,mean,True,upper,,,Resovsky,GFZ,0.2,0.26,short-term,2.309349
False,mean,True,upper,,,Resovsky,JPL,0.2,0.26,short-term,2.388021
False,mean,True,upper,,,Resovsky,CSR,0.2,0.26,short-term,2.322647
False,mean,True,upper,,,Resovsky,MSSA,0.2,0.26,short-term,2.339718
True,mean,True,upper,,,Resovsky,GFZ,0.2,0.26,short-term,2.312093
True,mean,True,upper,,,Resovsky,JPL,0.2,0.26,short-term,2.391025
True,mean,True,upper,,,Resovsky,CSR,0.2,0.26,short-term,2.324548
True,mean,True,upper,,,Resovsky,MSSA,0.2,0.26,short-term,2.341046
False,mean,True,mean,Caron,3e+19,,GFZ,,,long-term,2.032569
False,mean,True,mean,Caron,3e+19,,JPL,,,long-term,2.109378
False,mean,True,mean,Caron,3e+19,,CSR,,,long-term,2.045131
False,mean,True,mean,Caron,3e+19,,MSSA,,,long-term,2.081341
True,mean,True,mean,Caron,3e+19,,GFZ,,,long-term,2.035055
True,mean,True,mean,Caron,3e+19,,JPL,,,long-term,2.1107
True,mean,True,mean,Caron,3e+19,,CSR,,,long-term,2.047542
False,mean,True,lower,Caron,3e+19,,GFZ,,,long-term,2.020649
False,mean,True,lower,Caron,3e+19,,JPL,,,long-term,2.095643
False,mean,True,lower,Caron,3e+19,,CSR,,,long-term,2.032564
False,mean,True,lower,Caron,3e+19,,MSSA,,,long-term,2.069788
True,mean,True,lower,Caron,3e+19,,GFZ,,,long-term,2.022838
True,mean,True,lower,Caron,3e+19,,JPL,,,long-term,2.097331
True,mean,True,lower,Caron,3e+19,,CSR,,,long-term,2.035291
True,mean,True,lower,Caron,3e+19,,MSSA,,,long-term,2.072317
False,mean,True,upper,Caron,3e+19,,GFZ,,,long-term,2.042655
False,mean,True,upper,Caron,3e+19,,JPL,,,long-term,2.120018
False,mean,True,upper,Caron,3e+19,,CSR,,,long-term,2.055686
False,mean,True,upper,Caron,3e+19,,MSSA,,,long-term,2.089813
True,mean,True,upper,Caron,3e+19,,GFZ,,,long-term,2.044365
True,mean,True,upper,Caron,3e+19,,JPL,,,long-term,2.120967
True,mean,True,upper,Caron,3e+19,,CSR,,,long-term,2.057688
True,mean,True,upper,Caron,3e+19,,MSSA,,,long-term,2.093412
False,mean,True,mean,Caron,3e+19,PAR3P,GFZ,0.15,0.26,short-term_:_and long-term,2.369522
False,mean,True,mean,Caron,3e+19,PAR3P,JPL,0.15,0.26,short-term_:_and long-term,2.450077
False,mean,True,mean,Caron,3e+19,PAR3P,CSR,0.15,0.26,short-term_:_and long-term,2.389537
False,mean,True,mean,Caron,3e+19,PAR3P,MSSA,0.15,0.26,short-term_:_and long-term,2.397978
True,mean,True,mean,Caron,3e+19,PAR3P,GFZ,0.15,0.26,short-term_:_and long-term,2.364612
True,mean,True,mean,Caron,3e+19,PAR3P,JPL,0.15,0.26,short-term_:_and long-term,2.444761
True,mean,True,mean,Caron,3e+19,PAR3P,CSR,0.15,0.26,short-term_:_and long-term,2.384048
False,mean,True,lower,Caron,3e+19,PAR3P,GFZ,0.15,0.26,short-term_:_and long-term,2.377025
False,mean,True,lower,Caron,3e+19,PAR3P,JPL,0.15,0.26,short-term_:_and long-term,2.458068
False,mean,True,lower,Caron,3e+19,PAR3P,CSR,0.15,0.26,short-term_:_and long-term,2.399836
False,mean,True,lower,Caron,3e+19,PAR3P,MSSA,0.15,0.26,short-term_:_and long-term,2.405197
True,mean,True,lower,Caron,3e+19,PAR3P,GFZ,0.15,0.26,short-term_:_and long-term,2.372221
True,mean,True,lower,Caron,3e+19,PAR3P,JPL,0.15,0.26,short-term_:_and long-term,2.453373
True,mean,True,lower,Caron,3e+19,PAR3P,CSR,0.15,0.26,short-term_:_and long-term,2.392332
True,mean,True,lower,Caron,3e+19,PAR3P,MSSA,0.15,0.26,short-term_:_and long-term,2.400198
False,mean,True,upper,Caron,3e+19,PAR3P,GFZ,0.15,0.26,short-term_:_and long-term,2.360463
False,mean,True,upper,Caron,3e+19,PAR3P,JPL,0.15,0.26,short-term_:_and long-term,2.44006
False,mean,True,upper,Caron,3e+19,PAR3P,CSR,0.15,0.26,short-term_:_and long-term,2.378993
False,mean,True,upper,Caron,3e+19,PAR3P,MSSA,0.15,0.26,short-term_:_and long-term,2.389513
True,mean,True,upper,Caron,3e+19,PAR3P,GFZ,0.15,0.26,short-term_:_and long-term,2.356391
True,mean,True,upper,Caron,3e+19,PAR3P,JPL,0.15,0.26,short-term_:_and long-term,2.434994
True,mean,True,upper,Caron,3e+19,PAR3P,CSR,0.15,0.26,short-term_:_and long-term,2.373275
True,mean,True,upper,Caron,3e+19,PAR3P,MSSA,0.15,0.26,short-term_:_and long-term,2.385588
False,mean,True,mean,Caron,3e+19,PAR3P,GFZ,0.1,0.26,short-term_:_and long-term,2.407289
False,mean,True,mean,Caron,3e+19,PAR3P,JPL,0.1,0.26,short-term_:_and long-term,2.491008
False,mean,True,mean,Caron,3e+19,PAR3P,CSR,0.1,0.26,short-term_:_and long-term,2.427962
False,mean,True,mean,Caron,3e+19,PAR3P,MSSA,0.1,0.26,short-term_:_and long-term,2.427289
True,mean,True,mean,Caron,3e+19,PAR3P,GFZ,0.1,0.26,short-term_:_and long-term,2.400311
True,mean,True,mean,Caron,3e+19,PAR3P,JPL,0.1,0.26,short-term_:_and long-term,2.482962
True,mean,True,mean,Caron,3e+19,PAR3P,CSR,0.1,0.26,short-term_:_and long-term,2.42136
False,mean,True,lower,Caron,3e+19,PAR3P,GFZ,0.1,0.26,short-term_:_and long-term,2.421293
False,mean,True,lower,Caron,3e+19,PAR3P,JPL,0.1,0.26,short-term_:_and long-term,2.503894
False,mean,True,lower,Caron,3e+19,PAR3P,CSR,0.1,0.26,short-term_:_and long-term,2.441073
False,mean,True,lower,Caron,3e+19,PAR3P,MSSA,0.1,0.26,short-term_:_and long-term,2.437657
True,mean,True,lower,Caron,3e+19,PAR3P,GFZ,0.1,0.26,short-term_:_and long-term,2.412869
True,mean,True,lower,Caron,3e+19,PAR3P,JPL,0.1,0.26,short-term_:_and long-term,2.496013
True,mean,True,lower,Caron,3e+19,PAR3P,CSR,0.1,0.26,short-term_:_and long-term,2.434498
True,mean,True,lower,Caron,3e+19,PAR3P,MSSA,0.1,0.26,short-term_:_and long-term,2.43203
False,mean,True,upper,Caron,3e+19,PAR3P,GFZ,0.1,0.26,short-term_:_and long-term,2.391134
False,mean,True,upper,Caron,3e+19,PAR3P,JPL,0.1,0.26,short-term_:_and long-term,2.475488
False,mean,True,upper,Caron,3e+19,PAR3P,CSR,0.1,0.26,short-term_:_and long-term,2.413383
False,mean,True,upper,Caron,3e+19,PAR3P,MSSA,0.1,0.26,short-term_:_and long-term,2.416072
True,mean,True,upper,Caron,3e+19,PAR3P,GFZ,0.1,0.26,short-term_:_and long-term,2.384599
True,mean,True,upper,Caron,3e+19,PAR3P,JPL,0.1,0.26,short-term_:_and long-term,2.468272
True,mean,True,upper,Caron,3e+19,PAR3P,CSR,0.1,0.26,short-term_:_and long-term,2.406767
True,mean,True,upper,Caron,3e+19,PAR3P,MSSA,0.1,0.26,short-term_:_and long-term,2.41103
False,mean,True,mean,Caron,3e+19,PAR3P,GFZ,0.2,0.26,short-term_:_and long-term,2.346054
False,mean,True,mean,Caron,3e+19,PAR3P,JPL,0.2,0.26,short-term_:_and long-term,2.423756
False,mean,True,mean,Caron,3e+19,PAR3P,CSR,0.2,0.26,short-term_:_and long-term,2.360994
False,mean,True,mean,Caron,3e+19,PAR3P,MSSA,0.2,0.26,short-term_:_and long-term,2.374895
True,mean,True,mean,Caron,3e+19,PAR3P,GFZ,0.2,0.26,short-term_:_and long-term,2.342651
True,mean,True,mean,Caron,3e+19,PAR3P,JPL,0.2,0.26,short-term_:_and long-term,2.421785
True,mean,True,mean,Caron,3e+19,PAR3P,CSR,0.2,0.26,short-term_:_and long-term,2.358699
False,mean,True,lower,Caron,3e+19,PAR3P,GFZ,0.2,0.26,short-term_:_and long-term,2.350705
False,mean,True,lower,Caron,3e+19,PAR3P,JPL,0.2,0.26,short-term_:_and long-term,2.42956
False,mean,True,lower,Caron,3e+19,PAR3P,CSR,0.2,0.26,short-term_:_and long-term,2.367383
False,mean,True,lower,Caron,3e+19,PAR3P,MSSA,0.2,0.26,short-term_:_and long-term,2.379214
True,mean,True,lower,Caron,3e+19,PAR3P,GFZ,0.2,0.26,short-term_:_and long-term,2.347148
True,mean,True,lower,Caron,3e+19,PAR3P,JPL,0.2,0.26,short-term_:_and long-term,2.426283
True,mean,True,lower,Caron,3e+19,PAR3P,CSR,0.2,0.26,short-term_:_and long-term,2.362926
True,mean,True,lower,Caron,3e+19,PAR3P,MSSA,0.2,0.26,short-term_:_and long-term,2.375483
False,mean,True,upper,Caron,3e+19,PAR3P,GFZ,0.2,0.26,short-term_:_and long-term,2.339253
False,mean,True,upper,Caron,3e+19,PAR3P,JPL,0.2,0.26,short-term_:_and long-term,2.418505
False,mean,True,upper,Caron,3e+19,PAR3P,CSR,0.2,0.26,short-term_:_and long-term,2.355056
False,mean,True,upper,Caron,3e+19,PAR3P,MSSA,0.2,0.26,short-term_:_and long-term,2.36829
True,mean,True,upper,Caron,3e+19,PAR3P,GFZ,0.2,0.26,short-term_:_and long-term,2.336055
True,mean,True,upper,Caron,3e+19,PAR3P,JPL,0.2,0.26,short-term_:_and long-term,2.416432
True,mean,True,upper,Caron,3e+19,PAR3P,CSR,0.2,0.26,short-term_:_and long-term,2.351903
True,mean,True,upper,Caron,3e+19,PAR3P,MSSA,0.2,0.26,short-term_:_and long-term,2.365462
False,mean,True,mean,Caron,3e+19,PREM,GFZ,0.15,0.26,short-term_:_and long-term,2.40455
False,mean,True,mean,Caron,3e+19,PREM,JPL,0.15,0.26,short-term_:_and long-term,2.486204
False,mean,True,mean,Caron,3e+19,PREM,CSR,0.15,0.26,short-term_:_and long-term,2.424717
False,mean,True,mean,Caron,3e+19,PREM,MSSA,0.15,0.26,short-term_:_and long-term,2.431579
True,mean,True,mean,Caron,3e+19,PREM,GFZ,0.15,0.26,short-term_:_and long-term,2.40036
True,mean,True,mean,Caron,3e+19,PREM,JPL,0.15,0.26,short-term_:_and long-term,2.479501
True,mean,True,mean,Caron,3e+19,PREM,CSR,0.15,0.26,short-term_:_and long-term,2.418277
False,mean,True,lower,Caron,3e+19,PREM,GFZ,0.15,0.26,short-term_:_and long-term,2.416057
False,mean,True,lower,Caron,3e+19,PREM,JPL,0.15,0.26,short-term_:_and long-term,2.498752
False,mean,True,lower,Caron,3e+19,PREM,CSR,0.15,0.26,short-term_:_and long-term,2.437715
False,mean,True,lower,Caron,3e+19,PREM,MSSA,0.15,0.26,short-term_:_and long-term,2.44106
True,mean,True,lower,Caron,3e+19,PREM,GFZ,0.15,0.26,short-term_:_and long-term,2.410453
True,mean,True,lower,Caron,3e+19,PREM,JPL,0.15,0.26,short-term_:_and long-term,2.491925
True,mean,True,lower,Caron,3e+19,PREM,CSR,0.15,0.26,short-term_:_and long-term,2.430531
True,mean,True,lower,Caron,3e+19,PREM,MSSA,0.15,0.26,short-term_:_and long-term,2.436211
False,mean,True,upper,Caron,3e+19,PREM,GFZ,0.15,0.26,short-term_:_and long-term,2.393245
False,mean,True,upper,Caron,3e+19,PREM,JPL,0.15,0.26,short-term_:_and long-term,2.471905
False,mean,True,upper,Caron,3e+19,PREM,CSR,0.15,0.26,short-term_:_and long-term,2.411191
False,mean,True,upper,Caron,3e+19,PREM,MSSA,0.15,0.26,short-term_:_and long-term,2.419153
True,mean,True,upper,Caron,3e+19,PREM,GFZ,0.15,0.26,short-term_:_and long-term,2.38698
True,mean,True,upper,Caron,3e+19,PREM,JPL,0.15,0.26,short-term_:_and long-term,2.466377
True,mean,True,upper,Caron,3e+19,PREM,CSR,0.15,0.26,short-term_:_and long-term,2.40523
True,mean,True,upper,Caron,3e+19,PREM,MSSA,0.15,0.26,short-term_:_and long-term,2.415554
False,mean,True,mean,Caron,3e+19,PREM,GFZ,0.1,0.26,short-term_:_and long-term,2.442335
False,mean,True,mean,Caron,3e+19,PREM,JPL,0.1,0.26,short-term_:_and long-term,2.526541
False,mean,True,mean,Caron,3e+19,PREM,CSR,0.1,0.26,short-term_:_and long-term,2.463392
False,mean,True,mean,Caron,3e+19,PREM,MSSA,0.1,0.26,short-term_:_and long-term,2.461337
True,mean,True,mean,Caron,3e+19,PREM,GFZ,0.1,0.26,short-term_:_and long-term,2.433563
True,mean,True,mean,Caron,3e+19,PREM,JPL,0.1,0.26,short-term_:_and long-term,2.517541
True,mean,True,mean,Caron,3e+19,PREM,CSR,0.1,0.26,short-term_:_and long-term,2.454928
False,mean,True,lower,Caron,3e+19,PREM,GFZ,0.1,0.26,short-term_:_and long-term,2.459224
False,mean,True,lower,Caron,3e+19,PREM,JPL,0.1,0.26,short-term_:_and long-term,2.542474
False,mean,True,lower,Caron,3e+19,PREM,CSR,0.1,0.26,short-term_:_and long-term,2.479696
False,mean,True,lower,Caron,3e+19,PREM,MSSA,0.1,0.26,short-term_:_and long-term,2.474966
True,mean,True,lower,Caron,3e+19,PREM,GFZ,0.1,0.26,short-term_:_and long-term,2.448462
True,mean,True,lower,Caron,3e+19,PREM,JPL,0.1,0.26,short-term_:_and long-term,2.532778
True,mean,True,lower,Caron,3e+19,PREM,CSR,0.1,0.26,short-term_:_and long-term,2.470471
True,mean,True,lower,Caron,3e+19,PREM,MSSA,0.1,0.26,short-term_:_and long-term,2.465727
False,mean,True,upper,Caron,3e+19,PREM,GFZ,0.1,0.26,short-term_:_and long-term,2.424502
False,mean,True,upper,Caron,3e+19,PREM,JPL,0.1,0.26,short-term_:_and long-term,2.509323
False,mean,True,upper,Caron,3e+19,PREM,CSR,0.1,0.26,short-term_:_and long-term,2.446276
False,mean,True,upper,Caron,3e+19,PREM,MSSA,0.1,0.26,short-term_:_and long-term,2.446991
True,mean,True,upper,Caron,3e+19,PREM,GFZ,0.1,0.26,short-term_:_and long-term,2.415926
True,mean,True,upper,Caron,3e+19,PREM,JPL,0.1,0.26,short-term_:_and long-term,2.500163
True,mean,True,upper,Caron,3e+19,PREM,CSR,0.1,0.26,short-term_:_and long-term,2.437315
True,mean,True,upper,Caron,3e+19,PREM,MSSA,0.1,0.26,short-term_:_and long-term,2.438986
False,mean,True,mean,Caron,3e+19,PREM,GFZ,0.2,0.26,short-term_:_and long-term,2.378233
False,mean,True,mean,Caron,3e+19,PREM,JPL,0.2,0.26,short-term_:_and long-term,2.456827
False,mean,True,mean,Caron,3e+19,PREM,CSR,0.2,0.26,short-term_:_and long-term,2.39443
False,mean,True,mean,Caron,3e+19,PREM,MSSA,0.2,0.26,short-term_:_and long-term,2.407582
True,mean,True,mean,Caron,3e+19,PREM,GFZ,0.2,0.26,short-term_:_and long-term,2.376591
True,mean,True,mean,Caron,3e+19,PREM,JPL,0.2,0.26,short-term_:_and long-term,2.454364
True,mean,True,mean,Caron,3e+19,PREM,CSR,0.2,0.26,short-term_:_and long-term,2.391148
False,mean,True,lower,Caron,3e+19,PREM,GFZ,0.2,0.26,short-term_:_and long-term,2.387362
False,mean,True,lower,Caron,3e+19,PREM,JPL,0.2,0.26,short-term_:_and long-term,2.464583
False,mean,True,lower,Caron,3e+19,PREM,CSR,0.2,0.26,short-term_:_and long-term,2.403341
False,mean,True,lower,Caron,3e+19,PREM,MSSA,0.2,0.26,short-term_:_and long-term,2.413456
True,mean,True,lower,Caron,3e+19,PREM,GFZ,0.2,0.26,short-term_:_and long-term,2.38455
True,mean,True,lower,Caron,3e+19,PREM,JPL,0.2,0.26,short-term_:_and long-term,2.461442
True,mean,True,lower,Caron,3e+19,PREM,CSR,0.2,0.26,short-term_:_and long-term,2.399144
True,mean,True,lower,Caron,3e+19,PREM,MSSA,0.2,0.26,short-term_:_and long-term,2.411587
False,mean,True,upper,Caron,3e+19,PREM,GFZ,0.2,0.26,short-term_:_and long-term,2.369085
False,mean,True,upper,Caron,3e+19,PREM,JPL,0.2,0.26,short-term_:_and long-term,2.448167
False,mean,True,upper,Caron,3e+19,PREM,CSR,0.2,0.26,short-term_:_and long-term,2.384974
False,mean,True,upper,Caron,3e+19,PREM,MSSA,0.2,0.26,short-term_:_and long-term,2.398505
True,mean,True,upper,Caron,3e+19,PREM,GFZ,0.2,0.26,short-term_:_and long-term,2.365558
True,mean,True,upper,Caron,3e+19,PREM,JPL,0.2,0.26,short-term_:_and long-term,2.445666
True,mean,True,upper,Caron,3e+19,PREM,CSR,0.2,0.26,short-term_:_and long-term,2.381212
True,mean,True,upper,Caron,3e+19,PREM,MSSA,0.2,0.26,short-term_:_and long-term,2.395203
False,mean,True,mean,Caron,3e+19,QL6,GFZ,0.15,0.26,short-term_:_and long-term,2.359472
False,mean,True,mean,Caron,3e+19,QL6,JPL,0.15,0.26,short-term_:_and long-term,2.439931
False,mean,True,mean,Caron,3e+19,QL6,CSR,0.15,0.26,short-term_:_and long-term,2.379537
False,mean,True,mean,Caron,3e+19,QL6,MSSA,0.15,0.26,short-term_:_and long-term,2.38649
True,mean,True,mean,Caron,3e+19,QL6,GFZ,0.15,0.26,short-term_:_and long-term,2.354537
True,mean,True,mean,Caron,3e+19,QL6,JPL,0.15,0.26,short-term_:_and long-term,2.432918
True,mean,True,mean,Caron,3e+19,QL6,CSR,0.15,0.26,short-term_:_and long-term,2.372251
False,mean,True,lower,Caron,3e+19,QL6,GFZ,0.15,0.26,short-term_:_and long-term,2.367978
False,mean,True,lower,Caron,3e+19,QL6,JPL,0.15,0.26,short-term_:_and long-term,2.449175
False,mean,True,lower,Caron,3e+19,QL6,CSR,0.15,0.26,short-term_:_and long-term,2.38954
False,mean,True,lower,Caron,3e+19,QL6,MSSA,0.15,0.26,short-term_:_and long-term,2.393025
True,mean,True,lower,Caron,3e+19,QL6,GFZ,0.15,0.26,short-term_:_and long-term,2.362275
True,mean,True,lower,Caron,3e+19,QL6,JPL,0.15,0.26,short-term_:_and long-term,2.441768
True,mean,True,lower,Caron,3e+19,QL6,CSR,0.15,0.26,short-term_:_and long-term,2.382233
True,mean,True,lower,Caron,3e+19,QL6,MSSA,0.15,0.26,short-term_:_and long-term,2.388447
False,mean,True,upper,Caron,3e+19,QL6,GFZ,0.15,0.26,short-term_:_and long-term,2.35073
False,mean,True,upper,Caron,3e+19,QL6,JPL,0.15,0.26,short-term_:_and long-term,2.428288
False,mean,True,upper,Caron,3e+19,QL6,CSR,0.15,0.26,short-term_:_and long-term,2.368665
False,mean,True,upper,Caron,3e+19,QL6,MSSA,0.15,0.26,short-term_:_and long-term,2.377749
True,mean,True,upper,Caron,3e+19,QL6,GFZ,0.15,0.26,short-term_:_and long-term,2.344992
True,mean,True,upper,Caron,3e+19,QL6,JPL,0.15,0.26,short-term_:_and long-term,2.42198
True,mean,True,upper,Caron,3e+19,QL6,CSR,0.15,0.26,short-term_:_and long-term,2.362063
True,mean,True,upper,Caron,3e+19,QL6,MSSA,0.15,0.26,short-term_:_and long-term,2.373945
False,mean,True,mean,Caron,3e+19,QL6,GFZ,0.1,0.26,short-term_:_and long-term,2.389828
False,mean,True,mean,Caron,3e+19,QL6,JPL,0.1,0.26,short-term_:_and long-term,2.470033
False,mean,True,mean,Caron,3e+19,QL6,CSR,0.1,0.26,short-term_:_and long-term,2.410848
False,mean,True,mean,Caron,3e+19,QL6,MSSA,0.1,0.26,short-term_:_and long-term,2.408697
True,mean,True,mean,Caron,3e+19,QL6,GFZ,0.1,0.26,short-term_:_and long-term,2.380441
True,mean,True,mean,Caron,3e+19,QL6,JPL,0.1,0.26,short-term_:_and long-term,2.46167
True,mean,True,mean,Caron,3e+19,QL6,CSR,0.1,0.26,short-term_:_and long-term,2.401173
False,mean,True,lower,Caron,3e+19,QL6,GFZ,0.1,0.26,short-term_:_and long-term,2.401871
False,mean,True,lower,Caron,3e+19,QL6,JPL,0.1,0.26,short-term_:_and long-term,2.481976
False,mean,True,lower,Caron,3e+19,QL6,CSR,0.1,0.26,short-term_:_and long-term,2.423227
False,mean,True,lower,Caron,3e+19,QL6,MSSA,0.1,0.26,short-term_:_and long-term,2.416586
True,mean,True,lower,Caron,3e+19,QL6,GFZ,0.1,0.26,short-term_:_and long-term,2.393071
True,mean,True,lower,Caron,3e+19,QL6,JPL,0.1,0.26,short-term_:_and long-term,2.472132
True,mean,True,lower,Caron,3e+19,QL6,CSR,0.1,0.26,short-term_:_and long-term,2.413563
True,mean,True,lower,Caron,3e+19,QL6,MSSA,0.1,0.26,short-term_:_and long-term,2.410764
False,mean,True,upper,Caron,3e+19,QL6,GFZ,0.1,0.26,short-term_:_and long-term,2.376693
False,mean,True,upper,Caron,3e+19,QL6,JPL,0.1,0.26,short-term_:_and long-term,2.457429
False,mean,True,upper,Caron,3e+19,QL6,CSR,0.1,0.26,short-term_:_and long-term,2.396766
False,mean,True,upper,Caron,3e+19,QL6,MSSA,0.1,0.26,short-term_:_and long-term,2.397121
True,mean,True,upper,Caron,3e+19,QL6,GFZ,0.1,0.26,short-term_:_and long-term,2.366342
True,mean,True,upper,Caron,3e+19,QL6,JPL,0.1,0.26,short-term_:_and long-term,2.449744
True,mean,True,upper,Caron,3e+19,QL6,CSR,0.1,0.26,short-term_:_and long-term,2.387471
True,mean,True,upper,Caron,3e+19,QL6,MSSA,0.1,0.26,short-term_:_and long-term,2.391517
False,mean,True,mean,Caron,3e+19,QL6,GFZ,0.2,0.26,short-term_:_and long-term,2.337379
False,mean,True,mean,Caron,3e+19,QL6,JPL,0.2,0.26,short-term_:_and long-term,2.416433
False,mean,True,mean,Caron,3e+19,QL6,CSR,0.2,0.26,short-term_:_and long-term,2.353622
False,mean,True,mean,Caron,3e+19,QL6,MSSA,0.2,0.26,short-term_:_and long-term,2.367657
True,mean,True,mean,Caron,3e+19,QL6,GFZ,0.2,0.26,short-term_:_and long-term,2.333884
True,mean,True,mean,Caron,3e+19,QL6,JPL,0.2,0.26,short-term_:_and long-term,2.413443
True,mean,True,mean,Caron,3e+19,QL6,CSR,0.2,0.26,short-term_:_and long-term,2.349197
False,mean,True,lower,Caron,3e+19,QL6,GFZ,0.2,0.26,short-term_:_and long-term,2.34327
False,mean,True,lower,Caron,3e+19,QL6,JPL,0.2,0.26,short-term_:_and long-term,2.421783
False,mean,True,lower,Caron,3e+19,QL6,CSR,0.2,0.26,short-term_:_and long-term,2.360858
False,mean,True,lower,Caron,3e+19,QL6,MSSA,0.2,0.26,short-term_:_and long-term,2.373764
True,mean,True,lower,Caron,3e+19,QL6,GFZ,0.2,0.26,short-term_:_and long-term,2.339698
True,mean,True,lower,Caron,3e+19,QL6,JPL,0.2,0.26,short-term_:_and long-term,2.418339
True,mean,True,lower,Caron,3e+19,QL6,CSR,0.2,0.26,short-term_:_and long-term,2.355269
True,mean,True,lower,Caron,3e+19,QL6,MSSA,0.2,0.26,short-term_:_and long-term,2.369122
False,mean,True,upper,Caron,3e+19,QL6,GFZ,0.2,0.26,short-term_:_and long-term,2.329569
False,mean,True,upper,Caron,3e+19,QL6,JPL,0.2,0.26,short-term_:_and long-term,2.40848
False,mean,True,upper,Caron,3e+19,QL6,CSR,0.2,0.26,short-term_:_and long-term,2.344952
False,mean,True,upper,Caron,3e+19,QL6,MSSA,0.2,0.26,short-term_:_and long-term,2.360213
True,mean,True,upper,Caron,3e+19,QL6,GFZ,0.2,0.26,short-term_:_and long-term,2.325649
True,mean,True,upper,Caron,3e+19,QL6,JPL,0.2,0.26,short-term_:_and long-term,2.404588
True,mean,True,upper,Caron,3e+19,QL6,CSR,0.2,0.26,short-term_:_and long-term,2.341113
True,mean,True,upper,Caron,3e+19,QL6,MSSA,0.2,0.26,short-term_:_and long-term,2.357687
False,mean,True,mean,Caron,3e+19,QM1,GFZ,0.15,0.26,short-term_:_and long-term,2.404454
False,mean,True,mean,Caron,3e+19,QM1,JPL,0.15,0.26,short-term_:_and long-term,2.482931
False,mean,True,mean,Caron,3e+19,QM1,CSR,0.15,0.26,short-term_:_and long-term,2.422808
False,mean,True,mean,Caron,3e+19,QM1,MSSA,0.15,0.26,short-term_:_and long-term,2.427067
True,mean,True,mean,Caron,3e+19,QM1,GFZ,0.15,0.26,short-term_:_and long-term,2.399284
True,mean,True,mean,Caron,3e+19,QM1,JPL,0.15,0.26,short-term_:_and long-term,2.47945
True,mean,True,mean,Caron,3e+19,QM1,CSR,0.15,0.26,short-term_:_and long-term,2.417263
False,mean,True,lower,Caron,3e+19,QM1,GFZ,0.15,0.26,short-term_:_and long-term,2.414675
False,mean,True,lower,Caron,3e+19,QM1,JPL,0.15,0.26,short-term_:_and long-term,2.494302
False,mean,True,lower,Caron,3e+19,QM1,CSR,0.15,0.26,short-term_:_and long-term,2.434695
False,mean,True,lower,Caron,3e+19,QM1,MSSA,0.15,0.26,short-term_:_and long-term,2.437286
True,mean,True,lower,Caron,3e+19,QM1,GFZ,0.15,0.26,short-term_:_and long-term,2.411175
True,mean,True,lower,Caron,3e+19,QM1,JPL,0.15,0.26,short-term_:_and long-term,2.489448
True,mean,True,lower,Caron,3e+19,QM1,CSR,0.15,0.26,short-term_:_and long-term,2.429486
True,mean,True,lower,Caron,3e+19,QM1,MSSA,0.15,0.26,short-term_:_and long-term,2.432399
False,mean,True,upper,Caron,3e+19,QM1,GFZ,0.15,0.26,short-term_:_and long-term,2.390658
False,mean,True,upper,Caron,3e+19,QM1,JPL,0.15,0.26,short-term_:_and long-term,2.470485
False,mean,True,upper,Caron,3e+19,QM1,CSR,0.15,0.26,short-term_:_and long-term,2.409552
False,mean,True,upper,Caron,3e+19,QM1,MSSA,0.15,0.26,short-term_:_and long-term,2.416753
True,mean,True,upper,Caron,3e+19,QM1,GFZ,0.15,0.26,short-term_:_and long-term,2.387444
True,mean,True,upper,Caron,3e+19,QM1,JPL,0.15,0.26,short-term_:_and long-term,2.466091
True,mean,True,upper,Caron,3e+19,QM1,CSR,0.15,0.26,short-term_:_and long-term,2.403511
True,mean,True,upper,Caron,3e+19,QM1,MSSA,0.15,0.26,short-term_:_and long-term,2.412718
False,mean,True,mean,Caron,3e+19,QM1,GFZ,0.1,0.26,short-term_:_and long-term,2.432827
False,mean,True,mean,Caron,3e+19,QM1,JPL,0.1,0.26,short-term_:_and long-term,2.518038
False,mean,True,mean,Caron,3e+19,QM1,CSR,0.1,0.26,short-term_:_and long-term,2.453637
False,mean,True,mean,Caron,3e+19,QM1,MSSA,0.1,0.26,short-term_:_and long-term,2.455582
True,mean,True,mean,Caron,3e+19,QM1,GFZ,0.1,0.26,short-term_:_and long-term,2.425873
True,mean,True,mean,Caron,3e+19,QM1,JPL,0.1,0.26,short-term_:_and long-term,2.509743
True,mean,True,mean,Caron,3e+19,QM1,CSR,0.1,0.26,short-term_:_and long-term,2.446545
False,mean,True,lower,Caron,3e+19,QM1,GFZ,0.1,0.26,short-term_:_and long-term,2.450307
False,mean,True,lower,Caron,3e+19,QM1,JPL,0.1,0.26,short-term_:_and long-term,2.531798
False,mean,True,lower,Caron,3e+19,QM1,CSR,0.1,0.26,short-term_:_and long-term,2.46959
False,mean,True,lower,Caron,3e+19,QM1,MSSA,0.1,0.26,short-term_:_and long-term,2.469376
True,mean,True,lower,Caron,3e+19,QM1,GFZ,0.1,0.26,short-term_:_and long-term,2.440772
True,mean,True,lower,Caron,3e+19,QM1,JPL,0.1,0.26,short-term_:_and long-term,2.524827
True,mean,True,lower,Caron,3e+19,QM1,CSR,0.1,0.26,short-term_:_and long-term,2.46082
True,mean,True,lower,Caron,3e+19,QM1,MSSA,0.1,0.26,short-term_:_and long-term,2.461613
False,mean,True,upper,Caron,3e+19,QM1,GFZ,0.1,0.26,short-term_:_and long-term,2.416701
False,mean,True,upper,Caron,3e+19,QM1,JPL,0.1,0.26,short-term_:_and long-term,2.499643
False,mean,True,upper,Caron,3e+19,QM1,CSR,0.1,0.26,short-term_:_and long-term,2.438623
False,mean,True,upper,Caron,3e+19,QM1,MSSA,0.1,0.26,short-term_:_and long-term,2.44116
True,mean,True,upper,Caron,3e+19,QM1,GFZ,0.1,0.26,short-term_:_and long-term,2.408773
True,mean,True,upper,Caron,3e+19,QM1,JPL,0.1,0.26,short-term_:_and long-term,2.491721
True,mean,True,upper,Caron,3e+19,QM1,CSR,0.1,0.26,short-term_:_and long-term,2.430557
True,mean,True,upper,Caron,3e+19,QM1,MSSA,0.1,0.26,short-term_:_and long-term,2.434932
False,mean,True,mean,Caron,3e+19,QM1,GFZ,0.2,0.26,short-term_:_and long-term,2.380432
False,mean,True,mean,Caron,3e+19,QM1,JPL,0.2,0.26,short-term_:_and long-term,2.458892
False,mean,True,mean,Caron,3e+19,QM1,CSR,0.2,0.26,short-term_:_and long-term,2.395199
False,mean,True,mean,Caron,3e+19,QM1,MSSA,0.2,0.26,short-term_:_and long-term,2.405794
True,mean,True,mean,Caron,3e+19,QM1,GFZ,0.2,0.26,short-term_:_and long-term,2.377952
True,mean,True,mean,Caron,3e+19,QM1,JPL,0.2,0.26,short-term_:_and long-term,2.457073
True,mean,True,mean,Caron,3e+19,QM1,CSR,0.2,0.26,short-term_:_and long-term,2.393744
False,mean,True,lower,Caron,3e+19,QM1,GFZ,0.2,0.26,short-term_:_and long-term,2.38814
False,mean,True,lower,Caron,3e+19,QM1,JPL,0.2,0.26,short-term_:_and long-term,2.466674
False,mean,True,lower,Caron,3e+19,QM1,CSR,0.2,0.26,short-term_:_and long-term,2.404389
False,mean,True,lower,Caron,3e+19,QM1,MSSA,0.2,0.26,short-term_:_and long-term,2.413532
True,mean,True,lower,Caron,3e+19,QM1,GFZ,0.2,0.26,short-term_:_and long-term,2.385931
True,mean,True,lower,Caron,3e+19,QM1,JPL,0.2,0.26,short-term_:_and long-term,2.465106
True,mean,True,lower,Caron,3e+19,QM1,CSR,0.2,0.26,short-term_:_and long-term,2.401633
True,mean,True,lower,Caron,3e+19,QM1,MSSA,0.2,0.26,short-term_:_and long-term,2.411735
False,mean,True,upper,Caron,3e+19,QM1,GFZ,0.2,0.26,short-term_:_and long-term,2.370708
False,mean,True,upper,Caron,3e+19,QM1,JPL,0.2,0.26,short-term_:_and long-term,2.450991
False,mean,True,upper,Caron,3e+19,QM1,CSR,0.2,0.26,short-term_:_and long-term,2.386933
False,mean,True,upper,Caron,3e+19,QM1,MSSA,0.2,0.26,short-term_:_and long-term,2.398574
True,mean,True,upper,Caron,3e+19,QM1,GFZ,0.2,0.26,short-term_:_and long-term,2.368731
True,mean,True,upper,Caron,3e+19,QM1,JPL,0.2,0.26,short-term_:_and long-term,2.449305
True,mean,True,upper,Caron,3e+19,QM1,CSR,0.2,0.26,short-term_:_and long-term,2.384214
True,mean,True,upper,Caron,3e+19,QM1,MSSA,0.2,0.26,short-term_:_and long-term,2.396726
False,mean,True,mean,Caron,3e+19,Resovsky,GFZ,0.15,0.26,short-term_:_and long-term,2.369019
False,mean,True,mean,Caron,3e+19,Resovsky,JPL,0.15,0.26,short-term_:_and long-term,2.44728
False,mean,True,mean,Caron,3e+19,Resovsky,CSR,0.15,0.26,short-term_:_and long-term,2.386279
False,mean,True,mean,Caron,3e+19,Resovsky,MSSA,0.15,0.26,short-term_:_and long-term,2.396002
True,mean,True,mean,Caron,3e+19,Resovsky,GFZ,0.15,0.26,short-term_:_and long-term,2.364549
True,mean,True,mean,Caron,3e+19,Resovsky,JPL,0.15,0.26,short-term_:_and long-term,2.442139
True,mean,True,mean,Caron,3e+19,Resovsky,CSR,0.15,0.26,short-term_:_and long-term,2.380462
False,mean,True,lower,Caron,3e+19,Resovsky,GFZ,0.15,0.26,short-term_:_and long-term,2.377985
False,mean,True,lower,Caron,3e+19,Resovsky,JPL,0.15,0.26,short-term_:_and long-term,2.455537
False,mean,True,lower,Caron,3e+19,Resovsky,CSR,0.15,0.26,short-term_:_and long-term,2.397257
False,mean,True,lower,Caron,3e+19,Resovsky,MSSA,0.15,0.26,short-term_:_and long-term,2.403138
True,mean,True,lower,Caron,3e+19,Resovsky,GFZ,0.15,0.26,short-term_:_and long-term,2.372281
True,mean,True,lower,Caron,3e+19,Resovsky,JPL,0.15,0.26,short-term_:_and long-term,2.44968
True,mean,True,lower,Caron,3e+19,Resovsky,CSR,0.15,0.26,short-term_:_and long-term,2.389452
True,mean,True,lower,Caron,3e+19,Resovsky,MSSA,0.15,0.26,short-term_:_and long-term,2.398238
False,mean,True,upper,Caron,3e+19,Resovsky,GFZ,0.15,0.26,short-term_:_and long-term,2.35852
False,mean,True,upper,Caron,3e+19,Resovsky,JPL,0.15,0.26,short-term_:_and long-term,2.437576
False,mean,True,upper,Caron,3e+19,Resovsky,CSR,0.15,0.26,short-term_:_and long-term,2.375507
False,mean,True,upper,Caron,3e+19,Resovsky,MSSA,0.15,0.26,short-term_:_and long-term,2.386169
True,mean,True,upper,Caron,3e+19,Resovsky,GFZ,0.15,0.26,short-term_:_and long-term,2.353948
True,mean,True,upper,Caron,3e+19,Resovsky,JPL,0.15,0.26,short-term_:_and long-term,2.432065
True,mean,True,upper,Caron,3e+19,Resovsky,CSR,0.15,0.26,short-term_:_and long-term,2.369189
True,mean,True,upper,Caron,3e+19,Resovsky,MSSA,0.15,0.26,short-term_:_and long-term,2.383191
False,mean,True,mean,Caron,3e+19,Resovsky,GFZ,0.1,0.26,short-term_:_and long-term,2.391614
False,mean,True,mean,Caron,3e+19,Resovsky,JPL,0.1,0.26,short-term_:_and long-term,2.474418
False,mean,True,mean,Caron,3e+19,Resovsky,CSR,0.1,0.26,short-term_:_and long-term,2.411937
False,mean,True,mean,Caron,3e+19,Resovsky,MSSA,0.1,0.26,short-term_:_and long-term,2.414993
True,mean,True,mean,Caron,3e+19,Resovsky,GFZ,0.1,0.26,short-term_:_and long-term,2.38231
True,mean,True,mean,Caron,3e+19,Resovsky,JPL,0.1,0.26,short-term_:_and long-term,2.465756
True,mean,True,mean,Caron,3e+19,Resovsky,CSR,0.1,0.26,short-term_:_and long-term,2.403288
False,mean,True,lower,Caron,3e+19,Resovsky,GFZ,0.1,0.26,short-term_:_and long-term,2.403445
False,mean,True,lower,Caron,3e+19,Resovsky,JPL,0.1,0.26,short-term_:_and long-term,2.486204
False,mean,True,lower,Caron,3e+19,Resovsky,CSR,0.1,0.26,short-term_:_and long-term,2.423679
False,mean,True,lower,Caron,3e+19,Resovsky,MSSA,0.1,0.26,short-term_:_and long-term,2.425279
True,mean,True,lower,Caron,3e+19,Resovsky,GFZ,0.1,0.26,short-term_:_and long-term,2.393969
True,mean,True,lower,Caron,3e+19,Resovsky,JPL,0.1,0.26,short-term_:_and long-term,2.476689
True,mean,True,lower,Caron,3e+19,Resovsky,CSR,0.1,0.26,short-term_:_and long-term,2.414757
True,mean,True,lower,Caron,3e+19,Resovsky,MSSA,0.1,0.26,short-term_:_and long-term,2.416401
False,mean,True,upper,Caron,3e+19,Resovsky,GFZ,0.1,0.26,short-term_:_and long-term,2.378516
False,mean,True,upper,Caron,3e+19,Resovsky,JPL,0.1,0.26,short-term_:_and long-term,2.461469
False,mean,True,upper,Caron,3e+19,Resovsky,CSR,0.1,0.26,short-term_:_and long-term,2.399409
False,mean,True,upper,Caron,3e+19,Resovsky,MSSA,0.1,0.26,short-term_:_and long-term,2.404414
True,mean,True,upper,Caron,3e+19,Resovsky,GFZ,0.1,0.26,short-term_:_and long-term,2.371267
True,mean,True,upper,Caron,3e+19,Resovsky,JPL,0.1,0.26,short-term_:_and long-term,2.452622
True,mean,True,upper,Caron,3e+19,Resovsky,CSR,0.1,0.26,short-term_:_and long-term,2.390762
True,mean,True,upper,Caron,3e+19,Resovsky,MSSA,0.1,0.26,short-term_:_and long-term,2.397451
False,mean,True,mean,Caron,3e+19,Resovsky,GFZ,0.2,0.26,short-term_:_and long-term,2.349772
False,mean,True,mean,Caron,3e+19,Resovsky,JPL,0.2,0.26,short-term_:_and long-term,2.427911
False,mean,True,mean,Caron,3e+19,Resovsky,CSR,0.2,0.26,short-term_:_and long-term,2.365945
False,mean,True,mean,Caron,3e+19,Resovsky,MSSA,0.2,0.26,short-term_:_and long-term,2.378771
True,mean,True,mean,Caron,3e+19,Resovsky,GFZ,0.2,0.26,short-term_:_and long-term,2.346683
True,mean,True,mean,Caron,3e+19,Resovsky,JPL,0.2,0.26,short-term_:_and long-term,2.426314
True,mean,True,mean,Caron,3e+19,Resovsky,CSR,0.2,0.26,short-term_:_and long-term,2.362801
False,mean,True,lower,Caron,3e+19,Resovsky,GFZ,0.2,0.26,short-term_:_and long-term,2.357047
False,mean,True,lower,Caron,3e+19,Resovsky,JPL,0.2,0.26,short-term_:_and long-term,2.434036
False,mean,True,lower,Caron,3e+19,Resovsky,CSR,0.2,0.26,short-term_:_and long-term,2.372405
False,mean,True,lower,Caron,3e+19,Resovsky,MSSA,0.2,0.26,short-term_:_and long-term,2.38482
True,mean,True,lower,Caron,3e+19,Resovsky,GFZ,0.2,0.26,short-term_:_and long-term,2.352381
True,mean,True,lower,Caron,3e+19,Resovsky,JPL,0.2,0.26,short-term_:_and long-term,2.432393
True,mean,True,lower,Caron,3e+19,Resovsky,CSR,0.2,0.26,short-term_:_and long-term,2.369263
True,mean,True,lower,Caron,3e+19,Resovsky,MSSA,0.2,0.26,short-term_:_and long-term,2.38137
False,mean,True,upper,Caron,3e+19,Resovsky,GFZ,0.2,0.26,short-term_:_and long-term,2.341214
False,mean,True,upper,Caron,3e+19,Resovsky,JPL,0.2,0.26,short-term_:_and long-term,2.421527
False,mean,True,upper,Caron,3e+19,Resovsky,CSR,0.2,0.26,short-term_:_and long-term,2.357831
False,mean,True,upper,Caron,3e+19,Resovsky,MSSA,0.2,0.26,short-term_:_and long-term,2.372048
True,mean,True,upper,Caron,3e+19,Resovsky,GFZ,0.2,0.26,short-term_:_and long-term,2.338027
True,mean,True,upper,Caron,3e+19,Resovsky,JPL,0.2,0.26,short-term_:_and long-term,2.417539
True,mean,True,upper,Caron,3e+19,Resovsky,CSR,0.2,0.26,short-term_:_and long-term,2.352839
True,mean,True,upper,Caron,3e+19,Resovsky,MSSA,0.2,0.26,short-term_:_and long-term,2.369994
False,mean,True,mean,Caron,6e+20,,GFZ,,,long-term,2.006346
False,mean,True,mean,Caron,6e+20,,JPL,,,long-term,2.077225
False,mean,True,mean,Caron,6e+20,,CSR,,,long-term,2.019512
False,mean,True,mean,Caron,6e+20,,MSSA,,,long-term,2.05858
True,mean,True,mean,Caron,6e+20,,GFZ,,,long-term,2.010548
True,mean,True,mean,Caron,6e+20,,JPL,,,long-term,2.081019
True,mean,True,mean,Caron,6e+20,,CSR,,,long-term,2.024144
False,mean,True,lower,Caron,6e+20,,GFZ,,,long-term,1.991061
False,mean,True,lower,Caron,6e+20,,JPL,,,long-term,2.06068
False,mean,True,lower,Caron,6e+20,,CSR,,,long-term,2.003357
False,mean,True,lower,Caron,6e+20,,MSSA,,,long-term,2.044008
True,mean,True,lower,Caron,6e+20,,GFZ,,,long-term,1.996063
True,mean,True,lower,Caron,6e+20,,JPL,,,long-term,2.06531
True,mean,True,lower,Caron,6e+20,,CSR,,,long-term,2.007333
True,mean,True,lower,Caron,6e+20,,MSSA,,,long-term,2.048521
False,mean,True,upper,Caron,6e+20,,GFZ,,,long-term,2.019366
False,mean,True,upper,Caron,6e+20,,JPL,,,long-term,2.091567
False,mean,True,upper,Caron,6e+20,,CSR,,,long-term,2.03382
False,mean,True,upper,Caron,6e+20,,MSSA,,,long-term,2.069541
True,mean,True,upper,Caron,6e+20,,GFZ,,,long-term,2.023055
True,mean,True,upper,Caron,6e+20,,JPL,,,long-term,2.096047
True,mean,True,upper,Caron,6e+20,,CSR,,,long-term,2.037258
True,mean,True,upper,Caron,6e+20,,MSSA,,,long-term,2.073184
False,mean,True,mean,Caron,6e+20,PAR3P,GFZ,0.15,0.26,short-term_:_and long-term,2.348812
False,mean,True,mean,Caron,6e+20,PAR3P,JPL,0.15,0.26,short-term_:_and long-term,2.427443
False,mean,True,mean,Caron,6e+20,PAR3P,CSR,0.15,0.26,short-term_:_and long-term,2.363075
False,mean,True,mean,Caron,6e+20,PAR3P,MSSA,0.15,0.26,short-term_:_and long-term,2.375869
True,mean,True,mean,Caron,6e+20,PAR3P,GFZ,0.15,0.26,short-term_:_and long-term,2.346297
True,mean,True,mean,Caron,6e+20,PAR3P,JPL,0.15,0.26,short-term_:_and long-term,2.424694
True,mean,True,mean,Caron,6e+20,PAR3P,CSR,0.15,0.26,short-term_:_and long-term,2.361164
False,mean,True,lower,Caron,6e+20,PAR3P,GFZ,0.15,0.26,short-term_:_and long-term,2.354857
False,mean,True,lower,Caron,6e+20,PAR3P,JPL,0.15,0.26,short-term_:_and long-term,2.43256
False,mean,True,lower,Caron,6e+20,PAR3P,CSR,0.15,0.26,short-term_:_and long-term,2.369094
False,mean,True,lower,Caron,6e+20,PAR3P,MSSA,0.15,0.26,short-term_:_and long-term,2.381348
True,mean,True,lower,Caron,6e+20,PAR3P,GFZ,0.15,0.26,short-term_:_and long-term,2.352664
True,mean,True,lower,Caron,6e+20,PAR3P,JPL,0.15,0.26,short-term_:_and long-term,2.429872
True,mean,True,lower,Caron,6e+20,PAR3P,CSR,0.15,0.26,short-term_:_and long-term,2.366653
True,mean,True,lower,Caron,6e+20,PAR3P,MSSA,0.15,0.26,short-term_:_and long-term,2.379435
False,mean,True,upper,Caron,6e+20,PAR3P,GFZ,0.15,0.26,short-term_:_and long-term,2.34086
False,mean,True,upper,Caron,6e+20,PAR3P,JPL,0.15,0.26,short-term_:_and long-term,2.419908
False,mean,True,upper,Caron,6e+20,PAR3P,CSR,0.15,0.26,short-term_:_and long-term,2.356
False,mean,True,upper,Caron,6e+20,PAR3P,MSSA,0.15,0.26,short-term_:_and long-term,2.369996
True,mean,True,upper,Caron,6e+20,PAR3P,GFZ,0.15,0.26,short-term_:_and long-term,2.338526
True,mean,True,upper,Caron,6e+20,PAR3P,JPL,0.15,0.26,short-term_:_and long-term,2.417712
True,mean,True,upper,Caron,6e+20,PAR3P,CSR,0.15,0.26,short-term_:_and long-term,2.353608
True,mean,True,upper,Caron,6e+20,PAR3P,MSSA,0.15,0.26,short-term_:_and long-term,2.368821
False,mean,True,mean,Caron,6e+20,PAR3P,GFZ,0.1,0.26,short-term_:_and long-term,2.386848
False,mean,True,mean,Caron,6e+20,PAR3P,JPL,0.1,0.26,short-term_:_and long-term,2.46657
False,mean,True,mean,Caron,6e+20,PAR3P,CSR,0.1,0.26,short-term_:_and long-term,2.40589
False,mean,True,mean,Caron,6e+20,PAR3P,MSSA,0.1,0.26,short-term_:_and long-term,2.415123
True,mean,True,mean,Caron,6e+20,PAR3P,GFZ,0.1,0.26,short-term_:_and long-term,2.382426
True,mean,True,mean,Caron,6e+20,PAR3P,JPL,0.1,0.26,short-term_:_and long-term,2.462627
True,mean,True,mean,Caron,6e+20,PAR3P,CSR,0.1,0.26,short-term_:_and long-term,2.4013
False,mean,True,lower,Caron,6e+20,PAR3P,GFZ,0.1,0.26,short-term_:_and long-term,2.3985
False,mean,True,lower,Caron,6e+20,PAR3P,JPL,0.1,0.26,short-term_:_and long-term,2.477993
False,mean,True,lower,Caron,6e+20,PAR3P,CSR,0.1,0.26,short-term_:_and long-term,2.417563
False,mean,True,lower,Caron,6e+20,PAR3P,MSSA,0.1,0.26,short-term_:_and long-term,2.422621
True,mean,True,lower,Caron,6e+20,PAR3P,GFZ,0.1,0.26,short-term_:_and long-term,2.39436
True,mean,True,lower,Caron,6e+20,PAR3P,JPL,0.1,0.26,short-term_:_and long-term,2.473208
True,mean,True,lower,Caron,6e+20,PAR3P,CSR,0.1,0.26,short-term_:_and long-term,2.412032
True,mean,True,lower,Caron,6e+20,PAR3P,MSSA,0.1,0.26,short-term_:_and long-term,2.418726
False,mean,True,upper,Caron,6e+20,PAR3P,GFZ,0.1,0.26,short-term_:_and long-term,2.37494
False,mean,True,upper,Caron,6e+20,PAR3P,JPL,0.1,0.26,short-term_:_and long-term,2.45445
False,mean,True,upper,Caron,6e+20,PAR3P,CSR,0.1,0.26,short-term_:_and long-term,2.392716
False,mean,True,upper,Caron,6e+20,PAR3P,MSSA,0.1,0.26,short-term_:_and long-term,2.40504
True,mean,True,upper,Caron,6e+20,PAR3P,GFZ,0.1,0.26,short-term_:_and long-term,2.371002
True,mean,True,upper,Caron,6e+20,PAR3P,JPL,0.1,0.26,short-term_:_and long-term,2.449815
True,mean,True,upper,Caron,6e+20,PAR3P,CSR,0.1,0.26,short-term_:_and long-term,2.388787
True,mean,True,upper,Caron,6e+20,PAR3P,MSSA,0.1,0.26,short-term_:_and long-term,2.401785
False,mean,True,mean,Caron,6e+20,PAR3P,GFZ,0.2,0.26,short-term_:_and long-term,2.323452
False,mean,True,mean,Caron,6e+20,PAR3P,JPL,0.2,0.26,short-term_:_and long-term,2.401375
False,mean,True,mean,Caron,6e+20,PAR3P,CSR,0.2,0.26,short-term_:_and long-term,2.337957
False,mean,True,mean,Caron,6e+20,PAR3P,MSSA,0.2,0.26,short-term_:_and long-term,2.352555
True,mean,True,mean,Caron,6e+20,PAR3P,GFZ,0.2,0.26,short-term_:_and long-term,2.322874
True,mean,True,mean,Caron,6e+20,PAR3P,JPL,0.2,0.26,short-term_:_and long-term,2.400677
True,mean,True,mean,Caron,6e+20,PAR3P,CSR,0.2,0.26,short-term_:_and long-term,2.337463
False,mean,True,lower,Caron,6e+20,PAR3P,GFZ,0.2,0.26,short-term_:_and long-term,2.326393
False,mean,True,lower,Caron,6e+20,PAR3P,JPL,0.2,0.26,short-term_:_and long-term,2.403847
False,mean,True,lower,Caron,6e+20,PAR3P,CSR,0.2,0.26,short-term_:_and long-term,2.340441
False,mean,True,lower,Caron,6e+20,PAR3P,MSSA,0.2,0.26,short-term_:_and long-term,2.353688
True,mean,True,lower,Caron,6e+20,PAR3P,GFZ,0.2,0.26,short-term_:_and long-term,2.32602
True,mean,True,lower,Caron,6e+20,PAR3P,JPL,0.2,0.26,short-term_:_and long-term,2.403722
True,mean,True,lower,Caron,6e+20,PAR3P,CSR,0.2,0.26,short-term_:_and long-term,2.33989
True,mean,True,lower,Caron,6e+20,PAR3P,MSSA,0.2,0.26,short-term_:_and long-term,2.353153
False,mean,True,upper,Caron,6e+20,PAR3P,GFZ,0.2,0.26,short-term_:_and long-term,2.319292
False,mean,True,upper,Caron,6e+20,PAR3P,JPL,0.2,0.26,short-term_:_and long-term,2.397383
False,mean,True,upper,Caron,6e+20,PAR3P,CSR,0.2,0.26,short-term_:_and long-term,2.333714
False,mean,True,upper,Caron,6e+20,PAR3P,MSSA,0.2,0.26,short-term_:_and long-term,2.348688
True,mean,True,upper,Caron,6e+20,PAR3P,GFZ,0.2,0.26,short-term_:_and long-term,2.318454
True,mean,True,upper,Caron,6e+20,PAR3P,JPL,0.2,0.26,short-term_:_and long-term,2.396449
True,mean,True,upper,Caron,6e+20,PAR3P,CSR,0.2,0.26,short-term_:_and long-term,2.331983
True,mean,True,upper,Caron,6e+20,PAR3P,MSSA,0.2,0.26,short-term_:_and long-term,2.347587
False,mean,True,mean,Caron,6e+20,PREM,GFZ,0.15,0.26,short-term_:_and long-term,2.384078
False,mean,True,mean,Caron,6e+20,PREM,JPL,0.15,0.26,short-term_:_and long-term,2.46252
False,mean,True,mean,Caron,6e+20,PREM,CSR,0.15,0.26,short-term_:_and long-term,2.398503
False,mean,True,mean,Caron,6e+20,PREM,MSSA,0.15,0.26,short-term_:_and long-term,2.410413
True,mean,True,mean,Caron,6e+20,PREM,GFZ,0.15,0.26,short-term_:_and long-term,2.381489
True,mean,True,mean,Caron,6e+20,PREM,JPL,0.15,0.26,short-term_:_and long-term,2.459498
True,mean,True,mean,Caron,6e+20,PREM,CSR,0.15,0.26,short-term_:_and long-term,2.395216
False,mean,True,lower,Caron,6e+20,PREM,GFZ,0.15,0.26,short-term_:_and long-term,2.393097
False,mean,True,lower,Caron,6e+20,PREM,JPL,0.15,0.26,short-term_:_and long-term,2.470728
False,mean,True,lower,Caron,6e+20,PREM,CSR,0.15,0.26,short-term_:_and long-term,2.408362
False,mean,True,lower,Caron,6e+20,PREM,MSSA,0.15,0.26,short-term_:_and long-term,2.418769
True,mean,True,lower,Caron,6e+20,PREM,GFZ,0.15,0.26,short-term_:_and long-term,2.390146
True,mean,True,lower,Caron,6e+20,PREM,JPL,0.15,0.26,short-term_:_and long-term,2.468136
True,mean,True,lower,Caron,6e+20,PREM,CSR,0.15,0.26,short-term_:_and long-term,2.405621
True,mean,True,lower,Caron,6e+20,PREM,MSSA,0.15,0.26,short-term_:_and long-term,2.41596
False,mean,True,upper,Caron,6e+20,PREM,GFZ,0.15,0.26,short-term_:_and long-term,2.372551
False,mean,True,upper,Caron,6e+20,PREM,JPL,0.15,0.26,short-term_:_and long-term,2.452761
False,mean,True,upper,Caron,6e+20,PREM,CSR,0.15,0.26,short-term_:_and long-term,2.386926
False,mean,True,upper,Caron,6e+20,PREM,MSSA,0.15,0.26,short-term_:_and long-term,2.40093
True,mean,True,upper,Caron,6e+20,PREM,GFZ,0.15,0.26,short-term_:_and long-term,2.369679
True,mean,True,upper,Caron,6e+20,PREM,JPL,0.15,0.26,short-term_:_and long-term,2.449769
True,mean,True,upper,Caron,6e+20,PREM,CSR,0.15,0.26,short-term_:_and long-term,2.384438
True,mean,True,upper,Caron,6e+20,PREM,MSSA,0.15,0.26,short-term_:_and long-term,2.397872
False,mean,True,mean,Caron,6e+20,PREM,GFZ,0.1,0.26,short-term_:_and long-term,2.422447
False,mean,True,mean,Caron,6e+20,PREM,JPL,0.1,0.26,short-term_:_and long-term,2.501368
False,mean,True,mean,Caron,6e+20,PREM,CSR,0.1,0.26,short-term_:_and long-term,2.441011
False,mean,True,mean,Caron,6e+20,PREM,MSSA,0.1,0.26,short-term_:_and long-term,2.447385
True,mean,True,mean,Caron,6e+20,PREM,GFZ,0.1,0.26,short-term_:_and long-term,2.415861
True,mean,True,mean,Caron,6e+20,PREM,JPL,0.1,0.26,short-term_:_and long-term,2.495885
True,mean,True,mean,Caron,6e+20,PREM,CSR,0.1,0.26,short-term_:_and long-term,2.434342
False,mean,True,lower,Caron,6e+20,PREM,GFZ,0.1,0.26,short-term_:_and long-term,2.435726
False,mean,True,lower,Caron,6e+20,PREM,JPL,0.1,0.26,short-term_:_and long-term,2.516334
False,mean,True,lower,Caron,6e+20,PREM,CSR,0.1,0.26,short-term_:_and long-term,2.455651
False,mean,True,lower,Caron,6e+20,PREM,MSSA,0.1,0.26,short-term_:_and long-term,2.458754
True,mean,True,lower,Caron,6e+20,PREM,GFZ,0.1,0.26,short-term_:_and long-term,2.429257
True,mean,True,lower,Caron,6e+20,PREM,JPL,0.1,0.26,short-term_:_and long-term,2.509524
True,mean,True,lower,Caron,6e+20,PREM,CSR,0.1,0.26,short-term_:_and long-term,2.448451
True,mean,True,lower,Caron,6e+20,PREM,MSSA,0.1,0.26,short-term_:_and long-term,2.452458
False,mean,True,upper,Caron,6e+20,PREM,GFZ,0.1,0.26,short-term_:_and long-term,2.407071
False,mean,True,upper,Caron,6e+20,PREM,JPL,0.1,0.26,short-term_:_and long-term,2.485616
False,mean,True,upper,Caron,6e+20,PREM,CSR,0.1,0.26,short-term_:_and long-term,2.425052
False,mean,True,upper,Caron,6e+20,PREM,MSSA,0.1,0.26,short-term_:_and long-term,2.43525
True,mean,True,upper,Caron,6e+20,PREM,GFZ,0.1,0.26,short-term_:_and long-term,2.401529
True,mean,True,upper,Caron,6e+20,PREM,JPL,0.1,0.26,short-term_:_and long-term,2.479306
True,mean,True,upper,Caron,6e+20,PREM,CSR,0.1,0.26,short-term_:_and long-term,2.418806
True,mean,True,upper,Caron,6e+20,PREM,MSSA,0.1,0.26,short-term_:_and long-term,2.429693
False,mean,True,mean,Caron,6e+20,PREM,GFZ,0.2,0.26,short-term_:_and long-term,2.35673
False,mean,True,mean,Caron,6e+20,PREM,JPL,0.2,0.26,short-term_:_and long-term,2.435612
False,mean,True,mean,Caron,6e+20,PREM,CSR,0.2,0.26,short-term_:_and long-term,2.370953
False,mean,True,mean,Caron,6e+20,PREM,MSSA,0.2,0.26,short-term_:_and long-term,2.383508
True,mean,True,mean,Caron,6e+20,PREM,GFZ,0.2,0.26,short-term_:_and long-term,2.356126
True,mean,True,mean,Caron,6e+20,PREM,JPL,0.2,0.26,short-term_:_and long-term,2.435825
True,mean,True,mean,Caron,6e+20,PREM,CSR,0.2,0.26,short-term_:_and long-term,2.370563
False,mean,True,lower,Caron,6e+20,PREM,GFZ,0.2,0.26,short-term_:_and long-term,2.362778
False,mean,True,lower,Caron,6e+20,PREM,JPL,0.2,0.26,short-term_:_and long-term,2.440944
False,mean,True,lower,Caron,6e+20,PREM,CSR,0.2,0.26,short-term_:_and long-term,2.376457
False,mean,True,lower,Caron,6e+20,PREM,MSSA,0.2,0.26,short-term_:_and long-term,2.387635
True,mean,True,lower,Caron,6e+20,PREM,GFZ,0.2,0.26,short-term_:_and long-term,2.362446
True,mean,True,lower,Caron,6e+20,PREM,JPL,0.2,0.26,short-term_:_and long-term,2.440887
True,mean,True,lower,Caron,6e+20,PREM,CSR,0.2,0.26,short-term_:_and long-term,2.376919
True,mean,True,lower,Caron,6e+20,PREM,MSSA,0.2,0.26,short-term_:_and long-term,2.387395
False,mean,True,upper,Caron,6e+20,PREM,GFZ,0.2,0.26,short-term_:_and long-term,2.348643
False,mean,True,upper,Caron,6e+20,PREM,JPL,0.2,0.26,short-term_:_and long-term,2.428835
False,mean,True,upper,Caron,6e+20,PREM,CSR,0.2,0.26,short-term_:_and long-term,2.363674
False,mean,True,upper,Caron,6e+20,PREM,MSSA,0.2,0.26,short-term_:_and long-term,2.377672
True,mean,True,upper,Caron,6e+20,PREM,GFZ,0.2,0.26,short-term_:_and long-term,2.34827
True,mean,True,upper,Caron,6e+20,PREM,JPL,0.2,0.26,short-term_:_and long-term,2.428249
True,mean,True,upper,Caron,6e+20,PREM,CSR,0.2,0.26,short-term_:_and long-term,2.36273
True,mean,True,upper,Caron,6e+20,PREM,MSSA,0.2,0.26,short-term_:_and long-term,2.377429
False,mean,True,mean,Caron,6e+20,QL6,GFZ,0.15,0.26,short-term_:_and long-term,2.334467
False,mean,True,mean,Caron,6e+20,QL6,JPL,0.15,0.26,short-term_:_and long-term,2.412244
False,mean,True,mean,Caron,6e+20,QL6,CSR,0.15,0.26,short-term_:_and long-term,2.349016
False,mean,True,mean,Caron,6e+20,QL6,MSSA,0.15,0.26,short-term_:_and long-term,2.364327
True,mean,True,mean,Caron,6e+20,QL6,GFZ,0.15,0.26,short-term_:_and long-term,2.331599
True,mean,True,mean,Caron,6e+20,QL6,JPL,0.15,0.26,short-term_:_and long-term,2.409513
True,mean,True,mean,Caron,6e+20,QL6,CSR,0.15,0.26,short-term_:_and long-term,2.346504
False,mean,True,lower,Caron,6e+20,QL6,GFZ,0.15,0.26,short-term_:_and long-term,2.340657
False,mean,True,lower,Caron,6e+20,QL6,JPL,0.15,0.26,short-term_:_and long-term,2.417362
False,mean,True,lower,Caron,6e+20,QL6,CSR,0.15,0.26,short-term_:_and long-term,2.355706
False,mean,True,lower,Caron,6e+20,QL6,MSSA,0.15,0.26,short-term_:_and long-term,2.368812
True,mean,True,lower,Caron,6e+20,QL6,GFZ,0.15,0.26,short-term_:_and long-term,2.337134
True,mean,True,lower,Caron,6e+20,QL6,JPL,0.15,0.26,short-term_:_and long-term,2.415029
True,mean,True,lower,Caron,6e+20,QL6,CSR,0.15,0.26,short-term_:_and long-term,2.352496
True,mean,True,lower,Caron,6e+20,QL6,MSSA,0.15,0.26,short-term_:_and long-term,2.366234
False,mean,True,upper,Caron,6e+20,QL6,GFZ,0.15,0.26,short-term_:_and long-term,2.326113
False,mean,True,upper,Caron,6e+20,QL6,JPL,0.15,0.26,short-term_:_and long-term,2.405584
False,mean,True,upper,Caron,6e+20,QL6,CSR,0.15,0.26,short-term_:_and long-term,2.341249
False,mean,True,upper,Caron,6e+20,QL6,MSSA,0.15,0.26,short-term_:_and long-term,2.358704
True,mean,True,upper,Caron,6e+20,QL6,GFZ,0.15,0.26,short-term_:_and long-term,2.323847
True,mean,True,upper,Caron,6e+20,QL6,JPL,0.15,0.26,short-term_:_and long-term,2.402881
True,mean,True,upper,Caron,6e+20,QL6,CSR,0.15,0.26,short-term_:_and long-term,2.337971
True,mean,True,upper,Caron,6e+20,QL6,MSSA,0.15,0.26,short-term_:_and long-term,2.355953
False,mean,True,mean,Caron,6e+20,QL6,GFZ,0.1,0.26,short-term_:_and long-term,2.367025
False,mean,True,mean,Caron,6e+20,QL6,JPL,0.1,0.26,short-term_:_and long-term,2.444376
False,mean,True,mean,Caron,6e+20,QL6,CSR,0.1,0.26,short-term_:_and long-term,2.383149
False,mean,True,mean,Caron,6e+20,QL6,MSSA,0.1,0.26,short-term_:_and long-term,2.395917
True,mean,True,mean,Caron,6e+20,QL6,GFZ,0.1,0.26,short-term_:_and long-term,2.362041
True,mean,True,mean,Caron,6e+20,QL6,JPL,0.1,0.26,short-term_:_and long-term,2.439306
True,mean,True,mean,Caron,6e+20,QL6,CSR,0.1,0.26,short-term_:_and long-term,2.378828
False,mean,True,lower,Caron,6e+20,QL6,GFZ,0.1,0.26,short-term_:_and long-term,2.376259
False,mean,True,lower,Caron,6e+20,QL6,JPL,0.1,0.26,short-term_:_and long-term,2.453393
False,mean,True,lower,Caron,6e+20,QL6,CSR,0.1,0.26,short-term_:_and long-term,2.393005
False,mean,True,lower,Caron,6e+20,QL6,MSSA,0.1,0.26,short-term_:_and long-term,2.403027
True,mean,True,lower,Caron,6e+20,QL6,GFZ,0.1,0.26,short-term_:_and long-term,2.370634
True,mean,True,lower,Caron,6e+20,QL6,JPL,0.1,0.26,short-term_:_and long-term,2.448135
True,mean,True,lower,Caron,6e+20,QL6,CSR,0.1,0.26,short-term_:_and long-term,2.388276
True,mean,True,lower,Caron,6e+20,QL6,MSSA,0.1,0.26,short-term_:_and long-term,2.397935
False,mean,True,upper,Caron,6e+20,QL6,GFZ,0.1,0.26,short-term_:_and long-term,2.356336
False,mean,True,upper,Caron,6e+20,QL6,JPL,0.1,0.26,short-term_:_and long-term,2.434241
False,mean,True,upper,Caron,6e+20,QL6,CSR,0.1,0.26,short-term_:_and long-term,2.372044
False,mean,True,upper,Caron,6e+20,QL6,MSSA,0.1,0.26,short-term_:_and long-term,2.385472
True,mean,True,upper,Caron,6e+20,QL6,GFZ,0.1,0.26,short-term_:_and long-term,2.351425
True,mean,True,upper,Caron,6e+20,QL6,JPL,0.1,0.26,short-term_:_and long-term,2.429686
True,mean,True,upper,Caron,6e+20,QL6,CSR,0.1,0.26,short-term_:_and long-term,2.367272
True,mean,True,upper,Caron,6e+20,QL6,MSSA,0.1,0.26,short-term_:_and long-term,2.381133
False,mean,True,mean,Caron,6e+20,QL6,GFZ,0.2,0.26,short-term_:_and long-term,2.311402
False,mean,True,mean,Caron,6e+20,QL6,JPL,0.2,0.26,short-term_:_and long-term,2.389428
False,mean,True,mean,Caron,6e+20,QL6,CSR,0.2,0.26,short-term_:_and long-term,2.324221
False,mean,True,mean,Caron,6e+20,QL6,MSSA,0.2,0.26,short-term_:_and long-term,2.340376
True,mean,True,mean,Caron,6e+20,QL6,GFZ,0.2,0.26,short-term_:_and long-term,2.310495
True,mean,True,mean,Caron,6e+20,QL6,JPL,0.2,0.26,short-term_:_and long-term,2.388299
True,mean,True,mean,Caron,6e+20,QL6,CSR,0.2,0.26,short-term_:_and long-term,2.323203
False,mean,True,lower,Caron,6e+20,QL6,GFZ,0.2,0.26,short-term_:_and long-term,2.314308
False,mean,True,lower,Caron,6e+20,QL6,JPL,0.2,0.26,short-term_:_and long-term,2.393051
False,mean,True,lower,Caron,6e+20,QL6,CSR,0.2,0.26,short-term_:_and long-term,2.32925
False,mean,True,lower,Caron,6e+20,QL6,MSSA,0.2,0.26,short-term_:_and long-term,2.343216
True,mean,True,lower,Caron,6e+20,QL6,GFZ,0.2,0.26,short-term_:_and long-term,2.313506
True,mean,True,lower,Caron,6e+20,QL6,JPL,0.2,0.26,short-term_:_and long-term,2.391935
True,mean,True,lower,Caron,6e+20,QL6,CSR,0.2,0.26,short-term_:_and long-term,2.326978
True,mean,True,lower,Caron,6e+20,QL6,MSSA,0.2,0.26,short-term_:_and long-term,2.342551
False,mean,True,upper,Caron,6e+20,QL6,GFZ,0.2,0.26,short-term_:_and long-term,2.305816
False,mean,True,upper,Caron,6e+20,QL6,JPL,0.2,0.26,short-term_:_and long-term,2.384543
False,mean,True,upper,Caron,6e+20,QL6,CSR,0.2,0.26,short-term_:_and long-term,2.319531
False,mean,True,upper,Caron,6e+20,QL6,MSSA,0.2,0.26,short-term_:_and long-term,2.33534
True,mean,True,upper,Caron,6e+20,QL6,GFZ,0.2,0.26,short-term_:_and long-term,2.304903
True,mean,True,upper,Caron,6e+20,QL6,JPL,0.2,0.26,short-term_:_and long-term,2.384047
True,mean,True,upper,Caron,6e+20,QL6,CSR,0.2,0.26,short-term_:_and long-term,2.317573
True,mean,True,upper,Caron,6e+20,QL6,MSSA,0.2,0.26,short-term_:_and long-term,2.334266
False,mean,True,mean,Caron,6e+20,QM1,GFZ,0.15,0.26,short-term_:_and long-term,2.383566
False,mean,True,mean,Caron,6e+20,QM1,JPL,0.15,0.26,short-term_:_and long-term,2.463359
False,mean,True,mean,Caron,6e+20,QM1,CSR,0.15,0.26,short-term_:_and long-term,2.39757
False,mean,True,mean,Caron,6e+20,QM1,MSSA,0.15,0.26,short-term_:_and long-term,2.407974
True,mean,True,mean,Caron,6e+20,QM1,GFZ,0.15,0.26,short-term_:_and long-term,2.381169
True,mean,True,mean,Caron,6e+20,QM1,JPL,0.15,0.26,short-term_:_and long-term,2.461555
True,mean,True,mean,Caron,6e+20,QM1,CSR,0.15,0.26,short-term_:_and long-term,2.395489
False,mean,True,lower,Caron,6e+20,QM1,GFZ,0.15,0.26,short-term_:_and long-term,2.393218
False,mean,True,lower,Caron,6e+20,QM1,JPL,0.15,0.26,short-term_:_and long-term,2.470653
False,mean,True,lower,Caron,6e+20,QM1,CSR,0.15,0.26,short-term_:_and long-term,2.40631
False,mean,True,lower,Caron,6e+20,QM1,MSSA,0.15,0.26,short-term_:_and long-term,2.414856
True,mean,True,lower,Caron,6e+20,QM1,GFZ,0.15,0.26,short-term_:_and long-term,2.390624
True,mean,True,lower,Caron,6e+20,QM1,JPL,0.15,0.26,short-term_:_and long-term,2.46864
True,mean,True,lower,Caron,6e+20,QM1,CSR,0.15,0.26,short-term_:_and long-term,2.404089
True,mean,True,lower,Caron,6e+20,QM1,MSSA,0.15,0.26,short-term_:_and long-term,2.413996
False,mean,True,upper,Caron,6e+20,QM1,GFZ,0.15,0.26,short-term_:_and long-term,2.373123
False,mean,True,upper,Caron,6e+20,QM1,JPL,0.15,0.26,short-term_:_and long-term,2.453727
False,mean,True,upper,Caron,6e+20,QM1,CSR,0.15,0.26,short-term_:_and long-term,2.387704
False,mean,True,upper,Caron,6e+20,QM1,MSSA,0.15,0.26,short-term_:_and long-term,2.398306
True,mean,True,upper,Caron,6e+20,QM1,GFZ,0.15,0.26,short-term_:_and long-term,2.370738
True,mean,True,upper,Caron,6e+20,QM1,JPL,0.15,0.26,short-term_:_and long-term,2.451697
True,mean,True,upper,Caron,6e+20,QM1,CSR,0.15,0.26,short-term_:_and long-term,2.385014
True,mean,True,upper,Caron,6e+20,QM1,MSSA,0.15,0.26,short-term_:_and long-term,2.396671
False,mean,True,mean,Caron,6e+20,QM1,GFZ,0.1,0.26,short-term_:_and long-term,2.414265
False,mean,True,mean,Caron,6e+20,QM1,JPL,0.1,0.26,short-term_:_and long-term,2.493409
False,mean,True,mean,Caron,6e+20,QM1,CSR,0.1,0.26,short-term_:_and long-term,2.432677
False,mean,True,mean,Caron,6e+20,QM1,MSSA,0.1,0.26,short-term_:_and long-term,2.439898
True,mean,True,mean,Caron,6e+20,QM1,GFZ,0.1,0.26,short-term_:_and long-term,2.409136
True,mean,True,mean,Caron,6e+20,QM1,JPL,0.1,0.26,short-term_:_and long-term,2.488684
True,mean,True,mean,Caron,6e+20,QM1,CSR,0.1,0.26,short-term_:_and long-term,2.427342
False,mean,True,lower,Caron,6e+20,QM1,GFZ,0.1,0.26,short-term_:_and long-term,2.427701
False,mean,True,lower,Caron,6e+20,QM1,JPL,0.1,0.26,short-term_:_and long-term,2.506645
False,mean,True,lower,Caron,6e+20,QM1,CSR,0.1,0.26,short-term_:_and long-term,2.446965
False,mean,True,lower,Caron,6e+20,QM1,MSSA,0.1,0.26,short-term_:_and long-term,2.451983
True,mean,True,lower,Caron,6e+20,QM1,GFZ,0.1,0.26,short-term_:_and long-term,2.421601
True,mean,True,lower,Caron,6e+20,QM1,JPL,0.1,0.26,short-term_:_and long-term,2.500769
True,mean,True,lower,Caron,6e+20,QM1,CSR,0.1,0.26,short-term_:_and long-term,2.44091
True,mean,True,lower,Caron,6e+20,QM1,MSSA,0.1,0.26,short-term_:_and long-term,2.445772
False,mean,True,upper,Caron,6e+20,QM1,GFZ,0.1,0.26,short-term_:_and long-term,2.400356
False,mean,True,upper,Caron,6e+20,QM1,JPL,0.1,0.26,short-term_:_and long-term,2.479527
False,mean,True,upper,Caron,6e+20,QM1,CSR,0.1,0.26,short-term_:_and long-term,2.416468
False,mean,True,upper,Caron,6e+20,QM1,MSSA,0.1,0.26,short-term_:_and long-term,2.427926
True,mean,True,upper,Caron,6e+20,QM1,GFZ,0.1,0.26,short-term_:_and long-term,2.395197
True,mean,True,upper,Caron,6e+20,QM1,JPL,0.1,0.26,short-term_:_and long-term,2.474201
True,mean,True,upper,Caron,6e+20,QM1,CSR,0.1,0.26,short-term_:_and long-term,2.410772
True,mean,True,upper,Caron,6e+20,QM1,MSSA,0.1,0.26,short-term_:_and long-term,2.422977
False,mean,True,mean,Caron,6e+20,QM1,GFZ,0.2,0.26,short-term_:_and long-term,2.35962
False,mean,True,mean,Caron,6e+20,QM1,JPL,0.2,0.26,short-term_:_and long-term,2.437626
False,mean,True,mean,Caron,6e+20,QM1,CSR,0.2,0.26,short-term_:_and long-term,2.37343
False,mean,True,mean,Caron,6e+20,QM1,MSSA,0.2,0.26,short-term_:_and long-term,2.386429
True,mean,True,mean,Caron,6e+20,QM1,GFZ,0.2,0.26,short-term_:_and long-term,2.3598
True,mean,True,mean,Caron,6e+20,QM1,JPL,0.2,0.26,short-term_:_and long-term,2.437749
True,mean,True,mean,Caron,6e+20,QM1,CSR,0.2,0.26,short-term_:_and long-term,2.373736
False,mean,True,lower,Caron,6e+20,QM1,GFZ,0.2,0.26,short-term_:_and long-term,2.365286
False,mean,True,lower,Caron,6e+20,QM1,JPL,0.2,0.26,short-term_:_and long-term,2.442621
False,mean,True,lower,Caron,6e+20,QM1,CSR,0.2,0.26,short-term_:_and long-term,2.37991
False,mean,True,lower,Caron,6e+20,QM1,MSSA,0.2,0.26,short-term_:_and long-term,2.389384
True,mean,True,lower,Caron,6e+20,QM1,GFZ,0.2,0.26,short-term_:_and long-term,2.365035
True,mean,True,lower,Caron,6e+20,QM1,JPL,0.2,0.26,short-term_:_and long-term,2.44305
True,mean,True,lower,Caron,6e+20,QM1,CSR,0.2,0.26,short-term_:_and long-term,2.380274
True,mean,True,lower,Caron,6e+20,QM1,MSSA,0.2,0.26,short-term_:_and long-term,2.390077
False,mean,True,upper,Caron,6e+20,QM1,GFZ,0.2,0.26,short-term_:_and long-term,2.352214
False,mean,True,upper,Caron,6e+20,QM1,JPL,0.2,0.26,short-term_:_and long-term,2.431032
False,mean,True,upper,Caron,6e+20,QM1,CSR,0.2,0.26,short-term_:_and long-term,2.367078
False,mean,True,upper,Caron,6e+20,QM1,MSSA,0.2,0.26,short-term_:_and long-term,2.37998
True,mean,True,upper,Caron,6e+20,QM1,GFZ,0.2,0.26,short-term_:_and long-term,2.351786
True,mean,True,upper,Caron,6e+20,QM1,JPL,0.2,0.26,short-term_:_and long-term,2.431012
True,mean,True,upper,Caron,6e+20,QM1,CSR,0.2,0.26,short-term_:_and long-term,2.366259
True,mean,True,upper,Caron,6e+20,QM1,MSSA,0.2,0.26,short-term_:_and long-term,2.379399
False,mean,True,mean,Caron,6e+20,Resovsky,GFZ,0.15,0.26,short-term_:_and long-term,2.348115
False,mean,True,mean,Caron,6e+20,Resovsky,JPL,0.15,0.26,short-term_:_and long-term,2.427617
False,mean,True,mean,Caron,6e+20,Resovsky,CSR,0.15,0.26,short-term_:_and long-term,2.362287
False,mean,True,mean,Caron,6e+20,Resovsky,MSSA,0.15,0.26,short-term_:_and long-term,2.376361
True,mean,True,mean,Caron,6e+20,Resovsky,GFZ,0.15,0.26,short-term_:_and long-term,2.34574
True,mean,True,mean,Caron,6e+20,Resovsky,JPL,0.15,0.26,short-term_:_and long-term,2.425015
True,mean,True,mean,Caron,6e+20,Resovsky,CSR,0.15,0.26,short-term_:_and long-term,2.359536
False,mean,True,lower,Caron,6e+20,Resovsky,GFZ,0.15,0.26,short-term_:_and long-term,2.355182
False,mean,True,lower,Caron,6e+20,Resovsky,JPL,0.15,0.26,short-term_:_and long-term,2.433915
False,mean,True,lower,Caron,6e+20,Resovsky,CSR,0.15,0.26,short-term_:_and long-term,2.369225
False,mean,True,lower,Caron,6e+20,Resovsky,MSSA,0.15,0.26,short-term_:_and long-term,2.380689
True,mean,True,lower,Caron,6e+20,Resovsky,GFZ,0.15,0.26,short-term_:_and long-term,2.351721
True,mean,True,lower,Caron,6e+20,Resovsky,JPL,0.15,0.26,short-term_:_and long-term,2.431555
True,mean,True,lower,Caron,6e+20,Resovsky,CSR,0.15,0.26,short-term_:_and long-term,2.3661
True,mean,True,lower,Caron,6e+20,Resovsky,MSSA,0.15,0.26,short-term_:_and long-term,2.378852
False,mean,True,upper,Caron,6e+20,Resovsky,GFZ,0.15,0.26,short-term_:_and long-term,2.340098
False,mean,True,upper,Caron,6e+20,Resovsky,JPL,0.15,0.26,short-term_:_and long-term,2.42013
False,mean,True,upper,Caron,6e+20,Resovsky,CSR,0.15,0.26,short-term_:_and long-term,2.354359
False,mean,True,upper,Caron,6e+20,Resovsky,MSSA,0.15,0.26,short-term_:_and long-term,2.368031
True,mean,True,upper,Caron,6e+20,Resovsky,GFZ,0.15,0.26,short-term_:_and long-term,2.337991
True,mean,True,upper,Caron,6e+20,Resovsky,JPL,0.15,0.26,short-term_:_and long-term,2.417234
True,mean,True,upper,Caron,6e+20,Resovsky,CSR,0.15,0.26,short-term_:_and long-term,2.351585
True,mean,True,upper,Caron,6e+20,Resovsky,MSSA,0.15,0.26,short-term_:_and long-term,2.36561
False,mean,True,mean,Caron,6e+20,Resovsky,GFZ,0.1,0.26,short-term_:_and long-term,2.373609
False,mean,True,mean,Caron,6e+20,Resovsky,JPL,0.1,0.26,short-term_:_and long-term,2.45127
False,mean,True,mean,Caron,6e+20,Resovsky,CSR,0.1,0.26,short-term_:_and long-term,2.387577
False,mean,True,mean,Caron,6e+20,Resovsky,MSSA,0.1,0.26,short-term_:_and long-term,2.401986
True,mean,True,mean,Caron,6e+20,Resovsky,GFZ,0.1,0.26,short-term_:_and long-term,2.367896
True,mean,True,mean,Caron,6e+20,Resovsky,JPL,0.1,0.26,short-term_:_and long-term,2.44623
True,mean,True,mean,Caron,6e+20,Resovsky,CSR,0.1,0.26,short-term_:_and long-term,2.382876
False,mean,True,lower,Caron,6e+20,Resovsky,GFZ,0.1,0.26,short-term_:_and long-term,2.382347
False,mean,True,lower,Caron,6e+20,Resovsky,JPL,0.1,0.26,short-term_:_and long-term,2.459792
False,mean,True,lower,Caron,6e+20,Resovsky,CSR,0.1,0.26,short-term_:_and long-term,2.397879
False,mean,True,lower,Caron,6e+20,Resovsky,MSSA,0.1,0.26,short-term_:_and long-term,2.408826
True,mean,True,lower,Caron,6e+20,Resovsky,GFZ,0.1,0.26,short-term_:_and long-term,2.376392
True,mean,True,lower,Caron,6e+20,Resovsky,JPL,0.1,0.26,short-term_:_and long-term,2.453728
True,mean,True,lower,Caron,6e+20,Resovsky,CSR,0.1,0.26,short-term_:_and long-term,2.392013
True,mean,True,lower,Caron,6e+20,Resovsky,MSSA,0.1,0.26,short-term_:_and long-term,2.403363
False,mean,True,upper,Caron,6e+20,Resovsky,GFZ,0.1,0.26,short-term_:_and long-term,2.362369
False,mean,True,upper,Caron,6e+20,Resovsky,JPL,0.1,0.26,short-term_:_and long-term,2.4417
False,mean,True,upper,Caron,6e+20,Resovsky,CSR,0.1,0.26,short-term_:_and long-term,2.377669
False,mean,True,upper,Caron,6e+20,Resovsky,MSSA,0.1,0.26,short-term_:_and long-term,2.391904
True,mean,True,upper,Caron,6e+20,Resovsky,GFZ,0.1,0.26,short-term_:_and long-term,2.356773
True,mean,True,upper,Caron,6e+20,Resovsky,JPL,0.1,0.26,short-term_:_and long-term,2.436899
True,mean,True,upper,Caron,6e+20,Resovsky,CSR,0.1,0.26,short-term_:_and long-term,2.372963
True,mean,True,upper,Caron,6e+20,Resovsky,MSSA,0.1,0.26,short-term_:_and long-term,2.38661
False,mean,True,mean,Caron,6e+20,Resovsky,GFZ,0.2,0.26,short-term_:_and long-term,2.328342
False,mean,True,mean,Caron,6e+20,Resovsky,JPL,0.2,0.26,short-term_:_and long-term,2.404316
False,mean,True,mean,Caron,6e+20,Resovsky,CSR,0.2,0.26,short-term_:_and long-term,2.341312
False,mean,True,mean,Caron,6e+20,Resovsky,MSSA,0.2,0.26,short-term_:_and long-term,2.354947
True,mean,True,mean,Caron,6e+20,Resovsky,GFZ,0.2,0.26,short-term_:_and long-term,2.327537
True,mean,True,mean,Caron,6e+20,Resovsky,JPL,0.2,0.26,short-term_:_and long-term,2.404653
True,mean,True,mean,Caron,6e+20,Resovsky,CSR,0.2,0.26,short-term_:_and long-term,2.341021
False,mean,True,lower,Caron,6e+20,Resovsky,GFZ,0.2,0.26,short-term_:_and long-term,2.331989
False,mean,True,lower,Caron,6e+20,Resovsky,JPL,0.2,0.26,short-term_:_and long-term,2.409261
False,mean,True,lower,Caron,6e+20,Resovsky,CSR,0.2,0.26,short-term_:_and long-term,2.345651
False,mean,True,lower,Caron,6e+20,Resovsky,MSSA,0.2,0.26,short-term_:_and long-term,2.358375
True,mean,True,lower,Caron,6e+20,Resovsky,GFZ,0.2,0.26,short-term_:_and long-term,2.331595
True,mean,True,lower,Caron,6e+20,Resovsky,JPL,0.2,0.26,short-term_:_and long-term,2.408716
True,mean,True,lower,Caron,6e+20,Resovsky,CSR,0.2,0.26,short-term_:_and long-term,2.345065
True,mean,True,lower,Caron,6e+20,Resovsky,MSSA,0.2,0.26,short-term_:_and long-term,2.357764
False,mean,True,upper,Caron,6e+20,Resovsky,GFZ,0.2,0.26,short-term_:_and long-term,2.321952
False,mean,True,upper,Caron,6e+20,Resovsky,JPL,0.2,0.26,short-term_:_and long-term,2.399478
False,mean,True,upper,Caron,6e+20,Resovsky,CSR,0.2,0.26,short-term_:_and long-term,2.335515
False,mean,True,upper,Caron,6e+20,Resovsky,MSSA,0.2,0.26,short-term_:_and long-term,2.351209
True,mean,True,upper,Caron,6e+20,Resovsky,GFZ,0.2,0.26,short-term_:_and long-term,2.321096
True,mean,True,upper,Caron,6e+20,Resovsky,JPL,0.2,0.26,short-term_:_and long-term,2.399461
True,mean,True,upper,Caron,6e+20,Resovsky,CSR,0.2,0.26,short-term_:_and long-term,2.334717
True,mean,True,upper,Caron,6e+20,Resovsky,MSSA,0.2,0.26,short-term_:_and long-term,2.349722
False,mean,True,mean,Lambeck_2017,3e+19,,GFZ,,,long-term,2.037388
False,mean,True,mean,Lambeck_2017,3e+19,,JPL,,,long-term,2.114342
False,mean,True,mean,Lambeck_2017,3e+19,,CSR,,,long-term,2.050359
False,mean,True,mean,Lambeck_2017,3e+19,,MSSA,,,long-term,2.085929
True,mean,True,mean,Lambeck_2017,3e+19,,GFZ,,,long-term,2.038861
True,mean,True,mean,Lambeck_2017,3e+19,,JPL,,,long-term,2.114982
True,mean,True,mean,Lambeck_2017,3e+19,,CSR,,,long-term,2.05175
False,mean,True,lower,Lambeck_2017,3e+19,,GFZ,,,long-term,2.026323
False,mean,True,lower,Lambeck_2017,3e+19,,JPL,,,long-term,2.101796
False,mean,True,lower,Lambeck_2017,3e+19,,CSR,,,long-term,2.037971
False,mean,True,lower,Lambeck_2017,3e+19,,MSSA,,,long-term,2.074155
True,mean,True,lower,Lambeck_2017,3e+19,,GFZ,,,long-term,2.026856
True,mean,True,lower,Lambeck_2017,3e+19,,JPL,,,long-term,2.10232
True,mean,True,lower,Lambeck_2017,3e+19,,CSR,,,long-term,2.039235
True,mean,True,lower,Lambeck_2017,3e+19,,MSSA,,,long-term,2.075944
False,mean,True,upper,Lambeck_2017,3e+19,,GFZ,,,long-term,2.047086
False,mean,True,upper,Lambeck_2017,3e+19,,JPL,,,long-term,2.124643
False,mean,True,upper,Lambeck_2017,3e+19,,CSR,,,long-term,2.059672
False,mean,True,upper,Lambeck_2017,3e+19,,MSSA,,,long-term,2.093988
True,mean,True,upper,Lambeck_2017,3e+19,,GFZ,,,long-term,2.047887
True,mean,True,upper,Lambeck_2017,3e+19,,JPL,,,long-term,2.124512
True,mean,True,upper,Lambeck_2017,3e+19,,CSR,,,long-term,2.061145
True,mean,True,upper,Lambeck_2017,3e+19,,MSSA,,,long-term,2.096419
False,mean,True,mean,Lambeck_2017,3e+19,PAR3P,GFZ,0.15,0.26,short-term_:_and long-term,2.372753
False,mean,True,mean,Lambeck_2017,3e+19,PAR3P,JPL,0.15,0.26,short-term_:_and long-term,2.454301
False,mean,True,mean,Lambeck_2017,3e+19,PAR3P,CSR,0.15,0.26,short-term_:_and long-term,2.393347
False,mean,True,mean,Lambeck_2017,3e+19,PAR3P,MSSA,0.15,0.26,short-term_:_and long-term,2.401875
True,mean,True,mean,Lambeck_2017,3e+19,PAR3P,GFZ,0.15,0.26,short-term_:_and long-term,2.368389
True,mean,True,mean,Lambeck_2017,3e+19,PAR3P,JPL,0.15,0.26,short-term_:_and long-term,2.448061
True,mean,True,mean,Lambeck_2017,3e+19,PAR3P,CSR,0.15,0.26,short-term_:_and long-term,2.387198
False,mean,True,lower,Lambeck_2017,3e+19,PAR3P,GFZ,0.15,0.26,short-term_:_and long-term,2.38134
False,mean,True,lower,Lambeck_2017,3e+19,PAR3P,JPL,0.15,0.26,short-term_:_and long-term,2.463082
False,mean,True,lower,Lambeck_2017,3e+19,PAR3P,CSR,0.15,0.26,short-term_:_and long-term,2.404283
False,mean,True,lower,Lambeck_2017,3e+19,PAR3P,MSSA,0.15,0.26,short-term_:_and long-term,2.410039
True,mean,True,lower,Lambeck_2017,3e+19,PAR3P,GFZ,0.15,0.26,short-term_:_and long-term,2.376018
True,mean,True,lower,Lambeck_2017,3e+19,PAR3P,JPL,0.15,0.26,short-term_:_and long-term,2.457152
True,mean,True,lower,Lambeck_2017,3e+19,PAR3P,CSR,0.15,0.26,short-term_:_and long-term,2.396207
True,mean,True,lower,Lambeck_2017,3e+19,PAR3P,MSSA,0.15,0.26,short-term_:_and long-term,2.403767
False,mean,True,upper,Lambeck_2017,3e+19,PAR3P,GFZ,0.15,0.26,short-term_:_and long-term,2.36396
False,mean,True,upper,Lambeck_2017,3e+19,PAR3P,JPL,0.15,0.26,short-term_:_and long-term,2.443871
False,mean,True,upper,Lambeck_2017,3e+19,PAR3P,CSR,0.15,0.26,short-term_:_and long-term,2.382921
False,mean,True,upper,Lambeck_2017,3e+19,PAR3P,MSSA,0.15,0.26,short-term_:_and long-term,2.392869
True,mean,True,upper,Lambeck_2017,3e+19,PAR3P,GFZ,0.15,0.26,short-term_:_and long-term,2.35888
True,mean,True,upper,Lambeck_2017,3e+19,PAR3P,JPL,0.15,0.26,short-term_:_and long-term,2.438158
True,mean,True,upper,Lambeck_2017,3e+19,PAR3P,CSR,0.15,0.26,short-term_:_and long-term,2.376396
True,mean,True,upper,Lambeck_2017,3e+19,PAR3P,MSSA,0.15,0.26,short-term_:_and long-term,2.387737
False,mean,True,mean,Lambeck_2017,3e+19,PAR3P,GFZ,0.1,0.26,short-term_:_and long-term,2.411665
False,mean,True,mean,Lambeck_2017,3e+19,PAR3P,JPL,0.1,0.26,short-term_:_and long-term,2.494902
False,mean,True,mean,Lambeck_2017,3e+19,PAR3P,CSR,0.1,0.26,short-term_:_and long-term,2.432494
False,mean,True,mean,Lambeck_2017,3e+19,PAR3P,MSSA,0.1,0.26,short-term_:_and long-term,2.431504
True,mean,True,mean,Lambeck_2017,3e+19,PAR3P,GFZ,0.1,0.26,short-term_:_and long-term,2.403453
True,mean,True,mean,Lambeck_2017,3e+19,PAR3P,JPL,0.1,0.26,short-term_:_and long-term,2.486163
True,mean,True,mean,Lambeck_2017,3e+19,PAR3P,CSR,0.1,0.26,short-term_:_and long-term,2.424504
False,mean,True,lower,Lambeck_2017,3e+19,PAR3P,GFZ,0.1,0.26,short-term_:_and long-term,2.426377
False,mean,True,lower,Lambeck_2017,3e+19,PAR3P,JPL,0.1,0.26,short-term_:_and long-term,2.50853
False,mean,True,lower,Lambeck_2017,3e+19,PAR3P,CSR,0.1,0.26,short-term_:_and long-term,2.445745
False,mean,True,lower,Lambeck_2017,3e+19,PAR3P,MSSA,0.1,0.26,short-term_:_and long-term,2.443163
True,mean,True,lower,Lambeck_2017,3e+19,PAR3P,GFZ,0.1,0.26,short-term_:_and long-term,2.416893
True,mean,True,lower,Lambeck_2017,3e+19,PAR3P,JPL,0.1,0.26,short-term_:_and long-term,2.499638
True,mean,True,lower,Lambeck_2017,3e+19,PAR3P,CSR,0.1,0.26,short-term_:_and long-term,2.438577
True,mean,True,lower,Lambeck_2017,3e+19,PAR3P,MSSA,0.1,0.26,short-term_:_and long-term,2.43527
False,mean,True,upper,Lambeck_2017,3e+19,PAR3P,GFZ,0.1,0.26,short-term_:_and long-term,2.39503
False,mean,True,upper,Lambeck_2017,3e+19,PAR3P,JPL,0.1,0.26,short-term_:_and long-term,2.479497
False,mean,True,upper,Lambeck_2017,3e+19,PAR3P,CSR,0.1,0.26,short-term_:_and long-term,2.417127
False,mean,True,upper,Lambeck_2017,3e+19,PAR3P,MSSA,0.1,0.26,short-term_:_and long-term,2.419723
True,mean,True,upper,Lambeck_2017,3e+19,PAR3P,GFZ,0.1,0.26,short-term_:_and long-term,2.387571
True,mean,True,upper,Lambeck_2017,3e+19,PAR3P,JPL,0.1,0.26,short-term_:_and long-term,2.470909
True,mean,True,upper,Lambeck_2017,3e+19,PAR3P,CSR,0.1,0.26,short-term_:_and long-term,2.409553
True,mean,True,upper,Lambeck_2017,3e+19,PAR3P,MSSA,0.1,0.26,short-term_:_and long-term,2.413858
False,mean,True,mean,Lambeck_2017,3e+19,PAR3P,GFZ,0.2,0.26,short-term_:_and long-term,2.350409
False,mean,True,mean,Lambeck_2017,3e+19,PAR3P,JPL,0.2,0.26,short-term_:_and long-term,2.428214
False,mean,True,mean,Lambeck_2017,3e+19,PAR3P,CSR,0.2,0.26,short-term_:_and long-term,2.36517
False,mean,True,mean,Lambeck_2017,3e+19,PAR3P,MSSA,0.2,0.26,short-term_:_and long-term,2.378685
True,mean,True,mean,Lambeck_2017,3e+19,PAR3P,GFZ,0.2,0.26,short-term_:_and long-term,2.345902
True,mean,True,mean,Lambeck_2017,3e+19,PAR3P,JPL,0.2,0.26,short-term_:_and long-term,2.425178
True,mean,True,mean,Lambeck_2017,3e+19,PAR3P,CSR,0.2,0.26,short-term_:_and long-term,2.361922
False,mean,True,lower,Lambeck_2017,3e+19,PAR3P,GFZ,0.2,0.26,short-term_:_and long-term,2.355525
False,mean,True,lower,Lambeck_2017,3e+19,PAR3P,JPL,0.2,0.26,short-term_:_and long-term,2.433429
False,mean,True,lower,Lambeck_2017,3e+19,PAR3P,CSR,0.2,0.26,short-term_:_and long-term,2.372945
False,mean,True,lower,Lambeck_2017,3e+19,PAR3P,MSSA,0.2,0.26,short-term_:_and long-term,2.383676
True,mean,True,lower,Lambeck_2017,3e+19,PAR3P,GFZ,0.2,0.26,short-term_:_and long-term,2.351442
True,mean,True,lower,Lambeck_2017,3e+19,PAR3P,JPL,0.2,0.26,short-term_:_and long-term,2.429806
True,mean,True,lower,Lambeck_2017,3e+19,PAR3P,CSR,0.2,0.26,short-term_:_and long-term,2.366821
True,mean,True,lower,Lambeck_2017,3e+19,PAR3P,MSSA,0.2,0.26,short-term_:_and long-term,2.37913
False,mean,True,upper,Lambeck_2017,3e+19,PAR3P,GFZ,0.2,0.26,short-term_:_and long-term,2.342814
False,mean,True,upper,Lambeck_2017,3e+19,PAR3P,JPL,0.2,0.26,short-term_:_and long-term,2.42234
False,mean,True,upper,Lambeck_2017,3e+19,PAR3P,CSR,0.2,0.26,short-term_:_and long-term,2.35878
False,mean,True,upper,Lambeck_2017,3e+19,PAR3P,MSSA,0.2,0.26,short-term_:_and long-term,2.371931
True,mean,True,upper,Lambeck_2017,3e+19,PAR3P,GFZ,0.2,0.26,short-term_:_and long-term,2.338446
True,mean,True,upper,Lambeck_2017,3e+19,PAR3P,JPL,0.2,0.26,short-term_:_and long-term,2.419405
True,mean,True,upper,Lambeck_2017,3e+19,PAR3P,CSR,0.2,0.26,short-term_:_and long-term,2.354557
True,mean,True,upper,Lambeck_2017,3e+19,PAR3P,MSSA,0.2,0.26,short-term_:_and long-term,2.368372
False,mean,True,mean,Lambeck_2017,3e+19,PREM,GFZ,0.15,0.26,short-term_:_and long-term,2.408778
False,mean,True,mean,Lambeck_2017,3e+19,PREM,JPL,0.15,0.26,short-term_:_and long-term,2.490862
False,mean,True,mean,Lambeck_2017,3e+19,PREM,CSR,0.15,0.26,short-term_:_and long-term,2.428914
False,mean,True,mean,Lambeck_2017,3e+19,PREM,MSSA,0.15,0.26,short-term_:_and long-term,2.435573
True,mean,True,mean,Lambeck_2017,3e+19,PREM,GFZ,0.15,0.26,short-term_:_and long-term,2.403544
True,mean,True,mean,Lambeck_2017,3e+19,PREM,JPL,0.15,0.26,short-term_:_and long-term,2.483542
True,mean,True,mean,Lambeck_2017,3e+19,PREM,CSR,0.15,0.26,short-term_:_and long-term,2.421918
False,mean,True,lower,Lambeck_2017,3e+19,PREM,GFZ,0.15,0.26,short-term_:_and long-term,2.421085
False,mean,True,lower,Lambeck_2017,3e+19,PREM,JPL,0.15,0.26,short-term_:_and long-term,2.503876
False,mean,True,lower,Lambeck_2017,3e+19,PREM,CSR,0.15,0.26,short-term_:_and long-term,2.442649
False,mean,True,lower,Lambeck_2017,3e+19,PREM,MSSA,0.15,0.26,short-term_:_and long-term,2.444698
True,mean,True,lower,Lambeck_2017,3e+19,PREM,GFZ,0.15,0.26,short-term_:_and long-term,2.41409
True,mean,True,lower,Lambeck_2017,3e+19,PREM,JPL,0.15,0.26,short-term_:_and long-term,2.496045
True,mean,True,lower,Lambeck_2017,3e+19,PREM,CSR,0.15,0.26,short-term_:_and long-term,2.434383
True,mean,True,lower,Lambeck_2017,3e+19,PREM,MSSA,0.15,0.26,short-term_:_and long-term,2.439816
False,mean,True,upper,Lambeck_2017,3e+19,PREM,GFZ,0.15,0.26,short-term_:_and long-term,2.396749
False,mean,True,upper,Lambeck_2017,3e+19,PREM,JPL,0.15,0.26,short-term_:_and long-term,2.475934
False,mean,True,upper,Lambeck_2017,3e+19,PREM,CSR,0.15,0.26,short-term_:_and long-term,2.414801
False,mean,True,upper,Lambeck_2017,3e+19,PREM,MSSA,0.15,0.26,short-term_:_and long-term,2.423253
True,mean,True,upper,Lambeck_2017,3e+19,PREM,GFZ,0.15,0.26,short-term_:_and long-term,2.389681
True,mean,True,upper,Lambeck_2017,3e+19,PREM,JPL,0.15,0.26,short-term_:_and long-term,2.469366
True,mean,True,upper,Lambeck_2017,3e+19,PREM,CSR,0.15,0.26,short-term_:_and long-term,2.408058
True,mean,True,upper,Lambeck_2017,3e+19,PREM,MSSA,0.15,0.26,short-term_:_and long-term,2.418242
False,mean,True,mean,Lambeck_2017,3e+19,PREM,GFZ,0.1,0.26,short-term_:_and long-term,2.445885
False,mean,True,mean,Lambeck_2017,3e+19,PREM,JPL,0.1,0.26,short-term_:_and long-term,2.530977
False,mean,True,mean,Lambeck_2017,3e+19,PREM,CSR,0.1,0.26,short-term_:_and long-term,2.468098
False,mean,True,mean,Lambeck_2017,3e+19,PREM,MSSA,0.1,0.26,short-term_:_and long-term,2.465196
True,mean,True,mean,Lambeck_2017,3e+19,PREM,GFZ,0.1,0.26,short-term_:_and long-term,2.436701
True,mean,True,mean,Lambeck_2017,3e+19,PREM,JPL,0.1,0.26,short-term_:_and long-term,2.521254
True,mean,True,mean,Lambeck_2017,3e+19,PREM,CSR,0.1,0.26,short-term_:_and long-term,2.457724
False,mean,True,lower,Lambeck_2017,3e+19,PREM,GFZ,0.1,0.26,short-term_:_and long-term,2.464683
False,mean,True,lower,Lambeck_2017,3e+19,PREM,JPL,0.1,0.26,short-term_:_and long-term,2.547194
False,mean,True,lower,Lambeck_2017,3e+19,PREM,CSR,0.1,0.26,short-term_:_and long-term,2.48367
False,mean,True,lower,Lambeck_2017,3e+19,PREM,MSSA,0.1,0.26,short-term_:_and long-term,2.478687
True,mean,True,lower,Lambeck_2017,3e+19,PREM,GFZ,0.1,0.26,short-term_:_and long-term,2.452305
True,mean,True,lower,Lambeck_2017,3e+19,PREM,JPL,0.1,0.26,short-term_:_and long-term,2.536327
True,mean,True,lower,Lambeck_2017,3e+19,PREM,CSR,0.1,0.26,short-term_:_and long-term,2.474289
True,mean,True,lower,Lambeck_2017,3e+19,PREM,MSSA,0.1,0.26,short-term_:_and long-term,2.469092
False,mean,True,upper,Lambeck_2017,3e+19,PREM,GFZ,0.1,0.26,short-term_:_and long-term,2.428407
False,mean,True,upper,Lambeck_2017,3e+19,PREM,JPL,0.1,0.26,short-term_:_and long-term,2.513277
False,mean,True,upper,Lambeck_2017,3e+19,PREM,CSR,0.1,0.26,short-term_:_and long-term,2.450263
False,mean,True,upper,Lambeck_2017,3e+19,PREM,MSSA,0.1,0.26,short-term_:_and long-term,2.44994
True,mean,True,upper,Lambeck_2017,3e+19,PREM,GFZ,0.1,0.26,short-term_:_and long-term,2.41891
True,mean,True,upper,Lambeck_2017,3e+19,PREM,JPL,0.1,0.26,short-term_:_and long-term,2.50287
True,mean,True,upper,Lambeck_2017,3e+19,PREM,CSR,0.1,0.26,short-term_:_and long-term,2.440242
True,mean,True,upper,Lambeck_2017,3e+19,PREM,MSSA,0.1,0.26,short-term_:_and long-term,2.441511
False,mean,True,mean,Lambeck_2017,3e+19,PREM,GFZ,0.2,0.26,short-term_:_and long-term,2.38295
False,mean,True,mean,Lambeck_2017,3e+19,PREM,JPL,0.2,0.26,short-term_:_and long-term,2.461365
False,mean,True,mean,Lambeck_2017,3e+19,PREM,CSR,0.2,0.26,short-term_:_and long-term,2.399044
False,mean,True,mean,Lambeck_2017,3e+19,PREM,MSSA,0.2,0.26,short-term_:_and long-term,2.411249
True,mean,True,mean,Lambeck_2017,3e+19,PREM,GFZ,0.2,0.26,short-term_:_and long-term,2.379938
True,mean,True,mean,Lambeck_2017,3e+19,PREM,JPL,0.2,0.26,short-term_:_and long-term,2.45761
True,mean,True,mean,Lambeck_2017,3e+19,PREM,CSR,0.2,0.26,short-term_:_and long-term,2.394481
False,mean,True,lower,Lambeck_2017,3e+19,PREM,GFZ,0.2,0.26,short-term_:_and long-term,2.391816
False,mean,True,lower,Lambeck_2017,3e+19,PREM,JPL,0.2,0.26,short-term_:_and long-term,2.469492
False,mean,True,lower,Lambeck_2017,3e+19,PREM,CSR,0.2,0.26,short-term_:_and long-term,2.408746
False,mean,True,lower,Lambeck_2017,3e+19,PREM,MSSA,0.2,0.26,short-term_:_and long-term,2.41819
True,mean,True,lower,Lambeck_2017,3e+19,PREM,GFZ,0.2,0.26,short-term_:_and long-term,2.387368
True,mean,True,lower,Lambeck_2017,3e+19,PREM,JPL,0.2,0.26,short-term_:_and long-term,2.465511
True,mean,True,lower,Lambeck_2017,3e+19,PREM,CSR,0.2,0.26,short-term_:_and long-term,2.403351
True,mean,True,lower,Lambeck_2017,3e+19,PREM,MSSA,0.2,0.26,short-term_:_and long-term,2.41487
False,mean,True,upper,Lambeck_2017,3e+19,PREM,GFZ,0.2,0.26,short-term_:_and long-term,2.373118
False,mean,True,upper,Lambeck_2017,3e+19,PREM,JPL,0.2,0.26,short-term_:_and long-term,2.451623
False,mean,True,upper,Lambeck_2017,3e+19,PREM,CSR,0.2,0.26,short-term_:_and long-term,2.388355
False,mean,True,upper,Lambeck_2017,3e+19,PREM,MSSA,0.2,0.26,short-term_:_and long-term,2.402187
True,mean,True,upper,Lambeck_2017,3e+19,PREM,GFZ,0.2,0.26,short-term_:_and long-term,2.36863
True,mean,True,upper,Lambeck_2017,3e+19,PREM,JPL,0.2,0.26,short-term_:_and long-term,2.448611
True,mean,True,upper,Lambeck_2017,3e+19,PREM,CSR,0.2,0.26,short-term_:_and long-term,2.383731
True,mean,True,upper,Lambeck_2017,3e+19,PREM,MSSA,0.2,0.26,short-term_:_and long-term,2.398668
False,mean,True,mean,Lambeck_2017,3e+19,QL6,GFZ,0.15,0.26,short-term_:_and long-term,2.363768
False,mean,True,mean,Lambeck_2017,3e+19,QL6,JPL,0.15,0.26,short-term_:_and long-term,2.444317
False,mean,True,mean,Lambeck_2017,3e+19,QL6,CSR,0.15,0.26,short-term_:_and long-term,2.384391
False,mean,True,mean,Lambeck_2017,3e+19,QL6,MSSA,0.15,0.26,short-term_:_and long-term,2.391284
True,mean,True,mean,Lambeck_2017,3e+19,QL6,GFZ,0.15,0.26,short-term_:_and long-term,2.357873
True,mean,True,mean,Lambeck_2017,3e+19,QL6,JPL,0.15,0.26,short-term_:_and long-term,2.436101
True,mean,True,mean,Lambeck_2017,3e+19,QL6,CSR,0.15,0.26,short-term_:_and long-term,2.375721
False,mean,True,lower,Lambeck_2017,3e+19,QL6,GFZ,0.15,0.26,short-term_:_and long-term,2.372898
False,mean,True,lower,Lambeck_2017,3e+19,QL6,JPL,0.15,0.26,short-term_:_and long-term,2.454241
False,mean,True,lower,Lambeck_2017,3e+19,QL6,CSR,0.15,0.26,short-term_:_and long-term,2.394875
False,mean,True,lower,Lambeck_2017,3e+19,QL6,MSSA,0.15,0.26,short-term_:_and long-term,2.39744
True,mean,True,lower,Lambeck_2017,3e+19,QL6,GFZ,0.15,0.26,short-term_:_and long-term,2.365991
True,mean,True,lower,Lambeck_2017,3e+19,QL6,JPL,0.15,0.26,short-term_:_and long-term,2.446108
True,mean,True,lower,Lambeck_2017,3e+19,QL6,CSR,0.15,0.26,short-term_:_and long-term,2.386201
True,mean,True,lower,Lambeck_2017,3e+19,QL6,MSSA,0.15,0.26,short-term_:_and long-term,2.392025
False,mean,True,upper,Lambeck_2017,3e+19,QL6,GFZ,0.15,0.26,short-term_:_and long-term,2.354696
False,mean,True,upper,Lambeck_2017,3e+19,QL6,JPL,0.15,0.26,short-term_:_and long-term,2.432466
False,mean,True,upper,Lambeck_2017,3e+19,QL6,CSR,0.15,0.26,short-term_:_and long-term,2.372801
False,mean,True,upper,Lambeck_2017,3e+19,QL6,MSSA,0.15,0.26,short-term_:_and long-term,2.380841
True,mean,True,upper,Lambeck_2017,3e+19,QL6,GFZ,0.15,0.26,short-term_:_and long-term,2.347641
True,mean,True,upper,Lambeck_2017,3e+19,QL6,JPL,0.15,0.26,short-term_:_and long-term,2.425273
True,mean,True,upper,Lambeck_2017,3e+19,QL6,CSR,0.15,0.26,short-term_:_and long-term,2.365223
True,mean,True,upper,Lambeck_2017,3e+19,QL6,MSSA,0.15,0.26,short-term_:_and long-term,2.376205
False,mean,True,mean,Lambeck_2017,3e+19,QL6,GFZ,0.1,0.26,short-term_:_and long-term,2.39406
False,mean,True,mean,Lambeck_2017,3e+19,QL6,JPL,0.1,0.26,short-term_:_and long-term,2.474333
False,mean,True,mean,Lambeck_2017,3e+19,QL6,CSR,0.1,0.26,short-term_:_and long-term,2.414924
False,mean,True,mean,Lambeck_2017,3e+19,QL6,MSSA,0.1,0.26,short-term_:_and long-term,2.412645
True,mean,True,mean,Lambeck_2017,3e+19,QL6,GFZ,0.1,0.26,short-term_:_and long-term,2.383919
True,mean,True,mean,Lambeck_2017,3e+19,QL6,JPL,0.1,0.26,short-term_:_and long-term,2.46509
True,mean,True,mean,Lambeck_2017,3e+19,QL6,CSR,0.1,0.26,short-term_:_and long-term,2.404539
False,mean,True,lower,Lambeck_2017,3e+19,QL6,GFZ,0.1,0.26,short-term_:_and long-term,2.407074
False,mean,True,lower,Lambeck_2017,3e+19,QL6,JPL,0.1,0.26,short-term_:_and long-term,2.486918
False,mean,True,lower,Lambeck_2017,3e+19,QL6,CSR,0.1,0.26,short-term_:_and long-term,2.428033
False,mean,True,lower,Lambeck_2017,3e+19,QL6,MSSA,0.1,0.26,short-term_:_and long-term,2.421693
True,mean,True,lower,Lambeck_2017,3e+19,QL6,GFZ,0.1,0.26,short-term_:_and long-term,2.396448
True,mean,True,lower,Lambeck_2017,3e+19,QL6,JPL,0.1,0.26,short-term_:_and long-term,2.476313
True,mean,True,lower,Lambeck_2017,3e+19,QL6,CSR,0.1,0.26,short-term_:_and long-term,2.417401
True,mean,True,lower,Lambeck_2017,3e+19,QL6,MSSA,0.1,0.26,short-term_:_and long-term,2.41444
False,mean,True,upper,Lambeck_2017,3e+19,QL6,GFZ,0.1,0.26,short-term_:_and long-term,2.380168
False,mean,True,upper,Lambeck_2017,3e+19,QL6,JPL,0.1,0.26,short-term_:_and long-term,2.461416
False,mean,True,upper,Lambeck_2017,3e+19,QL6,CSR,0.1,0.26,short-term_:_and long-term,2.400934
False,mean,True,upper,Lambeck_2017,3e+19,QL6,MSSA,0.1,0.26,short-term_:_and long-term,2.400787
True,mean,True,upper,Lambeck_2017,3e+19,QL6,GFZ,0.1,0.26,short-term_:_and long-term,2.369652
True,mean,True,upper,Lambeck_2017,3e+19,QL6,JPL,0.1,0.26,short-term_:_and long-term,2.452988
True,mean,True,upper,Lambeck_2017,3e+19,QL6,CSR,0.1,0.26,short-term_:_and long-term,2.390999
True,mean,True,upper,Lambeck_2017,3e+19,QL6,MSSA,0.1,0.26,short-term_:_and long-term,2.39366
False,mean,True,mean,Lambeck_2017,3e+19,QL6,GFZ,0.2,0.26,short-term_:_and long-term,2.341753
False,mean,True,mean,Lambeck_2017,3e+19,QL6,JPL,0.2,0.26,short-term_:_and long-term,2.420719
False,mean,True,mean,Lambeck_2017,3e+19,QL6,CSR,0.2,0.26,short-term_:_and long-term,2.357783
False,mean,True,mean,Lambeck_2017,3e+19,QL6,MSSA,0.2,0.26,short-term_:_and long-term,2.372009
True,mean,True,mean,Lambeck_2017,3e+19,QL6,GFZ,0.2,0.26,short-term_:_and long-term,2.337511
True,mean,True,mean,Lambeck_2017,3e+19,QL6,JPL,0.2,0.26,short-term_:_and long-term,2.417079
True,mean,True,mean,Lambeck_2017,3e+19,QL6,CSR,0.2,0.26,short-term_:_and long-term,2.352635
False,mean,True,lower,Lambeck_2017,3e+19,QL6,GFZ,0.2,0.26,short-term_:_and long-term,2.34914
False,mean,True,lower,Lambeck_2017,3e+19,QL6,JPL,0.2,0.26,short-term_:_and long-term,2.426032
False,mean,True,lower,Lambeck_2017,3e+19,QL6,CSR,0.2,0.26,short-term_:_and long-term,2.366302
False,mean,True,lower,Lambeck_2017,3e+19,QL6,MSSA,0.2,0.26,short-term_:_and long-term,2.378351
True,mean,True,lower,Lambeck_2017,3e+19,QL6,GFZ,0.2,0.26,short-term_:_and long-term,2.34365
True,mean,True,lower,Lambeck_2017,3e+19,QL6,JPL,0.2,0.26,short-term_:_and long-term,2.421904
True,mean,True,lower,Lambeck_2017,3e+19,QL6,CSR,0.2,0.26,short-term_:_and long-term,2.359055
True,mean,True,lower,Lambeck_2017,3e+19,QL6,MSSA,0.2,0.26,short-term_:_and long-term,2.372421
False,mean,True,upper,Lambeck_2017,3e+19,QL6,GFZ,0.2,0.26,short-term_:_and long-term,2.333188
False,mean,True,upper,Lambeck_2017,3e+19,QL6,JPL,0.2,0.26,short-term_:_and long-term,2.412768
False,mean,True,upper,Lambeck_2017,3e+19,QL6,CSR,0.2,0.26,short-term_:_and long-term,2.34898
False,mean,True,upper,Lambeck_2017,3e+19,QL6,MSSA,0.2,0.26,short-term_:_and long-term,2.363622
True,mean,True,upper,Lambeck_2017,3e+19,QL6,GFZ,0.2,0.26,short-term_:_and long-term,2.329278
True,mean,True,upper,Lambeck_2017,3e+19,QL6,JPL,0.2,0.26,short-term_:_and long-term,2.407968
True,mean,True,upper,Lambeck_2017,3e+19,QL6,CSR,0.2,0.26,short-term_:_and long-term,2.343959
True,mean,True,upper,Lambeck_2017,3e+19,QL6,MSSA,0.2,0.26,short-term_:_and long-term,2.360333
False,mean,True,mean,Lambeck_2017,3e+19,QM1,GFZ,0.15,0.26,short-term_:_and long-term,2.40834
False,mean,True,mean,Lambeck_2017,3e+19,QM1,JPL,0.15,0.26,short-term_:_and long-term,2.487714
False,mean,True,mean,Lambeck_2017,3e+19,QM1,CSR,0.15,0.26,short-term_:_and long-term,2.427526
False,mean,True,mean,Lambeck_2017,3e+19,QM1,MSSA,0.15,0.26,short-term_:_and long-term,2.431442
True,mean,True,mean,Lambeck_2017,3e+19,QM1,GFZ,0.15,0.26,short-term_:_and long-term,2.403132
True,mean,True,mean,Lambeck_2017,3e+19,QM1,JPL,0.15,0.26,short-term_:_and long-term,2.482678
True,mean,True,mean,Lambeck_2017,3e+19,QM1,CSR,0.15,0.26,short-term_:_and long-term,2.42029
False,mean,True,lower,Lambeck_2017,3e+19,QM1,GFZ,0.15,0.26,short-term_:_and long-term,2.419642
False,mean,True,lower,Lambeck_2017,3e+19,QM1,JPL,0.15,0.26,short-term_:_and long-term,2.499452
False,mean,True,lower,Lambeck_2017,3e+19,QM1,CSR,0.15,0.26,short-term_:_and long-term,2.440038
False,mean,True,lower,Lambeck_2017,3e+19,QM1,MSSA,0.15,0.26,short-term_:_and long-term,2.441395
True,mean,True,lower,Lambeck_2017,3e+19,QM1,GFZ,0.15,0.26,short-term_:_and long-term,2.414682
True,mean,True,lower,Lambeck_2017,3e+19,QM1,JPL,0.15,0.26,short-term_:_and long-term,2.492917
True,mean,True,lower,Lambeck_2017,3e+19,QM1,CSR,0.15,0.26,short-term_:_and long-term,2.433093
True,mean,True,lower,Lambeck_2017,3e+19,QM1,MSSA,0.15,0.26,short-term_:_and long-term,2.436466
False,mean,True,upper,Lambeck_2017,3e+19,QM1,GFZ,0.15,0.26,short-term_:_and long-term,2.395115
False,mean,True,upper,Lambeck_2017,3e+19,QM1,JPL,0.15,0.26,short-term_:_and long-term,2.474604
False,mean,True,upper,Lambeck_2017,3e+19,QM1,CSR,0.15,0.26,short-term_:_and long-term,2.413525
False,mean,True,upper,Lambeck_2017,3e+19,QM1,MSSA,0.15,0.26,short-term_:_and long-term,2.420307
True,mean,True,upper,Lambeck_2017,3e+19,QM1,GFZ,0.15,0.26,short-term_:_and long-term,2.39015
True,mean,True,upper,Lambeck_2017,3e+19,QM1,JPL,0.15,0.26,short-term_:_and long-term,2.469311
True,mean,True,upper,Lambeck_2017,3e+19,QM1,CSR,0.15,0.26,short-term_:_and long-term,2.406354
True,mean,True,upper,Lambeck_2017,3e+19,QM1,MSSA,0.15,0.26,short-term_:_and long-term,2.414989
False,mean,True,mean,Lambeck_2017,3e+19,QM1,GFZ,0.1,0.26,short-term_:_and long-term,2.437008
False,mean,True,mean,Lambeck_2017,3e+19,QM1,JPL,0.1,0.26,short-term_:_and long-term,2.522348
False,mean,True,mean,Lambeck_2017,3e+19,QM1,CSR,0.1,0.26,short-term_:_and long-term,2.457818
False,mean,True,mean,Lambeck_2017,3e+19,QM1,MSSA,0.1,0.26,short-term_:_and long-term,2.459552
True,mean,True,mean,Lambeck_2017,3e+19,QM1,GFZ,0.1,0.26,short-term_:_and long-term,2.429422
True,mean,True,mean,Lambeck_2017,3e+19,QM1,JPL,0.1,0.26,short-term_:_and long-term,2.513282
True,mean,True,mean,Lambeck_2017,3e+19,QM1,CSR,0.1,0.26,short-term_:_and long-term,2.450026
False,mean,True,lower,Lambeck_2017,3e+19,QM1,GFZ,0.1,0.26,short-term_:_and long-term,2.454582
False,mean,True,lower,Lambeck_2017,3e+19,QM1,JPL,0.1,0.26,short-term_:_and long-term,2.536439
False,mean,True,lower,Lambeck_2017,3e+19,QM1,CSR,0.1,0.26,short-term_:_and long-term,2.47393
False,mean,True,lower,Lambeck_2017,3e+19,QM1,MSSA,0.1,0.26,short-term_:_and long-term,2.473624
True,mean,True,lower,Lambeck_2017,3e+19,QM1,GFZ,0.1,0.26,short-term_:_and long-term,2.444469
True,mean,True,lower,Lambeck_2017,3e+19,QM1,JPL,0.1,0.26,short-term_:_and long-term,2.528552
True,mean,True,lower,Lambeck_2017,3e+19,QM1,CSR,0.1,0.26,short-term_:_and long-term,2.465023
True,mean,True,lower,Lambeck_2017,3e+19,QM1,MSSA,0.1,0.26,short-term_:_and long-term,2.465113
False,mean,True,upper,Lambeck_2017,3e+19,QM1,GFZ,0.1,0.26,short-term_:_and long-term,2.420594
False,mean,True,upper,Lambeck_2017,3e+19,QM1,JPL,0.1,0.26,short-term_:_and long-term,2.503733
False,mean,True,upper,Lambeck_2017,3e+19,QM1,CSR,0.1,0.26,short-term_:_and long-term,2.441986
False,mean,True,upper,Lambeck_2017,3e+19,QM1,MSSA,0.1,0.26,short-term_:_and long-term,2.44443
True,mean,True,upper,Lambeck_2017,3e+19,QM1,GFZ,0.1,0.26,short-term_:_and long-term,2.41148
True,mean,True,upper,Lambeck_2017,3e+19,QM1,JPL,0.1,0.26,short-term_:_and long-term,2.494597
True,mean,True,upper,Lambeck_2017,3e+19,QM1,CSR,0.1,0.26,short-term_:_and long-term,2.433606
True,mean,True,upper,Lambeck_2017,3e+19,QM1,MSSA,0.1,0.26,short-term_:_and long-term,2.438221
False,mean,True,mean,Lambeck_2017,3e+19,QM1,GFZ,0.2,0.26,short-term_:_and long-term,2.384258
False,mean,True,mean,Lambeck_2017,3e+19,QM1,JPL,0.2,0.26,short-term_:_and long-term,2.462693
False,mean,True,mean,Lambeck_2017,3e+19,QM1,CSR,0.2,0.26,short-term_:_and long-term,2.399538
False,mean,True,mean,Lambeck_2017,3e+19,QM1,MSSA,0.2,0.26,short-term_:_and long-term,2.410058
True,mean,True,mean,Lambeck_2017,3e+19,QM1,GFZ,0.2,0.26,short-term_:_and long-term,2.381329
True,mean,True,mean,Lambeck_2017,3e+19,QM1,JPL,0.2,0.26,short-term_:_and long-term,2.461149
True,mean,True,mean,Lambeck_2017,3e+19,QM1,CSR,0.2,0.26,short-term_:_and long-term,2.396963
False,mean,True,lower,Lambeck_2017,3e+19,QM1,GFZ,0.2,0.26,short-term_:_and long-term,2.39263
False,mean,True,lower,Lambeck_2017,3e+19,QM1,JPL,0.2,0.26,short-term_:_and long-term,2.47151
False,mean,True,lower,Lambeck_2017,3e+19,QM1,CSR,0.2,0.26,short-term_:_and long-term,2.409122
False,mean,True,lower,Lambeck_2017,3e+19,QM1,MSSA,0.2,0.26,short-term_:_and long-term,2.417518
True,mean,True,lower,Lambeck_2017,3e+19,QM1,GFZ,0.2,0.26,short-term_:_and long-term,2.38982
True,mean,True,lower,Lambeck_2017,3e+19,QM1,JPL,0.2,0.26,short-term_:_and long-term,2.468532
True,mean,True,lower,Lambeck_2017,3e+19,QM1,CSR,0.2,0.26,short-term_:_and long-term,2.405389
True,mean,True,lower,Lambeck_2017,3e+19,QM1,MSSA,0.2,0.26,short-term_:_and long-term,2.414667
False,mean,True,upper,Lambeck_2017,3e+19,QM1,GFZ,0.2,0.26,short-term_:_and long-term,2.374557
False,mean,True,upper,Lambeck_2017,3e+19,QM1,JPL,0.2,0.26,short-term_:_and long-term,2.454357
False,mean,True,upper,Lambeck_2017,3e+19,QM1,CSR,0.2,0.26,short-term_:_and long-term,2.390174
False,mean,True,upper,Lambeck_2017,3e+19,QM1,MSSA,0.2,0.26,short-term_:_and long-term,2.401972
True,mean,True,upper,Lambeck_2017,3e+19,QM1,GFZ,0.2,0.26,short-term_:_and long-term,2.371487
True,mean,True,upper,Lambeck_2017,3e+19,QM1,JPL,0.2,0.26,short-term_:_and long-term,2.45153
True,mean,True,upper,Lambeck_2017,3e+19,QM1,CSR,0.2,0.26,short-term_:_and long-term,2.386748
True,mean,True,upper,Lambeck_2017,3e+19,QM1,MSSA,0.2,0.26,short-term_:_and long-term,2.399467
False,mean,True,mean,Lambeck_2017,3e+19,Resovsky,GFZ,0.15,0.26,short-term_:_and long-term,2.373581
False,mean,True,mean,Lambeck_2017,3e+19,Resovsky,JPL,0.15,0.26,short-term_:_and long-term,2.451847
False,mean,True,mean,Lambeck_2017,3e+19,Resovsky,CSR,0.15,0.26,short-term_:_and long-term,2.39149
False,mean,True,mean,Lambeck_2017,3e+19,Resovsky,MSSA,0.15,0.26,short-term_:_and long-term,2.400966
True,mean,True,mean,Lambeck_2017,3e+19,Resovsky,GFZ,0.15,0.26,short-term_:_and long-term,2.367998
True,mean,True,mean,Lambeck_2017,3e+19,Resovsky,JPL,0.15,0.26,short-term_:_and long-term,2.445547
True,mean,True,mean,Lambeck_2017,3e+19,Resovsky,CSR,0.15,0.26,short-term_:_and long-term,2.383701
False,mean,True,lower,Lambeck_2017,3e+19,Resovsky,GFZ,0.15,0.26,short-term_:_and long-term,2.382969
False,mean,True,lower,Lambeck_2017,3e+19,Resovsky,JPL,0.15,0.26,short-term_:_and long-term,2.460951
False,mean,True,lower,Lambeck_2017,3e+19,Resovsky,CSR,0.15,0.26,short-term_:_and long-term,2.401908
False,mean,True,lower,Lambeck_2017,3e+19,Resovsky,MSSA,0.15,0.26,short-term_:_and long-term,2.407754
True,mean,True,lower,Lambeck_2017,3e+19,Resovsky,GFZ,0.15,0.26,short-term_:_and long-term,2.376095
True,mean,True,lower,Lambeck_2017,3e+19,Resovsky,JPL,0.15,0.26,short-term_:_and long-term,2.45394
True,mean,True,lower,Lambeck_2017,3e+19,Resovsky,CSR,0.15,0.26,short-term_:_and long-term,2.393792
True,mean,True,lower,Lambeck_2017,3e+19,Resovsky,MSSA,0.15,0.26,short-term_:_and long-term,2.402451
False,mean,True,upper,Lambeck_2017,3e+19,Resovsky,GFZ,0.15,0.26,short-term_:_and long-term,2.362345
False,mean,True,upper,Lambeck_2017,3e+19,Resovsky,JPL,0.15,0.26,short-term_:_and long-term,2.441115
False,mean,True,upper,Lambeck_2017,3e+19,Resovsky,CSR,0.15,0.26,short-term_:_and long-term,2.379648
False,mean,True,upper,Lambeck_2017,3e+19,Resovsky,MSSA,0.15,0.26,short-term_:_and long-term,2.389688
True,mean,True,upper,Lambeck_2017,3e+19,Resovsky,GFZ,0.15,0.26,short-term_:_and long-term,2.357067
True,mean,True,upper,Lambeck_2017,3e+19,Resovsky,JPL,0.15,0.26,short-term_:_and long-term,2.434966
True,mean,True,upper,Lambeck_2017,3e+19,Resovsky,CSR,0.15,0.26,short-term_:_and long-term,2.372313
True,mean,True,upper,Lambeck_2017,3e+19,Resovsky,MSSA,0.15,0.26,short-term_:_and long-term,2.385995
False,mean,True,mean,Lambeck_2017,3e+19,Resovsky,GFZ,0.1,0.26,short-term_:_and long-term,2.395922
False,mean,True,mean,Lambeck_2017,3e+19,Resovsky,JPL,0.1,0.26,short-term_:_and long-term,2.478751
False,mean,True,mean,Lambeck_2017,3e+19,Resovsky,CSR,0.1,0.26,short-term_:_and long-term,2.415984
False,mean,True,mean,Lambeck_2017,3e+19,Resovsky,MSSA,0.1,0.26,short-term_:_and long-term,2.418762
True,mean,True,mean,Lambeck_2017,3e+19,Resovsky,GFZ,0.1,0.26,short-term_:_and long-term,2.385888
True,mean,True,mean,Lambeck_2017,3e+19,Resovsky,JPL,0.1,0.26,short-term_:_and long-term,2.46867
True,mean,True,mean,Lambeck_2017,3e+19,Resovsky,CSR,0.1,0.26,short-term_:_and long-term,2.406528
False,mean,True,lower,Lambeck_2017,3e+19,Resovsky,GFZ,0.1,0.26,short-term_:_and long-term,2.408386
False,mean,True,lower,Lambeck_2017,3e+19,Resovsky,JPL,0.1,0.26,short-term_:_and long-term,2.491301
False,mean,True,lower,Lambeck_2017,3e+19,Resovsky,CSR,0.1,0.26,short-term_:_and long-term,2.428728
False,mean,True,lower,Lambeck_2017,3e+19,Resovsky,MSSA,0.1,0.26,short-term_:_and long-term,2.429978
True,mean,True,lower,Lambeck_2017,3e+19,Resovsky,GFZ,0.1,0.26,short-term_:_and long-term,2.397324
True,mean,True,lower,Lambeck_2017,3e+19,Resovsky,JPL,0.1,0.26,short-term_:_and long-term,2.48012
True,mean,True,lower,Lambeck_2017,3e+19,Resovsky,CSR,0.1,0.26,short-term_:_and long-term,2.418659
True,mean,True,lower,Lambeck_2017,3e+19,Resovsky,MSSA,0.1,0.26,short-term_:_and long-term,2.419526
False,mean,True,upper,Lambeck_2017,3e+19,Resovsky,GFZ,0.1,0.26,short-term_:_and long-term,2.381262
False,mean,True,upper,Lambeck_2017,3e+19,Resovsky,JPL,0.1,0.26,short-term_:_and long-term,2.464856
False,mean,True,upper,Lambeck_2017,3e+19,Resovsky,CSR,0.1,0.26,short-term_:_and long-term,2.403409
False,mean,True,upper,Lambeck_2017,3e+19,Resovsky,MSSA,0.1,0.26,short-term_:_and long-term,2.408116
True,mean,True,upper,Lambeck_2017,3e+19,Resovsky,GFZ,0.1,0.26,short-term_:_and long-term,2.373777
True,mean,True,upper,Lambeck_2017,3e+19,Resovsky,JPL,0.1,0.26,short-term_:_and long-term,2.455375
True,mean,True,upper,Lambeck_2017,3e+19,Resovsky,CSR,0.1,0.26,short-term_:_and long-term,2.393675
True,mean,True,upper,Lambeck_2017,3e+19,Resovsky,MSSA,0.1,0.26,short-term_:_and long-term,2.400205
False,mean,True,mean,Lambeck_2017,3e+19,Resovsky,GFZ,0.2,0.26,short-term_:_and long-term,2.354556
False,mean,True,mean,Lambeck_2017,3e+19,Resovsky,JPL,0.2,0.26,short-term_:_and long-term,2.432732
False,mean,True,mean,Lambeck_2017,3e+19,Resovsky,CSR,0.2,0.26,short-term_:_and long-term,2.369889
False,mean,True,mean,Lambeck_2017,3e+19,Resovsky,MSSA,0.2,0.26,short-term_:_and long-term,2.383501
True,mean,True,mean,Lambeck_2017,3e+19,Resovsky,GFZ,0.2,0.26,short-term_:_and long-term,2.349648
True,mean,True,mean,Lambeck_2017,3e+19,Resovsky,JPL,0.2,0.26,short-term_:_and long-term,2.429532
True,mean,True,mean,Lambeck_2017,3e+19,Resovsky,CSR,0.2,0.26,short-term_:_and long-term,2.365948
False,mean,True,lower,Lambeck_2017,3e+19,Resovsky,GFZ,0.2,0.26,short-term_:_and long-term,2.361486
False,mean,True,lower,Lambeck_2017,3e+19,Resovsky,JPL,0.2,0.26,short-term_:_and long-term,2.438499
False,mean,True,lower,Lambeck_2017,3e+19,Resovsky,CSR,0.2,0.26,short-term_:_and long-term,2.377525
False,mean,True,lower,Lambeck_2017,3e+19,Resovsky,MSSA,0.2,0.26,short-term_:_and long-term,2.389808
True,mean,True,lower,Lambeck_2017,3e+19,Resovsky,GFZ,0.2,0.26,short-term_:_and long-term,2.356137
True,mean,True,lower,Lambeck_2017,3e+19,Resovsky,JPL,0.2,0.26,short-term_:_and long-term,2.435982
True,mean,True,lower,Lambeck_2017,3e+19,Resovsky,CSR,0.2,0.26,short-term_:_and long-term,2.372849
True,mean,True,lower,Lambeck_2017,3e+19,Resovsky,MSSA,0.2,0.26,short-term_:_and long-term,2.384396
False,mean,True,upper,Lambeck_2017,3e+19,Resovsky,GFZ,0.2,0.26,short-term_:_and long-term,2.345125
False,mean,True,upper,Lambeck_2017,3e+19,Resovsky,JPL,0.2,0.26,short-term_:_and long-term,2.425179
False,mean,True,upper,Lambeck_2017,3e+19,Resovsky,CSR,0.2,0.26,short-term_:_and long-term,2.362067
False,mean,True,upper,Lambeck_2017,3e+19,Resovsky,MSSA,0.2,0.26,short-term_:_and long-term,2.375076
True,mean,True,upper,Lambeck_2017,3e+19,Resovsky,GFZ,0.2,0.26,short-term_:_and long-term,2.341078
True,mean,True,upper,Lambeck_2017,3e+19,Resovsky,JPL,0.2,0.26,short-term_:_and long-term,2.420306
True,mean,True,upper,Lambeck_2017,3e+19,Resovsky,CSR,0.2,0.26,short-term_:_and long-term,2.356063
True,mean,True,upper,Lambeck_2017,3e+19,Resovsky,MSSA,0.2,0.26,short-term_:_and long-term,2.372718
False,mean,True,mean,Lambeck_2017,5e+20,,GFZ,,,long-term,2.012237
False,mean,True,mean,Lambeck_2017,5e+20,,JPL,,,long-term,2.08242
False,mean,True,mean,Lambeck_2017,5e+20,,CSR,,,long-term,2.025378
False,mean,True,mean,Lambeck_2017,5e+20,,MSSA,,,long-term,2.062863
True,mean,True,mean,Lambeck_2017,5e+20,,GFZ,,,long-term,2.014757
True,mean,True,mean,Lambeck_2017,5e+20,,JPL,,,long-term,2.085555
True,mean,True,mean,Lambeck_2017,5e+20,,CSR,,,long-term,2.028255
False,mean,True,lower,Lambeck_2017,5e+20,,GFZ,,,long-term,1.997402
False,mean,True,lower,Lambeck_2017,5e+20,,JPL,,,long-term,2.066931
False,mean,True,lower,Lambeck_2017,5e+20,,CSR,,,long-term,2.008846
False,mean,True,lower,Lambeck_2017,5e+20,,MSSA,,,long-term,2.049844
True,mean,True,lower,Lambeck_2017,5e+20,,GFZ,,,long-term,1.999947
True,mean,True,lower,Lambeck_2017,5e+20,,JPL,,,long-term,2.069398
True,mean,True,lower,Lambeck_2017,5e+20,,CSR,,,long-term,2.012638
True,mean,True,lower,Lambeck_2017,5e+20,,MSSA,,,long-term,2.053111
False,mean,True,upper,Lambeck_2017,5e+20,,GFZ,,,long-term,2.023762
False,mean,True,upper,Lambeck_2017,5e+20,,JPL,,,long-term,2.096501
False,mean,True,upper,Lambeck_2017,5e+20,,CSR,,,long-term,2.038789
False,mean,True,upper,Lambeck_2017,5e+20,,MSSA,,,long-term,2.073819
True,mean,True,upper,Lambeck_2017,5e+20,,GFZ,,,long-term,2.02671
True,mean,True,upper,Lambeck_2017,5e+20,,JPL,,,long-term,2.099588
True,mean,True,upper,Lambeck_2017,5e+20,,CSR,,,long-term,2.040866
True,mean,True,upper,Lambeck_2017,5e+20,,MSSA,,,long-term,2.076467
False,mean,True,mean,Lambeck_2017,5e+20,PAR3P,GFZ,0.15,0.26,short-term_:_and long-term,2.353074
False,mean,True,mean,Lambeck_2017,5e+20,PAR3P,JPL,0.15,0.26,short-term_:_and long-term,2.431578
False,mean,True,mean,Lambeck_2017,5e+20,PAR3P,CSR,0.15,0.26,short-term_:_and long-term,2.367687
False,mean,True,mean,Lambeck_2017,5e+20,PAR3P,MSSA,0.15,0.26,short-term_:_and long-term,2.380001
True,mean,True,mean,Lambeck_2017,5e+20,PAR3P,GFZ,0.15,0.26,short-term_:_and long-term,2.349805
True,mean,True,mean,Lambeck_2017,5e+20,PAR3P,JPL,0.15,0.26,short-term_:_and long-term,2.428052
True,mean,True,mean,Lambeck_2017,5e+20,PAR3P,CSR,0.15,0.26,short-term_:_and long-term,2.364154
False,mean,True,lower,Lambeck_2017,5e+20,PAR3P,GFZ,0.15,0.26,short-term_:_and long-term,2.359123
False,mean,True,lower,Lambeck_2017,5e+20,PAR3P,JPL,0.15,0.26,short-term_:_and long-term,2.43743
False,mean,True,lower,Lambeck_2017,5e+20,PAR3P,CSR,0.15,0.26,short-term_:_and long-term,2.374312
False,mean,True,lower,Lambeck_2017,5e+20,PAR3P,MSSA,0.15,0.26,short-term_:_and long-term,2.38669
True,mean,True,lower,Lambeck_2017,5e+20,PAR3P,GFZ,0.15,0.26,short-term_:_and long-term,2.356442
True,mean,True,lower,Lambeck_2017,5e+20,PAR3P,JPL,0.15,0.26,short-term_:_and long-term,2.433658
True,mean,True,lower,Lambeck_2017,5e+20,PAR3P,CSR,0.15,0.26,short-term_:_and long-term,2.370145
True,mean,True,lower,Lambeck_2017,5e+20,PAR3P,MSSA,0.15,0.26,short-term_:_and long-term,2.382907
False,mean,True,upper,Lambeck_2017,5e+20,PAR3P,GFZ,0.15,0.26,short-term_:_and long-term,2.345123
False,mean,True,upper,Lambeck_2017,5e+20,PAR3P,JPL,0.15,0.26,short-term_:_and long-term,2.423566
False,mean,True,upper,Lambeck_2017,5e+20,PAR3P,CSR,0.15,0.26,short-term_:_and long-term,2.359989
False,mean,True,upper,Lambeck_2017,5e+20,PAR3P,MSSA,0.15,0.26,short-term_:_and long-term,2.374273
True,mean,True,upper,Lambeck_2017,5e+20,PAR3P,GFZ,0.15,0.26,short-term_:_and long-term,2.341827
True,mean,True,upper,Lambeck_2017,5e+20,PAR3P,JPL,0.15,0.26,short-term_:_and long-term,2.419855
True,mean,True,upper,Lambeck_2017,5e+20,PAR3P,CSR,0.15,0.26,short-term_:_and long-term,2.356633
True,mean,True,upper,Lambeck_2017,5e+20,PAR3P,MSSA,0.15,0.26,short-term_:_and long-term,2.371536
False,mean,True,mean,Lambeck_2017,5e+20,PAR3P,GFZ,0.1,0.26,short-term_:_and long-term,2.391242
False,mean,True,mean,Lambeck_2017,5e+20,PAR3P,JPL,0.1,0.26,short-term_:_and long-term,2.471185
False,mean,True,mean,Lambeck_2017,5e+20,PAR3P,CSR,0.1,0.26,short-term_:_and long-term,2.41025
False,mean,True,mean,Lambeck_2017,5e+20,PAR3P,MSSA,0.1,0.26,short-term_:_and long-term,2.417846
True,mean,True,mean,Lambeck_2017,5e+20,PAR3P,GFZ,0.1,0.26,short-term_:_and long-term,2.385928
True,mean,True,mean,Lambeck_2017,5e+20,PAR3P,JPL,0.1,0.26,short-term_:_and long-term,2.46607
True,mean,True,mean,Lambeck_2017,5e+20,PAR3P,CSR,0.1,0.26,short-term_:_and long-term,2.404434
False,mean,True,lower,Lambeck_2017,5e+20,PAR3P,GFZ,0.1,0.26,short-term_:_and long-term,2.403221
False,mean,True,lower,Lambeck_2017,5e+20,PAR3P,JPL,0.1,0.26,short-term_:_and long-term,2.483009
False,mean,True,lower,Lambeck_2017,5e+20,PAR3P,CSR,0.1,0.26,short-term_:_and long-term,2.422307
False,mean,True,lower,Lambeck_2017,5e+20,PAR3P,MSSA,0.1,0.26,short-term_:_and long-term,2.42699
True,mean,True,lower,Lambeck_2017,5e+20,PAR3P,GFZ,0.1,0.26,short-term_:_and long-term,2.398153
True,mean,True,lower,Lambeck_2017,5e+20,PAR3P,JPL,0.1,0.26,short-term_:_and long-term,2.477198
True,mean,True,lower,Lambeck_2017,5e+20,PAR3P,CSR,0.1,0.26,short-term_:_and long-term,2.416039
True,mean,True,lower,Lambeck_2017,5e+20,PAR3P,MSSA,0.1,0.26,short-term_:_and long-term,2.421572
False,mean,True,upper,Lambeck_2017,5e+20,PAR3P,GFZ,0.1,0.26,short-term_:_and long-term,2.378408
False,mean,True,upper,Lambeck_2017,5e+20,PAR3P,JPL,0.1,0.26,short-term_:_and long-term,2.458321
False,mean,True,upper,Lambeck_2017,5e+20,PAR3P,CSR,0.1,0.26,short-term_:_and long-term,2.396908
False,mean,True,upper,Lambeck_2017,5e+20,PAR3P,MSSA,0.1,0.26,short-term_:_and long-term,2.408268
True,mean,True,upper,Lambeck_2017,5e+20,PAR3P,GFZ,0.1,0.26,short-term_:_and long-term,2.373256
True,mean,True,upper,Lambeck_2017,5e+20,PAR3P,JPL,0.1,0.26,short-term_:_and long-term,2.452632
True,mean,True,upper,Lambeck_2017,5e+20,PAR3P,CSR,0.1,0.26,short-term_:_and long-term,2.391675
True,mean,True,upper,Lambeck_2017,5e+20,PAR3P,MSSA,0.1,0.26,short-term_:_and long-term,2.40358
False,mean,True,mean,Lambeck_2017,5e+20,PAR3P,GFZ,0.2,0.26,short-term_:_and long-term,2.327895
False,mean,True,mean,Lambeck_2017,5e+20,PAR3P,JPL,0.2,0.26,short-term_:_and long-term,2.406011
False,mean,True,mean,Lambeck_2017,5e+20,PAR3P,CSR,0.2,0.26,short-term_:_and long-term,2.341561
False,mean,True,mean,Lambeck_2017,5e+20,PAR3P,MSSA,0.2,0.26,short-term_:_and long-term,2.356789
True,mean,True,mean,Lambeck_2017,5e+20,PAR3P,GFZ,0.2,0.26,short-term_:_and long-term,2.326328
True,mean,True,mean,Lambeck_2017,5e+20,PAR3P,JPL,0.2,0.26,short-term_:_and long-term,2.404237
True,mean,True,mean,Lambeck_2017,5e+20,PAR3P,CSR,0.2,0.26,short-term_:_and long-term,2.340107
False,mean,True,lower,Lambeck_2017,5e+20,PAR3P,GFZ,0.2,0.26,short-term_:_and long-term,2.331298
False,mean,True,lower,Lambeck_2017,5e+20,PAR3P,JPL,0.2,0.26,short-term_:_and long-term,2.40911
False,mean,True,lower,Lambeck_2017,5e+20,PAR3P,CSR,0.2,0.26,short-term_:_and long-term,2.345518
False,mean,True,lower,Lambeck_2017,5e+20,PAR3P,MSSA,0.2,0.26,short-term_:_and long-term,2.358675
True,mean,True,lower,Lambeck_2017,5e+20,PAR3P,GFZ,0.2,0.26,short-term_:_and long-term,2.32946
True,mean,True,lower,Lambeck_2017,5e+20,PAR3P,JPL,0.2,0.26,short-term_:_and long-term,2.407955
True,mean,True,lower,Lambeck_2017,5e+20,PAR3P,CSR,0.2,0.26,short-term_:_and long-term,2.343844
True,mean,True,lower,Lambeck_2017,5e+20,PAR3P,MSSA,0.2,0.26,short-term_:_and long-term,2.356852
False,mean,True,upper,Lambeck_2017,5e+20,PAR3P,GFZ,0.2,0.26,short-term_:_and long-term,2.323281
False,mean,True,upper,Lambeck_2017,5e+20,PAR3P,JPL,0.2,0.26,short-term_:_and long-term,2.401828
False,mean,True,upper,Lambeck_2017,5e+20,PAR3P,CSR,0.2,0.26,short-term_:_and long-term,2.337806
False,mean,True,upper,Lambeck_2017,5e+20,PAR3P,MSSA,0.2,0.26,short-term_:_and long-term,2.351885
True,mean,True,upper,Lambeck_2017,5e+20,PAR3P,GFZ,0.2,0.26,short-term_:_and long-term,2.321506
True,mean,True,upper,Lambeck_2017,5e+20,PAR3P,JPL,0.2,0.26,short-term_:_and long-term,2.399733
True,mean,True,upper,Lambeck_2017,5e+20,PAR3P,CSR,0.2,0.26,short-term_:_and long-term,2.335106
True,mean,True,upper,Lambeck_2017,5e+20,PAR3P,MSSA,0.2,0.26,short-term_:_and long-term,2.350472
False,mean,True,mean,Lambeck_2017,5e+20,PREM,GFZ,0.15,0.26,short-term_:_and long-term,2.388403
False,mean,True,mean,Lambeck_2017,5e+20,PREM,JPL,0.15,0.26,short-term_:_and long-term,2.466774
False,mean,True,mean,Lambeck_2017,5e+20,PREM,CSR,0.15,0.26,short-term_:_and long-term,2.403239
False,mean,True,mean,Lambeck_2017,5e+20,PREM,MSSA,0.15,0.26,short-term_:_and long-term,2.415162
True,mean,True,mean,Lambeck_2017,5e+20,PREM,GFZ,0.15,0.26,short-term_:_and long-term,2.384788
True,mean,True,mean,Lambeck_2017,5e+20,PREM,JPL,0.15,0.26,short-term_:_and long-term,2.462893
True,mean,True,mean,Lambeck_2017,5e+20,PREM,CSR,0.15,0.26,short-term_:_and long-term,2.398513
False,mean,True,lower,Lambeck_2017,5e+20,PREM,GFZ,0.15,0.26,short-term_:_and long-term,2.398047
False,mean,True,lower,Lambeck_2017,5e+20,PREM,JPL,0.15,0.26,short-term_:_and long-term,2.476453
False,mean,True,lower,Lambeck_2017,5e+20,PREM,CSR,0.15,0.26,short-term_:_and long-term,2.413705
False,mean,True,lower,Lambeck_2017,5e+20,PREM,MSSA,0.15,0.26,short-term_:_and long-term,2.423994
True,mean,True,lower,Lambeck_2017,5e+20,PREM,GFZ,0.15,0.26,short-term_:_and long-term,2.393601
True,mean,True,lower,Lambeck_2017,5e+20,PREM,JPL,0.15,0.26,short-term_:_and long-term,2.472167
True,mean,True,lower,Lambeck_2017,5e+20,PREM,CSR,0.15,0.26,short-term_:_and long-term,2.409379
True,mean,True,lower,Lambeck_2017,5e+20,PREM,MSSA,0.15,0.26,short-term_:_and long-term,2.419952
False,mean,True,upper,Lambeck_2017,5e+20,PREM,GFZ,0.15,0.26,short-term_:_and long-term,2.376836
False,mean,True,upper,Lambeck_2017,5e+20,PREM,JPL,0.15,0.26,short-term_:_and long-term,2.456111
False,mean,True,upper,Lambeck_2017,5e+20,PREM,CSR,0.15,0.26,short-term_:_and long-term,2.390992
False,mean,True,upper,Lambeck_2017,5e+20,PREM,MSSA,0.15,0.26,short-term_:_and long-term,2.404875
True,mean,True,upper,Lambeck_2017,5e+20,PREM,GFZ,0.15,0.26,short-term_:_and long-term,2.372994
True,mean,True,upper,Lambeck_2017,5e+20,PREM,JPL,0.15,0.26,short-term_:_and long-term,2.452421
True,mean,True,upper,Lambeck_2017,5e+20,PREM,CSR,0.15,0.26,short-term_:_and long-term,2.3874
True,mean,True,upper,Lambeck_2017,5e+20,PREM,MSSA,0.15,0.26,short-term_:_and long-term,2.401055
False,mean,True,mean,Lambeck_2017,5e+20,PREM,GFZ,0.1,0.26,short-term_:_and long-term,2.427009
False,mean,True,mean,Lambeck_2017,5e+20,PREM,JPL,0.1,0.26,short-term_:_and long-term,2.506294
False,mean,True,mean,Lambeck_2017,5e+20,PREM,CSR,0.1,0.26,short-term_:_and long-term,2.445447
False,mean,True,mean,Lambeck_2017,5e+20,PREM,MSSA,0.1,0.26,short-term_:_and long-term,2.450928
True,mean,True,mean,Lambeck_2017,5e+20,PREM,GFZ,0.1,0.26,short-term_:_and long-term,2.419245
True,mean,True,mean,Lambeck_2017,5e+20,PREM,JPL,0.1,0.26,short-term_:_and long-term,2.499386
True,mean,True,mean,Lambeck_2017,5e+20,PREM,CSR,0.1,0.26,short-term_:_and long-term,2.437861
False,mean,True,lower,Lambeck_2017,5e+20,PREM,GFZ,0.1,0.26,short-term_:_and long-term,2.440518
False,mean,True,lower,Lambeck_2017,5e+20,PREM,JPL,0.1,0.26,short-term_:_and long-term,2.521234
False,mean,True,lower,Lambeck_2017,5e+20,PREM,CSR,0.1,0.26,short-term_:_and long-term,2.460875
False,mean,True,lower,Lambeck_2017,5e+20,PREM,MSSA,0.1,0.26,short-term_:_and long-term,2.463788
True,mean,True,lower,Lambeck_2017,5e+20,PREM,GFZ,0.1,0.26,short-term_:_and long-term,2.43307
True,mean,True,lower,Lambeck_2017,5e+20,PREM,JPL,0.1,0.26,short-term_:_and long-term,2.513512
True,mean,True,lower,Lambeck_2017,5e+20,PREM,CSR,0.1,0.26,short-term_:_and long-term,2.452259
True,mean,True,lower,Lambeck_2017,5e+20,PREM,MSSA,0.1,0.26,short-term_:_and long-term,2.455899
False,mean,True,upper,Lambeck_2017,5e+20,PREM,GFZ,0.1,0.26,short-term_:_and long-term,2.411486
False,mean,True,upper,Lambeck_2017,5e+20,PREM,JPL,0.1,0.26,short-term_:_and long-term,2.489427
False,mean,True,upper,Lambeck_2017,5e+20,PREM,CSR,0.1,0.26,short-term_:_and long-term,2.430087
False,mean,True,upper,Lambeck_2017,5e+20,PREM,MSSA,0.1,0.26,short-term_:_and long-term,2.438775
True,mean,True,upper,Lambeck_2017,5e+20,PREM,GFZ,0.1,0.26,short-term_:_and long-term,2.404598
True,mean,True,upper,Lambeck_2017,5e+20,PREM,JPL,0.1,0.26,short-term_:_and long-term,2.482765
True,mean,True,upper,Lambeck_2017,5e+20,PREM,CSR,0.1,0.26,short-term_:_and long-term,2.422409
True,mean,True,upper,Lambeck_2017,5e+20,PREM,MSSA,0.1,0.26,short-term_:_and long-term,2.432643
False,mean,True,mean,Lambeck_2017,5e+20,PREM,GFZ,0.2,0.26,short-term_:_and long-term,2.36114
False,mean,True,mean,Lambeck_2017,5e+20,PREM,JPL,0.2,0.26,short-term_:_and long-term,2.440488
False,mean,True,mean,Lambeck_2017,5e+20,PREM,CSR,0.2,0.26,short-term_:_and long-term,2.375355
False,mean,True,mean,Lambeck_2017,5e+20,PREM,MSSA,0.2,0.26,short-term_:_and long-term,2.388474
True,mean,True,mean,Lambeck_2017,5e+20,PREM,GFZ,0.2,0.26,short-term_:_and long-term,2.359483
True,mean,True,mean,Lambeck_2017,5e+20,PREM,JPL,0.2,0.26,short-term_:_and long-term,2.439448
True,mean,True,mean,Lambeck_2017,5e+20,PREM,CSR,0.2,0.26,short-term_:_and long-term,2.373292
False,mean,True,lower,Lambeck_2017,5e+20,PREM,GFZ,0.2,0.26,short-term_:_and long-term,2.367993
False,mean,True,lower,Lambeck_2017,5e+20,PREM,JPL,0.2,0.26,short-term_:_and long-term,2.446045
False,mean,True,lower,Lambeck_2017,5e+20,PREM,CSR,0.2,0.26,short-term_:_and long-term,2.382222
False,mean,True,lower,Lambeck_2017,5e+20,PREM,MSSA,0.2,0.26,short-term_:_and long-term,2.393783
True,mean,True,lower,Lambeck_2017,5e+20,PREM,GFZ,0.2,0.26,short-term_:_and long-term,2.366352
True,mean,True,lower,Lambeck_2017,5e+20,PREM,JPL,0.2,0.26,short-term_:_and long-term,2.445261
True,mean,True,lower,Lambeck_2017,5e+20,PREM,CSR,0.2,0.26,short-term_:_and long-term,2.380938
True,mean,True,lower,Lambeck_2017,5e+20,PREM,MSSA,0.2,0.26,short-term_:_and long-term,2.391956
False,mean,True,upper,Lambeck_2017,5e+20,PREM,GFZ,0.2,0.26,short-term_:_and long-term,2.352996
False,mean,True,upper,Lambeck_2017,5e+20,PREM,JPL,0.2,0.26,short-term_:_and long-term,2.433132
False,mean,True,upper,Lambeck_2017,5e+20,PREM,CSR,0.2,0.26,short-term_:_and long-term,2.367608
False,mean,True,upper,Lambeck_2017,5e+20,PREM,MSSA,0.2,0.26,short-term_:_and long-term,2.381965
True,mean,True,upper,Lambeck_2017,5e+20,PREM,GFZ,0.2,0.26,short-term_:_and long-term,2.351267
True,mean,True,upper,Lambeck_2017,5e+20,PREM,JPL,0.2,0.26,short-term_:_and long-term,2.431204
True,mean,True,upper,Lambeck_2017,5e+20,PREM,CSR,0.2,0.26,short-term_:_and long-term,2.365793
True,mean,True,upper,Lambeck_2017,5e+20,PREM,MSSA,0.2,0.26,short-term_:_and long-term,2.380858
False,mean,True,mean,Lambeck_2017,5e+20,QL6,GFZ,0.15,0.26,short-term_:_and long-term,2.338839
False,mean,True,mean,Lambeck_2017,5e+20,QL6,JPL,0.15,0.26,short-term_:_and long-term,2.416496
False,mean,True,mean,Lambeck_2017,5e+20,QL6,CSR,0.15,0.26,short-term_:_and long-term,2.354202
False,mean,True,mean,Lambeck_2017,5e+20,QL6,MSSA,0.15,0.26,short-term_:_and long-term,2.368511
True,mean,True,mean,Lambeck_2017,5e+20,QL6,GFZ,0.15,0.26,short-term_:_and long-term,2.33469
True,mean,True,mean,Lambeck_2017,5e+20,QL6,JPL,0.15,0.26,short-term_:_and long-term,2.41304
True,mean,True,mean,Lambeck_2017,5e+20,QL6,CSR,0.15,0.26,short-term_:_and long-term,2.350382
False,mean,True,lower,Lambeck_2017,5e+20,QL6,GFZ,0.15,0.26,short-term_:_and long-term,2.345609
False,mean,True,lower,Lambeck_2017,5e+20,QL6,JPL,0.15,0.26,short-term_:_and long-term,2.422409
False,mean,True,lower,Lambeck_2017,5e+20,QL6,CSR,0.15,0.26,short-term_:_and long-term,2.36074
False,mean,True,lower,Lambeck_2017,5e+20,QL6,MSSA,0.15,0.26,short-term_:_and long-term,2.374489
True,mean,True,lower,Lambeck_2017,5e+20,QL6,GFZ,0.15,0.26,short-term_:_and long-term,2.340852
True,mean,True,lower,Lambeck_2017,5e+20,QL6,JPL,0.15,0.26,short-term_:_and long-term,2.419018
True,mean,True,lower,Lambeck_2017,5e+20,QL6,CSR,0.15,0.26,short-term_:_and long-term,2.35706
True,mean,True,lower,Lambeck_2017,5e+20,QL6,MSSA,0.15,0.26,short-term_:_and long-term,2.370172
False,mean,True,upper,Lambeck_2017,5e+20,QL6,GFZ,0.15,0.26,short-term_:_and long-term,2.330568
False,mean,True,upper,Lambeck_2017,5e+20,QL6,JPL,0.15,0.26,short-term_:_and long-term,2.409572
False,mean,True,upper,Lambeck_2017,5e+20,QL6,CSR,0.15,0.26,short-term_:_and long-term,2.34605
False,mean,True,upper,Lambeck_2017,5e+20,QL6,MSSA,0.15,0.26,short-term_:_and long-term,2.362726
True,mean,True,upper,Lambeck_2017,5e+20,QL6,GFZ,0.15,0.26,short-term_:_and long-term,2.327021
True,mean,True,upper,Lambeck_2017,5e+20,QL6,JPL,0.15,0.26,short-term_:_and long-term,2.40558
True,mean,True,upper,Lambeck_2017,5e+20,QL6,CSR,0.15,0.26,short-term_:_and long-term,2.341423
True,mean,True,upper,Lambeck_2017,5e+20,QL6,MSSA,0.15,0.26,short-term_:_and long-term,2.359266
False,mean,True,mean,Lambeck_2017,5e+20,QL6,GFZ,0.1,0.26,short-term_:_and long-term,2.371566
False,mean,True,mean,Lambeck_2017,5e+20,QL6,JPL,0.1,0.26,short-term_:_and long-term,2.448782
False,mean,True,mean,Lambeck_2017,5e+20,QL6,CSR,0.1,0.26,short-term_:_and long-term,2.38749
False,mean,True,mean,Lambeck_2017,5e+20,QL6,MSSA,0.1,0.26,short-term_:_and long-term,2.398578
True,mean,True,mean,Lambeck_2017,5e+20,QL6,GFZ,0.1,0.26,short-term_:_and long-term,2.365573
True,mean,True,mean,Lambeck_2017,5e+20,QL6,JPL,0.1,0.26,short-term_:_and long-term,2.442697
True,mean,True,mean,Lambeck_2017,5e+20,QL6,CSR,0.1,0.26,short-term_:_and long-term,2.382532
False,mean,True,lower,Lambeck_2017,5e+20,QL6,GFZ,0.1,0.26,short-term_:_and long-term,2.381363
False,mean,True,lower,Lambeck_2017,5e+20,QL6,JPL,0.1,0.26,short-term_:_and long-term,2.458753
False,mean,True,lower,Lambeck_2017,5e+20,QL6,CSR,0.1,0.26,short-term_:_and long-term,2.398148
False,mean,True,lower,Lambeck_2017,5e+20,QL6,MSSA,0.1,0.26,short-term_:_and long-term,2.407163
True,mean,True,lower,Lambeck_2017,5e+20,QL6,GFZ,0.1,0.26,short-term_:_and long-term,2.374662
True,mean,True,lower,Lambeck_2017,5e+20,QL6,JPL,0.1,0.26,short-term_:_and long-term,2.452701
True,mean,True,lower,Lambeck_2017,5e+20,QL6,CSR,0.1,0.26,short-term_:_and long-term,2.392185
True,mean,True,lower,Lambeck_2017,5e+20,QL6,MSSA,0.1,0.26,short-term_:_and long-term,2.401212
False,mean,True,upper,Lambeck_2017,5e+20,QL6,GFZ,0.1,0.26,short-term_:_and long-term,2.360441
False,mean,True,upper,Lambeck_2017,5e+20,QL6,JPL,0.1,0.26,short-term_:_and long-term,2.438158
False,mean,True,upper,Lambeck_2017,5e+20,QL6,CSR,0.1,0.26,short-term_:_and long-term,2.376533
False,mean,True,upper,Lambeck_2017,5e+20,QL6,MSSA,0.1,0.26,short-term_:_and long-term,2.389702
True,mean,True,upper,Lambeck_2017,5e+20,QL6,GFZ,0.1,0.26,short-term_:_and long-term,2.354552
True,mean,True,upper,Lambeck_2017,5e+20,QL6,JPL,0.1,0.26,short-term_:_and long-term,2.432489
True,mean,True,upper,Lambeck_2017,5e+20,QL6,CSR,0.1,0.26,short-term_:_and long-term,2.371001
True,mean,True,upper,Lambeck_2017,5e+20,QL6,MSSA,0.1,0.26,short-term_:_and long-term,2.38352
False,mean,True,mean,Lambeck_2017,5e+20,QL6,GFZ,0.2,0.26,short-term_:_and long-term,2.315873
False,mean,True,mean,Lambeck_2017,5e+20,QL6,JPL,0.2,0.26,short-term_:_and long-term,2.393741
False,mean,True,mean,Lambeck_2017,5e+20,QL6,CSR,0.2,0.26,short-term_:_and long-term,2.329649
False,mean,True,mean,Lambeck_2017,5e+20,QL6,MSSA,0.2,0.26,short-term_:_and long-term,2.344119
True,mean,True,mean,Lambeck_2017,5e+20,QL6,GFZ,0.2,0.26,short-term_:_and long-term,2.313959
True,mean,True,mean,Lambeck_2017,5e+20,QL6,JPL,0.2,0.26,short-term_:_and long-term,2.391703
True,mean,True,mean,Lambeck_2017,5e+20,QL6,CSR,0.2,0.26,short-term_:_and long-term,2.327049
False,mean,True,lower,Lambeck_2017,5e+20,QL6,GFZ,0.2,0.26,short-term_:_and long-term,2.319767
False,mean,True,lower,Lambeck_2017,5e+20,QL6,JPL,0.2,0.26,short-term_:_and long-term,2.397859
False,mean,True,lower,Lambeck_2017,5e+20,QL6,CSR,0.2,0.26,short-term_:_and long-term,2.334012
False,mean,True,lower,Lambeck_2017,5e+20,QL6,MSSA,0.2,0.26,short-term_:_and long-term,2.347983
True,mean,True,lower,Lambeck_2017,5e+20,QL6,GFZ,0.2,0.26,short-term_:_and long-term,2.317382
True,mean,True,lower,Lambeck_2017,5e+20,QL6,JPL,0.2,0.26,short-term_:_and long-term,2.395758
True,mean,True,lower,Lambeck_2017,5e+20,QL6,CSR,0.2,0.26,short-term_:_and long-term,2.331152
True,mean,True,lower,Lambeck_2017,5e+20,QL6,MSSA,0.2,0.26,short-term_:_and long-term,2.345902
False,mean,True,upper,Lambeck_2017,5e+20,QL6,GFZ,0.2,0.26,short-term_:_and long-term,2.310109
False,mean,True,upper,Lambeck_2017,5e+20,QL6,JPL,0.2,0.26,short-term_:_and long-term,2.388851
False,mean,True,upper,Lambeck_2017,5e+20,QL6,CSR,0.2,0.26,short-term_:_and long-term,2.323485
False,mean,True,upper,Lambeck_2017,5e+20,QL6,MSSA,0.2,0.26,short-term_:_and long-term,2.338959
True,mean,True,upper,Lambeck_2017,5e+20,QL6,GFZ,0.2,0.26,short-term_:_and long-term,2.307943
True,mean,True,upper,Lambeck_2017,5e+20,QL6,JPL,0.2,0.26,short-term_:_and long-term,2.387173
True,mean,True,upper,Lambeck_2017,5e+20,QL6,CSR,0.2,0.26,short-term_:_and long-term,2.321205
True,mean,True,upper,Lambeck_2017,5e+20,QL6,MSSA,0.2,0.26,short-term_:_and long-term,2.337346
False,mean,True,mean,Lambeck_2017,5e+20,QM1,GFZ,0.15,0.26,short-term_:_and long-term,2.388297
False,mean,True,mean,Lambeck_2017,5e+20,QM1,JPL,0.15,0.26,short-term_:_and long-term,2.467492
False,mean,True,mean,Lambeck_2017,5e+20,QM1,CSR,0.15,0.26,short-term_:_and long-term,2.401812
False,mean,True,mean,Lambeck_2017,5e+20,QM1,MSSA,0.15,0.26,short-term_:_and long-term,2.412839
True,mean,True,mean,Lambeck_2017,5e+20,QM1,GFZ,0.15,0.26,short-term_:_and long-term,2.385192
True,mean,True,mean,Lambeck_2017,5e+20,QM1,JPL,0.15,0.26,short-term_:_and long-term,2.464742
True,mean,True,mean,Lambeck_2017,5e+20,QM1,CSR,0.15,0.26,short-term_:_and long-term,2.398969
False,mean,True,lower,Lambeck_2017,5e+20,QM1,GFZ,0.15,0.26,short-term_:_and long-term,2.398048
False,mean,True,lower,Lambeck_2017,5e+20,QM1,JPL,0.15,0.26,short-term_:_and long-term,2.476016
False,mean,True,lower,Lambeck_2017,5e+20,QM1,CSR,0.15,0.26,short-term_:_and long-term,2.411318
False,mean,True,lower,Lambeck_2017,5e+20,QM1,MSSA,0.15,0.26,short-term_:_and long-term,2.420375
True,mean,True,lower,Lambeck_2017,5e+20,QM1,GFZ,0.15,0.26,short-term_:_and long-term,2.394236
True,mean,True,lower,Lambeck_2017,5e+20,QM1,JPL,0.15,0.26,short-term_:_and long-term,2.472599
True,mean,True,lower,Lambeck_2017,5e+20,QM1,CSR,0.15,0.26,short-term_:_and long-term,2.407649
True,mean,True,lower,Lambeck_2017,5e+20,QM1,MSSA,0.15,0.26,short-term_:_and long-term,2.418518
False,mean,True,upper,Lambeck_2017,5e+20,QM1,GFZ,0.15,0.26,short-term_:_and long-term,2.377231
False,mean,True,upper,Lambeck_2017,5e+20,QM1,JPL,0.15,0.26,short-term_:_and long-term,2.457344
False,mean,True,upper,Lambeck_2017,5e+20,QM1,CSR,0.15,0.26,short-term_:_and long-term,2.391478
False,mean,True,upper,Lambeck_2017,5e+20,QM1,MSSA,0.15,0.26,short-term_:_and long-term,2.402862
True,mean,True,upper,Lambeck_2017,5e+20,QM1,GFZ,0.15,0.26,short-term_:_and long-term,2.373708
True,mean,True,upper,Lambeck_2017,5e+20,QM1,JPL,0.15,0.26,short-term_:_and long-term,2.454459
True,mean,True,upper,Lambeck_2017,5e+20,QM1,CSR,0.15,0.26,short-term_:_and long-term,2.388153
True,mean,True,upper,Lambeck_2017,5e+20,QM1,MSSA,0.15,0.26,short-term_:_and long-term,2.40026
False,mean,True,mean,Lambeck_2017,5e+20,QM1,GFZ,0.1,0.26,short-term_:_and long-term,2.418779
False,mean,True,mean,Lambeck_2017,5e+20,QM1,JPL,0.1,0.26,short-term_:_and long-term,2.49779
False,mean,True,mean,Lambeck_2017,5e+20,QM1,CSR,0.1,0.26,short-term_:_and long-term,2.437579
False,mean,True,mean,Lambeck_2017,5e+20,QM1,MSSA,0.1,0.26,short-term_:_and long-term,2.444341
True,mean,True,mean,Lambeck_2017,5e+20,QM1,GFZ,0.1,0.26,short-term_:_and long-term,2.412433
True,mean,True,mean,Lambeck_2017,5e+20,QM1,JPL,0.1,0.26,short-term_:_and long-term,2.491929
True,mean,True,mean,Lambeck_2017,5e+20,QM1,CSR,0.1,0.26,short-term_:_and long-term,2.431066
False,mean,True,lower,Lambeck_2017,5e+20,QM1,GFZ,0.1,0.26,short-term_:_and long-term,2.43184
False,mean,True,lower,Lambeck_2017,5e+20,QM1,JPL,0.1,0.26,short-term_:_and long-term,2.511965
False,mean,True,lower,Lambeck_2017,5e+20,QM1,CSR,0.1,0.26,short-term_:_and long-term,2.45194
False,mean,True,lower,Lambeck_2017,5e+20,QM1,MSSA,0.1,0.26,short-term_:_and long-term,2.455985
True,mean,True,lower,Lambeck_2017,5e+20,QM1,GFZ,0.1,0.26,short-term_:_and long-term,2.425065
True,mean,True,lower,Lambeck_2017,5e+20,QM1,JPL,0.1,0.26,short-term_:_and long-term,2.504908
True,mean,True,lower,Lambeck_2017,5e+20,QM1,CSR,0.1,0.26,short-term_:_and long-term,2.444968
True,mean,True,lower,Lambeck_2017,5e+20,QM1,MSSA,0.1,0.26,short-term_:_and long-term,2.449413
False,mean,True,upper,Lambeck_2017,5e+20,QM1,GFZ,0.1,0.26,short-term_:_and long-term,2.404135
False,mean,True,upper,Lambeck_2017,5e+20,QM1,JPL,0.1,0.26,short-term_:_and long-term,2.483735
False,mean,True,upper,Lambeck_2017,5e+20,QM1,CSR,0.1,0.26,short-term_:_and long-term,2.420604
False,mean,True,upper,Lambeck_2017,5e+20,QM1,MSSA,0.1,0.26,short-term_:_and long-term,2.431482
True,mean,True,upper,Lambeck_2017,5e+20,QM1,GFZ,0.1,0.26,short-term_:_and long-term,2.397748
True,mean,True,upper,Lambeck_2017,5e+20,QM1,JPL,0.1,0.26,short-term_:_and long-term,2.477462
True,mean,True,upper,Lambeck_2017,5e+20,QM1,CSR,0.1,0.26,short-term_:_and long-term,2.414153
True,mean,True,upper,Lambeck_2017,5e+20,QM1,MSSA,0.1,0.26,short-term_:_and long-term,2.425496
False,mean,True,mean,Lambeck_2017,5e+20,QM1,GFZ,0.2,0.26,short-term_:_and long-term,2.363719
False,mean,True,mean,Lambeck_2017,5e+20,QM1,JPL,0.2,0.26,short-term_:_and long-term,2.442269
False,mean,True,mean,Lambeck_2017,5e+20,QM1,CSR,0.2,0.26,short-term_:_and long-term,2.378007
False,mean,True,mean,Lambeck_2017,5e+20,QM1,MSSA,0.2,0.26,short-term_:_and long-term,2.390551
True,mean,True,mean,Lambeck_2017,5e+20,QM1,GFZ,0.2,0.26,short-term_:_and long-term,2.362638
True,mean,True,mean,Lambeck_2017,5e+20,QM1,JPL,0.2,0.26,short-term_:_and long-term,2.441012
True,mean,True,mean,Lambeck_2017,5e+20,QM1,CSR,0.2,0.26,short-term_:_and long-term,2.377223
False,mean,True,lower,Lambeck_2017,5e+20,QM1,GFZ,0.2,0.26,short-term_:_and long-term,2.369773
False,mean,True,lower,Lambeck_2017,5e+20,QM1,JPL,0.2,0.26,short-term_:_and long-term,2.447774
False,mean,True,lower,Lambeck_2017,5e+20,QM1,CSR,0.2,0.26,short-term_:_and long-term,2.384512
False,mean,True,lower,Lambeck_2017,5e+20,QM1,MSSA,0.2,0.26,short-term_:_and long-term,2.394381
True,mean,True,lower,Lambeck_2017,5e+20,QM1,GFZ,0.2,0.26,short-term_:_and long-term,2.368642
True,mean,True,lower,Lambeck_2017,5e+20,QM1,JPL,0.2,0.26,short-term_:_and long-term,2.447031
True,mean,True,lower,Lambeck_2017,5e+20,QM1,CSR,0.2,0.26,short-term_:_and long-term,2.383915
True,mean,True,lower,Lambeck_2017,5e+20,QM1,MSSA,0.2,0.26,short-term_:_and long-term,2.394217
False,mean,True,upper,Lambeck_2017,5e+20,QM1,GFZ,0.2,0.26,short-term_:_and long-term,2.35609
False,mean,True,upper,Lambeck_2017,5e+20,QM1,JPL,0.2,0.26,short-term_:_and long-term,2.434998
False,mean,True,upper,Lambeck_2017,5e+20,QM1,CSR,0.2,0.26,short-term_:_and long-term,2.371193
False,mean,True,upper,Lambeck_2017,5e+20,QM1,MSSA,0.2,0.26,short-term_:_and long-term,2.383373
True,mean,True,upper,Lambeck_2017,5e+20,QM1,GFZ,0.2,0.26,short-term_:_and long-term,2.354894
True,mean,True,upper,Lambeck_2017,5e+20,QM1,JPL,0.2,0.26,short-term_:_and long-term,2.43409
True,mean,True,upper,Lambeck_2017,5e+20,QM1,CSR,0.2,0.26,short-term_:_and long-term,2.369513
True,mean,True,upper,Lambeck_2017,5e+20,QM1,MSSA,0.2,0.26,short-term_:_and long-term,2.382041
False,mean,True,mean,Lambeck_2017,5e+20,Resovsky,GFZ,0.15,0.26,short-term_:_and long-term,2.352822
False,mean,True,mean,Lambeck_2017,5e+20,Resovsky,JPL,0.15,0.26,short-term_:_and long-term,2.432442
False,mean,True,mean,Lambeck_2017,5e+20,Resovsky,CSR,0.15,0.26,short-term_:_and long-term,2.366971
False,mean,True,mean,Lambeck_2017,5e+20,Resovsky,MSSA,0.15,0.26,short-term_:_and long-term,2.381308
True,mean,True,mean,Lambeck_2017,5e+20,Resovsky,GFZ,0.15,0.26,short-term_:_and long-term,2.349299
True,mean,True,mean,Lambeck_2017,5e+20,Resovsky,JPL,0.15,0.26,short-term_:_and long-term,2.428736
True,mean,True,mean,Lambeck_2017,5e+20,Resovsky,CSR,0.15,0.26,short-term_:_and long-term,2.3632
False,mean,True,lower,Lambeck_2017,5e+20,Resovsky,GFZ,0.15,0.26,short-term_:_and long-term,2.360054
False,mean,True,lower,Lambeck_2017,5e+20,Resovsky,JPL,0.15,0.26,short-term_:_and long-term,2.439103
False,mean,True,lower,Lambeck_2017,5e+20,Resovsky,CSR,0.15,0.26,short-term_:_and long-term,2.374036
False,mean,True,lower,Lambeck_2017,5e+20,Resovsky,MSSA,0.15,0.26,short-term_:_and long-term,2.385744
True,mean,True,lower,Lambeck_2017,5e+20,Resovsky,GFZ,0.15,0.26,short-term_:_and long-term,2.355687
True,mean,True,lower,Lambeck_2017,5e+20,Resovsky,JPL,0.15,0.26,short-term_:_and long-term,2.435565
True,mean,True,lower,Lambeck_2017,5e+20,Resovsky,CSR,0.15,0.26,short-term_:_and long-term,2.370164
True,mean,True,lower,Lambeck_2017,5e+20,Resovsky,MSSA,0.15,0.26,short-term_:_and long-term,2.38241
False,mean,True,upper,Lambeck_2017,5e+20,Resovsky,GFZ,0.15,0.26,short-term_:_and long-term,2.34477
False,mean,True,upper,Lambeck_2017,5e+20,Resovsky,JPL,0.15,0.26,short-term_:_and long-term,2.424111
False,mean,True,upper,Lambeck_2017,5e+20,Resovsky,CSR,0.15,0.26,short-term_:_and long-term,2.357989
False,mean,True,upper,Lambeck_2017,5e+20,Resovsky,MSSA,0.15,0.26,short-term_:_and long-term,2.371927
True,mean,True,upper,Lambeck_2017,5e+20,Resovsky,GFZ,0.15,0.26,short-term_:_and long-term,2.341085
True,mean,True,upper,Lambeck_2017,5e+20,Resovsky,JPL,0.15,0.26,short-term_:_and long-term,2.420573
True,mean,True,upper,Lambeck_2017,5e+20,Resovsky,CSR,0.15,0.26,short-term_:_and long-term,2.354741
True,mean,True,upper,Lambeck_2017,5e+20,Resovsky,MSSA,0.15,0.26,short-term_:_and long-term,2.36829
False,mean,True,mean,Lambeck_2017,5e+20,Resovsky,GFZ,0.1,0.26,short-term_:_and long-term,2.377921
False,mean,True,mean,Lambeck_2017,5e+20,Resovsky,JPL,0.1,0.26,short-term_:_and long-term,2.455701
False,mean,True,mean,Lambeck_2017,5e+20,Resovsky,CSR,0.1,0.26,short-term_:_and long-term,2.392085
False,mean,True,mean,Lambeck_2017,5e+20,Resovsky,MSSA,0.1,0.26,short-term_:_and long-term,2.406265
True,mean,True,mean,Lambeck_2017,5e+20,Resovsky,GFZ,0.1,0.26,short-term_:_and long-term,2.37142
True,mean,True,mean,Lambeck_2017,5e+20,Resovsky,JPL,0.1,0.26,short-term_:_and long-term,2.449553
True,mean,True,mean,Lambeck_2017,5e+20,Resovsky,CSR,0.1,0.26,short-term_:_and long-term,2.386507
False,mean,True,lower,Lambeck_2017,5e+20,Resovsky,GFZ,0.1,0.26,short-term_:_and long-term,2.386898
False,mean,True,lower,Lambeck_2017,5e+20,Resovsky,JPL,0.1,0.26,short-term_:_and long-term,2.464577
False,mean,True,lower,Lambeck_2017,5e+20,Resovsky,CSR,0.1,0.26,short-term_:_and long-term,2.403134
False,mean,True,lower,Lambeck_2017,5e+20,Resovsky,MSSA,0.1,0.26,short-term_:_and long-term,2.413976
True,mean,True,lower,Lambeck_2017,5e+20,Resovsky,GFZ,0.1,0.26,short-term_:_and long-term,2.380162
True,mean,True,lower,Lambeck_2017,5e+20,Resovsky,JPL,0.1,0.26,short-term_:_and long-term,2.457869
True,mean,True,lower,Lambeck_2017,5e+20,Resovsky,CSR,0.1,0.26,short-term_:_and long-term,2.396074
True,mean,True,lower,Lambeck_2017,5e+20,Resovsky,MSSA,0.1,0.26,short-term_:_and long-term,2.406984
False,mean,True,upper,Lambeck_2017,5e+20,Resovsky,GFZ,0.1,0.26,short-term_:_and long-term,2.366388
False,mean,True,upper,Lambeck_2017,5e+20,Resovsky,JPL,0.1,0.26,short-term_:_and long-term,2.445036
False,mean,True,upper,Lambeck_2017,5e+20,Resovsky,CSR,0.1,0.26,short-term_:_and long-term,2.381478
False,mean,True,upper,Lambeck_2017,5e+20,Resovsky,MSSA,0.1,0.26,short-term_:_and long-term,2.395625
True,mean,True,upper,Lambeck_2017,5e+20,Resovsky,GFZ,0.1,0.26,short-term_:_and long-term,2.360122
True,mean,True,upper,Lambeck_2017,5e+20,Resovsky,JPL,0.1,0.26,short-term_:_and long-term,2.439745
True,mean,True,upper,Lambeck_2017,5e+20,Resovsky,CSR,0.1,0.26,short-term_:_and long-term,2.376079
True,mean,True,upper,Lambeck_2017,5e+20,Resovsky,MSSA,0.1,0.26,short-term_:_and long-term,2.389525
False,mean,True,mean,Lambeck_2017,5e+20,Resovsky,GFZ,0.2,0.26,short-term_:_and long-term,2.33254
False,mean,True,mean,Lambeck_2017,5e+20,Resovsky,JPL,0.2,0.26,short-term_:_and long-term,2.409374
False,mean,True,mean,Lambeck_2017,5e+20,Resovsky,CSR,0.2,0.26,short-term_:_and long-term,2.346393
False,mean,True,mean,Lambeck_2017,5e+20,Resovsky,MSSA,0.2,0.26,short-term_:_and long-term,2.359349
True,mean,True,mean,Lambeck_2017,5e+20,Resovsky,GFZ,0.2,0.26,short-term_:_and long-term,2.330988
True,mean,True,mean,Lambeck_2017,5e+20,Resovsky,JPL,0.2,0.26,short-term_:_and long-term,2.4082
True,mean,True,mean,Lambeck_2017,5e+20,Resovsky,CSR,0.2,0.26,short-term_:_and long-term,2.344291
False,mean,True,lower,Lambeck_2017,5e+20,Resovsky,GFZ,0.2,0.26,short-term_:_and long-term,2.337121
False,mean,True,lower,Lambeck_2017,5e+20,Resovsky,JPL,0.2,0.26,short-term_:_and long-term,2.41414
False,mean,True,lower,Lambeck_2017,5e+20,Resovsky,CSR,0.2,0.26,short-term_:_and long-term,2.351114
False,mean,True,lower,Lambeck_2017,5e+20,Resovsky,MSSA,0.2,0.26,short-term_:_and long-term,2.3633
True,mean,True,lower,Lambeck_2017,5e+20,Resovsky,GFZ,0.2,0.26,short-term_:_and long-term,2.335501
True,mean,True,lower,Lambeck_2017,5e+20,Resovsky,JPL,0.2,0.26,short-term_:_and long-term,2.411992
True,mean,True,lower,Lambeck_2017,5e+20,Resovsky,CSR,0.2,0.26,short-term_:_and long-term,2.349375
True,mean,True,lower,Lambeck_2017,5e+20,Resovsky,MSSA,0.2,0.26,short-term_:_and long-term,2.361684
False,mean,True,upper,Lambeck_2017,5e+20,Resovsky,GFZ,0.2,0.26,short-term_:_and long-term,2.325827
False,mean,True,upper,Lambeck_2017,5e+20,Resovsky,JPL,0.2,0.26,short-term_:_and long-term,2.403972
False,mean,True,upper,Lambeck_2017,5e+20,Resovsky,CSR,0.2,0.26,short-term_:_and long-term,2.339589
False,mean,True,upper,Lambeck_2017,5e+20,Resovsky,MSSA,0.2,0.26,short-term_:_and long-term,2.35495
True,mean,True,upper,Lambeck_2017,5e+20,Resovsky,GFZ,0.2,0.26,short-term_:_and long-term,2.324311
True,mean,True,upper,Lambeck_2017,5e+20,Resovsky,JPL,0.2,0.26,short-term_:_and long-term,2.402718
True,mean,True,upper,Lambeck_2017,5e+20,Resovsky,CSR,0.2,0.26,short-term_:_and long-term,2.337304
True,mean,True,upper,Lambeck_2017,5e+20,Resovsky,MSSA,0.2,0.26,short-term_:_and long-term,2.352692
False,mean,True,mean,VM5a,3e+19,,GFZ,,,long-term,2.063561
False,mean,True,mean,VM5a,3e+19,,JPL,,,long-term,2.139559
False,mean,True,mean,VM5a,3e+19,,CSR,,,long-term,2.07596
False,mean,True,mean,VM5a,3e+19,,MSSA,,,long-term,2.108892
True,mean,True,mean,VM5a,3e+19,,GFZ,,,long-term,2.05894
True,mean,True,mean,VM5a,3e+19,,JPL,,,long-term,2.134811
True,mean,True,mean,VM5a,3e+19,,CSR,,,long-term,2.070837
False,mean,True,lower,VM5a,3e+19,,GFZ,,,long-term,2.054939
False,mean,True,lower,VM5a,3e+19,,JPL,,,long-term,2.130557
False,mean,True,lower,VM5a,3e+19,,CSR,,,long-term,2.067357
False,mean,True,lower,VM5a,3e+19,,MSSA,,,long-term,2.101259
True,mean,True,lower,VM5a,3e+19,,GFZ,,,long-term,2.049749
True,mean,True,lower,VM5a,3e+19,,JPL,,,long-term,2.124622
True,mean,True,lower,VM5a,3e+19,,CSR,,,long-term,2.061007
True,mean,True,lower,VM5a,3e+19,,MSSA,,,long-term,2.095379
False,mean,True,upper,VM5a,3e+19,,GFZ,,,long-term,2.071411
False,mean,True,upper,VM5a,3e+19,,JPL,,,long-term,2.147332
False,mean,True,upper,VM5a,3e+19,,CSR,,,long-term,2.083191
False,mean,True,upper,VM5a,3e+19,,MSSA,,,long-term,2.115497
True,mean,True,upper,VM5a,3e+19,,GFZ,,,long-term,2.065937
True,mean,True,upper,VM5a,3e+19,,JPL,,,long-term,2.141784
True,mean,True,upper,VM5a,3e+19,,CSR,,,long-term,2.077458
True,mean,True,upper,VM5a,3e+19,,MSSA,,,long-term,2.112366
False,mean,True,mean,VM5a,3e+19,PAR3P,GFZ,0.15,0.26,short-term_:_and long-term,2.398526
False,mean,True,mean,VM5a,3e+19,PAR3P,JPL,0.15,0.26,short-term_:_and long-term,2.478087
False,mean,True,mean,VM5a,3e+19,PAR3P,CSR,0.15,0.26,short-term_:_and long-term,2.418122
False,mean,True,mean,VM5a,3e+19,PAR3P,MSSA,0.15,0.26,short-term_:_and long-term,2.424539
True,mean,True,mean,VM5a,3e+19,PAR3P,GFZ,0.15,0.26,short-term_:_and long-term,2.387922
True,mean,True,mean,VM5a,3e+19,PAR3P,JPL,0.15,0.26,short-term_:_and long-term,2.46742
True,mean,True,mean,VM5a,3e+19,PAR3P,CSR,0.15,0.26,short-term_:_and long-term,2.405959
False,mean,True,lower,VM5a,3e+19,PAR3P,GFZ,0.15,0.26,short-term_:_and long-term,2.408619
False,mean,True,lower,VM5a,3e+19,PAR3P,JPL,0.15,0.26,short-term_:_and long-term,2.491981
False,mean,True,lower,VM5a,3e+19,PAR3P,CSR,0.15,0.26,short-term_:_and long-term,2.431199
False,mean,True,lower,VM5a,3e+19,PAR3P,MSSA,0.15,0.26,short-term_:_and long-term,2.433003
True,mean,True,lower,VM5a,3e+19,PAR3P,GFZ,0.15,0.26,short-term_:_and long-term,2.397148
True,mean,True,lower,VM5a,3e+19,PAR3P,JPL,0.15,0.26,short-term_:_and long-term,2.478403
True,mean,True,lower,VM5a,3e+19,PAR3P,CSR,0.15,0.26,short-term_:_and long-term,2.417771
True,mean,True,lower,VM5a,3e+19,PAR3P,MSSA,0.15,0.26,short-term_:_and long-term,2.42333
False,mean,True,upper,VM5a,3e+19,PAR3P,GFZ,0.15,0.26,short-term_:_and long-term,2.38621
False,mean,True,upper,VM5a,3e+19,PAR3P,JPL,0.15,0.26,short-term_:_and long-term,2.465668
False,mean,True,upper,VM5a,3e+19,PAR3P,CSR,0.15,0.26,short-term_:_and long-term,2.404466
False,mean,True,upper,VM5a,3e+19,PAR3P,MSSA,0.15,0.26,short-term_:_and long-term,2.412764
True,mean,True,upper,VM5a,3e+19,PAR3P,GFZ,0.15,0.26,short-term_:_and long-term,2.375154
True,mean,True,upper,VM5a,3e+19,PAR3P,JPL,0.15,0.26,short-term_:_and long-term,2.455118
True,mean,True,upper,VM5a,3e+19,PAR3P,CSR,0.15,0.26,short-term_:_and long-term,2.393216
True,mean,True,upper,VM5a,3e+19,PAR3P,MSSA,0.15,0.26,short-term_:_and long-term,2.403523
False,mean,True,mean,VM5a,3e+19,PAR3P,GFZ,0.1,0.26,short-term_:_and long-term,2.43568
False,mean,True,mean,VM5a,3e+19,PAR3P,JPL,0.1,0.26,short-term_:_and long-term,2.520343
False,mean,True,mean,VM5a,3e+19,PAR3P,CSR,0.1,0.26,short-term_:_and long-term,2.458097
False,mean,True,mean,VM5a,3e+19,PAR3P,MSSA,0.1,0.26,short-term_:_and long-term,2.455481
True,mean,True,mean,VM5a,3e+19,PAR3P,GFZ,0.1,0.26,short-term_:_and long-term,2.421961
True,mean,True,mean,VM5a,3e+19,PAR3P,JPL,0.1,0.26,short-term_:_and long-term,2.50638
True,mean,True,mean,VM5a,3e+19,PAR3P,CSR,0.1,0.26,short-term_:_and long-term,2.44395
False,mean,True,lower,VM5a,3e+19,PAR3P,GFZ,0.1,0.26,short-term_:_and long-term,2.45376
False,mean,True,lower,VM5a,3e+19,PAR3P,JPL,0.1,0.26,short-term_:_and long-term,2.537117
False,mean,True,lower,VM5a,3e+19,PAR3P,CSR,0.1,0.26,short-term_:_and long-term,2.473574
False,mean,True,lower,VM5a,3e+19,PAR3P,MSSA,0.1,0.26,short-term_:_and long-term,2.467652
True,mean,True,lower,VM5a,3e+19,PAR3P,GFZ,0.1,0.26,short-term_:_and long-term,2.438489
True,mean,True,lower,VM5a,3e+19,PAR3P,JPL,0.1,0.26,short-term_:_and long-term,2.522198
True,mean,True,lower,VM5a,3e+19,PAR3P,CSR,0.1,0.26,short-term_:_and long-term,2.459724
True,mean,True,lower,VM5a,3e+19,PAR3P,MSSA,0.1,0.26,short-term_:_and long-term,2.455692
False,mean,True,upper,VM5a,3e+19,PAR3P,GFZ,0.1,0.26,short-term_:_and long-term,2.419176
False,mean,True,upper,VM5a,3e+19,PAR3P,JPL,0.1,0.26,short-term_:_and long-term,2.501682
False,mean,True,upper,VM5a,3e+19,PAR3P,CSR,0.1,0.26,short-term_:_and long-term,2.439273
False,mean,True,upper,VM5a,3e+19,PAR3P,MSSA,0.1,0.26,short-term_:_and long-term,2.439988
True,mean,True,upper,VM5a,3e+19,PAR3P,GFZ,0.1,0.26,short-term_:_and long-term,2.405177
True,mean,True,upper,VM5a,3e+19,PAR3P,JPL,0.1,0.26,short-term_:_and long-term,2.488371
True,mean,True,upper,VM5a,3e+19,PAR3P,CSR,0.1,0.26,short-term_:_and long-term,2.426253
True,mean,True,upper,VM5a,3e+19,PAR3P,MSSA,0.1,0.26,short-term_:_and long-term,2.428415
False,mean,True,mean,VM5a,3e+19,PAR3P,GFZ,0.2,0.26,short-term_:_and long-term,2.373273
False,mean,True,mean,VM5a,3e+19,PAR3P,JPL,0.2,0.26,short-term_:_and long-term,2.450912
False,mean,True,mean,VM5a,3e+19,PAR3P,CSR,0.2,0.26,short-term_:_and long-term,2.389689
False,mean,True,mean,VM5a,3e+19,PAR3P,MSSA,0.2,0.26,short-term_:_and long-term,2.400549
True,mean,True,mean,VM5a,3e+19,PAR3P,GFZ,0.2,0.26,short-term_:_and long-term,2.364069
True,mean,True,mean,VM5a,3e+19,PAR3P,JPL,0.2,0.26,short-term_:_and long-term,2.442517
True,mean,True,mean,VM5a,3e+19,PAR3P,CSR,0.2,0.26,short-term_:_and long-term,2.379783
False,mean,True,lower,VM5a,3e+19,PAR3P,GFZ,0.2,0.26,short-term_:_and long-term,2.38183
False,mean,True,lower,VM5a,3e+19,PAR3P,JPL,0.2,0.26,short-term_:_and long-term,2.45967
False,mean,True,lower,VM5a,3e+19,PAR3P,CSR,0.2,0.26,short-term_:_and long-term,2.399389
False,mean,True,lower,VM5a,3e+19,PAR3P,MSSA,0.2,0.26,short-term_:_and long-term,2.40724
True,mean,True,lower,VM5a,3e+19,PAR3P,GFZ,0.2,0.26,short-term_:_and long-term,2.371753
True,mean,True,lower,VM5a,3e+19,PAR3P,JPL,0.2,0.26,short-term_:_and long-term,2.449265
True,mean,True,lower,VM5a,3e+19,PAR3P,CSR,0.2,0.26,short-term_:_and long-term,2.387822
True,mean,True,lower,VM5a,3e+19,PAR3P,MSSA,0.2,0.26,short-term_:_and long-term,2.398793
False,mean,True,upper,VM5a,3e+19,PAR3P,GFZ,0.2,0.26,short-term_:_and long-term,2.363812
False,mean,True,upper,VM5a,3e+19,PAR3P,JPL,0.2,0.26,short-term_:_and long-term,2.442768
False,mean,True,upper,VM5a,3e+19,PAR3P,CSR,0.2,0.26,short-term_:_and long-term,2.380296
False,mean,True,upper,VM5a,3e+19,PAR3P,MSSA,0.2,0.26,short-term_:_and long-term,2.392682
True,mean,True,upper,VM5a,3e+19,PAR3P,GFZ,0.2,0.26,short-term_:_and long-term,2.354081
True,mean,True,upper,VM5a,3e+19,PAR3P,JPL,0.2,0.26,short-term_:_and long-term,2.435407
True,mean,True,upper,VM5a,3e+19,PAR3P,CSR,0.2,0.26,short-term_:_and long-term,2.370089
True,mean,True,upper,VM5a,3e+19,PAR3P,MSSA,0.2,0.26,short-term_:_and long-term,2.383392
False,mean,True,mean,VM5a,3e+19,PREM,GFZ,0.15,0.26,short-term_:_and long-term,2.432833
False,mean,True,mean,VM5a,3e+19,PREM,JPL,0.15,0.26,short-term_:_and long-term,2.515989
False,mean,True,mean,VM5a,3e+19,PREM,CSR,0.15,0.26,short-term_:_and long-term,2.452794
False,mean,True,mean,VM5a,3e+19,PREM,MSSA,0.15,0.26,short-term_:_and long-term,2.457998
True,mean,True,mean,VM5a,3e+19,PREM,GFZ,0.15,0.26,short-term_:_and long-term,2.422266
True,mean,True,mean,VM5a,3e+19,PREM,JPL,0.15,0.26,short-term_:_and long-term,2.503447
True,mean,True,mean,VM5a,3e+19,PREM,CSR,0.15,0.26,short-term_:_and long-term,2.440131
False,mean,True,lower,VM5a,3e+19,PREM,GFZ,0.15,0.26,short-term_:_and long-term,2.447808
False,mean,True,lower,VM5a,3e+19,PREM,JPL,0.15,0.26,short-term_:_and long-term,2.531369
False,mean,True,lower,VM5a,3e+19,PREM,CSR,0.15,0.26,short-term_:_and long-term,2.4688
False,mean,True,lower,VM5a,3e+19,PREM,MSSA,0.15,0.26,short-term_:_and long-term,2.470188
True,mean,True,lower,VM5a,3e+19,PREM,GFZ,0.15,0.26,short-term_:_and long-term,2.43552
True,mean,True,lower,VM5a,3e+19,PREM,JPL,0.15,0.26,short-term_:_and long-term,2.517618
True,mean,True,lower,VM5a,3e+19,PREM,CSR,0.15,0.26,short-term_:_and long-term,2.455174
True,mean,True,lower,VM5a,3e+19,PREM,MSSA,0.15,0.26,short-term_:_and long-term,2.45939
False,mean,True,upper,VM5a,3e+19,PREM,GFZ,0.15,0.26,short-term_:_and long-term,2.418294
False,mean,True,upper,VM5a,3e+19,PREM,JPL,0.15,0.26,short-term_:_and long-term,2.499487
False,mean,True,upper,VM5a,3e+19,PREM,CSR,0.15,0.26,short-term_:_and long-term,2.436538
False,mean,True,upper,VM5a,3e+19,PREM,MSSA,0.15,0.26,short-term_:_and long-term,2.442921
True,mean,True,upper,VM5a,3e+19,PREM,GFZ,0.15,0.26,short-term_:_and long-term,2.405892
True,mean,True,upper,VM5a,3e+19,PREM,JPL,0.15,0.26,short-term_:_and long-term,2.486229
True,mean,True,upper,VM5a,3e+19,PREM,CSR,0.15,0.26,short-term_:_and long-term,2.424317
True,mean,True,upper,VM5a,3e+19,PREM,MSSA,0.15,0.26,short-term_:_and long-term,2.434084
False,mean,True,mean,VM5a,3e+19,PREM,GFZ,0.1,0.26,short-term_:_and long-term,2.471132
False,mean,True,mean,VM5a,3e+19,PREM,JPL,0.1,0.26,short-term_:_and long-term,2.554667
False,mean,True,mean,VM5a,3e+19,PREM,CSR,0.1,0.26,short-term_:_and long-term,2.492304
False,mean,True,mean,VM5a,3e+19,PREM,MSSA,0.1,0.26,short-term_:_and long-term,2.487876
True,mean,True,mean,VM5a,3e+19,PREM,GFZ,0.1,0.26,short-term_:_and long-term,2.455232
True,mean,True,mean,VM5a,3e+19,PREM,JPL,0.1,0.26,short-term_:_and long-term,2.540018
True,mean,True,mean,VM5a,3e+19,PREM,CSR,0.1,0.26,short-term_:_and long-term,2.477105
False,mean,True,lower,VM5a,3e+19,PREM,GFZ,0.1,0.26,short-term_:_and long-term,2.490742
False,mean,True,lower,VM5a,3e+19,PREM,JPL,0.1,0.26,short-term_:_and long-term,2.573013
False,mean,True,lower,VM5a,3e+19,PREM,CSR,0.1,0.26,short-term_:_and long-term,2.511215
False,mean,True,lower,VM5a,3e+19,PREM,MSSA,0.1,0.26,short-term_:_and long-term,2.504362
True,mean,True,lower,VM5a,3e+19,PREM,GFZ,0.1,0.26,short-term_:_and long-term,2.473377
True,mean,True,lower,VM5a,3e+19,PREM,JPL,0.1,0.26,short-term_:_and long-term,2.557489
True,mean,True,lower,VM5a,3e+19,PREM,CSR,0.1,0.26,short-term_:_and long-term,2.49588
True,mean,True,lower,VM5a,3e+19,PREM,MSSA,0.1,0.26,short-term_:_and long-term,2.489284
False,mean,True,upper,VM5a,3e+19,PREM,GFZ,0.1,0.26,short-term_:_and long-term,2.450282
False,mean,True,upper,VM5a,3e+19,PREM,JPL,0.1,0.26,short-term_:_and long-term,2.534899
False,mean,True,upper,VM5a,3e+19,PREM,CSR,0.1,0.26,short-term_:_and long-term,2.471656
False,mean,True,upper,VM5a,3e+19,PREM,MSSA,0.1,0.26,short-term_:_and long-term,2.468717
True,mean,True,upper,VM5a,3e+19,PREM,GFZ,0.1,0.26,short-term_:_and long-term,2.435855
True,mean,True,upper,VM5a,3e+19,PREM,JPL,0.1,0.26,short-term_:_and long-term,2.519895
True,mean,True,upper,VM5a,3e+19,PREM,CSR,0.1,0.26,short-term_:_and long-term,2.45686
True,mean,True,upper,VM5a,3e+19,PREM,MSSA,0.1,0.26,short-term_:_and long-term,2.457245
False,mean,True,mean,VM5a,3e+19,PREM,GFZ,0.2,0.26,short-term_:_and long-term,2.40603
False,mean,True,mean,VM5a,3e+19,PREM,JPL,0.2,0.26,short-term_:_and long-term,2.485415
False,mean,True,mean,VM5a,3e+19,PREM,CSR,0.2,0.26,short-term_:_and long-term,2.421711
False,mean,True,mean,VM5a,3e+19,PREM,MSSA,0.2,0.26,short-term_:_and long-term,2.432279
True,mean,True,mean,VM5a,3e+19,PREM,GFZ,0.2,0.26,short-term_:_and long-term,2.397523
True,mean,True,mean,VM5a,3e+19,PREM,JPL,0.2,0.26,short-term_:_and long-term,2.475951
True,mean,True,mean,VM5a,3e+19,PREM,CSR,0.2,0.26,short-term_:_and long-term,2.41244
False,mean,True,lower,VM5a,3e+19,PREM,GFZ,0.2,0.26,short-term_:_and long-term,2.418678
False,mean,True,lower,VM5a,3e+19,PREM,JPL,0.2,0.26,short-term_:_and long-term,2.497065
False,mean,True,lower,VM5a,3e+19,PREM,CSR,0.2,0.26,short-term_:_and long-term,2.434889
False,mean,True,lower,VM5a,3e+19,PREM,MSSA,0.2,0.26,short-term_:_and long-term,2.442462
True,mean,True,lower,VM5a,3e+19,PREM,GFZ,0.2,0.26,short-term_:_and long-term,2.407536
True,mean,True,lower,VM5a,3e+19,PREM,JPL,0.2,0.26,short-term_:_and long-term,2.485736
True,mean,True,lower,VM5a,3e+19,PREM,CSR,0.2,0.26,short-term_:_and long-term,2.424143
True,mean,True,lower,VM5a,3e+19,PREM,MSSA,0.2,0.26,short-term_:_and long-term,2.434129
False,mean,True,upper,VM5a,3e+19,PREM,GFZ,0.2,0.26,short-term_:_and long-term,2.39415
False,mean,True,upper,VM5a,3e+19,PREM,JPL,0.2,0.26,short-term_:_and long-term,2.472759
False,mean,True,upper,VM5a,3e+19,PREM,CSR,0.2,0.26,short-term_:_and long-term,2.409002
False,mean,True,upper,VM5a,3e+19,PREM,MSSA,0.2,0.26,short-term_:_and long-term,2.421621
True,mean,True,upper,VM5a,3e+19,PREM,GFZ,0.2,0.26,short-term_:_and long-term,2.384901
True,mean,True,upper,VM5a,3e+19,PREM,JPL,0.2,0.26,short-term_:_and long-term,2.464568
True,mean,True,upper,VM5a,3e+19,PREM,CSR,0.2,0.26,short-term_:_and long-term,2.399377
True,mean,True,upper,VM5a,3e+19,PREM,MSSA,0.2,0.26,short-term_:_and long-term,2.413555
False,mean,True,mean,VM5a,3e+19,QL6,GFZ,0.15,0.26,short-term_:_and long-term,2.388568
False,mean,True,mean,VM5a,3e+19,QL6,JPL,0.15,0.26,short-term_:_and long-term,2.468724
False,mean,True,mean,VM5a,3e+19,QL6,CSR,0.15,0.26,short-term_:_and long-term,2.40803
False,mean,True,mean,VM5a,3e+19,QL6,MSSA,0.15,0.26,short-term_:_and long-term,2.411394
True,mean,True,mean,VM5a,3e+19,QL6,GFZ,0.15,0.26,short-term_:_and long-term,2.377017
True,mean,True,mean,VM5a,3e+19,QL6,JPL,0.15,0.26,short-term_:_and long-term,2.455404
True,mean,True,mean,VM5a,3e+19,QL6,CSR,0.15,0.26,short-term_:_and long-term,2.394416
False,mean,True,lower,VM5a,3e+19,QL6,GFZ,0.15,0.26,short-term_:_and long-term,2.399413
False,mean,True,lower,VM5a,3e+19,QL6,JPL,0.15,0.26,short-term_:_and long-term,2.481561
False,mean,True,lower,VM5a,3e+19,QL6,CSR,0.15,0.26,short-term_:_and long-term,2.420506
False,mean,True,lower,VM5a,3e+19,QL6,MSSA,0.15,0.26,short-term_:_and long-term,2.423144
True,mean,True,lower,VM5a,3e+19,QL6,GFZ,0.15,0.26,short-term_:_and long-term,2.387304
True,mean,True,lower,VM5a,3e+19,QL6,JPL,0.15,0.26,short-term_:_and long-term,2.466262
True,mean,True,lower,VM5a,3e+19,QL6,CSR,0.15,0.26,short-term_:_and long-term,2.4067
True,mean,True,lower,VM5a,3e+19,QL6,MSSA,0.15,0.26,short-term_:_and long-term,2.41079
False,mean,True,upper,VM5a,3e+19,QL6,GFZ,0.15,0.26,short-term_:_and long-term,2.375903
False,mean,True,upper,VM5a,3e+19,QL6,JPL,0.15,0.26,short-term_:_and long-term,2.454509
False,mean,True,upper,VM5a,3e+19,QL6,CSR,0.15,0.26,short-term_:_and long-term,2.39343
False,mean,True,upper,VM5a,3e+19,QL6,MSSA,0.15,0.26,short-term_:_and long-term,2.40116
True,mean,True,upper,VM5a,3e+19,QL6,GFZ,0.15,0.26,short-term_:_and long-term,2.363851
True,mean,True,upper,VM5a,3e+19,QL6,JPL,0.15,0.26,short-term_:_and long-term,2.442866
True,mean,True,upper,VM5a,3e+19,QL6,CSR,0.15,0.26,short-term_:_and long-term,2.382025
True,mean,True,upper,VM5a,3e+19,QL6,MSSA,0.15,0.26,short-term_:_and long-term,2.392314
False,mean,True,mean,VM5a,3e+19,QL6,GFZ,0.1,0.26,short-term_:_and long-term,2.420016
False,mean,True,mean,VM5a,3e+19,QL6,JPL,0.1,0.26,short-term_:_and long-term,2.498695
False,mean,True,mean,VM5a,3e+19,QL6,CSR,0.1,0.26,short-term_:_and long-term,2.439278
False,mean,True,mean,VM5a,3e+19,QL6,MSSA,0.1,0.26,short-term_:_and long-term,2.435536
True,mean,True,mean,VM5a,3e+19,QL6,GFZ,0.1,0.26,short-term_:_and long-term,2.402756
True,mean,True,mean,VM5a,3e+19,QL6,JPL,0.1,0.26,short-term_:_and long-term,2.484513
True,mean,True,mean,VM5a,3e+19,QL6,CSR,0.1,0.26,short-term_:_and long-term,2.423771
False,mean,True,lower,VM5a,3e+19,QL6,GFZ,0.1,0.26,short-term_:_and long-term,2.433516
False,mean,True,lower,VM5a,3e+19,QL6,JPL,0.1,0.26,short-term_:_and long-term,2.514433
False,mean,True,lower,VM5a,3e+19,QL6,CSR,0.1,0.26,short-term_:_and long-term,2.454572
False,mean,True,lower,VM5a,3e+19,QL6,MSSA,0.1,0.26,short-term_:_and long-term,2.446332
True,mean,True,lower,VM5a,3e+19,QL6,GFZ,0.1,0.26,short-term_:_and long-term,2.418387
True,mean,True,lower,VM5a,3e+19,QL6,JPL,0.1,0.26,short-term_:_and long-term,2.497831
True,mean,True,lower,VM5a,3e+19,QL6,CSR,0.1,0.26,short-term_:_and long-term,2.439183
True,mean,True,lower,VM5a,3e+19,QL6,MSSA,0.1,0.26,short-term_:_and long-term,2.43478
False,mean,True,upper,VM5a,3e+19,QL6,GFZ,0.1,0.26,short-term_:_and long-term,2.401221
False,mean,True,upper,VM5a,3e+19,QL6,JPL,0.1,0.26,short-term_:_and long-term,2.482872
False,mean,True,upper,VM5a,3e+19,QL6,CSR,0.1,0.26,short-term_:_and long-term,2.421387
False,mean,True,upper,VM5a,3e+19,QL6,MSSA,0.1,0.26,short-term_:_and long-term,2.421577
True,mean,True,upper,VM5a,3e+19,QL6,GFZ,0.1,0.26,short-term_:_and long-term,2.387363
True,mean,True,upper,VM5a,3e+19,QL6,JPL,0.1,0.26,short-term_:_and long-term,2.470831
True,mean,True,upper,VM5a,3e+19,QL6,CSR,0.1,0.26,short-term_:_and long-term,2.408182
True,mean,True,upper,VM5a,3e+19,QL6,MSSA,0.1,0.26,short-term_:_and long-term,2.408873
False,mean,True,mean,VM5a,3e+19,QL6,GFZ,0.2,0.26,short-term_:_and long-term,2.366132
False,mean,True,mean,VM5a,3e+19,QL6,JPL,0.2,0.26,short-term_:_and long-term,2.443316
False,mean,True,mean,VM5a,3e+19,QL6,CSR,0.2,0.26,short-term_:_and long-term,2.381881
False,mean,True,mean,VM5a,3e+19,QL6,MSSA,0.2,0.26,short-term_:_and long-term,2.393305
True,mean,True,mean,VM5a,3e+19,QL6,GFZ,0.2,0.26,short-term_:_and long-term,2.355496
True,mean,True,mean,VM5a,3e+19,QL6,JPL,0.2,0.26,short-term_:_and long-term,2.433454
True,mean,True,mean,VM5a,3e+19,QL6,CSR,0.2,0.26,short-term_:_and long-term,2.370958
False,mean,True,lower,VM5a,3e+19,QL6,GFZ,0.2,0.26,short-term_:_and long-term,2.375892
False,mean,True,lower,VM5a,3e+19,QL6,JPL,0.2,0.26,short-term_:_and long-term,2.453207
False,mean,True,lower,VM5a,3e+19,QL6,CSR,0.2,0.26,short-term_:_and long-term,2.392836
False,mean,True,lower,VM5a,3e+19,QL6,MSSA,0.2,0.26,short-term_:_and long-term,2.401813
True,mean,True,lower,VM5a,3e+19,QL6,GFZ,0.2,0.26,short-term_:_and long-term,2.36399
True,mean,True,lower,VM5a,3e+19,QL6,JPL,0.2,0.26,short-term_:_and long-term,2.441803
True,mean,True,lower,VM5a,3e+19,QL6,CSR,0.2,0.26,short-term_:_and long-term,2.379993
True,mean,True,lower,VM5a,3e+19,QL6,MSSA,0.2,0.26,short-term_:_and long-term,2.392183
False,mean,True,upper,VM5a,3e+19,QL6,GFZ,0.2,0.26,short-term_:_and long-term,2.354975
False,mean,True,upper,VM5a,3e+19,QL6,JPL,0.2,0.26,short-term_:_and long-term,2.433387
False,mean,True,upper,VM5a,3e+19,QL6,CSR,0.2,0.26,short-term_:_and long-term,2.370142
False,mean,True,upper,VM5a,3e+19,QL6,MSSA,0.2,0.26,short-term_:_and long-term,2.38396
True,mean,True,upper,VM5a,3e+19,QL6,GFZ,0.2,0.26,short-term_:_and long-term,2.345707
True,mean,True,upper,VM5a,3e+19,QL6,JPL,0.2,0.26,short-term_:_and long-term,2.424598
True,mean,True,upper,VM5a,3e+19,QL6,CSR,0.2,0.26,short-term_:_and long-term,2.360899
True,mean,True,upper,VM5a,3e+19,QL6,MSSA,0.2,0.26,short-term_:_and long-term,2.375943
False,mean,True,mean,VM5a,3e+19,QM1,GFZ,0.15,0.26,short-term_:_and long-term,2.432667
False,mean,True,mean,VM5a,3e+19,QM1,JPL,0.15,0.26,short-term_:_and long-term,2.511042
False,mean,True,mean,VM5a,3e+19,QM1,CSR,0.15,0.26,short-term_:_and long-term,2.450837
False,mean,True,mean,VM5a,3e+19,QM1,MSSA,0.15,0.26,short-term_:_and long-term,2.453669
True,mean,True,mean,VM5a,3e+19,QM1,GFZ,0.15,0.26,short-term_:_and long-term,2.42239
True,mean,True,mean,VM5a,3e+19,QM1,JPL,0.15,0.26,short-term_:_and long-term,2.5007
True,mean,True,mean,VM5a,3e+19,QM1,CSR,0.15,0.26,short-term_:_and long-term,2.438496
False,mean,True,lower,VM5a,3e+19,QM1,GFZ,0.15,0.26,short-term_:_and long-term,2.4468
False,mean,True,lower,VM5a,3e+19,QM1,JPL,0.15,0.26,short-term_:_and long-term,2.526898
False,mean,True,lower,VM5a,3e+19,QM1,CSR,0.15,0.26,short-term_:_and long-term,2.466757
False,mean,True,lower,VM5a,3e+19,QM1,MSSA,0.15,0.26,short-term_:_and long-term,2.46534
True,mean,True,lower,VM5a,3e+19,QM1,GFZ,0.15,0.26,short-term_:_and long-term,2.435037
True,mean,True,lower,VM5a,3e+19,QM1,JPL,0.15,0.26,short-term_:_and long-term,2.513942
True,mean,True,lower,VM5a,3e+19,QM1,CSR,0.15,0.26,short-term_:_and long-term,2.452921
True,mean,True,lower,VM5a,3e+19,QM1,MSSA,0.15,0.26,short-term_:_and long-term,2.45525
False,mean,True,upper,VM5a,3e+19,QM1,GFZ,0.15,0.26,short-term_:_and long-term,2.41593
False,mean,True,upper,VM5a,3e+19,QM1,JPL,0.15,0.26,short-term_:_and long-term,2.496323
False,mean,True,upper,VM5a,3e+19,QM1,CSR,0.15,0.26,short-term_:_and long-term,2.433947
False,mean,True,upper,VM5a,3e+19,QM1,MSSA,0.15,0.26,short-term_:_and long-term,2.43885
True,mean,True,upper,VM5a,3e+19,QM1,GFZ,0.15,0.26,short-term_:_and long-term,2.40687
True,mean,True,upper,VM5a,3e+19,QM1,JPL,0.15,0.26,short-term_:_and long-term,2.485408
True,mean,True,upper,VM5a,3e+19,QM1,CSR,0.15,0.26,short-term_:_and long-term,2.421982
True,mean,True,upper,VM5a,3e+19,QM1,MSSA,0.15,0.26,short-term_:_and long-term,2.430012
False,mean,True,mean,VM5a,3e+19,QM1,GFZ,0.1,0.26,short-term_:_and long-term,2.460907
False,mean,True,mean,VM5a,3e+19,QM1,JPL,0.1,0.26,short-term_:_and long-term,2.545602
False,mean,True,mean,VM5a,3e+19,QM1,CSR,0.1,0.26,short-term_:_and long-term,2.482436
False,mean,True,mean,VM5a,3e+19,QM1,MSSA,0.1,0.26,short-term_:_and long-term,2.482978
True,mean,True,mean,VM5a,3e+19,QM1,GFZ,0.1,0.26,short-term_:_and long-term,2.447988
True,mean,True,mean,VM5a,3e+19,QM1,JPL,0.1,0.26,short-term_:_and long-term,2.532066
True,mean,True,mean,VM5a,3e+19,QM1,CSR,0.1,0.26,short-term_:_and long-term,2.468228
False,mean,True,lower,VM5a,3e+19,QM1,GFZ,0.1,0.26,short-term_:_and long-term,2.480449
False,mean,True,lower,VM5a,3e+19,QM1,JPL,0.1,0.26,short-term_:_and long-term,2.564219
False,mean,True,lower,VM5a,3e+19,QM1,CSR,0.1,0.26,short-term_:_and long-term,2.501253
False,mean,True,lower,VM5a,3e+19,QM1,MSSA,0.1,0.26,short-term_:_and long-term,2.498501
True,mean,True,lower,VM5a,3e+19,QM1,GFZ,0.1,0.26,short-term_:_and long-term,2.464256
True,mean,True,lower,VM5a,3e+19,QM1,JPL,0.1,0.26,short-term_:_and long-term,2.549189
True,mean,True,lower,VM5a,3e+19,QM1,CSR,0.1,0.26,short-term_:_and long-term,2.48587
True,mean,True,lower,VM5a,3e+19,QM1,MSSA,0.1,0.26,short-term_:_and long-term,2.484671
False,mean,True,upper,VM5a,3e+19,QM1,GFZ,0.1,0.26,short-term_:_and long-term,2.442087
False,mean,True,upper,VM5a,3e+19,QM1,JPL,0.1,0.26,short-term_:_and long-term,2.525651
False,mean,True,upper,VM5a,3e+19,QM1,CSR,0.1,0.26,short-term_:_and long-term,2.463001
False,mean,True,upper,VM5a,3e+19,QM1,MSSA,0.1,0.26,short-term_:_and long-term,2.463655
True,mean,True,upper,VM5a,3e+19,QM1,GFZ,0.1,0.26,short-term_:_and long-term,2.429447
True,mean,True,upper,VM5a,3e+19,QM1,JPL,0.1,0.26,short-term_:_and long-term,2.511229
True,mean,True,upper,VM5a,3e+19,QM1,CSR,0.1,0.26,short-term_:_and long-term,2.451187
True,mean,True,upper,VM5a,3e+19,QM1,MSSA,0.1,0.26,short-term_:_and long-term,2.452158
False,mean,True,mean,VM5a,3e+19,QM1,GFZ,0.2,0.26,short-term_:_and long-term,2.407661
False,mean,True,mean,VM5a,3e+19,QM1,JPL,0.2,0.26,short-term_:_and long-term,2.487442
False,mean,True,mean,VM5a,3e+19,QM1,CSR,0.2,0.26,short-term_:_and long-term,2.422295
False,mean,True,mean,VM5a,3e+19,QM1,MSSA,0.2,0.26,short-term_:_and long-term,2.432301
True,mean,True,mean,VM5a,3e+19,QM1,GFZ,0.2,0.26,short-term_:_and long-term,2.399758
True,mean,True,mean,VM5a,3e+19,QM1,JPL,0.2,0.26,short-term_:_and long-term,2.479282
True,mean,True,mean,VM5a,3e+19,QM1,CSR,0.2,0.26,short-term_:_and long-term,2.414535
False,mean,True,lower,VM5a,3e+19,QM1,GFZ,0.2,0.26,short-term_:_and long-term,2.419485
False,mean,True,lower,VM5a,3e+19,QM1,JPL,0.2,0.26,short-term_:_and long-term,2.49815
False,mean,True,lower,VM5a,3e+19,QM1,CSR,0.2,0.26,short-term_:_and long-term,2.435282
False,mean,True,lower,VM5a,3e+19,QM1,MSSA,0.2,0.26,short-term_:_and long-term,2.441839
True,mean,True,lower,VM5a,3e+19,QM1,GFZ,0.2,0.26,short-term_:_and long-term,2.409877
True,mean,True,lower,VM5a,3e+19,QM1,JPL,0.2,0.26,short-term_:_and long-term,2.489105
True,mean,True,lower,VM5a,3e+19,QM1,CSR,0.2,0.26,short-term_:_and long-term,2.424809
True,mean,True,lower,VM5a,3e+19,QM1,MSSA,0.2,0.26,short-term_:_and long-term,2.434665
False,mean,True,upper,VM5a,3e+19,QM1,GFZ,0.2,0.26,short-term_:_and long-term,2.395487
False,mean,True,upper,VM5a,3e+19,QM1,JPL,0.2,0.26,short-term_:_and long-term,2.475196
False,mean,True,upper,VM5a,3e+19,QM1,CSR,0.2,0.26,short-term_:_and long-term,2.410509
False,mean,True,upper,VM5a,3e+19,QM1,MSSA,0.2,0.26,short-term_:_and long-term,2.422403
True,mean,True,upper,VM5a,3e+19,QM1,GFZ,0.2,0.26,short-term_:_and long-term,2.38785
True,mean,True,upper,VM5a,3e+19,QM1,JPL,0.2,0.26,short-term_:_and long-term,2.466679
True,mean,True,upper,VM5a,3e+19,QM1,CSR,0.2,0.26,short-term_:_and long-term,2.401971
True,mean,True,upper,VM5a,3e+19,QM1,MSSA,0.2,0.26,short-term_:_and long-term,2.415026
False,mean,True,mean,VM5a,3e+19,Resovsky,GFZ,0.15,0.26,short-term_:_and long-term,2.396335
False,mean,True,mean,VM5a,3e+19,Resovsky,JPL,0.15,0.26,short-term_:_and long-term,2.47592
False,mean,True,mean,VM5a,3e+19,Resovsky,CSR,0.15,0.26,short-term_:_and long-term,2.414098
False,mean,True,mean,VM5a,3e+19,Resovsky,MSSA,0.15,0.26,short-term_:_and long-term,2.421458
True,mean,True,mean,VM5a,3e+19,Resovsky,GFZ,0.15,0.26,short-term_:_and long-term,2.385123
True,mean,True,mean,VM5a,3e+19,Resovsky,JPL,0.15,0.26,short-term_:_and long-term,2.463548
True,mean,True,mean,VM5a,3e+19,Resovsky,CSR,0.15,0.26,short-term_:_and long-term,2.401584
False,mean,True,lower,VM5a,3e+19,Resovsky,GFZ,0.15,0.26,short-term_:_and long-term,2.408987
False,mean,True,lower,VM5a,3e+19,Resovsky,JPL,0.15,0.26,short-term_:_and long-term,2.488611
False,mean,True,lower,VM5a,3e+19,Resovsky,CSR,0.15,0.26,short-term_:_and long-term,2.427774
False,mean,True,lower,VM5a,3e+19,Resovsky,MSSA,0.15,0.26,short-term_:_and long-term,2.431605
True,mean,True,lower,VM5a,3e+19,Resovsky,GFZ,0.15,0.26,short-term_:_and long-term,2.395907
True,mean,True,lower,VM5a,3e+19,Resovsky,JPL,0.15,0.26,short-term_:_and long-term,2.475341
True,mean,True,lower,VM5a,3e+19,Resovsky,CSR,0.15,0.26,short-term_:_and long-term,2.413155
True,mean,True,lower,VM5a,3e+19,Resovsky,MSSA,0.15,0.26,short-term_:_and long-term,2.420393
False,mean,True,upper,VM5a,3e+19,Resovsky,GFZ,0.15,0.26,short-term_:_and long-term,2.383025
False,mean,True,upper,VM5a,3e+19,Resovsky,JPL,0.15,0.26,short-term_:_and long-term,2.462934
False,mean,True,upper,VM5a,3e+19,Resovsky,CSR,0.15,0.26,short-term_:_and long-term,2.399611
False,mean,True,upper,VM5a,3e+19,Resovsky,MSSA,0.15,0.26,short-term_:_and long-term,2.409284
True,mean,True,upper,VM5a,3e+19,Resovsky,GFZ,0.15,0.26,short-term_:_and long-term,2.372631
True,mean,True,upper,VM5a,3e+19,Resovsky,JPL,0.15,0.26,short-term_:_and long-term,2.451642
True,mean,True,upper,VM5a,3e+19,Resovsky,CSR,0.15,0.26,short-term_:_and long-term,2.389473
True,mean,True,upper,VM5a,3e+19,Resovsky,MSSA,0.15,0.26,short-term_:_and long-term,2.400204
False,mean,True,mean,VM5a,3e+19,Resovsky,GFZ,0.1,0.26,short-term_:_and long-term,2.419521
False,mean,True,mean,VM5a,3e+19,Resovsky,JPL,0.1,0.26,short-term_:_and long-term,2.502261
False,mean,True,mean,VM5a,3e+19,Resovsky,CSR,0.1,0.26,short-term_:_and long-term,2.43971
False,mean,True,mean,VM5a,3e+19,Resovsky,MSSA,0.1,0.26,short-term_:_and long-term,2.441508
True,mean,True,mean,VM5a,3e+19,Resovsky,GFZ,0.1,0.26,short-term_:_and long-term,2.404038
True,mean,True,mean,VM5a,3e+19,Resovsky,JPL,0.1,0.26,short-term_:_and long-term,2.486754
True,mean,True,mean,VM5a,3e+19,Resovsky,CSR,0.1,0.26,short-term_:_and long-term,2.424896
False,mean,True,lower,VM5a,3e+19,Resovsky,GFZ,0.1,0.26,short-term_:_and long-term,2.43443
False,mean,True,lower,VM5a,3e+19,Resovsky,JPL,0.1,0.26,short-term_:_and long-term,2.517024
False,mean,True,lower,VM5a,3e+19,Resovsky,CSR,0.1,0.26,short-term_:_and long-term,2.455967
False,mean,True,lower,VM5a,3e+19,Resovsky,MSSA,0.1,0.26,short-term_:_and long-term,2.455695
True,mean,True,lower,VM5a,3e+19,Resovsky,GFZ,0.1,0.26,short-term_:_and long-term,2.418236
True,mean,True,lower,VM5a,3e+19,Resovsky,JPL,0.1,0.26,short-term_:_and long-term,2.501083
True,mean,True,lower,VM5a,3e+19,Resovsky,CSR,0.1,0.26,short-term_:_and long-term,2.438559
True,mean,True,lower,VM5a,3e+19,Resovsky,MSSA,0.1,0.26,short-term_:_and long-term,2.439226
False,mean,True,upper,VM5a,3e+19,Resovsky,GFZ,0.1,0.26,short-term_:_and long-term,2.402335
False,mean,True,upper,VM5a,3e+19,Resovsky,JPL,0.1,0.26,short-term_:_and long-term,2.48551
False,mean,True,upper,VM5a,3e+19,Resovsky,CSR,0.1,0.26,short-term_:_and long-term,2.423194
False,mean,True,upper,VM5a,3e+19,Resovsky,MSSA,0.1,0.26,short-term_:_and long-term,2.428091
True,mean,True,upper,VM5a,3e+19,Resovsky,GFZ,0.1,0.26,short-term_:_and long-term,2.390232
True,mean,True,upper,VM5a,3e+19,Resovsky,JPL,0.1,0.26,short-term_:_and long-term,2.471575
True,mean,True,upper,VM5a,3e+19,Resovsky,CSR,0.1,0.26,short-term_:_and long-term,2.409902
True,mean,True,upper,VM5a,3e+19,Resovsky,MSSA,0.1,0.26,short-term_:_and long-term,2.415538
False,mean,True,mean,VM5a,3e+19,Resovsky,GFZ,0.2,0.26,short-term_:_and long-term,2.377445
False,mean,True,mean,VM5a,3e+19,Resovsky,JPL,0.2,0.26,short-term_:_and long-term,2.455795
False,mean,True,mean,VM5a,3e+19,Resovsky,CSR,0.2,0.26,short-term_:_and long-term,2.392869
False,mean,True,mean,VM5a,3e+19,Resovsky,MSSA,0.2,0.26,short-term_:_and long-term,2.405561
True,mean,True,mean,VM5a,3e+19,Resovsky,GFZ,0.2,0.26,short-term_:_and long-term,2.368608
True,mean,True,mean,VM5a,3e+19,Resovsky,JPL,0.2,0.26,short-term_:_and long-term,2.447739
True,mean,True,mean,VM5a,3e+19,Resovsky,CSR,0.2,0.26,short-term_:_and long-term,2.383226
False,mean,True,lower,VM5a,3e+19,Resovsky,GFZ,0.2,0.26,short-term_:_and long-term,2.387574
False,mean,True,lower,VM5a,3e+19,Resovsky,JPL,0.2,0.26,short-term_:_and long-term,2.465072
False,mean,True,lower,VM5a,3e+19,Resovsky,CSR,0.2,0.26,short-term_:_and long-term,2.40345
False,mean,True,lower,VM5a,3e+19,Resovsky,MSSA,0.2,0.26,short-term_:_and long-term,2.413498
True,mean,True,lower,VM5a,3e+19,Resovsky,GFZ,0.2,0.26,short-term_:_and long-term,2.377081
True,mean,True,lower,VM5a,3e+19,Resovsky,JPL,0.2,0.26,short-term_:_and long-term,2.455611
True,mean,True,lower,VM5a,3e+19,Resovsky,CSR,0.2,0.26,short-term_:_and long-term,2.392939
True,mean,True,lower,VM5a,3e+19,Resovsky,MSSA,0.2,0.26,short-term_:_and long-term,2.404268
False,mean,True,upper,VM5a,3e+19,Resovsky,GFZ,0.2,0.26,short-term_:_and long-term,2.366068
False,mean,True,upper,VM5a,3e+19,Resovsky,JPL,0.2,0.26,short-term_:_and long-term,2.447052
False,mean,True,upper,VM5a,3e+19,Resovsky,CSR,0.2,0.26,short-term_:_and long-term,2.381865
False,mean,True,upper,VM5a,3e+19,Resovsky,MSSA,0.2,0.26,short-term_:_and long-term,2.395813
True,mean,True,upper,VM5a,3e+19,Resovsky,GFZ,0.2,0.26,short-term_:_and long-term,2.357307
True,mean,True,upper,VM5a,3e+19,Resovsky,JPL,0.2,0.26,short-term_:_and long-term,2.437033
True,mean,True,upper,VM5a,3e+19,Resovsky,CSR,0.2,0.26,short-term_:_and long-term,2.372316
True,mean,True,upper,VM5a,3e+19,Resovsky,MSSA,0.2,0.26,short-term_:_and long-term,2.386955
False,mean,True,mean,VM5a,5e+20,,GFZ,,,long-term,2.037835
False,mean,True,mean,VM5a,5e+20,,JPL,,,long-term,2.109456
False,mean,True,mean,VM5a,5e+20,,CSR,,,long-term,2.051284
False,mean,True,mean,VM5a,5e+20,,MSSA,,,long-term,2.086733
True,mean,True,mean,VM5a,5e+20,,GFZ,,,long-term,2.034171
True,mean,True,mean,VM5a,5e+20,,JPL,,,long-term,2.105866
True,mean,True,mean,VM5a,5e+20,,CSR,,,long-term,2.047891
False,mean,True,lower,VM5a,5e+20,,GFZ,,,long-term,2.026786
False,mean,True,lower,VM5a,5e+20,,JPL,,,long-term,2.095693
False,mean,True,lower,VM5a,5e+20,,CSR,,,long-term,2.039054
False,mean,True,lower,VM5a,5e+20,,MSSA,,,long-term,2.073796
True,mean,True,lower,VM5a,5e+20,,GFZ,,,long-term,2.023032
True,mean,True,lower,VM5a,5e+20,,JPL,,,long-term,2.091876
True,mean,True,lower,VM5a,5e+20,,CSR,,,long-term,2.035089
True,mean,True,lower,VM5a,5e+20,,MSSA,,,long-term,2.071112
False,mean,True,upper,VM5a,5e+20,,GFZ,,,long-term,2.046676
False,mean,True,upper,VM5a,5e+20,,JPL,,,long-term,2.119573
False,mean,True,upper,VM5a,5e+20,,CSR,,,long-term,2.061116
False,mean,True,upper,VM5a,5e+20,,MSSA,,,long-term,2.095297
True,mean,True,upper,VM5a,5e+20,,GFZ,,,long-term,2.04357
True,mean,True,upper,VM5a,5e+20,,JPL,,,long-term,2.116849
True,mean,True,upper,VM5a,5e+20,,CSR,,,long-term,2.057672
True,mean,True,upper,VM5a,5e+20,,MSSA,,,long-term,2.092149
False,mean,True,mean,VM5a,5e+20,PAR3P,GFZ,0.15,0.26,short-term_:_and long-term,2.377216
False,mean,True,mean,VM5a,5e+20,PAR3P,JPL,0.15,0.26,short-term_:_and long-term,2.455849
False,mean,True,mean,VM5a,5e+20,PAR3P,CSR,0.15,0.26,short-term_:_and long-term,2.391566
False,mean,True,mean,VM5a,5e+20,PAR3P,MSSA,0.15,0.26,short-term_:_and long-term,2.404265
True,mean,True,mean,VM5a,5e+20,PAR3P,GFZ,0.15,0.26,short-term_:_and long-term,2.36837
True,mean,True,mean,VM5a,5e+20,PAR3P,JPL,0.15,0.26,short-term_:_and long-term,2.447302
True,mean,True,mean,VM5a,5e+20,PAR3P,CSR,0.15,0.26,short-term_:_and long-term,2.382951
False,mean,True,lower,VM5a,5e+20,PAR3P,GFZ,0.15,0.26,short-term_:_and long-term,2.386522
False,mean,True,lower,VM5a,5e+20,PAR3P,JPL,0.15,0.26,short-term_:_and long-term,2.46489
False,mean,True,lower,VM5a,5e+20,PAR3P,CSR,0.15,0.26,short-term_:_and long-term,2.401742
False,mean,True,lower,VM5a,5e+20,PAR3P,MSSA,0.15,0.26,short-term_:_and long-term,2.412067
True,mean,True,lower,VM5a,5e+20,PAR3P,GFZ,0.15,0.26,short-term_:_and long-term,2.377102
True,mean,True,lower,VM5a,5e+20,PAR3P,JPL,0.15,0.26,short-term_:_and long-term,2.455045
True,mean,True,lower,VM5a,5e+20,PAR3P,CSR,0.15,0.26,short-term_:_and long-term,2.392251
True,mean,True,lower,VM5a,5e+20,PAR3P,MSSA,0.15,0.26,short-term_:_and long-term,2.403224
False,mean,True,upper,VM5a,5e+20,PAR3P,GFZ,0.15,0.26,short-term_:_and long-term,2.366482
False,mean,True,upper,VM5a,5e+20,PAR3P,JPL,0.15,0.26,short-term_:_and long-term,2.44571
False,mean,True,upper,VM5a,5e+20,PAR3P,CSR,0.15,0.26,short-term_:_and long-term,2.380839
False,mean,True,upper,VM5a,5e+20,PAR3P,MSSA,0.15,0.26,short-term_:_and long-term,2.39512
True,mean,True,upper,VM5a,5e+20,PAR3P,GFZ,0.15,0.26,short-term_:_and long-term,2.358356
True,mean,True,upper,VM5a,5e+20,PAR3P,JPL,0.15,0.26,short-term_:_and long-term,2.436891
True,mean,True,upper,VM5a,5e+20,PAR3P,CSR,0.15,0.26,short-term_:_and long-term,2.372485
True,mean,True,upper,VM5a,5e+20,PAR3P,MSSA,0.15,0.26,short-term_:_and long-term,2.387498
False,mean,True,mean,VM5a,5e+20,PAR3P,GFZ,0.1,0.26,short-term_:_and long-term,2.415853
False,mean,True,mean,VM5a,5e+20,PAR3P,JPL,0.1,0.26,short-term_:_and long-term,2.495585
False,mean,True,mean,VM5a,5e+20,PAR3P,CSR,0.1,0.26,short-term_:_and long-term,2.43476
False,mean,True,mean,VM5a,5e+20,PAR3P,MSSA,0.1,0.26,short-term_:_and long-term,2.439197
True,mean,True,mean,VM5a,5e+20,PAR3P,GFZ,0.1,0.26,short-term_:_and long-term,2.405102
True,mean,True,mean,VM5a,5e+20,PAR3P,JPL,0.1,0.26,short-term_:_and long-term,2.484985
True,mean,True,mean,VM5a,5e+20,PAR3P,CSR,0.1,0.26,short-term_:_and long-term,2.424191
False,mean,True,lower,VM5a,5e+20,PAR3P,GFZ,0.1,0.26,short-term_:_and long-term,2.430383
False,mean,True,lower,VM5a,5e+20,PAR3P,JPL,0.1,0.26,short-term_:_and long-term,2.511329
False,mean,True,lower,VM5a,5e+20,PAR3P,CSR,0.1,0.26,short-term_:_and long-term,2.449731
False,mean,True,lower,VM5a,5e+20,PAR3P,MSSA,0.1,0.26,short-term_:_and long-term,2.452223
True,mean,True,lower,VM5a,5e+20,PAR3P,GFZ,0.1,0.26,short-term_:_and long-term,2.418589
True,mean,True,lower,VM5a,5e+20,PAR3P,JPL,0.1,0.26,short-term_:_and long-term,2.500056
True,mean,True,lower,VM5a,5e+20,PAR3P,CSR,0.1,0.26,short-term_:_and long-term,2.437638
True,mean,True,lower,VM5a,5e+20,PAR3P,MSSA,0.1,0.26,short-term_:_and long-term,2.442023
False,mean,True,upper,VM5a,5e+20,PAR3P,GFZ,0.1,0.26,short-term_:_and long-term,2.399751
False,mean,True,upper,VM5a,5e+20,PAR3P,JPL,0.1,0.26,short-term_:_and long-term,2.480692
False,mean,True,upper,VM5a,5e+20,PAR3P,CSR,0.1,0.26,short-term_:_and long-term,2.419374
False,mean,True,upper,VM5a,5e+20,PAR3P,MSSA,0.1,0.26,short-term_:_and long-term,2.427293
True,mean,True,upper,VM5a,5e+20,PAR3P,GFZ,0.1,0.26,short-term_:_and long-term,2.389988
True,mean,True,upper,VM5a,5e+20,PAR3P,JPL,0.1,0.26,short-term_:_and long-term,2.470306
True,mean,True,upper,VM5a,5e+20,PAR3P,CSR,0.1,0.26,short-term_:_and long-term,2.408215
True,mean,True,upper,VM5a,5e+20,PAR3P,MSSA,0.1,0.26,short-term_:_and long-term,2.419418
False,mean,True,mean,VM5a,5e+20,PAR3P,GFZ,0.2,0.26,short-term_:_and long-term,2.351223
False,mean,True,mean,VM5a,5e+20,PAR3P,JPL,0.2,0.26,short-term_:_and long-term,2.430655
False,mean,True,mean,VM5a,5e+20,PAR3P,CSR,0.2,0.26,short-term_:_and long-term,2.365029
False,mean,True,mean,VM5a,5e+20,PAR3P,MSSA,0.2,0.26,short-term_:_and long-term,2.378514
True,mean,True,mean,VM5a,5e+20,PAR3P,GFZ,0.2,0.26,short-term_:_and long-term,2.344095
True,mean,True,mean,VM5a,5e+20,PAR3P,JPL,0.2,0.26,short-term_:_and long-term,2.423693
True,mean,True,mean,VM5a,5e+20,PAR3P,CSR,0.2,0.26,short-term_:_and long-term,2.35881
False,mean,True,lower,VM5a,5e+20,PAR3P,GFZ,0.2,0.26,short-term_:_and long-term,2.357768
False,mean,True,lower,VM5a,5e+20,PAR3P,JPL,0.2,0.26,short-term_:_and long-term,2.435363
False,mean,True,lower,VM5a,5e+20,PAR3P,CSR,0.2,0.26,short-term_:_and long-term,2.372155
False,mean,True,lower,VM5a,5e+20,PAR3P,MSSA,0.2,0.26,short-term_:_and long-term,2.382784
True,mean,True,lower,VM5a,5e+20,PAR3P,GFZ,0.2,0.26,short-term_:_and long-term,2.349946
True,mean,True,lower,VM5a,5e+20,PAR3P,JPL,0.2,0.26,short-term_:_and long-term,2.428154
True,mean,True,lower,VM5a,5e+20,PAR3P,CSR,0.2,0.26,short-term_:_and long-term,2.364318
True,mean,True,lower,VM5a,5e+20,PAR3P,MSSA,0.2,0.26,short-term_:_and long-term,2.376688
False,mean,True,upper,VM5a,5e+20,PAR3P,GFZ,0.2,0.26,short-term_:_and long-term,2.343328
False,mean,True,upper,VM5a,5e+20,PAR3P,JPL,0.2,0.26,short-term_:_and long-term,2.423241
False,mean,True,upper,VM5a,5e+20,PAR3P,CSR,0.2,0.26,short-term_:_and long-term,2.358157
False,mean,True,upper,VM5a,5e+20,PAR3P,MSSA,0.2,0.26,short-term_:_and long-term,2.371763
True,mean,True,upper,VM5a,5e+20,PAR3P,GFZ,0.2,0.26,short-term_:_and long-term,2.336797
True,mean,True,upper,VM5a,5e+20,PAR3P,JPL,0.2,0.26,short-term_:_and long-term,2.417353
True,mean,True,upper,VM5a,5e+20,PAR3P,CSR,0.2,0.26,short-term_:_and long-term,2.351109
True,mean,True,upper,VM5a,5e+20,PAR3P,MSSA,0.2,0.26,short-term_:_and long-term,2.365943
False,mean,True,mean,VM5a,5e+20,PREM,GFZ,0.15,0.26,short-term_:_and long-term,2.411362
False,mean,True,mean,VM5a,5e+20,PREM,JPL,0.15,0.26,short-term_:_and long-term,2.490808
False,mean,True,mean,VM5a,5e+20,PREM,CSR,0.15,0.26,short-term_:_and long-term,2.427287
False,mean,True,mean,VM5a,5e+20,PREM,MSSA,0.15,0.26,short-term_:_and long-term,2.438592
True,mean,True,mean,VM5a,5e+20,PREM,GFZ,0.15,0.26,short-term_:_and long-term,2.402449
True,mean,True,mean,VM5a,5e+20,PREM,JPL,0.15,0.26,short-term_:_and long-term,2.482171
True,mean,True,mean,VM5a,5e+20,PREM,CSR,0.15,0.26,short-term_:_and long-term,2.418516
False,mean,True,lower,VM5a,5e+20,PREM,GFZ,0.15,0.26,short-term_:_and long-term,2.425317
False,mean,True,lower,VM5a,5e+20,PREM,JPL,0.15,0.26,short-term_:_and long-term,2.503444
False,mean,True,lower,VM5a,5e+20,PREM,CSR,0.15,0.26,short-term_:_and long-term,2.440643
False,mean,True,lower,VM5a,5e+20,PREM,MSSA,0.15,0.26,short-term_:_and long-term,2.449579
True,mean,True,lower,VM5a,5e+20,PREM,GFZ,0.15,0.26,short-term_:_and long-term,2.414829
True,mean,True,lower,VM5a,5e+20,PREM,JPL,0.15,0.26,short-term_:_and long-term,2.493569
True,mean,True,lower,VM5a,5e+20,PREM,CSR,0.15,0.26,short-term_:_and long-term,2.430448
True,mean,True,lower,VM5a,5e+20,PREM,MSSA,0.15,0.26,short-term_:_and long-term,2.440474
False,mean,True,upper,VM5a,5e+20,PREM,GFZ,0.15,0.26,short-term_:_and long-term,2.398177
False,mean,True,upper,VM5a,5e+20,PREM,JPL,0.15,0.26,short-term_:_and long-term,2.477316
False,mean,True,upper,VM5a,5e+20,PREM,CSR,0.15,0.26,short-term_:_and long-term,2.413078
False,mean,True,upper,VM5a,5e+20,PREM,MSSA,0.15,0.26,short-term_:_and long-term,2.425371
True,mean,True,upper,VM5a,5e+20,PREM,GFZ,0.15,0.26,short-term_:_and long-term,2.389224
True,mean,True,upper,VM5a,5e+20,PREM,JPL,0.15,0.26,short-term_:_and long-term,2.46837
True,mean,True,upper,VM5a,5e+20,PREM,CSR,0.15,0.26,short-term_:_and long-term,2.403784
True,mean,True,upper,VM5a,5e+20,PREM,MSSA,0.15,0.26,short-term_:_and long-term,2.417788
False,mean,True,mean,VM5a,5e+20,PREM,GFZ,0.1,0.26,short-term_:_and long-term,2.450227
False,mean,True,mean,VM5a,5e+20,PREM,JPL,0.1,0.26,short-term_:_and long-term,2.530132
False,mean,True,mean,VM5a,5e+20,PREM,CSR,0.1,0.26,short-term_:_and long-term,2.469323
False,mean,True,mean,VM5a,5e+20,PREM,MSSA,0.1,0.26,short-term_:_and long-term,2.474034
True,mean,True,mean,VM5a,5e+20,PREM,GFZ,0.1,0.26,short-term_:_and long-term,2.438243
True,mean,True,mean,VM5a,5e+20,PREM,JPL,0.1,0.26,short-term_:_and long-term,2.517582
True,mean,True,mean,VM5a,5e+20,PREM,CSR,0.1,0.26,short-term_:_and long-term,2.457716
False,mean,True,lower,VM5a,5e+20,PREM,GFZ,0.1,0.26,short-term_:_and long-term,2.467618
False,mean,True,lower,VM5a,5e+20,PREM,JPL,0.1,0.26,short-term_:_and long-term,2.54795
False,mean,True,lower,VM5a,5e+20,PREM,CSR,0.1,0.26,short-term_:_and long-term,2.486768
False,mean,True,lower,VM5a,5e+20,PREM,MSSA,0.1,0.26,short-term_:_and long-term,2.488651
True,mean,True,lower,VM5a,5e+20,PREM,GFZ,0.1,0.26,short-term_:_and long-term,2.453962
True,mean,True,lower,VM5a,5e+20,PREM,JPL,0.1,0.26,short-term_:_and long-term,2.535125
True,mean,True,lower,VM5a,5e+20,PREM,CSR,0.1,0.26,short-term_:_and long-term,2.473776
True,mean,True,lower,VM5a,5e+20,PREM,MSSA,0.1,0.26,short-term_:_and long-term,2.476354
False,mean,True,upper,VM5a,5e+20,PREM,GFZ,0.1,0.26,short-term_:_and long-term,2.431443
False,mean,True,upper,VM5a,5e+20,PREM,JPL,0.1,0.26,short-term_:_and long-term,2.511821
False,mean,True,upper,VM5a,5e+20,PREM,CSR,0.1,0.26,short-term_:_and long-term,2.450402
False,mean,True,upper,VM5a,5e+20,PREM,MSSA,0.1,0.26,short-term_:_and long-term,2.457337
True,mean,True,upper,VM5a,5e+20,PREM,GFZ,0.1,0.26,short-term_:_and long-term,2.420091
True,mean,True,upper,VM5a,5e+20,PREM,JPL,0.1,0.26,short-term_:_and long-term,2.500069
True,mean,True,upper,VM5a,5e+20,PREM,CSR,0.1,0.26,short-term_:_and long-term,2.439067
True,mean,True,upper,VM5a,5e+20,PREM,MSSA,0.1,0.26,short-term_:_and long-term,2.446168
False,mean,True,mean,VM5a,5e+20,PREM,GFZ,0.2,0.26,short-term_:_and long-term,2.384863
False,mean,True,mean,VM5a,5e+20,PREM,JPL,0.2,0.26,short-term_:_and long-term,2.462583
False,mean,True,mean,VM5a,5e+20,PREM,CSR,0.2,0.26,short-term_:_and long-term,2.398272
False,mean,True,mean,VM5a,5e+20,PREM,MSSA,0.2,0.26,short-term_:_and long-term,2.409548
True,mean,True,mean,VM5a,5e+20,PREM,GFZ,0.2,0.26,short-term_:_and long-term,2.378202
True,mean,True,mean,VM5a,5e+20,PREM,JPL,0.2,0.26,short-term_:_and long-term,2.457416
True,mean,True,mean,VM5a,5e+20,PREM,CSR,0.2,0.26,short-term_:_and long-term,2.391079
False,mean,True,lower,VM5a,5e+20,PREM,GFZ,0.2,0.26,short-term_:_and long-term,2.393842
False,mean,True,lower,VM5a,5e+20,PREM,JPL,0.2,0.26,short-term_:_and long-term,2.471051
False,mean,True,lower,VM5a,5e+20,PREM,CSR,0.2,0.26,short-term_:_and long-term,2.407283
False,mean,True,lower,VM5a,5e+20,PREM,MSSA,0.2,0.26,short-term_:_and long-term,2.415253
True,mean,True,lower,VM5a,5e+20,PREM,GFZ,0.2,0.26,short-term_:_and long-term,2.386841
True,mean,True,lower,VM5a,5e+20,PREM,JPL,0.2,0.26,short-term_:_and long-term,2.464281
True,mean,True,lower,VM5a,5e+20,PREM,CSR,0.2,0.26,short-term_:_and long-term,2.400169
True,mean,True,lower,VM5a,5e+20,PREM,MSSA,0.2,0.26,short-term_:_and long-term,2.409956
False,mean,True,upper,VM5a,5e+20,PREM,GFZ,0.2,0.26,short-term_:_and long-term,2.374006
False,mean,True,upper,VM5a,5e+20,PREM,JPL,0.2,0.26,short-term_:_and long-term,2.454029
False,mean,True,upper,VM5a,5e+20,PREM,CSR,0.2,0.26,short-term_:_and long-term,2.388126
False,mean,True,upper,VM5a,5e+20,PREM,MSSA,0.2,0.26,short-term_:_and long-term,2.401689
True,mean,True,upper,VM5a,5e+20,PREM,GFZ,0.2,0.26,short-term_:_and long-term,2.367508
True,mean,True,upper,VM5a,5e+20,PREM,JPL,0.2,0.26,short-term_:_and long-term,2.44806
True,mean,True,upper,VM5a,5e+20,PREM,CSR,0.2,0.26,short-term_:_and long-term,2.381286
True,mean,True,upper,VM5a,5e+20,PREM,MSSA,0.2,0.26,short-term_:_and long-term,2.395712
False,mean,True,mean,VM5a,5e+20,QL6,GFZ,0.15,0.26,short-term_:_and long-term,2.363037
False,mean,True,mean,VM5a,5e+20,QL6,JPL,0.15,0.26,short-term_:_and long-term,2.440367
False,mean,True,mean,VM5a,5e+20,QL6,CSR,0.15,0.26,short-term_:_and long-term,2.377771
False,mean,True,mean,VM5a,5e+20,QL6,MSSA,0.15,0.26,short-term_:_and long-term,2.390158
True,mean,True,mean,VM5a,5e+20,QL6,GFZ,0.15,0.26,short-term_:_and long-term,2.353615
True,mean,True,mean,VM5a,5e+20,QL6,JPL,0.15,0.26,short-term_:_and long-term,2.431681
True,mean,True,mean,VM5a,5e+20,QL6,CSR,0.15,0.26,short-term_:_and long-term,2.369307
False,mean,True,lower,VM5a,5e+20,QL6,GFZ,0.15,0.26,short-term_:_and long-term,2.372452
False,mean,True,lower,VM5a,5e+20,QL6,JPL,0.15,0.26,short-term_:_and long-term,2.450106
False,mean,True,lower,VM5a,5e+20,QL6,CSR,0.15,0.26,short-term_:_and long-term,2.387144
False,mean,True,lower,VM5a,5e+20,QL6,MSSA,0.15,0.26,short-term_:_and long-term,2.398905
True,mean,True,lower,VM5a,5e+20,QL6,GFZ,0.15,0.26,short-term_:_and long-term,2.362576
True,mean,True,lower,VM5a,5e+20,QL6,JPL,0.15,0.26,short-term_:_and long-term,2.439436
True,mean,True,lower,VM5a,5e+20,QL6,CSR,0.15,0.26,short-term_:_and long-term,2.377434
True,mean,True,lower,VM5a,5e+20,QL6,MSSA,0.15,0.26,short-term_:_and long-term,2.390163
False,mean,True,upper,VM5a,5e+20,QL6,GFZ,0.15,0.26,short-term_:_and long-term,2.351956
False,mean,True,upper,VM5a,5e+20,QL6,JPL,0.15,0.26,short-term_:_and long-term,2.42994
False,mean,True,upper,VM5a,5e+20,QL6,CSR,0.15,0.26,short-term_:_and long-term,2.366893
False,mean,True,upper,VM5a,5e+20,QL6,MSSA,0.15,0.26,short-term_:_and long-term,2.381193
True,mean,True,upper,VM5a,5e+20,QL6,GFZ,0.15,0.26,short-term_:_and long-term,2.343492
True,mean,True,upper,VM5a,5e+20,QL6,JPL,0.15,0.26,short-term_:_and long-term,2.422236
True,mean,True,upper,VM5a,5e+20,QL6,CSR,0.15,0.26,short-term_:_and long-term,2.357834
True,mean,True,upper,VM5a,5e+20,QL6,MSSA,0.15,0.26,short-term_:_and long-term,2.374045
False,mean,True,mean,VM5a,5e+20,QL6,GFZ,0.1,0.26,short-term_:_and long-term,2.394737
False,mean,True,mean,VM5a,5e+20,QL6,JPL,0.1,0.26,short-term_:_and long-term,2.473159
False,mean,True,mean,VM5a,5e+20,QL6,CSR,0.1,0.26,short-term_:_and long-term,2.412452
False,mean,True,mean,VM5a,5e+20,QL6,MSSA,0.1,0.26,short-term_:_and long-term,2.420718
True,mean,True,mean,VM5a,5e+20,QL6,GFZ,0.1,0.26,short-term_:_and long-term,2.384031
True,mean,True,mean,VM5a,5e+20,QL6,JPL,0.1,0.26,short-term_:_and long-term,2.46197
True,mean,True,mean,VM5a,5e+20,QL6,CSR,0.1,0.26,short-term_:_and long-term,2.400575
False,mean,True,lower,VM5a,5e+20,QL6,GFZ,0.1,0.26,short-term_:_and long-term,2.407481
False,mean,True,lower,VM5a,5e+20,QL6,JPL,0.1,0.26,short-term_:_and long-term,2.486121
False,mean,True,lower,VM5a,5e+20,QL6,CSR,0.1,0.26,short-term_:_and long-term,2.425277
False,mean,True,lower,VM5a,5e+20,QL6,MSSA,0.1,0.26,short-term_:_and long-term,2.433316
True,mean,True,lower,VM5a,5e+20,QL6,GFZ,0.1,0.26,short-term_:_and long-term,2.39577
True,mean,True,lower,VM5a,5e+20,QL6,JPL,0.1,0.26,short-term_:_and long-term,2.47413
True,mean,True,lower,VM5a,5e+20,QL6,CSR,0.1,0.26,short-term_:_and long-term,2.412721
True,mean,True,lower,VM5a,5e+20,QL6,MSSA,0.1,0.26,short-term_:_and long-term,2.420548
False,mean,True,upper,VM5a,5e+20,QL6,GFZ,0.1,0.26,short-term_:_and long-term,2.380741
False,mean,True,upper,VM5a,5e+20,QL6,JPL,0.1,0.26,short-term_:_and long-term,2.45928
False,mean,True,upper,VM5a,5e+20,QL6,CSR,0.1,0.26,short-term_:_and long-term,2.396743
False,mean,True,upper,VM5a,5e+20,QL6,MSSA,0.1,0.26,short-term_:_and long-term,2.409472
True,mean,True,upper,VM5a,5e+20,QL6,GFZ,0.1,0.26,short-term_:_and long-term,2.370821
True,mean,True,upper,VM5a,5e+20,QL6,JPL,0.1,0.26,short-term_:_and long-term,2.448509
True,mean,True,upper,VM5a,5e+20,QL6,CSR,0.1,0.26,short-term_:_and long-term,2.385969
True,mean,True,upper,VM5a,5e+20,QL6,MSSA,0.1,0.26,short-term_:_and long-term,2.400137
False,mean,True,mean,VM5a,5e+20,QL6,GFZ,0.2,0.26,short-term_:_and long-term,2.339021
False,mean,True,mean,VM5a,5e+20,QL6,JPL,0.2,0.26,short-term_:_and long-term,2.418578
False,mean,True,mean,VM5a,5e+20,QL6,CSR,0.2,0.26,short-term_:_and long-term,2.353073
False,mean,True,mean,VM5a,5e+20,QL6,MSSA,0.2,0.26,short-term_:_and long-term,2.369084
True,mean,True,mean,VM5a,5e+20,QL6,GFZ,0.2,0.26,short-term_:_and long-term,2.331704
True,mean,True,mean,VM5a,5e+20,QL6,JPL,0.2,0.26,short-term_:_and long-term,2.410941
True,mean,True,mean,VM5a,5e+20,QL6,CSR,0.2,0.26,short-term_:_and long-term,2.344294
False,mean,True,lower,VM5a,5e+20,QL6,GFZ,0.2,0.26,short-term_:_and long-term,2.346162
False,mean,True,lower,VM5a,5e+20,QL6,JPL,0.2,0.26,short-term_:_and long-term,2.424517
False,mean,True,lower,VM5a,5e+20,QL6,CSR,0.2,0.26,short-term_:_and long-term,2.360396
False,mean,True,lower,VM5a,5e+20,QL6,MSSA,0.2,0.26,short-term_:_and long-term,2.372335
True,mean,True,lower,VM5a,5e+20,QL6,GFZ,0.2,0.26,short-term_:_and long-term,2.337465
True,mean,True,lower,VM5a,5e+20,QL6,JPL,0.2,0.26,short-term_:_and long-term,2.417258
True,mean,True,lower,VM5a,5e+20,QL6,CSR,0.2,0.26,short-term_:_and long-term,2.35183
True,mean,True,lower,VM5a,5e+20,QL6,MSSA,0.2,0.26,short-term_:_and long-term,2.365849
False,mean,True,upper,VM5a,5e+20,QL6,GFZ,0.2,0.26,short-term_:_and long-term,2.330823
False,mean,True,upper,VM5a,5e+20,QL6,JPL,0.2,0.26,short-term_:_and long-term,2.410554
False,mean,True,upper,VM5a,5e+20,QL6,CSR,0.2,0.26,short-term_:_and long-term,2.343968
False,mean,True,upper,VM5a,5e+20,QL6,MSSA,0.2,0.26,short-term_:_and long-term,2.359011
True,mean,True,upper,VM5a,5e+20,QL6,GFZ,0.2,0.26,short-term_:_and long-term,2.324163
True,mean,True,upper,VM5a,5e+20,QL6,JPL,0.2,0.26,short-term_:_and long-term,2.403719
True,mean,True,upper,VM5a,5e+20,QL6,CSR,0.2,0.26,short-term_:_and long-term,2.337253
True,mean,True,upper,VM5a,5e+20,QL6,MSSA,0.2,0.26,short-term_:_and long-term,2.353083
False,mean,True,mean,VM5a,5e+20,QM1,GFZ,0.15,0.26,short-term_:_and long-term,2.412045
False,mean,True,mean,VM5a,5e+20,QM1,JPL,0.15,0.26,short-term_:_and long-term,2.491
False,mean,True,mean,VM5a,5e+20,QM1,CSR,0.15,0.26,short-term_:_and long-term,2.425107
False,mean,True,mean,VM5a,5e+20,QM1,MSSA,0.15,0.26,short-term_:_and long-term,2.435011
True,mean,True,mean,VM5a,5e+20,QM1,GFZ,0.15,0.26,short-term_:_and long-term,2.40375
True,mean,True,mean,VM5a,5e+20,QM1,JPL,0.15,0.26,short-term_:_and long-term,2.483063
True,mean,True,mean,VM5a,5e+20,QM1,CSR,0.15,0.26,short-term_:_and long-term,2.416894
False,mean,True,lower,VM5a,5e+20,QM1,GFZ,0.15,0.26,short-term_:_and long-term,2.424435
False,mean,True,lower,VM5a,5e+20,QM1,JPL,0.15,0.26,short-term_:_and long-term,2.50269
False,mean,True,lower,VM5a,5e+20,QM1,CSR,0.15,0.26,short-term_:_and long-term,2.437805
False,mean,True,lower,VM5a,5e+20,QM1,MSSA,0.15,0.26,short-term_:_and long-term,2.445877
True,mean,True,lower,VM5a,5e+20,QM1,GFZ,0.15,0.26,short-term_:_and long-term,2.414949
True,mean,True,lower,VM5a,5e+20,QM1,JPL,0.15,0.26,short-term_:_and long-term,2.493917
True,mean,True,lower,VM5a,5e+20,QM1,CSR,0.15,0.26,short-term_:_and long-term,2.428764
True,mean,True,lower,VM5a,5e+20,QM1,MSSA,0.15,0.26,short-term_:_and long-term,2.438138
False,mean,True,upper,VM5a,5e+20,QM1,GFZ,0.15,0.26,short-term_:_and long-term,2.399088
False,mean,True,upper,VM5a,5e+20,QM1,JPL,0.15,0.26,short-term_:_and long-term,2.477996
False,mean,True,upper,VM5a,5e+20,QM1,CSR,0.15,0.26,short-term_:_and long-term,2.412211
False,mean,True,upper,VM5a,5e+20,QM1,MSSA,0.15,0.26,short-term_:_and long-term,2.422448
True,mean,True,upper,VM5a,5e+20,QM1,GFZ,0.15,0.26,short-term_:_and long-term,2.390664
True,mean,True,upper,VM5a,5e+20,QM1,JPL,0.15,0.26,short-term_:_and long-term,2.470492
True,mean,True,upper,VM5a,5e+20,QM1,CSR,0.15,0.26,short-term_:_and long-term,2.403983
True,mean,True,upper,VM5a,5e+20,QM1,MSSA,0.15,0.26,short-term_:_and long-term,2.414514
False,mean,True,mean,VM5a,5e+20,QM1,GFZ,0.1,0.26,short-term_:_and long-term,2.443539
False,mean,True,mean,VM5a,5e+20,QM1,JPL,0.1,0.26,short-term_:_and long-term,2.52163
False,mean,True,mean,VM5a,5e+20,QM1,CSR,0.1,0.26,short-term_:_and long-term,2.460944
False,mean,True,mean,VM5a,5e+20,QM1,MSSA,0.1,0.26,short-term_:_and long-term,2.464605
True,mean,True,mean,VM5a,5e+20,QM1,GFZ,0.1,0.26,short-term_:_and long-term,2.431619
True,mean,True,mean,VM5a,5e+20,QM1,JPL,0.1,0.26,short-term_:_and long-term,2.510586
True,mean,True,mean,VM5a,5e+20,QM1,CSR,0.1,0.26,short-term_:_and long-term,2.449588
False,mean,True,lower,VM5a,5e+20,QM1,GFZ,0.1,0.26,short-term_:_and long-term,2.458435
False,mean,True,lower,VM5a,5e+20,QM1,JPL,0.1,0.26,short-term_:_and long-term,2.538217
False,mean,True,lower,VM5a,5e+20,QM1,CSR,0.1,0.26,short-term_:_and long-term,2.478895
False,mean,True,lower,VM5a,5e+20,QM1,MSSA,0.1,0.26,short-term_:_and long-term,2.480952
True,mean,True,lower,VM5a,5e+20,QM1,GFZ,0.1,0.26,short-term_:_and long-term,2.446307
True,mean,True,lower,VM5a,5e+20,QM1,JPL,0.1,0.26,short-term_:_and long-term,2.525517
True,mean,True,lower,VM5a,5e+20,QM1,CSR,0.1,0.26,short-term_:_and long-term,2.466386
True,mean,True,lower,VM5a,5e+20,QM1,MSSA,0.1,0.26,short-term_:_and long-term,2.468854
False,mean,True,upper,VM5a,5e+20,QM1,GFZ,0.1,0.26,short-term_:_and long-term,2.424506
False,mean,True,upper,VM5a,5e+20,QM1,JPL,0.1,0.26,short-term_:_and long-term,2.504526
False,mean,True,upper,VM5a,5e+20,QM1,CSR,0.1,0.26,short-term_:_and long-term,2.441366
False,mean,True,upper,VM5a,5e+20,QM1,MSSA,0.1,0.26,short-term_:_and long-term,2.450613
True,mean,True,upper,VM5a,5e+20,QM1,GFZ,0.1,0.26,short-term_:_and long-term,2.414057
True,mean,True,upper,VM5a,5e+20,QM1,JPL,0.1,0.26,short-term_:_and long-term,2.493661
True,mean,True,upper,VM5a,5e+20,QM1,CSR,0.1,0.26,short-term_:_and long-term,2.430744
True,mean,True,upper,VM5a,5e+20,QM1,MSSA,0.1,0.26,short-term_:_and long-term,2.440571
False,mean,True,mean,VM5a,5e+20,QM1,GFZ,0.2,0.26,short-term_:_and long-term,2.387373
False,mean,True,mean,VM5a,5e+20,QM1,JPL,0.2,0.26,short-term_:_and long-term,2.46481
False,mean,True,mean,VM5a,5e+20,QM1,CSR,0.2,0.26,short-term_:_and long-term,2.400395
False,mean,True,mean,VM5a,5e+20,QM1,MSSA,0.2,0.26,short-term_:_and long-term,2.41191
True,mean,True,mean,VM5a,5e+20,QM1,GFZ,0.2,0.26,short-term_:_and long-term,2.380896
True,mean,True,mean,VM5a,5e+20,QM1,JPL,0.2,0.26,short-term_:_and long-term,2.459678
True,mean,True,mean,VM5a,5e+20,QM1,CSR,0.2,0.26,short-term_:_and long-term,2.393862
False,mean,True,lower,VM5a,5e+20,QM1,GFZ,0.2,0.26,short-term_:_and long-term,2.395956
False,mean,True,lower,VM5a,5e+20,QM1,JPL,0.2,0.26,short-term_:_and long-term,2.472838
False,mean,True,lower,VM5a,5e+20,QM1,CSR,0.2,0.26,short-term_:_and long-term,2.410382
False,mean,True,lower,VM5a,5e+20,QM1,MSSA,0.2,0.26,short-term_:_and long-term,2.417622
True,mean,True,lower,VM5a,5e+20,QM1,GFZ,0.2,0.26,short-term_:_and long-term,2.389299
True,mean,True,lower,VM5a,5e+20,QM1,JPL,0.2,0.26,short-term_:_and long-term,2.466737
True,mean,True,lower,VM5a,5e+20,QM1,CSR,0.2,0.26,short-term_:_and long-term,2.403089
True,mean,True,lower,VM5a,5e+20,QM1,MSSA,0.2,0.26,short-term_:_and long-term,2.412099
False,mean,True,upper,VM5a,5e+20,QM1,GFZ,0.2,0.26,short-term_:_and long-term,2.376464
False,mean,True,upper,VM5a,5e+20,QM1,JPL,0.2,0.26,short-term_:_and long-term,2.456119
False,mean,True,upper,VM5a,5e+20,QM1,CSR,0.2,0.26,short-term_:_and long-term,2.390862
False,mean,True,upper,VM5a,5e+20,QM1,MSSA,0.2,0.26,short-term_:_and long-term,2.403459
True,mean,True,upper,VM5a,5e+20,QM1,GFZ,0.2,0.26,short-term_:_and long-term,2.37046
True,mean,True,upper,VM5a,5e+20,QM1,JPL,0.2,0.26,short-term_:_and long-term,2.450015
True,mean,True,upper,VM5a,5e+20,QM1,CSR,0.2,0.26,short-term_:_and long-term,2.384696
True,mean,True,upper,VM5a,5e+20,QM1,MSSA,0.2,0.26,short-term_:_and long-term,2.397233
False,mean,True,mean,VM5a,5e+20,Resovsky,GFZ,0.15,0.26,short-term_:_and long-term,2.376499
False,mean,True,mean,VM5a,5e+20,Resovsky,JPL,0.15,0.26,short-term_:_and long-term,2.455356
False,mean,True,mean,VM5a,5e+20,Resovsky,CSR,0.15,0.26,short-term_:_and long-term,2.390032
False,mean,True,mean,VM5a,5e+20,Resovsky,MSSA,0.15,0.26,short-term_:_and long-term,2.401267
True,mean,True,mean,VM5a,5e+20,Resovsky,GFZ,0.15,0.26,short-term_:_and long-term,2.367012
True,mean,True,mean,VM5a,5e+20,Resovsky,JPL,0.15,0.26,short-term_:_and long-term,2.446364
True,mean,True,mean,VM5a,5e+20,Resovsky,CSR,0.15,0.26,short-term_:_and long-term,2.380738
False,mean,True,lower,VM5a,5e+20,Resovsky,GFZ,0.15,0.26,short-term_:_and long-term,2.386801
False,mean,True,lower,VM5a,5e+20,Resovsky,JPL,0.15,0.26,short-term_:_and long-term,2.464533
False,mean,True,lower,VM5a,5e+20,Resovsky,CSR,0.15,0.26,short-term_:_and long-term,2.400152
False,mean,True,lower,VM5a,5e+20,Resovsky,MSSA,0.15,0.26,short-term_:_and long-term,2.409537
True,mean,True,lower,VM5a,5e+20,Resovsky,GFZ,0.15,0.26,short-term_:_and long-term,2.376702
True,mean,True,lower,VM5a,5e+20,Resovsky,JPL,0.15,0.26,short-term_:_and long-term,2.455179
True,mean,True,lower,VM5a,5e+20,Resovsky,CSR,0.15,0.26,short-term_:_and long-term,2.390443
True,mean,True,lower,VM5a,5e+20,Resovsky,MSSA,0.15,0.26,short-term_:_and long-term,2.400295
False,mean,True,upper,VM5a,5e+20,Resovsky,GFZ,0.15,0.26,short-term_:_and long-term,2.364862
False,mean,True,upper,VM5a,5e+20,Resovsky,JPL,0.15,0.26,short-term_:_and long-term,2.444042
False,mean,True,upper,VM5a,5e+20,Resovsky,CSR,0.15,0.26,short-term_:_and long-term,2.37893
False,mean,True,upper,VM5a,5e+20,Resovsky,MSSA,0.15,0.26,short-term_:_and long-term,2.390439
True,mean,True,upper,VM5a,5e+20,Resovsky,GFZ,0.15,0.26,short-term_:_and long-term,2.356889
True,mean,True,upper,VM5a,5e+20,Resovsky,JPL,0.15,0.26,short-term_:_and long-term,2.435964
True,mean,True,upper,VM5a,5e+20,Resovsky,CSR,0.15,0.26,short-term_:_and long-term,2.370273
True,mean,True,upper,VM5a,5e+20,Resovsky,MSSA,0.15,0.26,short-term_:_and long-term,2.382632
False,mean,True,mean,VM5a,5e+20,Resovsky,GFZ,0.1,0.26,short-term_:_and long-term,2.400685
False,mean,True,mean,VM5a,5e+20,Resovsky,JPL,0.1,0.26,short-term_:_and long-term,2.477623
False,mean,True,mean,VM5a,5e+20,Resovsky,CSR,0.1,0.26,short-term_:_and long-term,2.415052
False,mean,True,mean,VM5a,5e+20,Resovsky,MSSA,0.1,0.26,short-term_:_and long-term,2.427851
True,mean,True,mean,VM5a,5e+20,Resovsky,GFZ,0.1,0.26,short-term_:_and long-term,2.389588
True,mean,True,mean,VM5a,5e+20,Resovsky,JPL,0.1,0.26,short-term_:_and long-term,2.467321
True,mean,True,mean,VM5a,5e+20,Resovsky,CSR,0.1,0.26,short-term_:_and long-term,2.404532
False,mean,True,lower,VM5a,5e+20,Resovsky,GFZ,0.1,0.26,short-term_:_and long-term,2.411817
False,mean,True,lower,VM5a,5e+20,Resovsky,JPL,0.1,0.26,short-term_:_and long-term,2.490566
False,mean,True,lower,VM5a,5e+20,Resovsky,CSR,0.1,0.26,short-term_:_and long-term,2.430835
False,mean,True,lower,VM5a,5e+20,Resovsky,MSSA,0.1,0.26,short-term_:_and long-term,2.437212
True,mean,True,lower,VM5a,5e+20,Resovsky,GFZ,0.1,0.26,short-term_:_and long-term,2.400411
True,mean,True,lower,VM5a,5e+20,Resovsky,JPL,0.1,0.26,short-term_:_and long-term,2.477039
True,mean,True,lower,VM5a,5e+20,Resovsky,CSR,0.1,0.26,short-term_:_and long-term,2.416026
True,mean,True,lower,VM5a,5e+20,Resovsky,MSSA,0.1,0.26,short-term_:_and long-term,2.425704
False,mean,True,upper,VM5a,5e+20,Resovsky,GFZ,0.1,0.26,short-term_:_and long-term,2.387693
False,mean,True,upper,VM5a,5e+20,Resovsky,JPL,0.1,0.26,short-term_:_and long-term,2.465404
False,mean,True,upper,VM5a,5e+20,Resovsky,CSR,0.1,0.26,short-term_:_and long-term,2.401722
False,mean,True,upper,VM5a,5e+20,Resovsky,MSSA,0.1,0.26,short-term_:_and long-term,2.415427
True,mean,True,upper,VM5a,5e+20,Resovsky,GFZ,0.1,0.26,short-term_:_and long-term,2.376714
True,mean,True,upper,VM5a,5e+20,Resovsky,JPL,0.1,0.26,short-term_:_and long-term,2.454826
True,mean,True,upper,VM5a,5e+20,Resovsky,CSR,0.1,0.26,short-term_:_and long-term,2.390953
True,mean,True,upper,VM5a,5e+20,Resovsky,MSSA,0.1,0.26,short-term_:_and long-term,2.406014
False,mean,True,mean,VM5a,5e+20,Resovsky,GFZ,0.2,0.26,short-term_:_and long-term,2.355835
False,mean,True,mean,VM5a,5e+20,Resovsky,JPL,0.2,0.26,short-term_:_and long-term,2.433335
False,mean,True,mean,VM5a,5e+20,Resovsky,CSR,0.2,0.26,short-term_:_and long-term,2.369028
False,mean,True,mean,VM5a,5e+20,Resovsky,MSSA,0.2,0.26,short-term_:_and long-term,2.381207
True,mean,True,mean,VM5a,5e+20,Resovsky,GFZ,0.2,0.26,short-term_:_and long-term,2.348774
True,mean,True,mean,VM5a,5e+20,Resovsky,JPL,0.2,0.26,short-term_:_and long-term,2.426763
True,mean,True,mean,VM5a,5e+20,Resovsky,CSR,0.2,0.26,short-term_:_and long-term,2.362472
False,mean,True,lower,VM5a,5e+20,Resovsky,GFZ,0.2,0.26,short-term_:_and long-term,2.363766
False,mean,True,lower,VM5a,5e+20,Resovsky,JPL,0.2,0.26,short-term_:_and long-term,2.440455
False,mean,True,lower,VM5a,5e+20,Resovsky,CSR,0.2,0.26,short-term_:_and long-term,2.375974
False,mean,True,lower,VM5a,5e+20,Resovsky,MSSA,0.2,0.26,short-term_:_and long-term,2.387348
True,mean,True,lower,VM5a,5e+20,Resovsky,GFZ,0.2,0.26,short-term_:_and long-term,2.356216
True,mean,True,lower,VM5a,5e+20,Resovsky,JPL,0.2,0.26,short-term_:_and long-term,2.433506
True,mean,True,lower,VM5a,5e+20,Resovsky,CSR,0.2,0.26,short-term_:_and long-term,2.369151
True,mean,True,lower,VM5a,5e+20,Resovsky,MSSA,0.2,0.26,short-term_:_and long-term,2.381081
False,mean,True,upper,VM5a,5e+20,Resovsky,GFZ,0.2,0.26,short-term_:_and long-term,2.346838
False,mean,True,upper,VM5a,5e+20,Resovsky,JPL,0.2,0.26,short-term_:_and long-term,2.424546
False,mean,True,upper,VM5a,5e+20,Resovsky,CSR,0.2,0.26,short-term_:_and long-term,2.360288
False,mean,True,upper,VM5a,5e+20,Resovsky,MSSA,0.2,0.26,short-term_:_and long-term,2.374185
True,mean,True,upper,VM5a,5e+20,Resovsky,GFZ,0.2,0.26,short-term_:_and long-term,2.340148
True,mean,True,upper,VM5a,5e+20,Resovsky,JPL,0.2,0.26,short-term_:_and long-term,2.418501
True,mean,True,upper,VM5a,5e+20,Resovsky,CSR,0.2,0.26,short-term_:_and long-term,2.354089
True,mean,True,upper,VM5a,5e+20,Resovsky,MSSA,0.2,0.26,short-term_:_and long-term,2.367648
False,mean,True,mean,VM7,3e+19,,GFZ,,,long-term,2.059447
False,mean,True,mean,VM7,3e+19,,JPL,,,long-term,2.135138
False,mean,True,mean,VM7,3e+19,,CSR,,,long-term,2.071913
False,mean,True,mean,VM7,3e+19,,MSSA,,,long-term,2.105071
True,mean,True,mean,VM7,3e+19,,GFZ,,,long-term,2.055181
True,mean,True,mean,VM7,3e+19,,JPL,,,long-term,2.131158
True,mean,True,mean,VM7,3e+19,,CSR,,,long-term,2.067
False,mean,True,lower,VM7,3e+19,,GFZ,,,long-term,2.049477
False,mean,True,lower,VM7,3e+19,,JPL,,,long-term,2.125077
False,mean,True,lower,VM7,3e+19,,CSR,,,long-term,2.062473
False,mean,True,lower,VM7,3e+19,,MSSA,,,long-term,2.095675
True,mean,True,lower,VM7,3e+19,,GFZ,,,long-term,2.044618
True,mean,True,lower,VM7,3e+19,,JPL,,,long-term,2.120388
True,mean,True,lower,VM7,3e+19,,CSR,,,long-term,2.05668
True,mean,True,lower,VM7,3e+19,,MSSA,,,long-term,2.092208
False,mean,True,upper,VM7,3e+19,,GFZ,,,long-term,2.066732
False,mean,True,upper,VM7,3e+19,,JPL,,,long-term,2.142981
False,mean,True,upper,VM7,3e+19,,CSR,,,long-term,2.079407
False,mean,True,upper,VM7,3e+19,,MSSA,,,long-term,2.111772
True,mean,True,upper,VM7,3e+19,,GFZ,,,long-term,2.062677
True,mean,True,upper,VM7,3e+19,,JPL,,,long-term,2.1393
True,mean,True,upper,VM7,3e+19,,CSR,,,long-term,2.074694
True,mean,True,upper,VM7,3e+19,,MSSA,,,long-term,2.108804
False,mean,True,mean,VM7,3e+19,PAR3P,GFZ,0.15,0.26,short-term_:_and long-term,2.395612
False,mean,True,mean,VM7,3e+19,PAR3P,JPL,0.15,0.26,short-term_:_and long-term,2.477511
False,mean,True,mean,VM7,3e+19,PAR3P,CSR,0.15,0.26,short-term_:_and long-term,2.416401
False,mean,True,mean,VM7,3e+19,PAR3P,MSSA,0.15,0.26,short-term_:_and long-term,2.422888
True,mean,True,mean,VM7,3e+19,PAR3P,GFZ,0.15,0.26,short-term_:_and long-term,2.3866
True,mean,True,mean,VM7,3e+19,PAR3P,JPL,0.15,0.26,short-term_:_and long-term,2.465741
True,mean,True,mean,VM7,3e+19,PAR3P,CSR,0.15,0.26,short-term_:_and long-term,2.404674
False,mean,True,lower,VM7,3e+19,PAR3P,GFZ,0.15,0.26,short-term_:_and long-term,2.406812
False,mean,True,lower,VM7,3e+19,PAR3P,JPL,0.15,0.26,short-term_:_and long-term,2.490816
False,mean,True,lower,VM7,3e+19,PAR3P,CSR,0.15,0.26,short-term_:_and long-term,2.429726
False,mean,True,lower,VM7,3e+19,PAR3P,MSSA,0.15,0.26,short-term_:_and long-term,2.431943
True,mean,True,lower,VM7,3e+19,PAR3P,GFZ,0.15,0.26,short-term_:_and long-term,2.395308
True,mean,True,lower,VM7,3e+19,PAR3P,JPL,0.15,0.26,short-term_:_and long-term,2.476831
True,mean,True,lower,VM7,3e+19,PAR3P,CSR,0.15,0.26,short-term_:_and long-term,2.415805
True,mean,True,lower,VM7,3e+19,PAR3P,MSSA,0.15,0.26,short-term_:_and long-term,2.421458
False,mean,True,upper,VM7,3e+19,PAR3P,GFZ,0.15,0.26,short-term_:_and long-term,2.384765
False,mean,True,upper,VM7,3e+19,PAR3P,JPL,0.15,0.26,short-term_:_and long-term,2.463918
False,mean,True,upper,VM7,3e+19,PAR3P,CSR,0.15,0.26,short-term_:_and long-term,2.403094
False,mean,True,upper,VM7,3e+19,PAR3P,MSSA,0.15,0.26,short-term_:_and long-term,2.412292
True,mean,True,upper,VM7,3e+19,PAR3P,GFZ,0.15,0.26,short-term_:_and long-term,2.374008
True,mean,True,upper,VM7,3e+19,PAR3P,JPL,0.15,0.26,short-term_:_and long-term,2.454073
True,mean,True,upper,VM7,3e+19,PAR3P,CSR,0.15,0.26,short-term_:_and long-term,2.391598
True,mean,True,upper,VM7,3e+19,PAR3P,MSSA,0.15,0.26,short-term_:_and long-term,2.40216
False,mean,True,mean,VM7,3e+19,PAR3P,GFZ,0.1,0.26,short-term_:_and long-term,2.434117
False,mean,True,mean,VM7,3e+19,PAR3P,JPL,0.1,0.26,short-term_:_and long-term,2.518815
False,mean,True,mean,VM7,3e+19,PAR3P,CSR,0.1,0.26,short-term_:_and long-term,2.456364
False,mean,True,mean,VM7,3e+19,PAR3P,MSSA,0.1,0.26,short-term_:_and long-term,2.452852
True,mean,True,mean,VM7,3e+19,PAR3P,GFZ,0.1,0.26,short-term_:_and long-term,2.420292
True,mean,True,mean,VM7,3e+19,PAR3P,JPL,0.1,0.26,short-term_:_and long-term,2.504556
True,mean,True,mean,VM7,3e+19,PAR3P,CSR,0.1,0.26,short-term_:_and long-term,2.442197
False,mean,True,lower,VM7,3e+19,PAR3P,GFZ,0.1,0.26,short-term_:_and long-term,2.451878
False,mean,True,lower,VM7,3e+19,PAR3P,JPL,0.1,0.26,short-term_:_and long-term,2.533822
False,mean,True,lower,VM7,3e+19,PAR3P,CSR,0.1,0.26,short-term_:_and long-term,2.471982
False,mean,True,lower,VM7,3e+19,PAR3P,MSSA,0.1,0.26,short-term_:_and long-term,2.465438
True,mean,True,lower,VM7,3e+19,PAR3P,GFZ,0.1,0.26,short-term_:_and long-term,2.436916
True,mean,True,lower,VM7,3e+19,PAR3P,JPL,0.1,0.26,short-term_:_and long-term,2.519734
True,mean,True,lower,VM7,3e+19,PAR3P,CSR,0.1,0.26,short-term_:_and long-term,2.457011
True,mean,True,lower,VM7,3e+19,PAR3P,MSSA,0.1,0.26,short-term_:_and long-term,2.453527
False,mean,True,upper,VM7,3e+19,PAR3P,GFZ,0.1,0.26,short-term_:_and long-term,2.417345
False,mean,True,upper,VM7,3e+19,PAR3P,JPL,0.1,0.26,short-term_:_and long-term,2.500442
False,mean,True,upper,VM7,3e+19,PAR3P,CSR,0.1,0.26,short-term_:_and long-term,2.438282
False,mean,True,upper,VM7,3e+19,PAR3P,MSSA,0.1,0.26,short-term_:_and long-term,2.439005
True,mean,True,upper,VM7,3e+19,PAR3P,GFZ,0.1,0.26,short-term_:_and long-term,2.403555
True,mean,True,upper,VM7,3e+19,PAR3P,JPL,0.1,0.26,short-term_:_and long-term,2.487104
True,mean,True,upper,VM7,3e+19,PAR3P,CSR,0.1,0.26,short-term_:_and long-term,2.425572
True,mean,True,upper,VM7,3e+19,PAR3P,MSSA,0.1,0.26,short-term_:_and long-term,2.426856
False,mean,True,mean,VM7,3e+19,PAR3P,GFZ,0.2,0.26,short-term_:_and long-term,2.371527
False,mean,True,mean,VM7,3e+19,PAR3P,JPL,0.2,0.26,short-term_:_and long-term,2.449692
False,mean,True,mean,VM7,3e+19,PAR3P,CSR,0.2,0.26,short-term_:_and long-term,2.388327
False,mean,True,mean,VM7,3e+19,PAR3P,MSSA,0.2,0.26,short-term_:_and long-term,2.400432
True,mean,True,mean,VM7,3e+19,PAR3P,GFZ,0.2,0.26,short-term_:_and long-term,2.363197
True,mean,True,mean,VM7,3e+19,PAR3P,JPL,0.2,0.26,short-term_:_and long-term,2.441161
True,mean,True,mean,VM7,3e+19,PAR3P,CSR,0.2,0.26,short-term_:_and long-term,2.378862
False,mean,True,lower,VM7,3e+19,PAR3P,GFZ,0.2,0.26,short-term_:_and long-term,2.380529
False,mean,True,lower,VM7,3e+19,PAR3P,JPL,0.2,0.26,short-term_:_and long-term,2.457449
False,mean,True,lower,VM7,3e+19,PAR3P,CSR,0.2,0.26,short-term_:_and long-term,2.398502
False,mean,True,lower,VM7,3e+19,PAR3P,MSSA,0.2,0.26,short-term_:_and long-term,2.406298
True,mean,True,lower,VM7,3e+19,PAR3P,GFZ,0.2,0.26,short-term_:_and long-term,2.370585
True,mean,True,lower,VM7,3e+19,PAR3P,JPL,0.2,0.26,short-term_:_and long-term,2.448086
True,mean,True,lower,VM7,3e+19,PAR3P,CSR,0.2,0.26,short-term_:_and long-term,2.386016
True,mean,True,lower,VM7,3e+19,PAR3P,MSSA,0.2,0.26,short-term_:_and long-term,2.39796
False,mean,True,upper,VM7,3e+19,PAR3P,GFZ,0.2,0.26,short-term_:_and long-term,2.362613
False,mean,True,upper,VM7,3e+19,PAR3P,JPL,0.2,0.26,short-term_:_and long-term,2.441146
False,mean,True,upper,VM7,3e+19,PAR3P,CSR,0.2,0.26,short-term_:_and long-term,2.378553
False,mean,True,upper,VM7,3e+19,PAR3P,MSSA,0.2,0.26,short-term_:_and long-term,2.391902
True,mean,True,upper,VM7,3e+19,PAR3P,GFZ,0.2,0.26,short-term_:_and long-term,2.352968
True,mean,True,upper,VM7,3e+19,PAR3P,JPL,0.2,0.26,short-term_:_and long-term,2.433381
True,mean,True,upper,VM7,3e+19,PAR3P,CSR,0.2,0.26,short-term_:_and long-term,2.3692
True,mean,True,upper,VM7,3e+19,PAR3P,MSSA,0.2,0.26,short-term_:_and long-term,2.382383
False,mean,True,mean,VM7,3e+19,PREM,GFZ,0.15,0.26,short-term_:_and long-term,2.430291
False,mean,True,mean,VM7,3e+19,PREM,JPL,0.15,0.26,short-term_:_and long-term,2.513103
False,mean,True,mean,VM7,3e+19,PREM,CSR,0.15,0.26,short-term_:_and long-term,2.450362
False,mean,True,mean,VM7,3e+19,PREM,MSSA,0.15,0.26,short-term_:_and long-term,2.455513
True,mean,True,mean,VM7,3e+19,PREM,GFZ,0.15,0.26,short-term_:_and long-term,2.419293
True,mean,True,mean,VM7,3e+19,PREM,JPL,0.15,0.26,short-term_:_and long-term,2.501336
True,mean,True,mean,VM7,3e+19,PREM,CSR,0.15,0.26,short-term_:_and long-term,2.437989
False,mean,True,lower,VM7,3e+19,PREM,GFZ,0.15,0.26,short-term_:_and long-term,2.444508
False,mean,True,lower,VM7,3e+19,PREM,JPL,0.15,0.26,short-term_:_and long-term,2.528672
False,mean,True,lower,VM7,3e+19,PREM,CSR,0.15,0.26,short-term_:_and long-term,2.465731
False,mean,True,lower,VM7,3e+19,PREM,MSSA,0.15,0.26,short-term_:_and long-term,2.467458
True,mean,True,lower,VM7,3e+19,PREM,GFZ,0.15,0.26,short-term_:_and long-term,2.433418
True,mean,True,lower,VM7,3e+19,PREM,JPL,0.15,0.26,short-term_:_and long-term,2.514856
True,mean,True,lower,VM7,3e+19,PREM,CSR,0.15,0.26,short-term_:_and long-term,2.452204
True,mean,True,lower,VM7,3e+19,PREM,MSSA,0.15,0.26,short-term_:_and long-term,2.456477
False,mean,True,upper,VM7,3e+19,PREM,GFZ,0.15,0.26,short-term_:_and long-term,2.415277
False,mean,True,upper,VM7,3e+19,PREM,JPL,0.15,0.26,short-term_:_and long-term,2.496533
False,mean,True,upper,VM7,3e+19,PREM,CSR,0.15,0.26,short-term_:_and long-term,2.434009
False,mean,True,upper,VM7,3e+19,PREM,MSSA,0.15,0.26,short-term_:_and long-term,2.441247
True,mean,True,upper,VM7,3e+19,PREM,GFZ,0.15,0.26,short-term_:_and long-term,2.404202
True,mean,True,upper,VM7,3e+19,PREM,JPL,0.15,0.26,short-term_:_and long-term,2.483964
True,mean,True,upper,VM7,3e+19,PREM,CSR,0.15,0.26,short-term_:_and long-term,2.421873
True,mean,True,upper,VM7,3e+19,PREM,MSSA,0.15,0.26,short-term_:_and long-term,2.432447
False,mean,True,mean,VM7,3e+19,PREM,GFZ,0.1,0.26,short-term_:_and long-term,2.468652
False,mean,True,mean,VM7,3e+19,PREM,JPL,0.1,0.26,short-term_:_and long-term,2.551719
False,mean,True,mean,VM7,3e+19,PREM,CSR,0.1,0.26,short-term_:_and long-term,2.489675
False,mean,True,mean,VM7,3e+19,PREM,MSSA,0.1,0.26,short-term_:_and long-term,2.484791
True,mean,True,mean,VM7,3e+19,PREM,GFZ,0.1,0.26,short-term_:_and long-term,2.452633
True,mean,True,mean,VM7,3e+19,PREM,JPL,0.1,0.26,short-term_:_and long-term,2.536895
True,mean,True,mean,VM7,3e+19,PREM,CSR,0.1,0.26,short-term_:_and long-term,2.474825
False,mean,True,lower,VM7,3e+19,PREM,GFZ,0.1,0.26,short-term_:_and long-term,2.488019
False,mean,True,lower,VM7,3e+19,PREM,JPL,0.1,0.26,short-term_:_and long-term,2.569852
False,mean,True,lower,VM7,3e+19,PREM,CSR,0.1,0.26,short-term_:_and long-term,2.5084
False,mean,True,lower,VM7,3e+19,PREM,MSSA,0.1,0.26,short-term_:_and long-term,2.500079
True,mean,True,lower,VM7,3e+19,PREM,GFZ,0.1,0.26,short-term_:_and long-term,2.471173
True,mean,True,lower,VM7,3e+19,PREM,JPL,0.1,0.26,short-term_:_and long-term,2.554423
True,mean,True,lower,VM7,3e+19,PREM,CSR,0.1,0.26,short-term_:_and long-term,2.493295
True,mean,True,lower,VM7,3e+19,PREM,MSSA,0.1,0.26,short-term_:_and long-term,2.485243
False,mean,True,upper,VM7,3e+19,PREM,GFZ,0.1,0.26,short-term_:_and long-term,2.447445
False,mean,True,upper,VM7,3e+19,PREM,JPL,0.1,0.26,short-term_:_and long-term,2.532513
False,mean,True,upper,VM7,3e+19,PREM,CSR,0.1,0.26,short-term_:_and long-term,2.469521
False,mean,True,upper,VM7,3e+19,PREM,MSSA,0.1,0.26,short-term_:_and long-term,2.46647
True,mean,True,upper,VM7,3e+19,PREM,GFZ,0.1,0.26,short-term_:_and long-term,2.433147
True,mean,True,upper,VM7,3e+19,PREM,JPL,0.1,0.26,short-term_:_and long-term,2.518374
True,mean,True,upper,VM7,3e+19,PREM,CSR,0.1,0.26,short-term_:_and long-term,2.4547
True,mean,True,upper,VM7,3e+19,PREM,MSSA,0.1,0.26,short-term_:_and long-term,2.455416
False,mean,True,mean,VM7,3e+19,PREM,GFZ,0.2,0.26,short-term_:_and long-term,2.403233
False,mean,True,mean,VM7,3e+19,PREM,JPL,0.2,0.26,short-term_:_and long-term,2.48212
False,mean,True,mean,VM7,3e+19,PREM,CSR,0.2,0.26,short-term_:_and long-term,2.41972
False,mean,True,mean,VM7,3e+19,PREM,MSSA,0.2,0.26,short-term_:_and long-term,2.430743
True,mean,True,mean,VM7,3e+19,PREM,GFZ,0.2,0.26,short-term_:_and long-term,2.395399
True,mean,True,mean,VM7,3e+19,PREM,JPL,0.2,0.26,short-term_:_and long-term,2.473786
True,mean,True,mean,VM7,3e+19,PREM,CSR,0.2,0.26,short-term_:_and long-term,2.409568
False,mean,True,lower,VM7,3e+19,PREM,GFZ,0.2,0.26,short-term_:_and long-term,2.415187
False,mean,True,lower,VM7,3e+19,PREM,JPL,0.2,0.26,short-term_:_and long-term,2.493797
False,mean,True,lower,VM7,3e+19,PREM,CSR,0.2,0.26,short-term_:_and long-term,2.43208
False,mean,True,lower,VM7,3e+19,PREM,MSSA,0.2,0.26,short-term_:_and long-term,2.441479
True,mean,True,lower,VM7,3e+19,PREM,GFZ,0.2,0.26,short-term_:_and long-term,2.404584
True,mean,True,lower,VM7,3e+19,PREM,JPL,0.2,0.26,short-term_:_and long-term,2.483208
True,mean,True,lower,VM7,3e+19,PREM,CSR,0.2,0.26,short-term_:_and long-term,2.421601
True,mean,True,lower,VM7,3e+19,PREM,MSSA,0.2,0.26,short-term_:_and long-term,2.432792
False,mean,True,upper,VM7,3e+19,PREM,GFZ,0.2,0.26,short-term_:_and long-term,2.391487
False,mean,True,upper,VM7,3e+19,PREM,JPL,0.2,0.26,short-term_:_and long-term,2.470147
False,mean,True,upper,VM7,3e+19,PREM,CSR,0.2,0.26,short-term_:_and long-term,2.40688
False,mean,True,upper,VM7,3e+19,PREM,MSSA,0.2,0.26,short-term_:_and long-term,2.420631
True,mean,True,upper,VM7,3e+19,PREM,GFZ,0.2,0.26,short-term_:_and long-term,2.383116
True,mean,True,upper,VM7,3e+19,PREM,JPL,0.2,0.26,short-term_:_and long-term,2.461916
True,mean,True,upper,VM7,3e+19,PREM,CSR,0.2,0.26,short-term_:_and long-term,2.397218
True,mean,True,upper,VM7,3e+19,PREM,MSSA,0.2,0.26,short-term_:_and long-term,2.41274
False,mean,True,mean,VM7,3e+19,QL6,GFZ,0.15,0.26,short-term_:_and long-term,2.384796
False,mean,True,mean,VM7,3e+19,QL6,JPL,0.15,0.26,short-term_:_and long-term,2.465578
False,mean,True,mean,VM7,3e+19,QL6,CSR,0.15,0.26,short-term_:_and long-term,2.405126
False,mean,True,mean,VM7,3e+19,QL6,MSSA,0.15,0.26,short-term_:_and long-term,2.408875
True,mean,True,mean,VM7,3e+19,QL6,GFZ,0.15,0.26,short-term_:_and long-term,2.374057
True,mean,True,mean,VM7,3e+19,QL6,JPL,0.15,0.26,short-term_:_and long-term,2.453676
True,mean,True,mean,VM7,3e+19,QL6,CSR,0.15,0.26,short-term_:_and long-term,2.392016
False,mean,True,lower,VM7,3e+19,QL6,GFZ,0.15,0.26,short-term_:_and long-term,2.396563
False,mean,True,lower,VM7,3e+19,QL6,JPL,0.15,0.26,short-term_:_and long-term,2.479127
False,mean,True,lower,VM7,3e+19,QL6,CSR,0.15,0.26,short-term_:_and long-term,2.418113
False,mean,True,lower,VM7,3e+19,QL6,MSSA,0.15,0.26,short-term_:_and long-term,2.419858
True,mean,True,lower,VM7,3e+19,QL6,GFZ,0.15,0.26,short-term_:_and long-term,2.38453
True,mean,True,lower,VM7,3e+19,QL6,JPL,0.15,0.26,short-term_:_and long-term,2.463919
True,mean,True,lower,VM7,3e+19,QL6,CSR,0.15,0.26,short-term_:_and long-term,2.403299
True,mean,True,lower,VM7,3e+19,QL6,MSSA,0.15,0.26,short-term_:_and long-term,2.408039
False,mean,True,upper,VM7,3e+19,QL6,GFZ,0.15,0.26,short-term_:_and long-term,2.373237
False,mean,True,upper,VM7,3e+19,QL6,JPL,0.15,0.26,short-term_:_and long-term,2.452245
False,mean,True,upper,VM7,3e+19,QL6,CSR,0.15,0.26,short-term_:_and long-term,2.391244
False,mean,True,upper,VM7,3e+19,QL6,MSSA,0.15,0.26,short-term_:_and long-term,2.399201
True,mean,True,upper,VM7,3e+19,QL6,GFZ,0.15,0.26,short-term_:_and long-term,2.361223
True,mean,True,upper,VM7,3e+19,QL6,JPL,0.15,0.26,short-term_:_and long-term,2.439938
True,mean,True,upper,VM7,3e+19,QL6,CSR,0.15,0.26,short-term_:_and long-term,2.379245
True,mean,True,upper,VM7,3e+19,QL6,MSSA,0.15,0.26,short-term_:_and long-term,2.390472
False,mean,True,mean,VM7,3e+19,QL6,GFZ,0.1,0.26,short-term_:_and long-term,2.416551
False,mean,True,mean,VM7,3e+19,QL6,JPL,0.1,0.26,short-term_:_and long-term,2.496238
False,mean,True,mean,VM7,3e+19,QL6,CSR,0.1,0.26,short-term_:_and long-term,2.436703
False,mean,True,mean,VM7,3e+19,QL6,MSSA,0.1,0.26,short-term_:_and long-term,2.43257
True,mean,True,mean,VM7,3e+19,QL6,GFZ,0.1,0.26,short-term_:_and long-term,2.399672
True,mean,True,mean,VM7,3e+19,QL6,JPL,0.1,0.26,short-term_:_and long-term,2.481675
True,mean,True,mean,VM7,3e+19,QL6,CSR,0.1,0.26,short-term_:_and long-term,2.422178
False,mean,True,lower,VM7,3e+19,QL6,GFZ,0.1,0.26,short-term_:_and long-term,2.429797
False,mean,True,lower,VM7,3e+19,QL6,JPL,0.1,0.26,short-term_:_and long-term,2.511859
False,mean,True,lower,VM7,3e+19,QL6,CSR,0.1,0.26,short-term_:_and long-term,2.451362
False,mean,True,lower,VM7,3e+19,QL6,MSSA,0.1,0.26,short-term_:_and long-term,2.443617
True,mean,True,lower,VM7,3e+19,QL6,GFZ,0.1,0.26,short-term_:_and long-term,2.415255
True,mean,True,lower,VM7,3e+19,QL6,JPL,0.1,0.26,short-term_:_and long-term,2.495383
True,mean,True,lower,VM7,3e+19,QL6,CSR,0.1,0.26,short-term_:_and long-term,2.435878
True,mean,True,lower,VM7,3e+19,QL6,MSSA,0.1,0.26,short-term_:_and long-term,2.430328
False,mean,True,upper,VM7,3e+19,QL6,GFZ,0.1,0.26,short-term_:_and long-term,2.398916
False,mean,True,upper,VM7,3e+19,QL6,JPL,0.1,0.26,short-term_:_and long-term,2.48098
False,mean,True,upper,VM7,3e+19,QL6,CSR,0.1,0.26,short-term_:_and long-term,2.419538
False,mean,True,upper,VM7,3e+19,QL6,MSSA,0.1,0.26,short-term_:_and long-term,2.41881
True,mean,True,upper,VM7,3e+19,QL6,GFZ,0.1,0.26,short-term_:_and long-term,2.384834
True,mean,True,upper,VM7,3e+19,QL6,JPL,0.1,0.26,short-term_:_and long-term,2.467591
True,mean,True,upper,VM7,3e+19,QL6,CSR,0.1,0.26,short-term_:_and long-term,2.406246
True,mean,True,upper,VM7,3e+19,QL6,MSSA,0.1,0.26,short-term_:_and long-term,2.406605
False,mean,True,mean,VM7,3e+19,QL6,GFZ,0.2,0.26,short-term_:_and long-term,2.363604
False,mean,True,mean,VM7,3e+19,QL6,JPL,0.2,0.26,short-term_:_and long-term,2.440514
False,mean,True,mean,VM7,3e+19,QL6,CSR,0.2,0.26,short-term_:_and long-term,2.379019
False,mean,True,mean,VM7,3e+19,QL6,MSSA,0.2,0.26,short-term_:_and long-term,2.392373
True,mean,True,mean,VM7,3e+19,QL6,GFZ,0.2,0.26,short-term_:_and long-term,2.352444
True,mean,True,mean,VM7,3e+19,QL6,JPL,0.2,0.26,short-term_:_and long-term,2.431378
True,mean,True,mean,VM7,3e+19,QL6,CSR,0.2,0.26,short-term_:_and long-term,2.36856
False,mean,True,lower,VM7,3e+19,QL6,GFZ,0.2,0.26,short-term_:_and long-term,2.372237
False,mean,True,lower,VM7,3e+19,QL6,JPL,0.2,0.26,short-term_:_and long-term,2.449679
False,mean,True,lower,VM7,3e+19,QL6,CSR,0.2,0.26,short-term_:_and long-term,2.390277
False,mean,True,lower,VM7,3e+19,QL6,MSSA,0.2,0.26,short-term_:_and long-term,2.399234
True,mean,True,lower,VM7,3e+19,QL6,GFZ,0.2,0.26,short-term_:_and long-term,2.361965
True,mean,True,lower,VM7,3e+19,QL6,JPL,0.2,0.26,short-term_:_and long-term,2.438522
True,mean,True,lower,VM7,3e+19,QL6,CSR,0.2,0.26,short-term_:_and long-term,2.377286
True,mean,True,lower,VM7,3e+19,QL6,MSSA,0.2,0.26,short-term_:_and long-term,2.390126
False,mean,True,upper,VM7,3e+19,QL6,GFZ,0.2,0.26,short-term_:_and long-term,2.352802
False,mean,True,upper,VM7,3e+19,QL6,JPL,0.2,0.26,short-term_:_and long-term,2.430763
False,mean,True,upper,VM7,3e+19,QL6,CSR,0.2,0.26,short-term_:_and long-term,2.367855
False,mean,True,upper,VM7,3e+19,QL6,MSSA,0.2,0.26,short-term_:_and long-term,2.382655
True,mean,True,upper,VM7,3e+19,QL6,GFZ,0.2,0.26,short-term_:_and long-term,2.343581
True,mean,True,upper,VM7,3e+19,QL6,JPL,0.2,0.26,short-term_:_and long-term,2.422063
True,mean,True,upper,VM7,3e+19,QL6,CSR,0.2,0.26,short-term_:_and long-term,2.358646
True,mean,True,upper,VM7,3e+19,QL6,MSSA,0.2,0.26,short-term_:_and long-term,2.375064
False,mean,True,mean,VM7,3e+19,QM1,GFZ,0.15,0.26,short-term_:_and long-term,2.431054
False,mean,True,mean,VM7,3e+19,QM1,JPL,0.15,0.26,short-term_:_and long-term,2.510672
False,mean,True,mean,VM7,3e+19,QM1,CSR,0.15,0.26,short-term_:_and long-term,2.449428
False,mean,True,mean,VM7,3e+19,QM1,MSSA,0.15,0.26,short-term_:_and long-term,2.453366
True,mean,True,mean,VM7,3e+19,QM1,GFZ,0.15,0.26,short-term_:_and long-term,2.421451
True,mean,True,mean,VM7,3e+19,QM1,JPL,0.15,0.26,short-term_:_and long-term,2.500362
True,mean,True,mean,VM7,3e+19,QM1,CSR,0.15,0.26,short-term_:_and long-term,2.438139
False,mean,True,lower,VM7,3e+19,QM1,GFZ,0.15,0.26,short-term_:_and long-term,2.445373
False,mean,True,lower,VM7,3e+19,QM1,JPL,0.15,0.26,short-term_:_and long-term,2.526153
False,mean,True,lower,VM7,3e+19,QM1,CSR,0.15,0.26,short-term_:_and long-term,2.466125
False,mean,True,lower,VM7,3e+19,QM1,MSSA,0.15,0.26,short-term_:_and long-term,2.465116
True,mean,True,lower,VM7,3e+19,QM1,GFZ,0.15,0.26,short-term_:_and long-term,2.43356
True,mean,True,lower,VM7,3e+19,QM1,JPL,0.15,0.26,short-term_:_and long-term,2.513286
True,mean,True,lower,VM7,3e+19,QM1,CSR,0.15,0.26,short-term_:_and long-term,2.452381
True,mean,True,lower,VM7,3e+19,QM1,MSSA,0.15,0.26,short-term_:_and long-term,2.455068
False,mean,True,upper,VM7,3e+19,QM1,GFZ,0.15,0.26,short-term_:_and long-term,2.415849
False,mean,True,upper,VM7,3e+19,QM1,JPL,0.15,0.26,short-term_:_and long-term,2.495457
False,mean,True,upper,VM7,3e+19,QM1,CSR,0.15,0.26,short-term_:_and long-term,2.433468
False,mean,True,upper,VM7,3e+19,QM1,MSSA,0.15,0.26,short-term_:_and long-term,2.439333
True,mean,True,upper,VM7,3e+19,QM1,GFZ,0.15,0.26,short-term_:_and long-term,2.40482
True,mean,True,upper,VM7,3e+19,QM1,JPL,0.15,0.26,short-term_:_and long-term,2.484822
True,mean,True,upper,VM7,3e+19,QM1,CSR,0.15,0.26,short-term_:_and long-term,2.421141
True,mean,True,upper,VM7,3e+19,QM1,MSSA,0.15,0.26,short-term_:_and long-term,2.430211
False,mean,True,mean,VM7,3e+19,QM1,GFZ,0.1,0.26,short-term_:_and long-term,2.460642
False,mean,True,mean,VM7,3e+19,QM1,JPL,0.1,0.26,short-term_:_and long-term,2.545558
False,mean,True,mean,VM7,3e+19,QM1,CSR,0.1,0.26,short-term_:_and long-term,2.481349
False,mean,True,mean,VM7,3e+19,QM1,MSSA,0.1,0.26,short-term_:_and long-term,2.481971
True,mean,True,mean,VM7,3e+19,QM1,GFZ,0.1,0.26,short-term_:_and long-term,2.446368
True,mean,True,mean,VM7,3e+19,QM1,JPL,0.1,0.26,short-term_:_and long-term,2.531499
True,mean,True,mean,VM7,3e+19,QM1,CSR,0.1,0.26,short-term_:_and long-term,2.467649
False,mean,True,lower,VM7,3e+19,QM1,GFZ,0.1,0.26,short-term_:_and long-term,2.479803
False,mean,True,lower,VM7,3e+19,QM1,JPL,0.1,0.26,short-term_:_and long-term,2.563297
False,mean,True,lower,VM7,3e+19,QM1,CSR,0.1,0.26,short-term_:_and long-term,2.500903
False,mean,True,lower,VM7,3e+19,QM1,MSSA,0.1,0.26,short-term_:_and long-term,2.496956
True,mean,True,lower,VM7,3e+19,QM1,GFZ,0.1,0.26,short-term_:_and long-term,2.463168
True,mean,True,lower,VM7,3e+19,QM1,JPL,0.1,0.26,short-term_:_and long-term,2.548325
True,mean,True,lower,VM7,3e+19,QM1,CSR,0.1,0.26,short-term_:_and long-term,2.485521
True,mean,True,lower,VM7,3e+19,QM1,MSSA,0.1,0.26,short-term_:_and long-term,2.483634
False,mean,True,upper,VM7,3e+19,QM1,GFZ,0.1,0.26,short-term_:_and long-term,2.442154
False,mean,True,upper,VM7,3e+19,QM1,JPL,0.1,0.26,short-term_:_and long-term,2.525433
False,mean,True,upper,VM7,3e+19,QM1,CSR,0.1,0.26,short-term_:_and long-term,2.462443
False,mean,True,upper,VM7,3e+19,QM1,MSSA,0.1,0.26,short-term_:_and long-term,2.463023
True,mean,True,upper,VM7,3e+19,QM1,GFZ,0.1,0.26,short-term_:_and long-term,2.428489
True,mean,True,upper,VM7,3e+19,QM1,JPL,0.1,0.26,short-term_:_and long-term,2.510592
True,mean,True,upper,VM7,3e+19,QM1,CSR,0.1,0.26,short-term_:_and long-term,2.449539
True,mean,True,upper,VM7,3e+19,QM1,MSSA,0.1,0.26,short-term_:_and long-term,2.452387
False,mean,True,mean,VM7,3e+19,QM1,GFZ,0.2,0.26,short-term_:_and long-term,2.406677
False,mean,True,mean,VM7,3e+19,QM1,JPL,0.2,0.26,short-term_:_and long-term,2.484847
False,mean,True,mean,VM7,3e+19,QM1,CSR,0.2,0.26,short-term_:_and long-term,2.421887
False,mean,True,mean,VM7,3e+19,QM1,MSSA,0.2,0.26,short-term_:_and long-term,2.431814
True,mean,True,mean,VM7,3e+19,QM1,GFZ,0.2,0.26,short-term_:_and long-term,2.398756
True,mean,True,mean,VM7,3e+19,QM1,JPL,0.2,0.26,short-term_:_and long-term,2.47896
True,mean,True,mean,VM7,3e+19,QM1,CSR,0.2,0.26,short-term_:_and long-term,2.413807
False,mean,True,lower,VM7,3e+19,QM1,GFZ,0.2,0.26,short-term_:_and long-term,2.418472
False,mean,True,lower,VM7,3e+19,QM1,JPL,0.2,0.26,short-term_:_and long-term,2.496208
False,mean,True,lower,VM7,3e+19,QM1,CSR,0.2,0.26,short-term_:_and long-term,2.43447
False,mean,True,lower,VM7,3e+19,QM1,MSSA,0.2,0.26,short-term_:_and long-term,2.440495
True,mean,True,lower,VM7,3e+19,QM1,GFZ,0.2,0.26,short-term_:_and long-term,2.409082
True,mean,True,lower,VM7,3e+19,QM1,JPL,0.2,0.26,short-term_:_and long-term,2.487178
True,mean,True,lower,VM7,3e+19,QM1,CSR,0.2,0.26,short-term_:_and long-term,2.424437
True,mean,True,lower,VM7,3e+19,QM1,MSSA,0.2,0.26,short-term_:_and long-term,2.433954
False,mean,True,upper,VM7,3e+19,QM1,GFZ,0.2,0.26,short-term_:_and long-term,2.39496
False,mean,True,upper,VM7,3e+19,QM1,JPL,0.2,0.26,short-term_:_and long-term,2.474275
False,mean,True,upper,VM7,3e+19,QM1,CSR,0.2,0.26,short-term_:_and long-term,2.409299
False,mean,True,upper,VM7,3e+19,QM1,MSSA,0.2,0.26,short-term_:_and long-term,2.421389
True,mean,True,upper,VM7,3e+19,QM1,GFZ,0.2,0.26,short-term_:_and long-term,2.387064
True,mean,True,upper,VM7,3e+19,QM1,JPL,0.2,0.26,short-term_:_and long-term,2.465865
True,mean,True,upper,VM7,3e+19,QM1,CSR,0.2,0.26,short-term_:_and long-term,2.401859
True,mean,True,upper,VM7,3e+19,QM1,MSSA,0.2,0.26,short-term_:_and long-term,2.415426
False,mean,True,mean,VM7,3e+19,Resovsky,GFZ,0.15,0.26,short-term_:_and long-term,2.394724
False,mean,True,mean,VM7,3e+19,Resovsky,JPL,0.15,0.26,short-term_:_and long-term,2.4738
False,mean,True,mean,VM7,3e+19,Resovsky,CSR,0.15,0.26,short-term_:_and long-term,2.413106
False,mean,True,mean,VM7,3e+19,Resovsky,MSSA,0.15,0.26,short-term_:_and long-term,2.420257
True,mean,True,mean,VM7,3e+19,Resovsky,GFZ,0.15,0.26,short-term_:_and long-term,2.383632
True,mean,True,mean,VM7,3e+19,Resovsky,JPL,0.15,0.26,short-term_:_and long-term,2.461685
True,mean,True,mean,VM7,3e+19,Resovsky,CSR,0.15,0.26,short-term_:_and long-term,2.400164
False,mean,True,lower,VM7,3e+19,Resovsky,GFZ,0.15,0.26,short-term_:_and long-term,2.406691
False,mean,True,lower,VM7,3e+19,Resovsky,JPL,0.15,0.26,short-term_:_and long-term,2.486534
False,mean,True,lower,VM7,3e+19,Resovsky,CSR,0.15,0.26,short-term_:_and long-term,2.425903
False,mean,True,lower,VM7,3e+19,Resovsky,MSSA,0.15,0.26,short-term_:_and long-term,2.431278
True,mean,True,lower,VM7,3e+19,Resovsky,GFZ,0.15,0.26,short-term_:_and long-term,2.393879
True,mean,True,lower,VM7,3e+19,Resovsky,JPL,0.15,0.26,short-term_:_and long-term,2.47272
True,mean,True,lower,VM7,3e+19,Resovsky,CSR,0.15,0.26,short-term_:_and long-term,2.412357
True,mean,True,lower,VM7,3e+19,Resovsky,MSSA,0.15,0.26,short-term_:_and long-term,2.41943
False,mean,True,upper,VM7,3e+19,Resovsky,GFZ,0.15,0.26,short-term_:_and long-term,2.381957
False,mean,True,upper,VM7,3e+19,Resovsky,JPL,0.15,0.26,short-term_:_and long-term,2.460636
False,mean,True,upper,VM7,3e+19,Resovsky,CSR,0.15,0.26,short-term_:_and long-term,2.398324
False,mean,True,upper,VM7,3e+19,Resovsky,MSSA,0.15,0.26,short-term_:_and long-term,2.408901
True,mean,True,upper,VM7,3e+19,Resovsky,GFZ,0.15,0.26,short-term_:_and long-term,2.371504
True,mean,True,upper,VM7,3e+19,Resovsky,JPL,0.15,0.26,short-term_:_and long-term,2.449923
True,mean,True,upper,VM7,3e+19,Resovsky,CSR,0.15,0.26,short-term_:_and long-term,2.386753
True,mean,True,upper,VM7,3e+19,Resovsky,MSSA,0.15,0.26,short-term_:_and long-term,2.398699
False,mean,True,mean,VM7,3e+19,Resovsky,GFZ,0.1,0.26,short-term_:_and long-term,2.417784
False,mean,True,mean,VM7,3e+19,Resovsky,JPL,0.1,0.26,short-term_:_and long-term,2.501082
False,mean,True,mean,VM7,3e+19,Resovsky,CSR,0.1,0.26,short-term_:_and long-term,2.437858
False,mean,True,mean,VM7,3e+19,Resovsky,MSSA,0.1,0.26,short-term_:_and long-term,2.439998
True,mean,True,mean,VM7,3e+19,Resovsky,GFZ,0.1,0.26,short-term_:_and long-term,2.40183
True,mean,True,mean,VM7,3e+19,Resovsky,JPL,0.1,0.26,short-term_:_and long-term,2.485146
True,mean,True,mean,VM7,3e+19,Resovsky,CSR,0.1,0.26,short-term_:_and long-term,2.423639
False,mean,True,lower,VM7,3e+19,Resovsky,GFZ,0.1,0.26,short-term_:_and long-term,2.432461
False,mean,True,lower,VM7,3e+19,Resovsky,JPL,0.1,0.26,short-term_:_and long-term,2.515293
False,mean,True,lower,VM7,3e+19,Resovsky,CSR,0.1,0.26,short-term_:_and long-term,2.453955
False,mean,True,lower,VM7,3e+19,Resovsky,MSSA,0.1,0.26,short-term_:_and long-term,2.452994
True,mean,True,lower,VM7,3e+19,Resovsky,GFZ,0.1,0.26,short-term_:_and long-term,2.416127
True,mean,True,lower,VM7,3e+19,Resovsky,JPL,0.1,0.26,short-term_:_and long-term,2.499357
True,mean,True,lower,VM7,3e+19,Resovsky,CSR,0.1,0.26,short-term_:_and long-term,2.436687
True,mean,True,lower,VM7,3e+19,Resovsky,MSSA,0.1,0.26,short-term_:_and long-term,2.437914
False,mean,True,upper,VM7,3e+19,Resovsky,GFZ,0.1,0.26,short-term_:_and long-term,2.400958
False,mean,True,upper,VM7,3e+19,Resovsky,JPL,0.1,0.26,short-term_:_and long-term,2.483974
False,mean,True,upper,VM7,3e+19,Resovsky,CSR,0.1,0.26,short-term_:_and long-term,2.422433
False,mean,True,upper,VM7,3e+19,Resovsky,MSSA,0.1,0.26,short-term_:_and long-term,2.426047
True,mean,True,upper,VM7,3e+19,Resovsky,GFZ,0.1,0.26,short-term_:_and long-term,2.388981
True,mean,True,upper,VM7,3e+19,Resovsky,JPL,0.1,0.26,short-term_:_and long-term,2.46985
True,mean,True,upper,VM7,3e+19,Resovsky,CSR,0.1,0.26,short-term_:_and long-term,2.408205
True,mean,True,upper,VM7,3e+19,Resovsky,MSSA,0.1,0.26,short-term_:_and long-term,2.414487
False,mean,True,mean,VM7,3e+19,Resovsky,GFZ,0.2,0.26,short-term_:_and long-term,2.375696
False,mean,True,mean,VM7,3e+19,Resovsky,JPL,0.2,0.26,short-term_:_and long-term,2.453154
False,mean,True,mean,VM7,3e+19,Resovsky,CSR,0.2,0.26,short-term_:_and long-term,2.390465
False,mean,True,mean,VM7,3e+19,Resovsky,MSSA,0.2,0.26,short-term_:_and long-term,2.404714
True,mean,True,mean,VM7,3e+19,Resovsky,GFZ,0.2,0.26,short-term_:_and long-term,2.366086
True,mean,True,mean,VM7,3e+19,Resovsky,JPL,0.2,0.26,short-term_:_and long-term,2.445676
True,mean,True,mean,VM7,3e+19,Resovsky,CSR,0.2,0.26,short-term_:_and long-term,2.381353
False,mean,True,lower,VM7,3e+19,Resovsky,GFZ,0.2,0.26,short-term_:_and long-term,2.384807
False,mean,True,lower,VM7,3e+19,Resovsky,JPL,0.2,0.26,short-term_:_and long-term,2.462492
False,mean,True,lower,VM7,3e+19,Resovsky,CSR,0.2,0.26,short-term_:_and long-term,2.400266
False,mean,True,lower,VM7,3e+19,Resovsky,MSSA,0.2,0.26,short-term_:_and long-term,2.412304
True,mean,True,lower,VM7,3e+19,Resovsky,GFZ,0.2,0.26,short-term_:_and long-term,2.375201
True,mean,True,lower,VM7,3e+19,Resovsky,JPL,0.2,0.26,short-term_:_and long-term,2.453417
True,mean,True,lower,VM7,3e+19,Resovsky,CSR,0.2,0.26,short-term_:_and long-term,2.390857
True,mean,True,lower,VM7,3e+19,Resovsky,MSSA,0.2,0.26,short-term_:_and long-term,2.403451
False,mean,True,upper,VM7,3e+19,Resovsky,GFZ,0.2,0.26,short-term_:_and long-term,2.364138
False,mean,True,upper,VM7,3e+19,Resovsky,JPL,0.2,0.26,short-term_:_and long-term,2.443347
False,mean,True,upper,VM7,3e+19,Resovsky,CSR,0.2,0.26,short-term_:_and long-term,2.379881
False,mean,True,upper,VM7,3e+19,Resovsky,MSSA,0.2,0.26,short-term_:_and long-term,2.39381
True,mean,True,upper,VM7,3e+19,Resovsky,GFZ,0.2,0.26,short-term_:_and long-term,2.355805
True,mean,True,upper,VM7,3e+19,Resovsky,JPL,0.2,0.26,short-term_:_and long-term,2.435079
True,mean,True,upper,VM7,3e+19,Resovsky,CSR,0.2,0.26,short-term_:_and long-term,2.370167
True,mean,True,upper,VM7,3e+19,Resovsky,MSSA,0.2,0.26,short-term_:_and long-term,2.385821
False,mean,True,mean,VM7,4.5e+20,,GFZ,,,long-term,2.032481
False,mean,True,mean,VM7,4.5e+20,,JPL,,,long-term,2.103104
False,mean,True,mean,VM7,4.5e+20,,CSR,,,long-term,2.045788
False,mean,True,mean,VM7,4.5e+20,,MSSA,,,long-term,2.082042
True,mean,True,mean,VM7,4.5e+20,,GFZ,,,long-term,2.030287
True,mean,True,mean,VM7,4.5e+20,,JPL,,,long-term,2.101562
True,mean,True,mean,VM7,4.5e+20,,CSR,,,long-term,2.043494
False,mean,True,lower,VM7,4.5e+20,,GFZ,,,long-term,2.02109
False,mean,True,lower,VM7,4.5e+20,,JPL,,,long-term,2.089424
False,mean,True,lower,VM7,4.5e+20,,CSR,,,long-term,2.032275
False,mean,True,lower,VM7,4.5e+20,,MSSA,,,long-term,2.069921
True,mean,True,lower,VM7,4.5e+20,,GFZ,,,long-term,2.017568
True,mean,True,lower,VM7,4.5e+20,,JPL,,,long-term,2.087052
True,mean,True,lower,VM7,4.5e+20,,CSR,,,long-term,2.02985
True,mean,True,lower,VM7,4.5e+20,,MSSA,,,long-term,2.067205
False,mean,True,upper,VM7,4.5e+20,,GFZ,,,long-term,2.042306
False,mean,True,upper,VM7,4.5e+20,,JPL,,,long-term,2.115013
False,mean,True,upper,VM7,4.5e+20,,CSR,,,long-term,2.056123
False,mean,True,upper,VM7,4.5e+20,,MSSA,,,long-term,2.090924
True,mean,True,upper,VM7,4.5e+20,,GFZ,,,long-term,2.039921
True,mean,True,upper,VM7,4.5e+20,,JPL,,,long-term,2.113432
True,mean,True,upper,VM7,4.5e+20,,CSR,,,long-term,2.053965
True,mean,True,upper,VM7,4.5e+20,,MSSA,,,long-term,2.08906
False,mean,True,mean,VM7,4.5e+20,PAR3P,GFZ,0.15,0.26,short-term_:_and long-term,2.375697
False,mean,True,mean,VM7,4.5e+20,PAR3P,JPL,0.15,0.26,short-term_:_and long-term,2.452783
False,mean,True,mean,VM7,4.5e+20,PAR3P,CSR,0.15,0.26,short-term_:_and long-term,2.389759
False,mean,True,mean,VM7,4.5e+20,PAR3P,MSSA,0.15,0.26,short-term_:_and long-term,2.403538
True,mean,True,mean,VM7,4.5e+20,PAR3P,GFZ,0.15,0.26,short-term_:_and long-term,2.367218
True,mean,True,mean,VM7,4.5e+20,PAR3P,JPL,0.15,0.26,short-term_:_and long-term,2.444528
True,mean,True,mean,VM7,4.5e+20,PAR3P,CSR,0.15,0.26,short-term_:_and long-term,2.381132
False,mean,True,lower,VM7,4.5e+20,PAR3P,GFZ,0.15,0.26,short-term_:_and long-term,2.38411
False,mean,True,lower,VM7,4.5e+20,PAR3P,JPL,0.15,0.26,short-term_:_and long-term,2.46263
False,mean,True,lower,VM7,4.5e+20,PAR3P,CSR,0.15,0.26,short-term_:_and long-term,2.399993
False,mean,True,lower,VM7,4.5e+20,PAR3P,MSSA,0.15,0.26,short-term_:_and long-term,2.411157
True,mean,True,lower,VM7,4.5e+20,PAR3P,GFZ,0.15,0.26,short-term_:_and long-term,2.374758
True,mean,True,lower,VM7,4.5e+20,PAR3P,JPL,0.15,0.26,short-term_:_and long-term,2.452581
True,mean,True,lower,VM7,4.5e+20,PAR3P,CSR,0.15,0.26,short-term_:_and long-term,2.39017
True,mean,True,lower,VM7,4.5e+20,PAR3P,MSSA,0.15,0.26,short-term_:_and long-term,2.402447
False,mean,True,upper,VM7,4.5e+20,PAR3P,GFZ,0.15,0.26,short-term_:_and long-term,2.365189
False,mean,True,upper,VM7,4.5e+20,PAR3P,JPL,0.15,0.26,short-term_:_and long-term,2.443809
False,mean,True,upper,VM7,4.5e+20,PAR3P,CSR,0.15,0.26,short-term_:_and long-term,2.379213
False,mean,True,upper,VM7,4.5e+20,PAR3P,MSSA,0.15,0.26,short-term_:_and long-term,2.393814
True,mean,True,upper,VM7,4.5e+20,PAR3P,GFZ,0.15,0.26,short-term_:_and long-term,2.357034
True,mean,True,upper,VM7,4.5e+20,PAR3P,JPL,0.15,0.26,short-term_:_and long-term,2.435332
True,mean,True,upper,VM7,4.5e+20,PAR3P,CSR,0.15,0.26,short-term_:_and long-term,2.371186
True,mean,True,upper,VM7,4.5e+20,PAR3P,MSSA,0.15,0.26,short-term_:_and long-term,2.386453
False,mean,True,mean,VM7,4.5e+20,PAR3P,GFZ,0.1,0.26,short-term_:_and long-term,2.414829
False,mean,True,mean,VM7,4.5e+20,PAR3P,JPL,0.1,0.26,short-term_:_and long-term,2.493997
False,mean,True,mean,VM7,4.5e+20,PAR3P,CSR,0.1,0.26,short-term_:_and long-term,2.433077
False,mean,True,mean,VM7,4.5e+20,PAR3P,MSSA,0.1,0.26,short-term_:_and long-term,2.437843
True,mean,True,mean,VM7,4.5e+20,PAR3P,GFZ,0.1,0.26,short-term_:_and long-term,2.403385
True,mean,True,mean,VM7,4.5e+20,PAR3P,JPL,0.1,0.26,short-term_:_and long-term,2.483611
True,mean,True,mean,VM7,4.5e+20,PAR3P,CSR,0.1,0.26,short-term_:_and long-term,2.422682
False,mean,True,lower,VM7,4.5e+20,PAR3P,GFZ,0.1,0.26,short-term_:_and long-term,2.429242
False,mean,True,lower,VM7,4.5e+20,PAR3P,JPL,0.1,0.26,short-term_:_and long-term,2.509817
False,mean,True,lower,VM7,4.5e+20,PAR3P,CSR,0.1,0.26,short-term_:_and long-term,2.447963
False,mean,True,lower,VM7,4.5e+20,PAR3P,MSSA,0.1,0.26,short-term_:_and long-term,2.450131
True,mean,True,lower,VM7,4.5e+20,PAR3P,GFZ,0.1,0.26,short-term_:_and long-term,2.417097
True,mean,True,lower,VM7,4.5e+20,PAR3P,JPL,0.1,0.26,short-term_:_and long-term,2.49787
True,mean,True,lower,VM7,4.5e+20,PAR3P,CSR,0.1,0.26,short-term_:_and long-term,2.435779
True,mean,True,lower,VM7,4.5e+20,PAR3P,MSSA,0.1,0.26,short-term_:_and long-term,2.439843
False,mean,True,upper,VM7,4.5e+20,PAR3P,GFZ,0.1,0.26,short-term_:_and long-term,2.398455
False,mean,True,upper,VM7,4.5e+20,PAR3P,JPL,0.1,0.26,short-term_:_and long-term,2.478388
False,mean,True,upper,VM7,4.5e+20,PAR3P,CSR,0.1,0.26,short-term_:_and long-term,2.418544
False,mean,True,upper,VM7,4.5e+20,PAR3P,MSSA,0.1,0.26,short-term_:_and long-term,2.42595
True,mean,True,upper,VM7,4.5e+20,PAR3P,GFZ,0.1,0.26,short-term_:_and long-term,2.388691
True,mean,True,upper,VM7,4.5e+20,PAR3P,JPL,0.1,0.26,short-term_:_and long-term,2.468601
True,mean,True,upper,VM7,4.5e+20,PAR3P,CSR,0.1,0.26,short-term_:_and long-term,2.407427
True,mean,True,upper,VM7,4.5e+20,PAR3P,MSSA,0.1,0.26,short-term_:_and long-term,2.418048
False,mean,True,mean,VM7,4.5e+20,PAR3P,GFZ,0.2,0.26,short-term_:_and long-term,2.349035
False,mean,True,mean,VM7,4.5e+20,PAR3P,JPL,0.2,0.26,short-term_:_and long-term,2.428966
False,mean,True,mean,VM7,4.5e+20,PAR3P,CSR,0.2,0.26,short-term_:_and long-term,2.363148
False,mean,True,mean,VM7,4.5e+20,PAR3P,MSSA,0.2,0.26,short-term_:_and long-term,2.377377
True,mean,True,mean,VM7,4.5e+20,PAR3P,GFZ,0.2,0.26,short-term_:_and long-term,2.342522
True,mean,True,mean,VM7,4.5e+20,PAR3P,JPL,0.2,0.26,short-term_:_and long-term,2.422436
True,mean,True,mean,VM7,4.5e+20,PAR3P,CSR,0.2,0.26,short-term_:_and long-term,2.357129
False,mean,True,lower,VM7,4.5e+20,PAR3P,GFZ,0.2,0.26,short-term_:_and long-term,2.356124
False,mean,True,lower,VM7,4.5e+20,PAR3P,JPL,0.2,0.26,short-term_:_and long-term,2.43358
False,mean,True,lower,VM7,4.5e+20,PAR3P,CSR,0.2,0.26,short-term_:_and long-term,2.370361
False,mean,True,lower,VM7,4.5e+20,PAR3P,MSSA,0.2,0.26,short-term_:_and long-term,2.381822
True,mean,True,lower,VM7,4.5e+20,PAR3P,GFZ,0.2,0.26,short-term_:_and long-term,2.348411
True,mean,True,lower,VM7,4.5e+20,PAR3P,JPL,0.2,0.26,short-term_:_and long-term,2.427191
True,mean,True,lower,VM7,4.5e+20,PAR3P,CSR,0.2,0.26,short-term_:_and long-term,2.362843
True,mean,True,lower,VM7,4.5e+20,PAR3P,MSSA,0.2,0.26,short-term_:_and long-term,2.374636
False,mean,True,upper,VM7,4.5e+20,PAR3P,GFZ,0.2,0.26,short-term_:_and long-term,2.341661
False,mean,True,upper,VM7,4.5e+20,PAR3P,JPL,0.2,0.26,short-term_:_and long-term,2.421698
False,mean,True,upper,VM7,4.5e+20,PAR3P,CSR,0.2,0.26,short-term_:_and long-term,2.356385
False,mean,True,upper,VM7,4.5e+20,PAR3P,MSSA,0.2,0.26,short-term_:_and long-term,2.370451
True,mean,True,upper,VM7,4.5e+20,PAR3P,GFZ,0.2,0.26,short-term_:_and long-term,2.335989
True,mean,True,upper,VM7,4.5e+20,PAR3P,JPL,0.2,0.26,short-term_:_and long-term,2.415625
True,mean,True,upper,VM7,4.5e+20,PAR3P,CSR,0.2,0.26,short-term_:_and long-term,2.349384
True,mean,True,upper,VM7,4.5e+20,PAR3P,MSSA,0.2,0.26,short-term_:_and long-term,2.364964
False,mean,True,mean,VM7,4.5e+20,PREM,GFZ,0.15,0.26,short-term_:_and long-term,2.409437
False,mean,True,mean,VM7,4.5e+20,PREM,JPL,0.15,0.26,short-term_:_and long-term,2.488386
False,mean,True,mean,VM7,4.5e+20,PREM,CSR,0.15,0.26,short-term_:_and long-term,2.42485
False,mean,True,mean,VM7,4.5e+20,PREM,MSSA,0.15,0.26,short-term_:_and long-term,2.436772
True,mean,True,mean,VM7,4.5e+20,PREM,GFZ,0.15,0.26,short-term_:_and long-term,2.400888
True,mean,True,mean,VM7,4.5e+20,PREM,JPL,0.15,0.26,short-term_:_and long-term,2.479563
True,mean,True,mean,VM7,4.5e+20,PREM,CSR,0.15,0.26,short-term_:_and long-term,2.416356
False,mean,True,lower,VM7,4.5e+20,PREM,GFZ,0.15,0.26,short-term_:_and long-term,2.422183
False,mean,True,lower,VM7,4.5e+20,PREM,JPL,0.15,0.26,short-term_:_and long-term,2.500504
False,mean,True,lower,VM7,4.5e+20,PREM,CSR,0.15,0.26,short-term_:_and long-term,2.437948
False,mean,True,lower,VM7,4.5e+20,PREM,MSSA,0.15,0.26,short-term_:_and long-term,2.448168
True,mean,True,lower,VM7,4.5e+20,PREM,GFZ,0.15,0.26,short-term_:_and long-term,2.412032
True,mean,True,lower,VM7,4.5e+20,PREM,JPL,0.15,0.26,short-term_:_and long-term,2.490876
True,mean,True,lower,VM7,4.5e+20,PREM,CSR,0.15,0.26,short-term_:_and long-term,2.427869
True,mean,True,lower,VM7,4.5e+20,PREM,MSSA,0.15,0.26,short-term_:_and long-term,2.438789
False,mean,True,upper,VM7,4.5e+20,PREM,GFZ,0.15,0.26,short-term_:_and long-term,2.395417
False,mean,True,upper,VM7,4.5e+20,PREM,JPL,0.15,0.26,short-term_:_and long-term,2.475015
False,mean,True,upper,VM7,4.5e+20,PREM,CSR,0.15,0.26,short-term_:_and long-term,2.411131
False,mean,True,upper,VM7,4.5e+20,PREM,MSSA,0.15,0.26,short-term_:_and long-term,2.423771
True,mean,True,upper,VM7,4.5e+20,PREM,GFZ,0.15,0.26,short-term_:_and long-term,2.38727
True,mean,True,upper,VM7,4.5e+20,PREM,JPL,0.15,0.26,short-term_:_and long-term,2.466091
True,mean,True,upper,VM7,4.5e+20,PREM,CSR,0.15,0.26,short-term_:_and long-term,2.401804
True,mean,True,upper,VM7,4.5e+20,PREM,MSSA,0.15,0.26,short-term_:_and long-term,2.416583
False,mean,True,mean,VM7,4.5e+20,PREM,GFZ,0.1,0.26,short-term_:_and long-term,2.448315
False,mean,True,mean,VM7,4.5e+20,PREM,JPL,0.1,0.26,short-term_:_and long-term,2.52824
False,mean,True,mean,VM7,4.5e+20,PREM,CSR,0.1,0.26,short-term_:_and long-term,2.466605
False,mean,True,mean,VM7,4.5e+20,PREM,MSSA,0.1,0.26,short-term_:_and long-term,2.471523
True,mean,True,mean,VM7,4.5e+20,PREM,GFZ,0.1,0.26,short-term_:_and long-term,2.436517
True,mean,True,mean,VM7,4.5e+20,PREM,JPL,0.1,0.26,short-term_:_and long-term,2.51601
True,mean,True,mean,VM7,4.5e+20,PREM,CSR,0.1,0.26,short-term_:_and long-term,2.455114
False,mean,True,lower,VM7,4.5e+20,PREM,GFZ,0.1,0.26,short-term_:_and long-term,2.465125
False,mean,True,lower,VM7,4.5e+20,PREM,JPL,0.1,0.26,short-term_:_and long-term,2.545222
False,mean,True,lower,VM7,4.5e+20,PREM,CSR,0.1,0.26,short-term_:_and long-term,2.484367
False,mean,True,lower,VM7,4.5e+20,PREM,MSSA,0.1,0.26,short-term_:_and long-term,2.485916
True,mean,True,lower,VM7,4.5e+20,PREM,GFZ,0.1,0.26,short-term_:_and long-term,2.451583
True,mean,True,lower,VM7,4.5e+20,PREM,JPL,0.1,0.26,short-term_:_and long-term,2.533123
True,mean,True,lower,VM7,4.5e+20,PREM,CSR,0.1,0.26,short-term_:_and long-term,2.471347
True,mean,True,lower,VM7,4.5e+20,PREM,MSSA,0.1,0.26,short-term_:_and long-term,2.472862
False,mean,True,upper,VM7,4.5e+20,PREM,GFZ,0.1,0.26,short-term_:_and long-term,2.429742
False,mean,True,upper,VM7,4.5e+20,PREM,JPL,0.1,0.26,short-term_:_and long-term,2.509107
False,mean,True,upper,VM7,4.5e+20,PREM,CSR,0.1,0.26,short-term_:_and long-term,2.448618
False,mean,True,upper,VM7,4.5e+20,PREM,MSSA,0.1,0.26,short-term_:_and long-term,2.455789
True,mean,True,upper,VM7,4.5e+20,PREM,GFZ,0.1,0.26,short-term_:_and long-term,2.418397
True,mean,True,upper,VM7,4.5e+20,PREM,JPL,0.1,0.26,short-term_:_and long-term,2.497869
True,mean,True,upper,VM7,4.5e+20,PREM,CSR,0.1,0.26,short-term_:_and long-term,2.437449
True,mean,True,upper,VM7,4.5e+20,PREM,MSSA,0.1,0.26,short-term_:_and long-term,2.445016
False,mean,True,mean,VM7,4.5e+20,PREM,GFZ,0.2,0.26,short-term_:_and long-term,2.382234
False,mean,True,mean,VM7,4.5e+20,PREM,JPL,0.2,0.26,short-term_:_and long-term,2.460931
False,mean,True,mean,VM7,4.5e+20,PREM,CSR,0.2,0.26,short-term_:_and long-term,2.395954
False,mean,True,mean,VM7,4.5e+20,PREM,MSSA,0.2,0.26,short-term_:_and long-term,2.408047
True,mean,True,mean,VM7,4.5e+20,PREM,GFZ,0.2,0.26,short-term_:_and long-term,2.375783
True,mean,True,mean,VM7,4.5e+20,PREM,JPL,0.2,0.26,short-term_:_and long-term,2.454718
True,mean,True,mean,VM7,4.5e+20,PREM,CSR,0.2,0.26,short-term_:_and long-term,2.388868
False,mean,True,lower,VM7,4.5e+20,PREM,GFZ,0.2,0.26,short-term_:_and long-term,2.391561
False,mean,True,lower,VM7,4.5e+20,PREM,JPL,0.2,0.26,short-term_:_and long-term,2.468294
False,mean,True,lower,VM7,4.5e+20,PREM,CSR,0.2,0.26,short-term_:_and long-term,2.404855
False,mean,True,lower,VM7,4.5e+20,PREM,MSSA,0.2,0.26,short-term_:_and long-term,2.413854
True,mean,True,lower,VM7,4.5e+20,PREM,GFZ,0.2,0.26,short-term_:_and long-term,2.384923
True,mean,True,lower,VM7,4.5e+20,PREM,JPL,0.2,0.26,short-term_:_and long-term,2.462092
True,mean,True,lower,VM7,4.5e+20,PREM,CSR,0.2,0.26,short-term_:_and long-term,2.398419
True,mean,True,lower,VM7,4.5e+20,PREM,MSSA,0.2,0.26,short-term_:_and long-term,2.408464
False,mean,True,upper,VM7,4.5e+20,PREM,GFZ,0.2,0.26,short-term_:_and long-term,2.37163
False,mean,True,upper,VM7,4.5e+20,PREM,JPL,0.2,0.26,short-term_:_and long-term,2.451971
False,mean,True,upper,VM7,4.5e+20,PREM,CSR,0.2,0.26,short-term_:_and long-term,2.385629
False,mean,True,upper,VM7,4.5e+20,PREM,MSSA,0.2,0.26,short-term_:_and long-term,2.400396
True,mean,True,upper,VM7,4.5e+20,PREM,GFZ,0.2,0.26,short-term_:_and long-term,2.365527
True,mean,True,upper,VM7,4.5e+20,PREM,JPL,0.2,0.26,short-term_:_and long-term,2.446385
True,mean,True,upper,VM7,4.5e+20,PREM,CSR,0.2,0.26,short-term_:_and long-term,2.379538
True,mean,True,upper,VM7,4.5e+20,PREM,MSSA,0.2,0.26,short-term_:_and long-term,2.394425
False,mean,True,mean,VM7,4.5e+20,QL6,GFZ,0.15,0.26,short-term_:_and long-term,2.360016
False,mean,True,mean,VM7,4.5e+20,QL6,JPL,0.15,0.26,short-term_:_and long-term,2.437316
False,mean,True,mean,VM7,4.5e+20,QL6,CSR,0.15,0.26,short-term_:_and long-term,2.374843
False,mean,True,mean,VM7,4.5e+20,QL6,MSSA,0.15,0.26,short-term_:_and long-term,2.388476
True,mean,True,mean,VM7,4.5e+20,QL6,GFZ,0.15,0.26,short-term_:_and long-term,2.351232
True,mean,True,mean,VM7,4.5e+20,QL6,JPL,0.15,0.26,short-term_:_and long-term,2.42934
True,mean,True,mean,VM7,4.5e+20,QL6,CSR,0.15,0.26,short-term_:_and long-term,2.36697
False,mean,True,lower,VM7,4.5e+20,QL6,GFZ,0.15,0.26,short-term_:_and long-term,2.369175
False,mean,True,lower,VM7,4.5e+20,QL6,JPL,0.15,0.26,short-term_:_and long-term,2.446188
False,mean,True,lower,VM7,4.5e+20,QL6,CSR,0.15,0.26,short-term_:_and long-term,2.384311
False,mean,True,lower,VM7,4.5e+20,QL6,MSSA,0.15,0.26,short-term_:_and long-term,2.396175
True,mean,True,lower,VM7,4.5e+20,QL6,GFZ,0.15,0.26,short-term_:_and long-term,2.35957
True,mean,True,lower,VM7,4.5e+20,QL6,JPL,0.15,0.26,short-term_:_and long-term,2.436047
True,mean,True,lower,VM7,4.5e+20,QL6,CSR,0.15,0.26,short-term_:_and long-term,2.374815
True,mean,True,lower,VM7,4.5e+20,QL6,MSSA,0.15,0.26,short-term_:_and long-term,2.388271
False,mean,True,upper,VM7,4.5e+20,QL6,GFZ,0.15,0.26,short-term_:_and long-term,2.34966
False,mean,True,upper,VM7,4.5e+20,QL6,JPL,0.15,0.26,short-term_:_and long-term,2.427864
False,mean,True,upper,VM7,4.5e+20,QL6,CSR,0.15,0.26,short-term_:_and long-term,2.364792
False,mean,True,upper,VM7,4.5e+20,QL6,MSSA,0.15,0.26,short-term_:_and long-term,2.378913
True,mean,True,upper,VM7,4.5e+20,QL6,GFZ,0.15,0.26,short-term_:_and long-term,2.341305
True,mean,True,upper,VM7,4.5e+20,QL6,JPL,0.15,0.26,short-term_:_and long-term,2.419861
True,mean,True,upper,VM7,4.5e+20,QL6,CSR,0.15,0.26,short-term_:_and long-term,2.355794
True,mean,True,upper,VM7,4.5e+20,QL6,MSSA,0.15,0.26,short-term_:_and long-term,2.372635
False,mean,True,mean,VM7,4.5e+20,QL6,GFZ,0.1,0.26,short-term_:_and long-term,2.392088
False,mean,True,mean,VM7,4.5e+20,QL6,JPL,0.1,0.26,short-term_:_and long-term,2.469677
False,mean,True,mean,VM7,4.5e+20,QL6,CSR,0.1,0.26,short-term_:_and long-term,2.408886
False,mean,True,mean,VM7,4.5e+20,QL6,MSSA,0.1,0.26,short-term_:_and long-term,2.41821
True,mean,True,mean,VM7,4.5e+20,QL6,GFZ,0.1,0.26,short-term_:_and long-term,2.38143
True,mean,True,mean,VM7,4.5e+20,QL6,JPL,0.1,0.26,short-term_:_and long-term,2.459342
True,mean,True,mean,VM7,4.5e+20,QL6,CSR,0.1,0.26,short-term_:_and long-term,2.398516
False,mean,True,lower,VM7,4.5e+20,QL6,GFZ,0.1,0.26,short-term_:_and long-term,2.404965
False,mean,True,lower,VM7,4.5e+20,QL6,JPL,0.1,0.26,short-term_:_and long-term,2.483263
False,mean,True,lower,VM7,4.5e+20,QL6,CSR,0.1,0.26,short-term_:_and long-term,2.422225
False,mean,True,lower,VM7,4.5e+20,QL6,MSSA,0.1,0.26,short-term_:_and long-term,2.428664
True,mean,True,lower,VM7,4.5e+20,QL6,GFZ,0.1,0.26,short-term_:_and long-term,2.393627
True,mean,True,lower,VM7,4.5e+20,QL6,JPL,0.1,0.26,short-term_:_and long-term,2.470765
True,mean,True,lower,VM7,4.5e+20,QL6,CSR,0.1,0.26,short-term_:_and long-term,2.410377
True,mean,True,lower,VM7,4.5e+20,QL6,MSSA,0.1,0.26,short-term_:_and long-term,2.417592
False,mean,True,upper,VM7,4.5e+20,QL6,GFZ,0.1,0.26,short-term_:_and long-term,2.378294
False,mean,True,upper,VM7,4.5e+20,QL6,JPL,0.1,0.26,short-term_:_and long-term,2.456639
False,mean,True,upper,VM7,4.5e+20,QL6,CSR,0.1,0.26,short-term_:_and long-term,2.394803
False,mean,True,upper,VM7,4.5e+20,QL6,MSSA,0.1,0.26,short-term_:_and long-term,2.406762
True,mean,True,upper,VM7,4.5e+20,QL6,GFZ,0.1,0.26,short-term_:_and long-term,2.368779
True,mean,True,upper,VM7,4.5e+20,QL6,JPL,0.1,0.26,short-term_:_and long-term,2.44616
True,mean,True,upper,VM7,4.5e+20,QL6,CSR,0.1,0.26,short-term_:_and long-term,2.384358
True,mean,True,upper,VM7,4.5e+20,QL6,MSSA,0.1,0.26,short-term_:_and long-term,2.398606
False,mean,True,mean,VM7,4.5e+20,QL6,GFZ,0.2,0.26,short-term_:_and long-term,2.336546
False,mean,True,mean,VM7,4.5e+20,QL6,JPL,0.2,0.26,short-term_:_and long-term,2.415337
False,mean,True,mean,VM7,4.5e+20,QL6,CSR,0.2,0.26,short-term_:_and long-term,2.350002
False,mean,True,mean,VM7,4.5e+20,QL6,MSSA,0.2,0.26,short-term_:_and long-term,2.366185
True,mean,True,mean,VM7,4.5e+20,QL6,GFZ,0.2,0.26,short-term_:_and long-term,2.32997
True,mean,True,mean,VM7,4.5e+20,QL6,JPL,0.2,0.26,short-term_:_and long-term,2.40853
True,mean,True,mean,VM7,4.5e+20,QL6,CSR,0.2,0.26,short-term_:_and long-term,2.342888
False,mean,True,lower,VM7,4.5e+20,QL6,GFZ,0.2,0.26,short-term_:_and long-term,2.343299
False,mean,True,lower,VM7,4.5e+20,QL6,JPL,0.2,0.26,short-term_:_and long-term,2.422282
False,mean,True,lower,VM7,4.5e+20,QL6,CSR,0.2,0.26,short-term_:_and long-term,2.357233
False,mean,True,lower,VM7,4.5e+20,QL6,MSSA,0.2,0.26,short-term_:_and long-term,2.370097
True,mean,True,lower,VM7,4.5e+20,QL6,GFZ,0.2,0.26,short-term_:_and long-term,2.335393
True,mean,True,lower,VM7,4.5e+20,QL6,JPL,0.2,0.26,short-term_:_and long-term,2.414716
True,mean,True,lower,VM7,4.5e+20,QL6,CSR,0.2,0.26,short-term_:_and long-term,2.349603
True,mean,True,lower,VM7,4.5e+20,QL6,MSSA,0.2,0.26,short-term_:_and long-term,2.363519
False,mean,True,upper,VM7,4.5e+20,QL6,GFZ,0.2,0.26,short-term_:_and long-term,2.328175
False,mean,True,upper,VM7,4.5e+20,QL6,JPL,0.2,0.26,short-term_:_and long-term,2.407695
False,mean,True,upper,VM7,4.5e+20,QL6,CSR,0.2,0.26,short-term_:_and long-term,2.341845
False,mean,True,upper,VM7,4.5e+20,QL6,MSSA,0.2,0.26,short-term_:_and long-term,2.357498
True,mean,True,upper,VM7,4.5e+20,QL6,GFZ,0.2,0.26,short-term_:_and long-term,2.32156
True,mean,True,upper,VM7,4.5e+20,QL6,JPL,0.2,0.26,short-term_:_and long-term,2.401096
True,mean,True,upper,VM7,4.5e+20,QL6,CSR,0.2,0.26,short-term_:_and long-term,2.335516
True,mean,True,upper,VM7,4.5e+20,QL6,MSSA,0.2,0.26,short-term_:_and long-term,2.351016
False,mean,True,mean,VM7,4.5e+20,QM1,GFZ,0.15,0.26,short-term_:_and long-term,2.411034
False,mean,True,mean,VM7,4.5e+20,QM1,JPL,0.15,0.26,short-term_:_and long-term,2.489982
False,mean,True,mean,VM7,4.5e+20,QM1,CSR,0.15,0.26,short-term_:_and long-term,2.425293
False,mean,True,mean,VM7,4.5e+20,QM1,MSSA,0.15,0.26,short-term_:_and long-term,2.435127
True,mean,True,mean,VM7,4.5e+20,QM1,GFZ,0.15,0.26,short-term_:_and long-term,2.403075
True,mean,True,mean,VM7,4.5e+20,QM1,JPL,0.15,0.26,short-term_:_and long-term,2.482433
True,mean,True,mean,VM7,4.5e+20,QM1,CSR,0.15,0.26,short-term_:_and long-term,2.416409
False,mean,True,lower,VM7,4.5e+20,QM1,GFZ,0.15,0.26,short-term_:_and long-term,2.423878
False,mean,True,lower,VM7,4.5e+20,QM1,JPL,0.15,0.26,short-term_:_and long-term,2.501525
False,mean,True,lower,VM7,4.5e+20,QM1,CSR,0.15,0.26,short-term_:_and long-term,2.437539
False,mean,True,lower,VM7,4.5e+20,QM1,MSSA,0.15,0.26,short-term_:_and long-term,2.445795
True,mean,True,lower,VM7,4.5e+20,QM1,GFZ,0.15,0.26,short-term_:_and long-term,2.414608
True,mean,True,lower,VM7,4.5e+20,QM1,JPL,0.15,0.26,short-term_:_and long-term,2.492688
True,mean,True,lower,VM7,4.5e+20,QM1,CSR,0.15,0.26,short-term_:_and long-term,2.428381
True,mean,True,lower,VM7,4.5e+20,QM1,MSSA,0.15,0.26,short-term_:_and long-term,2.43802
False,mean,True,upper,VM7,4.5e+20,QM1,GFZ,0.15,0.26,short-term_:_and long-term,2.398374
False,mean,True,upper,VM7,4.5e+20,QM1,JPL,0.15,0.26,short-term_:_and long-term,2.477372
False,mean,True,upper,VM7,4.5e+20,QM1,CSR,0.15,0.26,short-term_:_and long-term,2.412192
False,mean,True,upper,VM7,4.5e+20,QM1,MSSA,0.15,0.26,short-term_:_and long-term,2.42261
True,mean,True,upper,VM7,4.5e+20,QM1,GFZ,0.15,0.26,short-term_:_and long-term,2.390869
True,mean,True,upper,VM7,4.5e+20,QM1,JPL,0.15,0.26,short-term_:_and long-term,2.469527
True,mean,True,upper,VM7,4.5e+20,QM1,CSR,0.15,0.26,short-term_:_and long-term,2.403832
True,mean,True,upper,VM7,4.5e+20,QM1,MSSA,0.15,0.26,short-term_:_and long-term,2.415005
False,mean,True,mean,VM7,4.5e+20,QM1,GFZ,0.1,0.26,short-term_:_and long-term,2.44271
False,mean,True,mean,VM7,4.5e+20,QM1,JPL,0.1,0.26,short-term_:_and long-term,2.521433
False,mean,True,mean,VM7,4.5e+20,QM1,CSR,0.1,0.26,short-term_:_and long-term,2.460728
False,mean,True,mean,VM7,4.5e+20,QM1,MSSA,0.1,0.26,short-term_:_and long-term,2.465499
True,mean,True,mean,VM7,4.5e+20,QM1,GFZ,0.1,0.26,short-term_:_and long-term,2.430855
True,mean,True,mean,VM7,4.5e+20,QM1,JPL,0.1,0.26,short-term_:_and long-term,2.509736
True,mean,True,mean,VM7,4.5e+20,QM1,CSR,0.1,0.26,short-term_:_and long-term,2.449063
False,mean,True,lower,VM7,4.5e+20,QM1,GFZ,0.1,0.26,short-term_:_and long-term,2.457889
False,mean,True,lower,VM7,4.5e+20,QM1,JPL,0.1,0.26,short-term_:_and long-term,2.537625
False,mean,True,lower,VM7,4.5e+20,QM1,CSR,0.1,0.26,short-term_:_and long-term,2.478214
False,mean,True,lower,VM7,4.5e+20,QM1,MSSA,0.1,0.26,short-term_:_and long-term,2.480002
True,mean,True,lower,VM7,4.5e+20,QM1,GFZ,0.1,0.26,short-term_:_and long-term,2.44495
True,mean,True,lower,VM7,4.5e+20,QM1,JPL,0.1,0.26,short-term_:_and long-term,2.52507
True,mean,True,lower,VM7,4.5e+20,QM1,CSR,0.1,0.26,short-term_:_and long-term,2.465444
True,mean,True,lower,VM7,4.5e+20,QM1,MSSA,0.1,0.26,short-term_:_and long-term,2.469239
False,mean,True,upper,VM7,4.5e+20,QM1,GFZ,0.1,0.26,short-term_:_and long-term,2.423138
False,mean,True,upper,VM7,4.5e+20,QM1,JPL,0.1,0.26,short-term_:_and long-term,2.504411
False,mean,True,upper,VM7,4.5e+20,QM1,CSR,0.1,0.26,short-term_:_and long-term,2.441007
False,mean,True,upper,VM7,4.5e+20,QM1,MSSA,0.1,0.26,short-term_:_and long-term,2.450165
True,mean,True,upper,VM7,4.5e+20,QM1,GFZ,0.1,0.26,short-term_:_and long-term,2.412763
True,mean,True,upper,VM7,4.5e+20,QM1,JPL,0.1,0.26,short-term_:_and long-term,2.49311
True,mean,True,upper,VM7,4.5e+20,QM1,CSR,0.1,0.26,short-term_:_and long-term,2.430312
True,mean,True,upper,VM7,4.5e+20,QM1,MSSA,0.1,0.26,short-term_:_and long-term,2.43977
False,mean,True,mean,VM7,4.5e+20,QM1,GFZ,0.2,0.26,short-term_:_and long-term,2.385757
False,mean,True,mean,VM7,4.5e+20,QM1,JPL,0.2,0.26,short-term_:_and long-term,2.464327
False,mean,True,mean,VM7,4.5e+20,QM1,CSR,0.2,0.26,short-term_:_and long-term,2.399477
False,mean,True,mean,VM7,4.5e+20,QM1,MSSA,0.2,0.26,short-term_:_and long-term,2.412106
True,mean,True,mean,VM7,4.5e+20,QM1,GFZ,0.2,0.26,short-term_:_and long-term,2.379636
True,mean,True,mean,VM7,4.5e+20,QM1,JPL,0.2,0.26,short-term_:_and long-term,2.458964
True,mean,True,mean,VM7,4.5e+20,QM1,CSR,0.2,0.26,short-term_:_and long-term,2.39367
False,mean,True,lower,VM7,4.5e+20,QM1,GFZ,0.2,0.26,short-term_:_and long-term,2.39467
False,mean,True,lower,VM7,4.5e+20,QM1,JPL,0.2,0.26,short-term_:_and long-term,2.471902
False,mean,True,lower,VM7,4.5e+20,QM1,CSR,0.2,0.26,short-term_:_and long-term,2.408974
False,mean,True,lower,VM7,4.5e+20,QM1,MSSA,0.2,0.26,short-term_:_and long-term,2.417208
True,mean,True,lower,VM7,4.5e+20,QM1,GFZ,0.2,0.26,short-term_:_and long-term,2.38848
True,mean,True,lower,VM7,4.5e+20,QM1,JPL,0.2,0.26,short-term_:_and long-term,2.466004
True,mean,True,lower,VM7,4.5e+20,QM1,CSR,0.2,0.26,short-term_:_and long-term,2.402325
True,mean,True,lower,VM7,4.5e+20,QM1,MSSA,0.2,0.26,short-term_:_and long-term,2.412018
False,mean,True,upper,VM7,4.5e+20,QM1,GFZ,0.2,0.26,short-term_:_and long-term,2.37553
False,mean,True,upper,VM7,4.5e+20,QM1,JPL,0.2,0.26,short-term_:_and long-term,2.455235
False,mean,True,upper,VM7,4.5e+20,QM1,CSR,0.2,0.26,short-term_:_and long-term,2.389575
False,mean,True,upper,VM7,4.5e+20,QM1,MSSA,0.2,0.26,short-term_:_and long-term,2.402971
True,mean,True,upper,VM7,4.5e+20,QM1,GFZ,0.2,0.26,short-term_:_and long-term,2.369862
True,mean,True,upper,VM7,4.5e+20,QM1,JPL,0.2,0.26,short-term_:_and long-term,2.449662
True,mean,True,upper,VM7,4.5e+20,QM1,CSR,0.2,0.26,short-term_:_and long-term,2.384056
True,mean,True,upper,VM7,4.5e+20,QM1,MSSA,0.2,0.26,short-term_:_and long-term,2.397064
False,mean,True,mean,VM7,4.5e+20,Resovsky,GFZ,0.15,0.26,short-term_:_and long-term,2.374058
False,mean,True,mean,VM7,4.5e+20,Resovsky,JPL,0.15,0.26,short-term_:_and long-term,2.453282
False,mean,True,mean,VM7,4.5e+20,Resovsky,CSR,0.15,0.26,short-term_:_and long-term,2.388287
False,mean,True,mean,VM7,4.5e+20,Resovsky,MSSA,0.15,0.26,short-term_:_and long-term,2.400308
True,mean,True,mean,VM7,4.5e+20,Resovsky,GFZ,0.15,0.26,short-term_:_and long-term,2.365408
True,mean,True,mean,VM7,4.5e+20,Resovsky,JPL,0.15,0.26,short-term_:_and long-term,2.444974
True,mean,True,mean,VM7,4.5e+20,Resovsky,CSR,0.15,0.26,short-term_:_and long-term,2.379291
False,mean,True,lower,VM7,4.5e+20,Resovsky,GFZ,0.15,0.26,short-term_:_and long-term,2.383649
False,mean,True,lower,VM7,4.5e+20,Resovsky,JPL,0.15,0.26,short-term_:_and long-term,2.462106
False,mean,True,lower,VM7,4.5e+20,Resovsky,CSR,0.15,0.26,short-term_:_and long-term,2.398763
False,mean,True,lower,VM7,4.5e+20,Resovsky,MSSA,0.15,0.26,short-term_:_and long-term,2.409121
True,mean,True,lower,VM7,4.5e+20,Resovsky,GFZ,0.15,0.26,short-term_:_and long-term,2.37387
True,mean,True,lower,VM7,4.5e+20,Resovsky,JPL,0.15,0.26,short-term_:_and long-term,2.452857
True,mean,True,lower,VM7,4.5e+20,Resovsky,CSR,0.15,0.26,short-term_:_and long-term,2.388614
True,mean,True,lower,VM7,4.5e+20,Resovsky,MSSA,0.15,0.26,short-term_:_and long-term,2.399905
False,mean,True,upper,VM7,4.5e+20,Resovsky,GFZ,0.15,0.26,short-term_:_and long-term,2.363245
False,mean,True,upper,VM7,4.5e+20,Resovsky,JPL,0.15,0.26,short-term_:_and long-term,2.443098
False,mean,True,upper,VM7,4.5e+20,Resovsky,CSR,0.15,0.26,short-term_:_and long-term,2.377777
False,mean,True,upper,VM7,4.5e+20,Resovsky,MSSA,0.15,0.26,short-term_:_and long-term,2.389564
True,mean,True,upper,VM7,4.5e+20,Resovsky,GFZ,0.15,0.26,short-term_:_and long-term,2.35572
True,mean,True,upper,VM7,4.5e+20,Resovsky,JPL,0.15,0.26,short-term_:_and long-term,2.434633
True,mean,True,upper,VM7,4.5e+20,Resovsky,CSR,0.15,0.26,short-term_:_and long-term,2.369316
True,mean,True,upper,VM7,4.5e+20,Resovsky,MSSA,0.15,0.26,short-term_:_and long-term,2.381786
False,mean,True,mean,VM7,4.5e+20,Resovsky,GFZ,0.1,0.26,short-term_:_and long-term,2.398517
False,mean,True,mean,VM7,4.5e+20,Resovsky,JPL,0.1,0.26,short-term_:_and long-term,2.476326
False,mean,True,mean,VM7,4.5e+20,Resovsky,CSR,0.1,0.26,short-term_:_and long-term,2.413865
False,mean,True,mean,VM7,4.5e+20,Resovsky,MSSA,0.1,0.26,short-term_:_and long-term,2.426124
True,mean,True,mean,VM7,4.5e+20,Resovsky,GFZ,0.1,0.26,short-term_:_and long-term,2.387473
True,mean,True,mean,VM7,4.5e+20,Resovsky,JPL,0.1,0.26,short-term_:_and long-term,2.465003
True,mean,True,mean,VM7,4.5e+20,Resovsky,CSR,0.1,0.26,short-term_:_and long-term,2.402387
False,mean,True,lower,VM7,4.5e+20,Resovsky,GFZ,0.1,0.26,short-term_:_and long-term,2.410048
False,mean,True,lower,VM7,4.5e+20,Resovsky,JPL,0.1,0.26,short-term_:_and long-term,2.487927
False,mean,True,lower,VM7,4.5e+20,Resovsky,CSR,0.1,0.26,short-term_:_and long-term,2.428623
False,mean,True,lower,VM7,4.5e+20,Resovsky,MSSA,0.1,0.26,short-term_:_and long-term,2.437068
True,mean,True,lower,VM7,4.5e+20,Resovsky,GFZ,0.1,0.26,short-term_:_and long-term,2.39727
True,mean,True,lower,VM7,4.5e+20,Resovsky,JPL,0.1,0.26,short-term_:_and long-term,2.475213
True,mean,True,lower,VM7,4.5e+20,Resovsky,CSR,0.1,0.26,short-term_:_and long-term,2.414231
True,mean,True,lower,VM7,4.5e+20,Resovsky,MSSA,0.1,0.26,short-term_:_and long-term,2.424921
False,mean,True,upper,VM7,4.5e+20,Resovsky,GFZ,0.1,0.26,short-term_:_and long-term,2.385635
False,mean,True,upper,VM7,4.5e+20,Resovsky,JPL,0.1,0.26,short-term_:_and long-term,2.463642
False,mean,True,upper,VM7,4.5e+20,Resovsky,CSR,0.1,0.26,short-term_:_and long-term,2.400523
False,mean,True,upper,VM7,4.5e+20,Resovsky,MSSA,0.1,0.26,short-term_:_and long-term,2.41445
True,mean,True,upper,VM7,4.5e+20,Resovsky,GFZ,0.1,0.26,short-term_:_and long-term,2.374982
True,mean,True,upper,VM7,4.5e+20,Resovsky,JPL,0.1,0.26,short-term_:_and long-term,2.45319
True,mean,True,upper,VM7,4.5e+20,Resovsky,CSR,0.1,0.26,short-term_:_and long-term,2.389725
True,mean,True,upper,VM7,4.5e+20,Resovsky,MSSA,0.1,0.26,short-term_:_and long-term,2.404198
False,mean,True,mean,VM7,4.5e+20,Resovsky,GFZ,0.2,0.26,short-term_:_and long-term,2.35396
False,mean,True,mean,VM7,4.5e+20,Resovsky,JPL,0.2,0.26,short-term_:_and long-term,2.431635
False,mean,True,mean,VM7,4.5e+20,Resovsky,CSR,0.2,0.26,short-term_:_and long-term,2.366931
False,mean,True,mean,VM7,4.5e+20,Resovsky,MSSA,0.2,0.26,short-term_:_and long-term,2.380035
True,mean,True,mean,VM7,4.5e+20,Resovsky,GFZ,0.2,0.26,short-term_:_and long-term,2.347378
True,mean,True,mean,VM7,4.5e+20,Resovsky,JPL,0.2,0.26,short-term_:_and long-term,2.424826
True,mean,True,mean,VM7,4.5e+20,Resovsky,CSR,0.2,0.26,short-term_:_and long-term,2.361195
False,mean,True,lower,VM7,4.5e+20,Resovsky,GFZ,0.2,0.26,short-term_:_and long-term,2.361117
False,mean,True,lower,VM7,4.5e+20,Resovsky,JPL,0.2,0.26,short-term_:_and long-term,2.438578
False,mean,True,lower,VM7,4.5e+20,Resovsky,CSR,0.2,0.26,short-term_:_and long-term,2.37424
False,mean,True,lower,VM7,4.5e+20,Resovsky,MSSA,0.2,0.26,short-term_:_and long-term,2.38613
True,mean,True,lower,VM7,4.5e+20,Resovsky,GFZ,0.2,0.26,short-term_:_and long-term,2.354043
True,mean,True,lower,VM7,4.5e+20,Resovsky,JPL,0.2,0.26,short-term_:_and long-term,2.431569
True,mean,True,lower,VM7,4.5e+20,Resovsky,CSR,0.2,0.26,short-term_:_and long-term,2.366881
True,mean,True,lower,VM7,4.5e+20,Resovsky,MSSA,0.2,0.26,short-term_:_and long-term,2.38009
False,mean,True,upper,VM7,4.5e+20,Resovsky,GFZ,0.2,0.26,short-term_:_and long-term,2.344547
False,mean,True,upper,VM7,4.5e+20,Resovsky,JPL,0.2,0.26,short-term_:_and long-term,2.423259
False,mean,True,upper,VM7,4.5e+20,Resovsky,CSR,0.2,0.26,short-term_:_and long-term,2.359165
False,mean,True,upper,VM7,4.5e+20,Resovsky,MSSA,0.2,0.26,short-term_:_and long-term,2.373387
True,mean,True,upper,VM7,4.5e+20,Resovsky,GFZ,0.2,0.26,short-term_:_and long-term,2.338491
True,mean,True,upper,VM7,4.5e+20,Resovsky,JPL,0.2,0.26,short-term_:_and long-term,2.41709
True,mean,True,upper,VM7,4.5e+20,Resovsky,CSR,0.2,0.26,short-term_:_and long-term,2.352557
True,mean,True,upper,VM7,4.5e+20,Resovsky,MSSA,0.2,0.26,short-term_:_and long-term,2.366665
False,mean,True,mean,Lau,3e+19,,GFZ,,,long-term,2.062395
False,mean,True,mean,Lau,3e+19,,JPL,,,long-term,2.139152
False,mean,True,mean,Lau,3e+19,,CSR,,,long-term,2.076829
False,mean,True,mean,Lau,3e+19,,MSSA,,,long-term,2.107351
True,mean,True,mean,Lau,3e+19,,GFZ,,,long-term,2.058413
True,mean,True,mean,Lau,3e+19,,JPL,,,long-term,2.134323
True,mean,True,mean,Lau,3e+19,,CSR,,,long-term,2.06985
False,mean,True,lower,Lau,3e+19,,GFZ,,,long-term,2.05403
False,mean,True,lower,Lau,3e+19,,JPL,,,long-term,2.128966
False,mean,True,lower,Lau,3e+19,,CSR,,,long-term,2.067133
False,mean,True,lower,Lau,3e+19,,MSSA,,,long-term,2.09851
True,mean,True,lower,Lau,3e+19,,GFZ,,,long-term,2.047937
True,mean,True,lower,Lau,3e+19,,JPL,,,long-term,2.124244
True,mean,True,lower,Lau,3e+19,,CSR,,,long-term,2.060243
True,mean,True,lower,Lau,3e+19,,MSSA,,,long-term,2.095114
False,mean,True,upper,Lau,3e+19,,GFZ,,,long-term,2.069297
False,mean,True,upper,Lau,3e+19,,JPL,,,long-term,2.146714
False,mean,True,upper,Lau,3e+19,,CSR,,,long-term,2.083002
False,mean,True,upper,Lau,3e+19,,MSSA,,,long-term,2.114277
True,mean,True,upper,Lau,3e+19,,GFZ,,,long-term,2.065372
True,mean,True,upper,Lau,3e+19,,JPL,,,long-term,2.14104
True,mean,True,upper,Lau,3e+19,,CSR,,,long-term,2.078005
True,mean,True,upper,Lau,3e+19,,MSSA,,,long-term,2.111183
False,mean,True,mean,Lau,3e+19,PAR3P,GFZ,0.15,0.26,short-term_:_and long-term,2.396911
False,mean,True,mean,Lau,3e+19,PAR3P,JPL,0.15,0.26,short-term_:_and long-term,2.479436
False,mean,True,mean,Lau,3e+19,PAR3P,CSR,0.15,0.26,short-term_:_and long-term,2.417992
False,mean,True,mean,Lau,3e+19,PAR3P,MSSA,0.15,0.26,short-term_:_and long-term,2.423907
True,mean,True,mean,Lau,3e+19,PAR3P,GFZ,0.15,0.26,short-term_:_and long-term,2.386114
True,mean,True,mean,Lau,3e+19,PAR3P,JPL,0.15,0.26,short-term_:_and long-term,2.466904
True,mean,True,mean,Lau,3e+19,PAR3P,CSR,0.15,0.26,short-term_:_and long-term,2.405873
False,mean,True,lower,Lau,3e+19,PAR3P,GFZ,0.15,0.26,short-term_:_and long-term,2.408827
False,mean,True,lower,Lau,3e+19,PAR3P,JPL,0.15,0.26,short-term_:_and long-term,2.492944
False,mean,True,lower,Lau,3e+19,PAR3P,CSR,0.15,0.26,short-term_:_and long-term,2.431565
False,mean,True,lower,Lau,3e+19,PAR3P,MSSA,0.15,0.26,short-term_:_and long-term,2.434199
True,mean,True,lower,Lau,3e+19,PAR3P,GFZ,0.15,0.26,short-term_:_and long-term,2.396443
True,mean,True,lower,Lau,3e+19,PAR3P,JPL,0.15,0.26,short-term_:_and long-term,2.478223
True,mean,True,lower,Lau,3e+19,PAR3P,CSR,0.15,0.26,short-term_:_and long-term,2.417474
True,mean,True,lower,Lau,3e+19,PAR3P,MSSA,0.15,0.26,short-term_:_and long-term,2.422178
False,mean,True,upper,Lau,3e+19,PAR3P,GFZ,0.15,0.26,short-term_:_and long-term,2.385181
False,mean,True,upper,Lau,3e+19,PAR3P,JPL,0.15,0.26,short-term_:_and long-term,2.465505
False,mean,True,upper,Lau,3e+19,PAR3P,CSR,0.15,0.26,short-term_:_and long-term,2.404506
False,mean,True,upper,Lau,3e+19,PAR3P,MSSA,0.15,0.26,short-term_:_and long-term,2.413185
True,mean,True,upper,Lau,3e+19,PAR3P,GFZ,0.15,0.26,short-term_:_and long-term,2.374838
True,mean,True,upper,Lau,3e+19,PAR3P,JPL,0.15,0.26,short-term_:_and long-term,2.454538
True,mean,True,upper,Lau,3e+19,PAR3P,CSR,0.15,0.26,short-term_:_and long-term,2.392522
True,mean,True,upper,Lau,3e+19,PAR3P,MSSA,0.15,0.26,short-term_:_and long-term,2.402791
False,mean,True,mean,Lau,3e+19,PAR3P,GFZ,0.1,0.26,short-term_:_and long-term,2.436526
False,mean,True,mean,Lau,3e+19,PAR3P,JPL,0.1,0.26,short-term_:_and long-term,2.520263
False,mean,True,mean,Lau,3e+19,PAR3P,CSR,0.1,0.26,short-term_:_and long-term,2.456849
False,mean,True,mean,Lau,3e+19,PAR3P,MSSA,0.1,0.26,short-term_:_and long-term,2.453629
True,mean,True,mean,Lau,3e+19,PAR3P,GFZ,0.1,0.26,short-term_:_and long-term,2.421405
True,mean,True,mean,Lau,3e+19,PAR3P,JPL,0.1,0.26,short-term_:_and long-term,2.505163
True,mean,True,mean,Lau,3e+19,PAR3P,CSR,0.1,0.26,short-term_:_and long-term,2.442955
False,mean,True,lower,Lau,3e+19,PAR3P,GFZ,0.1,0.26,short-term_:_and long-term,2.453113
False,mean,True,lower,Lau,3e+19,PAR3P,JPL,0.1,0.26,short-term_:_and long-term,2.534654
False,mean,True,lower,Lau,3e+19,PAR3P,CSR,0.1,0.26,short-term_:_and long-term,2.473673
False,mean,True,lower,Lau,3e+19,PAR3P,MSSA,0.1,0.26,short-term_:_and long-term,2.466564
True,mean,True,lower,Lau,3e+19,PAR3P,GFZ,0.1,0.26,short-term_:_and long-term,2.437652
True,mean,True,lower,Lau,3e+19,PAR3P,JPL,0.1,0.26,short-term_:_and long-term,2.520432
True,mean,True,lower,Lau,3e+19,PAR3P,CSR,0.1,0.26,short-term_:_and long-term,2.45835
True,mean,True,lower,Lau,3e+19,PAR3P,MSSA,0.1,0.26,short-term_:_and long-term,2.453152
False,mean,True,upper,Lau,3e+19,PAR3P,GFZ,0.1,0.26,short-term_:_and long-term,2.4176
False,mean,True,upper,Lau,3e+19,PAR3P,JPL,0.1,0.26,short-term_:_and long-term,2.501587
False,mean,True,upper,Lau,3e+19,PAR3P,CSR,0.1,0.26,short-term_:_and long-term,2.438495
False,mean,True,upper,Lau,3e+19,PAR3P,MSSA,0.1,0.26,short-term_:_and long-term,2.438771
True,mean,True,upper,Lau,3e+19,PAR3P,GFZ,0.1,0.26,short-term_:_and long-term,2.404866
True,mean,True,upper,Lau,3e+19,PAR3P,JPL,0.1,0.26,short-term_:_and long-term,2.487632
True,mean,True,upper,Lau,3e+19,PAR3P,CSR,0.1,0.26,short-term_:_and long-term,2.425461
True,mean,True,upper,Lau,3e+19,PAR3P,MSSA,0.1,0.26,short-term_:_and long-term,2.427545
False,mean,True,mean,Lau,3e+19,PAR3P,GFZ,0.2,0.26,short-term_:_and long-term,2.373917
False,mean,True,mean,Lau,3e+19,PAR3P,JPL,0.2,0.26,short-term_:_and long-term,2.451548
False,mean,True,mean,Lau,3e+19,PAR3P,CSR,0.2,0.26,short-term_:_and long-term,2.390983
False,mean,True,mean,Lau,3e+19,PAR3P,MSSA,0.2,0.26,short-term_:_and long-term,2.401337
True,mean,True,mean,Lau,3e+19,PAR3P,GFZ,0.2,0.26,short-term_:_and long-term,2.363578
True,mean,True,mean,Lau,3e+19,PAR3P,JPL,0.2,0.26,short-term_:_and long-term,2.442418
True,mean,True,mean,Lau,3e+19,PAR3P,CSR,0.2,0.26,short-term_:_and long-term,2.380296
False,mean,True,lower,Lau,3e+19,PAR3P,GFZ,0.2,0.26,short-term_:_and long-term,2.381973
False,mean,True,lower,Lau,3e+19,PAR3P,JPL,0.2,0.26,short-term_:_and long-term,2.460674
False,mean,True,lower,Lau,3e+19,PAR3P,CSR,0.2,0.26,short-term_:_and long-term,2.400544
False,mean,True,lower,Lau,3e+19,PAR3P,MSSA,0.2,0.26,short-term_:_and long-term,2.408636
True,mean,True,lower,Lau,3e+19,PAR3P,GFZ,0.2,0.26,short-term_:_and long-term,2.371939
True,mean,True,lower,Lau,3e+19,PAR3P,JPL,0.2,0.26,short-term_:_and long-term,2.449351
True,mean,True,lower,Lau,3e+19,PAR3P,CSR,0.2,0.26,short-term_:_and long-term,2.387765
True,mean,True,lower,Lau,3e+19,PAR3P,MSSA,0.2,0.26,short-term_:_and long-term,2.400597
False,mean,True,upper,Lau,3e+19,PAR3P,GFZ,0.2,0.26,short-term_:_and long-term,2.363862
False,mean,True,upper,Lau,3e+19,PAR3P,JPL,0.2,0.26,short-term_:_and long-term,2.442515
False,mean,True,upper,Lau,3e+19,PAR3P,CSR,0.2,0.26,short-term_:_and long-term,2.379976
False,mean,True,upper,Lau,3e+19,PAR3P,MSSA,0.2,0.26,short-term_:_and long-term,2.393698
True,mean,True,upper,Lau,3e+19,PAR3P,GFZ,0.2,0.26,short-term_:_and long-term,2.354345
True,mean,True,upper,Lau,3e+19,PAR3P,JPL,0.2,0.26,short-term_:_and long-term,2.434429
True,mean,True,upper,Lau,3e+19,PAR3P,CSR,0.2,0.26,short-term_:_and long-term,2.370079
True,mean,True,upper,Lau,3e+19,PAR3P,MSSA,0.2,0.26,short-term_:_and long-term,2.383666
False,mean,True,mean,Lau,3e+19,PREM,GFZ,0.15,0.26,short-term_:_and long-term,2.431574
False,mean,True,mean,Lau,3e+19,PREM,JPL,0.15,0.26,short-term_:_and long-term,2.514951
False,mean,True,mean,Lau,3e+19,PREM,CSR,0.15,0.26,short-term_:_and long-term,2.452726
False,mean,True,mean,Lau,3e+19,PREM,MSSA,0.15,0.26,short-term_:_and long-term,2.456098
True,mean,True,mean,Lau,3e+19,PREM,GFZ,0.15,0.26,short-term_:_and long-term,2.421327
True,mean,True,mean,Lau,3e+19,PREM,JPL,0.15,0.26,short-term_:_and long-term,2.502481
True,mean,True,mean,Lau,3e+19,PREM,CSR,0.15,0.26,short-term_:_and long-term,2.439748
False,mean,True,lower,Lau,3e+19,PREM,GFZ,0.15,0.26,short-term_:_and long-term,2.447143
False,mean,True,lower,Lau,3e+19,PREM,JPL,0.15,0.26,short-term_:_and long-term,2.53089
False,mean,True,lower,Lau,3e+19,PREM,CSR,0.15,0.26,short-term_:_and long-term,2.468687
False,mean,True,lower,Lau,3e+19,PREM,MSSA,0.15,0.26,short-term_:_and long-term,2.469443
True,mean,True,lower,Lau,3e+19,PREM,GFZ,0.15,0.26,short-term_:_and long-term,2.434777
True,mean,True,lower,Lau,3e+19,PREM,JPL,0.15,0.26,short-term_:_and long-term,2.516223
True,mean,True,lower,Lau,3e+19,PREM,CSR,0.15,0.26,short-term_:_and long-term,2.454572
True,mean,True,lower,Lau,3e+19,PREM,MSSA,0.15,0.26,short-term_:_and long-term,2.457721
False,mean,True,upper,Lau,3e+19,PREM,GFZ,0.15,0.26,short-term_:_and long-term,2.416557
False,mean,True,upper,Lau,3e+19,PREM,JPL,0.15,0.26,short-term_:_and long-term,2.498224
False,mean,True,upper,Lau,3e+19,PREM,CSR,0.15,0.26,short-term_:_and long-term,2.435903
False,mean,True,upper,Lau,3e+19,PREM,MSSA,0.15,0.26,short-term_:_and long-term,2.44295
True,mean,True,upper,Lau,3e+19,PREM,GFZ,0.15,0.26,short-term_:_and long-term,2.404792
True,mean,True,upper,Lau,3e+19,PREM,JPL,0.15,0.26,short-term_:_and long-term,2.484917
True,mean,True,upper,Lau,3e+19,PREM,CSR,0.15,0.26,short-term_:_and long-term,2.423526
True,mean,True,upper,Lau,3e+19,PREM,MSSA,0.15,0.26,short-term_:_and long-term,2.433548
False,mean,True,mean,Lau,3e+19,PREM,GFZ,0.1,0.26,short-term_:_and long-term,2.470195
False,mean,True,mean,Lau,3e+19,PREM,JPL,0.1,0.26,short-term_:_and long-term,2.553966
False,mean,True,mean,Lau,3e+19,PREM,CSR,0.1,0.26,short-term_:_and long-term,2.491696
False,mean,True,mean,Lau,3e+19,PREM,MSSA,0.1,0.26,short-term_:_and long-term,2.486156
True,mean,True,mean,Lau,3e+19,PREM,GFZ,0.1,0.26,short-term_:_and long-term,2.453153
True,mean,True,mean,Lau,3e+19,PREM,JPL,0.1,0.26,short-term_:_and long-term,2.538375
True,mean,True,mean,Lau,3e+19,PREM,CSR,0.1,0.26,short-term_:_and long-term,2.47581
False,mean,True,lower,Lau,3e+19,PREM,GFZ,0.1,0.26,short-term_:_and long-term,2.490124
False,mean,True,lower,Lau,3e+19,PREM,JPL,0.1,0.26,short-term_:_and long-term,2.572023
False,mean,True,lower,Lau,3e+19,PREM,CSR,0.1,0.26,short-term_:_and long-term,2.509791
False,mean,True,lower,Lau,3e+19,PREM,MSSA,0.1,0.26,short-term_:_and long-term,2.502178
True,mean,True,lower,Lau,3e+19,PREM,GFZ,0.1,0.26,short-term_:_and long-term,2.4719
True,mean,True,lower,Lau,3e+19,PREM,JPL,0.1,0.26,short-term_:_and long-term,2.555279
True,mean,True,lower,Lau,3e+19,PREM,CSR,0.1,0.26,short-term_:_and long-term,2.493691
True,mean,True,lower,Lau,3e+19,PREM,MSSA,0.1,0.26,short-term_:_and long-term,2.4868
False,mean,True,upper,Lau,3e+19,PREM,GFZ,0.1,0.26,short-term_:_and long-term,2.449161
False,mean,True,upper,Lau,3e+19,PREM,JPL,0.1,0.26,short-term_:_and long-term,2.533401
False,mean,True,upper,Lau,3e+19,PREM,CSR,0.1,0.26,short-term_:_and long-term,2.471045
False,mean,True,upper,Lau,3e+19,PREM,MSSA,0.1,0.26,short-term_:_and long-term,2.468404
True,mean,True,upper,Lau,3e+19,PREM,GFZ,0.1,0.26,short-term_:_and long-term,2.434512
True,mean,True,upper,Lau,3e+19,PREM,JPL,0.1,0.26,short-term_:_and long-term,2.519521
True,mean,True,upper,Lau,3e+19,PREM,CSR,0.1,0.26,short-term_:_and long-term,2.455551
True,mean,True,upper,Lau,3e+19,PREM,MSSA,0.1,0.26,short-term_:_and long-term,2.456274
False,mean,True,mean,Lau,3e+19,PREM,GFZ,0.2,0.26,short-term_:_and long-term,2.405909
False,mean,True,mean,Lau,3e+19,PREM,JPL,0.2,0.26,short-term_:_and long-term,2.483995
False,mean,True,mean,Lau,3e+19,PREM,CSR,0.2,0.26,short-term_:_and long-term,2.422356
False,mean,True,mean,Lau,3e+19,PREM,MSSA,0.2,0.26,short-term_:_and long-term,2.43364
True,mean,True,mean,Lau,3e+19,PREM,GFZ,0.2,0.26,short-term_:_and long-term,2.395812
True,mean,True,mean,Lau,3e+19,PREM,JPL,0.2,0.26,short-term_:_and long-term,2.474305
True,mean,True,mean,Lau,3e+19,PREM,CSR,0.2,0.26,short-term_:_and long-term,2.41206
False,mean,True,lower,Lau,3e+19,PREM,GFZ,0.2,0.26,short-term_:_and long-term,2.41733
False,mean,True,lower,Lau,3e+19,PREM,JPL,0.2,0.26,short-term_:_and long-term,2.496708
False,mean,True,lower,Lau,3e+19,PREM,CSR,0.2,0.26,short-term_:_and long-term,2.435531
False,mean,True,lower,Lau,3e+19,PREM,MSSA,0.2,0.26,short-term_:_and long-term,2.44273
True,mean,True,lower,Lau,3e+19,PREM,GFZ,0.2,0.26,short-term_:_and long-term,2.405886
True,mean,True,lower,Lau,3e+19,PREM,JPL,0.2,0.26,short-term_:_and long-term,2.484037
True,mean,True,lower,Lau,3e+19,PREM,CSR,0.2,0.26,short-term_:_and long-term,2.423648
True,mean,True,lower,Lau,3e+19,PREM,MSSA,0.2,0.26,short-term_:_and long-term,2.433258
False,mean,True,upper,Lau,3e+19,PREM,GFZ,0.2,0.26,short-term_:_and long-term,2.392927
False,mean,True,upper,Lau,3e+19,PREM,JPL,0.2,0.26,short-term_:_and long-term,2.471842
False,mean,True,upper,Lau,3e+19,PREM,CSR,0.2,0.26,short-term_:_and long-term,2.4094
False,mean,True,upper,Lau,3e+19,PREM,MSSA,0.2,0.26,short-term_:_and long-term,2.422146
True,mean,True,upper,Lau,3e+19,PREM,GFZ,0.2,0.26,short-term_:_and long-term,2.384316
True,mean,True,upper,Lau,3e+19,PREM,JPL,0.2,0.26,short-term_:_and long-term,2.463659
True,mean,True,upper,Lau,3e+19,PREM,CSR,0.2,0.26,short-term_:_and long-term,2.398865
True,mean,True,upper,Lau,3e+19,PREM,MSSA,0.2,0.26,short-term_:_and long-term,2.413791
False,mean,True,mean,Lau,3e+19,QL6,GFZ,0.15,0.26,short-term_:_and long-term,2.387229
False,mean,True,mean,Lau,3e+19,QL6,JPL,0.15,0.26,short-term_:_and long-term,2.468698
False,mean,True,mean,Lau,3e+19,QL6,CSR,0.15,0.26,short-term_:_and long-term,2.407408
False,mean,True,mean,Lau,3e+19,QL6,MSSA,0.15,0.26,short-term_:_and long-term,2.411435
True,mean,True,mean,Lau,3e+19,QL6,GFZ,0.15,0.26,short-term_:_and long-term,2.375001
True,mean,True,mean,Lau,3e+19,QL6,JPL,0.15,0.26,short-term_:_and long-term,2.454917
True,mean,True,mean,Lau,3e+19,QL6,CSR,0.15,0.26,short-term_:_and long-term,2.393346
False,mean,True,lower,Lau,3e+19,QL6,GFZ,0.15,0.26,short-term_:_and long-term,2.399378
False,mean,True,lower,Lau,3e+19,QL6,JPL,0.15,0.26,short-term_:_and long-term,2.481683
False,mean,True,lower,Lau,3e+19,QL6,CSR,0.15,0.26,short-term_:_and long-term,2.420736
False,mean,True,lower,Lau,3e+19,QL6,MSSA,0.15,0.26,short-term_:_and long-term,2.421655
True,mean,True,lower,Lau,3e+19,QL6,GFZ,0.15,0.26,short-term_:_and long-term,2.385455
True,mean,True,lower,Lau,3e+19,QL6,JPL,0.15,0.26,short-term_:_and long-term,2.465881
True,mean,True,lower,Lau,3e+19,QL6,CSR,0.15,0.26,short-term_:_and long-term,2.406073
True,mean,True,lower,Lau,3e+19,QL6,MSSA,0.15,0.26,short-term_:_and long-term,2.409391
False,mean,True,upper,Lau,3e+19,QL6,GFZ,0.15,0.26,short-term_:_and long-term,2.374754
False,mean,True,upper,Lau,3e+19,QL6,JPL,0.15,0.26,short-term_:_and long-term,2.454366
False,mean,True,upper,Lau,3e+19,QL6,CSR,0.15,0.26,short-term_:_and long-term,2.392736
False,mean,True,upper,Lau,3e+19,QL6,MSSA,0.15,0.26,short-term_:_and long-term,2.400111
True,mean,True,upper,Lau,3e+19,QL6,GFZ,0.15,0.26,short-term_:_and long-term,2.362638
True,mean,True,upper,Lau,3e+19,QL6,JPL,0.15,0.26,short-term_:_and long-term,2.441811
True,mean,True,upper,Lau,3e+19,QL6,CSR,0.15,0.26,short-term_:_and long-term,2.380373
True,mean,True,upper,Lau,3e+19,QL6,MSSA,0.15,0.26,short-term_:_and long-term,2.3912
False,mean,True,mean,Lau,3e+19,QL6,GFZ,0.1,0.26,short-term_:_and long-term,2.418818
False,mean,True,mean,Lau,3e+19,QL6,JPL,0.1,0.26,short-term_:_and long-term,2.498701
False,mean,True,mean,Lau,3e+19,QL6,CSR,0.1,0.26,short-term_:_and long-term,2.43839
False,mean,True,mean,Lau,3e+19,QL6,MSSA,0.1,0.26,short-term_:_and long-term,2.433111
True,mean,True,mean,Lau,3e+19,QL6,GFZ,0.1,0.26,short-term_:_and long-term,2.401539
True,mean,True,mean,Lau,3e+19,QL6,JPL,0.1,0.26,short-term_:_and long-term,2.4828
True,mean,True,mean,Lau,3e+19,QL6,CSR,0.1,0.26,short-term_:_and long-term,2.423571
False,mean,True,lower,Lau,3e+19,QL6,GFZ,0.1,0.26,short-term_:_and long-term,2.43278
False,mean,True,lower,Lau,3e+19,QL6,JPL,0.1,0.26,short-term_:_and long-term,2.514012
False,mean,True,lower,Lau,3e+19,QL6,CSR,0.1,0.26,short-term_:_and long-term,2.453816
False,mean,True,lower,Lau,3e+19,QL6,MSSA,0.1,0.26,short-term_:_and long-term,2.445806
True,mean,True,lower,Lau,3e+19,QL6,GFZ,0.1,0.26,short-term_:_and long-term,2.417171
True,mean,True,lower,Lau,3e+19,QL6,JPL,0.1,0.26,short-term_:_and long-term,2.497142
True,mean,True,lower,Lau,3e+19,QL6,CSR,0.1,0.26,short-term_:_and long-term,2.438249
True,mean,True,lower,Lau,3e+19,QL6,MSSA,0.1,0.26,short-term_:_and long-term,2.43065
False,mean,True,upper,Lau,3e+19,QL6,GFZ,0.1,0.26,short-term_:_and long-term,2.400956
False,mean,True,upper,Lau,3e+19,QL6,JPL,0.1,0.26,short-term_:_and long-term,2.482099
False,mean,True,upper,Lau,3e+19,QL6,CSR,0.1,0.26,short-term_:_and long-term,2.421667
False,mean,True,upper,Lau,3e+19,QL6,MSSA,0.1,0.26,short-term_:_and long-term,2.420821
True,mean,True,upper,Lau,3e+19,QL6,GFZ,0.1,0.26,short-term_:_and long-term,2.386363
True,mean,True,upper,Lau,3e+19,QL6,JPL,0.1,0.26,short-term_:_and long-term,2.468395
True,mean,True,upper,Lau,3e+19,QL6,CSR,0.1,0.26,short-term_:_and long-term,2.40727
True,mean,True,upper,Lau,3e+19,QL6,MSSA,0.1,0.26,short-term_:_and long-term,2.407506
False,mean,True,mean,Lau,3e+19,QL6,GFZ,0.2,0.26,short-term_:_and long-term,2.365452
False,mean,True,mean,Lau,3e+19,QL6,JPL,0.2,0.26,short-term_:_and long-term,2.442938
False,mean,True,mean,Lau,3e+19,QL6,CSR,0.2,0.26,short-term_:_and long-term,2.382859
False,mean,True,mean,Lau,3e+19,QL6,MSSA,0.2,0.26,short-term_:_and long-term,2.39381
True,mean,True,mean,Lau,3e+19,QL6,GFZ,0.2,0.26,short-term_:_and long-term,2.354436
True,mean,True,mean,Lau,3e+19,QL6,JPL,0.2,0.26,short-term_:_and long-term,2.432876
True,mean,True,mean,Lau,3e+19,QL6,CSR,0.2,0.26,short-term_:_and long-term,2.3701
False,mean,True,lower,Lau,3e+19,QL6,GFZ,0.2,0.26,short-term_:_and long-term,2.374166
False,mean,True,lower,Lau,3e+19,QL6,JPL,0.2,0.26,short-term_:_and long-term,2.452836
False,mean,True,lower,Lau,3e+19,QL6,CSR,0.2,0.26,short-term_:_and long-term,2.393295
False,mean,True,lower,Lau,3e+19,QL6,MSSA,0.2,0.26,short-term_:_and long-term,2.401772
True,mean,True,lower,Lau,3e+19,QL6,GFZ,0.2,0.26,short-term_:_and long-term,2.364082
True,mean,True,lower,Lau,3e+19,QL6,JPL,0.2,0.26,short-term_:_and long-term,2.440811
True,mean,True,lower,Lau,3e+19,QL6,CSR,0.2,0.26,short-term_:_and long-term,2.379317
True,mean,True,lower,Lau,3e+19,QL6,MSSA,0.2,0.26,short-term_:_and long-term,2.392809
False,mean,True,upper,Lau,3e+19,QL6,GFZ,0.2,0.26,short-term_:_and long-term,2.354411
False,mean,True,upper,Lau,3e+19,QL6,JPL,0.2,0.26,short-term_:_and long-term,2.432666
False,mean,True,upper,Lau,3e+19,QL6,CSR,0.2,0.26,short-term_:_and long-term,2.3702
False,mean,True,upper,Lau,3e+19,QL6,MSSA,0.2,0.26,short-term_:_and long-term,2.384833
True,mean,True,upper,Lau,3e+19,QL6,GFZ,0.2,0.26,short-term_:_and long-term,2.345027
True,mean,True,upper,Lau,3e+19,QL6,JPL,0.2,0.26,short-term_:_and long-term,2.424398
True,mean,True,upper,Lau,3e+19,QL6,CSR,0.2,0.26,short-term_:_and long-term,2.359945
True,mean,True,upper,Lau,3e+19,QL6,MSSA,0.2,0.26,short-term_:_and long-term,2.375786
False,mean,True,mean,Lau,3e+19,QM1,GFZ,0.15,0.26,short-term_:_and long-term,2.432831
False,mean,True,mean,Lau,3e+19,QM1,JPL,0.15,0.26,short-term_:_and long-term,2.512536
False,mean,True,mean,Lau,3e+19,QM1,CSR,0.15,0.26,short-term_:_and long-term,2.451777
False,mean,True,mean,Lau,3e+19,QM1,MSSA,0.15,0.26,short-term_:_and long-term,2.455058
True,mean,True,mean,Lau,3e+19,QM1,GFZ,0.15,0.26,short-term_:_and long-term,2.422716
True,mean,True,mean,Lau,3e+19,QM1,JPL,0.15,0.26,short-term_:_and long-term,2.501651
True,mean,True,mean,Lau,3e+19,QM1,CSR,0.15,0.26,short-term_:_and long-term,2.439477
False,mean,True,lower,Lau,3e+19,QM1,GFZ,0.15,0.26,short-term_:_and long-term,2.447452
False,mean,True,lower,Lau,3e+19,QM1,JPL,0.15,0.26,short-term_:_and long-term,2.529364
False,mean,True,lower,Lau,3e+19,QM1,CSR,0.15,0.26,short-term_:_and long-term,2.467252
False,mean,True,lower,Lau,3e+19,QM1,MSSA,0.15,0.26,short-term_:_and long-term,2.466486
True,mean,True,lower,Lau,3e+19,QM1,GFZ,0.15,0.26,short-term_:_and long-term,2.435895
True,mean,True,lower,Lau,3e+19,QM1,JPL,0.15,0.26,short-term_:_and long-term,2.515224
True,mean,True,lower,Lau,3e+19,QM1,CSR,0.15,0.26,short-term_:_and long-term,2.45417
True,mean,True,lower,Lau,3e+19,QM1,MSSA,0.15,0.26,short-term_:_and long-term,2.456457
False,mean,True,upper,Lau,3e+19,QM1,GFZ,0.15,0.26,short-term_:_and long-term,2.417509
False,mean,True,upper,Lau,3e+19,QM1,JPL,0.15,0.26,short-term_:_and long-term,2.497067
False,mean,True,upper,Lau,3e+19,QM1,CSR,0.15,0.26,short-term_:_and long-term,2.435296
False,mean,True,upper,Lau,3e+19,QM1,MSSA,0.15,0.26,short-term_:_and long-term,2.441525
True,mean,True,upper,Lau,3e+19,QM1,GFZ,0.15,0.26,short-term_:_and long-term,2.406587
True,mean,True,upper,Lau,3e+19,QM1,JPL,0.15,0.26,short-term_:_and long-term,2.485936
True,mean,True,upper,Lau,3e+19,QM1,CSR,0.15,0.26,short-term_:_and long-term,2.422957
True,mean,True,upper,Lau,3e+19,QM1,MSSA,0.15,0.26,short-term_:_and long-term,2.431566
False,mean,True,mean,Lau,3e+19,QM1,GFZ,0.1,0.26,short-term_:_and long-term,2.461515
False,mean,True,mean,Lau,3e+19,QM1,JPL,0.1,0.26,short-term_:_and long-term,2.54636
False,mean,True,mean,Lau,3e+19,QM1,CSR,0.1,0.26,short-term_:_and long-term,2.483262
False,mean,True,mean,Lau,3e+19,QM1,MSSA,0.1,0.26,short-term_:_and long-term,2.483162
True,mean,True,mean,Lau,3e+19,QM1,GFZ,0.1,0.26,short-term_:_and long-term,2.447382
True,mean,True,mean,Lau,3e+19,QM1,JPL,0.1,0.26,short-term_:_and long-term,2.532168
True,mean,True,mean,Lau,3e+19,QM1,CSR,0.1,0.26,short-term_:_and long-term,2.469028
False,mean,True,lower,Lau,3e+19,QM1,GFZ,0.1,0.26,short-term_:_and long-term,2.481698
False,mean,True,lower,Lau,3e+19,QM1,JPL,0.1,0.26,short-term_:_and long-term,2.563662
False,mean,True,lower,Lau,3e+19,QM1,CSR,0.1,0.26,short-term_:_and long-term,2.502339
False,mean,True,lower,Lau,3e+19,QM1,MSSA,0.1,0.26,short-term_:_and long-term,2.498112
True,mean,True,lower,Lau,3e+19,QM1,GFZ,0.1,0.26,short-term_:_and long-term,2.465344
True,mean,True,lower,Lau,3e+19,QM1,JPL,0.1,0.26,short-term_:_and long-term,2.548835
True,mean,True,lower,Lau,3e+19,QM1,CSR,0.1,0.26,short-term_:_and long-term,2.486495
True,mean,True,lower,Lau,3e+19,QM1,MSSA,0.1,0.26,short-term_:_and long-term,2.484461
False,mean,True,upper,Lau,3e+19,QM1,GFZ,0.1,0.26,short-term_:_and long-term,2.443142
False,mean,True,upper,Lau,3e+19,QM1,JPL,0.1,0.26,short-term_:_and long-term,2.526646
False,mean,True,upper,Lau,3e+19,QM1,CSR,0.1,0.26,short-term_:_and long-term,2.463815
False,mean,True,upper,Lau,3e+19,QM1,MSSA,0.1,0.26,short-term_:_and long-term,2.465289
True,mean,True,upper,Lau,3e+19,QM1,GFZ,0.1,0.26,short-term_:_and long-term,2.429594
True,mean,True,upper,Lau,3e+19,QM1,JPL,0.1,0.26,short-term_:_and long-term,2.511735
True,mean,True,upper,Lau,3e+19,QM1,CSR,0.1,0.26,short-term_:_and long-term,2.451357
True,mean,True,upper,Lau,3e+19,QM1,MSSA,0.1,0.26,short-term_:_and long-term,2.453238
False,mean,True,mean,Lau,3e+19,QM1,GFZ,0.2,0.26,short-term_:_and long-term,2.408612
False,mean,True,mean,Lau,3e+19,QM1,JPL,0.2,0.26,short-term_:_and long-term,2.486978
False,mean,True,mean,Lau,3e+19,QM1,CSR,0.2,0.26,short-term_:_and long-term,2.424352
False,mean,True,mean,Lau,3e+19,QM1,MSSA,0.2,0.26,short-term_:_and long-term,2.43341
True,mean,True,mean,Lau,3e+19,QM1,GFZ,0.2,0.26,short-term_:_and long-term,2.400413
True,mean,True,mean,Lau,3e+19,QM1,JPL,0.2,0.26,short-term_:_and long-term,2.479035
True,mean,True,mean,Lau,3e+19,QM1,CSR,0.2,0.26,short-term_:_and long-term,2.415105
False,mean,True,lower,Lau,3e+19,QM1,GFZ,0.2,0.26,short-term_:_and long-term,2.420334
False,mean,True,lower,Lau,3e+19,QM1,JPL,0.2,0.26,short-term_:_and long-term,2.499389
False,mean,True,lower,Lau,3e+19,QM1,CSR,0.2,0.26,short-term_:_and long-term,2.437127
False,mean,True,lower,Lau,3e+19,QM1,MSSA,0.2,0.26,short-term_:_and long-term,2.442775
True,mean,True,lower,Lau,3e+19,QM1,GFZ,0.2,0.26,short-term_:_and long-term,2.410714
True,mean,True,lower,Lau,3e+19,QM1,JPL,0.2,0.26,short-term_:_and long-term,2.488718
True,mean,True,lower,Lau,3e+19,QM1,CSR,0.2,0.26,short-term_:_and long-term,2.426016
True,mean,True,lower,Lau,3e+19,QM1,MSSA,0.2,0.26,short-term_:_and long-term,2.434616
False,mean,True,upper,Lau,3e+19,QM1,GFZ,0.2,0.26,short-term_:_and long-term,2.396076
False,mean,True,upper,Lau,3e+19,QM1,JPL,0.2,0.26,short-term_:_and long-term,2.47487
False,mean,True,upper,Lau,3e+19,QM1,CSR,0.2,0.26,short-term_:_and long-term,2.411566
False,mean,True,upper,Lau,3e+19,QM1,MSSA,0.2,0.26,short-term_:_and long-term,2.422965
True,mean,True,upper,Lau,3e+19,QM1,GFZ,0.2,0.26,short-term_:_and long-term,2.38775
True,mean,True,upper,Lau,3e+19,QM1,JPL,0.2,0.26,short-term_:_and long-term,2.467059
True,mean,True,upper,Lau,3e+19,QM1,CSR,0.2,0.26,short-term_:_and long-term,2.403391
True,mean,True,upper,Lau,3e+19,QM1,MSSA,0.2,0.26,short-term_:_and long-term,2.415442
False,mean,True,mean,Lau,3e+19,Resovsky,GFZ,0.15,0.26,short-term_:_and long-term,2.397698
False,mean,True,mean,Lau,3e+19,Resovsky,JPL,0.15,0.26,short-term_:_and long-term,2.47631
False,mean,True,mean,Lau,3e+19,Resovsky,CSR,0.15,0.26,short-term_:_and long-term,2.415038
False,mean,True,mean,Lau,3e+19,Resovsky,MSSA,0.15,0.26,short-term_:_and long-term,2.421998
True,mean,True,mean,Lau,3e+19,Resovsky,GFZ,0.15,0.26,short-term_:_and long-term,2.384487
True,mean,True,mean,Lau,3e+19,Resovsky,JPL,0.15,0.26,short-term_:_and long-term,2.46388
True,mean,True,mean,Lau,3e+19,Resovsky,CSR,0.15,0.26,short-term_:_and long-term,2.401856
False,mean,True,lower,Lau,3e+19,Resovsky,GFZ,0.15,0.26,short-term_:_and long-term,2.408135
False,mean,True,lower,Lau,3e+19,Resovsky,JPL,0.15,0.26,short-term_:_and long-term,2.488515
False,mean,True,lower,Lau,3e+19,Resovsky,CSR,0.15,0.26,short-term_:_and long-term,2.428594
False,mean,True,lower,Lau,3e+19,Resovsky,MSSA,0.15,0.26,short-term_:_and long-term,2.433252
True,mean,True,lower,Lau,3e+19,Resovsky,GFZ,0.15,0.26,short-term_:_and long-term,2.395933
True,mean,True,lower,Lau,3e+19,Resovsky,JPL,0.15,0.26,short-term_:_and long-term,2.475018
True,mean,True,lower,Lau,3e+19,Resovsky,CSR,0.15,0.26,short-term_:_and long-term,2.414256
True,mean,True,lower,Lau,3e+19,Resovsky,MSSA,0.15,0.26,short-term_:_and long-term,2.421723
False,mean,True,upper,Lau,3e+19,Resovsky,GFZ,0.15,0.26,short-term_:_and long-term,2.383488
False,mean,True,upper,Lau,3e+19,Resovsky,JPL,0.15,0.26,short-term_:_and long-term,2.462196
False,mean,True,upper,Lau,3e+19,Resovsky,CSR,0.15,0.26,short-term_:_and long-term,2.4003
False,mean,True,upper,Lau,3e+19,Resovsky,MSSA,0.15,0.26,short-term_:_and long-term,2.411071
True,mean,True,upper,Lau,3e+19,Resovsky,GFZ,0.15,0.26,short-term_:_and long-term,2.373317
True,mean,True,upper,Lau,3e+19,Resovsky,JPL,0.15,0.26,short-term_:_and long-term,2.451469
True,mean,True,upper,Lau,3e+19,Resovsky,CSR,0.15,0.26,short-term_:_and long-term,2.388543
True,mean,True,upper,Lau,3e+19,Resovsky,MSSA,0.15,0.26,short-term_:_and long-term,2.39956
False,mean,True,mean,Lau,3e+19,Resovsky,GFZ,0.1,0.26,short-term_:_and long-term,2.419789
False,mean,True,mean,Lau,3e+19,Resovsky,JPL,0.1,0.26,short-term_:_and long-term,2.502911
False,mean,True,mean,Lau,3e+19,Resovsky,CSR,0.1,0.26,short-term_:_and long-term,2.440566
False,mean,True,mean,Lau,3e+19,Resovsky,MSSA,0.1,0.26,short-term_:_and long-term,2.441813
True,mean,True,mean,Lau,3e+19,Resovsky,GFZ,0.1,0.26,short-term_:_and long-term,2.403392
True,mean,True,mean,Lau,3e+19,Resovsky,JPL,0.1,0.26,short-term_:_and long-term,2.486748
True,mean,True,mean,Lau,3e+19,Resovsky,CSR,0.1,0.26,short-term_:_and long-term,2.425527
False,mean,True,lower,Lau,3e+19,Resovsky,GFZ,0.1,0.26,short-term_:_and long-term,2.434092
False,mean,True,lower,Lau,3e+19,Resovsky,JPL,0.1,0.26,short-term_:_and long-term,2.517839
False,mean,True,lower,Lau,3e+19,Resovsky,CSR,0.1,0.26,short-term_:_and long-term,2.455875
False,mean,True,lower,Lau,3e+19,Resovsky,MSSA,0.1,0.26,short-term_:_and long-term,2.453478
True,mean,True,lower,Lau,3e+19,Resovsky,GFZ,0.1,0.26,short-term_:_and long-term,2.417958
True,mean,True,lower,Lau,3e+19,Resovsky,JPL,0.1,0.26,short-term_:_and long-term,2.501213
True,mean,True,lower,Lau,3e+19,Resovsky,CSR,0.1,0.26,short-term_:_and long-term,2.438706
True,mean,True,lower,Lau,3e+19,Resovsky,MSSA,0.1,0.26,short-term_:_and long-term,2.438818
False,mean,True,upper,Lau,3e+19,Resovsky,GFZ,0.1,0.26,short-term_:_and long-term,2.402714
False,mean,True,upper,Lau,3e+19,Resovsky,JPL,0.1,0.26,short-term_:_and long-term,2.486133
False,mean,True,upper,Lau,3e+19,Resovsky,CSR,0.1,0.26,short-term_:_and long-term,2.424012
False,mean,True,upper,Lau,3e+19,Resovsky,MSSA,0.1,0.26,short-term_:_and long-term,2.427324
True,mean,True,upper,Lau,3e+19,Resovsky,GFZ,0.1,0.26,short-term_:_and long-term,2.390016
True,mean,True,upper,Lau,3e+19,Resovsky,JPL,0.1,0.26,short-term_:_and long-term,2.470643
True,mean,True,upper,Lau,3e+19,Resovsky,CSR,0.1,0.26,short-term_:_and long-term,2.409593
True,mean,True,upper,Lau,3e+19,Resovsky,MSSA,0.1,0.26,short-term_:_and long-term,2.415106
False,mean,True,mean,Lau,3e+19,Resovsky,GFZ,0.2,0.26,short-term_:_and long-term,2.377679
False,mean,True,mean,Lau,3e+19,Resovsky,JPL,0.2,0.26,short-term_:_and long-term,2.455217
False,mean,True,mean,Lau,3e+19,Resovsky,CSR,0.2,0.26,short-term_:_and long-term,2.392697
False,mean,True,mean,Lau,3e+19,Resovsky,MSSA,0.2,0.26,short-term_:_and long-term,2.405796
True,mean,True,mean,Lau,3e+19,Resovsky,GFZ,0.2,0.26,short-term_:_and long-term,2.368061
True,mean,True,mean,Lau,3e+19,Resovsky,JPL,0.2,0.26,short-term_:_and long-term,2.446228
True,mean,True,mean,Lau,3e+19,Resovsky,CSR,0.2,0.26,short-term_:_and long-term,2.383175
False,mean,True,lower,Lau,3e+19,Resovsky,GFZ,0.2,0.26,short-term_:_and long-term,2.386717
False,mean,True,lower,Lau,3e+19,Resovsky,JPL,0.2,0.26,short-term_:_and long-term,2.46436
False,mean,True,lower,Lau,3e+19,Resovsky,CSR,0.2,0.26,short-term_:_and long-term,2.403292
False,mean,True,lower,Lau,3e+19,Resovsky,MSSA,0.2,0.26,short-term_:_and long-term,2.413291
True,mean,True,lower,Lau,3e+19,Resovsky,GFZ,0.2,0.26,short-term_:_and long-term,2.377528
True,mean,True,lower,Lau,3e+19,Resovsky,JPL,0.2,0.26,short-term_:_and long-term,2.453491
True,mean,True,lower,Lau,3e+19,Resovsky,CSR,0.2,0.26,short-term_:_and long-term,2.392875
True,mean,True,lower,Lau,3e+19,Resovsky,MSSA,0.2,0.26,short-term_:_and long-term,2.404901
False,mean,True,upper,Lau,3e+19,Resovsky,GFZ,0.2,0.26,short-term_:_and long-term,2.366313
False,mean,True,upper,Lau,3e+19,Resovsky,JPL,0.2,0.26,short-term_:_and long-term,2.444523
False,mean,True,upper,Lau,3e+19,Resovsky,CSR,0.2,0.26,short-term_:_and long-term,2.381656
False,mean,True,upper,Lau,3e+19,Resovsky,MSSA,0.2,0.26,short-term_:_and long-term,2.395845
True,mean,True,upper,Lau,3e+19,Resovsky,GFZ,0.2,0.26,short-term_:_and long-term,2.356771
True,mean,True,upper,Lau,3e+19,Resovsky,JPL,0.2,0.26,short-term_:_and long-term,2.436508
True,mean,True,upper,Lau,3e+19,Resovsky,CSR,0.2,0.26,short-term_:_and long-term,2.371659
True,mean,True,upper,Lau,3e+19,Resovsky,MSSA,0.2,0.26,short-term_:_and long-term,2.386966
False,mean,True,mean,Lau,3e+20,,GFZ,,,long-term,2.036636
False,mean,True,mean,Lau,3e+20,,JPL,,,long-term,2.108755
False,mean,True,mean,Lau,3e+20,,CSR,,,long-term,2.050334
False,mean,True,mean,Lau,3e+20,,MSSA,,,long-term,2.086144
True,mean,True,mean,Lau,3e+20,,GFZ,,,long-term,2.033693
True,mean,True,mean,Lau,3e+20,,JPL,,,long-term,2.105723
True,mean,True,mean,Lau,3e+20,,CSR,,,long-term,2.047619
False,mean,True,lower,Lau,3e+20,,GFZ,,,long-term,2.025419
False,mean,True,lower,Lau,3e+20,,JPL,,,long-term,2.094814
False,mean,True,lower,Lau,3e+20,,CSR,,,long-term,2.037823
False,mean,True,lower,Lau,3e+20,,MSSA,,,long-term,2.074732
True,mean,True,lower,Lau,3e+20,,GFZ,,,long-term,2.021937
True,mean,True,lower,Lau,3e+20,,JPL,,,long-term,2.091405
True,mean,True,lower,Lau,3e+20,,CSR,,,long-term,2.03456
True,mean,True,lower,Lau,3e+20,,MSSA,,,long-term,2.071136
False,mean,True,upper,Lau,3e+20,,GFZ,,,long-term,2.047127
False,mean,True,upper,Lau,3e+20,,JPL,,,long-term,2.11957
False,mean,True,upper,Lau,3e+20,,CSR,,,long-term,2.060891
False,mean,True,upper,Lau,3e+20,,MSSA,,,long-term,2.094412
True,mean,True,upper,Lau,3e+20,,GFZ,,,long-term,2.044167
True,mean,True,upper,Lau,3e+20,,JPL,,,long-term,2.117114
True,mean,True,upper,Lau,3e+20,,CSR,,,long-term,2.057234
True,mean,True,upper,Lau,3e+20,,MSSA,,,long-term,2.092164
False,mean,True,mean,Lau,3e+20,PAR3P,GFZ,0.15,0.26,short-term_:_and long-term,2.376689
False,mean,True,mean,Lau,3e+20,PAR3P,JPL,0.15,0.26,short-term_:_and long-term,2.455451
False,mean,True,mean,Lau,3e+20,PAR3P,CSR,0.15,0.26,short-term_:_and long-term,2.392488
False,mean,True,mean,Lau,3e+20,PAR3P,MSSA,0.15,0.26,short-term_:_and long-term,2.405483
True,mean,True,mean,Lau,3e+20,PAR3P,GFZ,0.15,0.26,short-term_:_and long-term,2.368131
True,mean,True,mean,Lau,3e+20,PAR3P,JPL,0.15,0.26,short-term_:_and long-term,2.445959
True,mean,True,mean,Lau,3e+20,PAR3P,CSR,0.15,0.26,short-term_:_and long-term,2.382844
False,mean,True,lower,Lau,3e+20,PAR3P,GFZ,0.15,0.26,short-term_:_and long-term,2.385344
False,mean,True,lower,Lau,3e+20,PAR3P,JPL,0.15,0.26,short-term_:_and long-term,2.465238
False,mean,True,lower,Lau,3e+20,PAR3P,CSR,0.15,0.26,short-term_:_and long-term,2.402889
False,mean,True,lower,Lau,3e+20,PAR3P,MSSA,0.15,0.26,short-term_:_and long-term,2.414936
True,mean,True,lower,Lau,3e+20,PAR3P,GFZ,0.15,0.26,short-term_:_and long-term,2.3754
True,mean,True,lower,Lau,3e+20,PAR3P,JPL,0.15,0.26,short-term_:_and long-term,2.4547
True,mean,True,lower,Lau,3e+20,PAR3P,CSR,0.15,0.26,short-term_:_and long-term,2.392037
True,mean,True,lower,Lau,3e+20,PAR3P,MSSA,0.15,0.26,short-term_:_and long-term,2.404526
False,mean,True,upper,Lau,3e+20,PAR3P,GFZ,0.15,0.26,short-term_:_and long-term,2.36669
False,mean,True,upper,Lau,3e+20,PAR3P,JPL,0.15,0.26,short-term_:_and long-term,2.444424
False,mean,True,upper,Lau,3e+20,PAR3P,CSR,0.15,0.26,short-term_:_and long-term,2.38121
False,mean,True,upper,Lau,3e+20,PAR3P,MSSA,0.15,0.26,short-term_:_and long-term,2.395178
True,mean,True,upper,Lau,3e+20,PAR3P,GFZ,0.15,0.26,short-term_:_and long-term,2.358366
True,mean,True,upper,Lau,3e+20,PAR3P,JPL,0.15,0.26,short-term_:_and long-term,2.436302
True,mean,True,upper,Lau,3e+20,PAR3P,CSR,0.15,0.26,short-term_:_and long-term,2.372931
True,mean,True,upper,Lau,3e+20,PAR3P,MSSA,0.15,0.26,short-term_:_and long-term,2.38723
False,mean,True,mean,Lau,3e+20,PAR3P,GFZ,0.1,0.26,short-term_:_and long-term,2.417065
False,mean,True,mean,Lau,3e+20,PAR3P,JPL,0.1,0.26,short-term_:_and long-term,2.497638
False,mean,True,mean,Lau,3e+20,PAR3P,CSR,0.1,0.26,short-term_:_and long-term,2.434835
False,mean,True,mean,Lau,3e+20,PAR3P,MSSA,0.1,0.26,short-term_:_and long-term,2.440617
True,mean,True,mean,Lau,3e+20,PAR3P,GFZ,0.1,0.26,short-term_:_and long-term,2.405426
True,mean,True,mean,Lau,3e+20,PAR3P,JPL,0.1,0.26,short-term_:_and long-term,2.485473
True,mean,True,mean,Lau,3e+20,PAR3P,CSR,0.1,0.26,short-term_:_and long-term,2.423946
False,mean,True,lower,Lau,3e+20,PAR3P,GFZ,0.1,0.26,short-term_:_and long-term,2.43173
False,mean,True,lower,Lau,3e+20,PAR3P,JPL,0.1,0.26,short-term_:_and long-term,2.512289
False,mean,True,lower,Lau,3e+20,PAR3P,CSR,0.1,0.26,short-term_:_and long-term,2.449958
False,mean,True,lower,Lau,3e+20,PAR3P,MSSA,0.1,0.26,short-term_:_and long-term,2.453008
True,mean,True,lower,Lau,3e+20,PAR3P,GFZ,0.1,0.26,short-term_:_and long-term,2.418909
True,mean,True,lower,Lau,3e+20,PAR3P,JPL,0.1,0.26,short-term_:_and long-term,2.499627
True,mean,True,lower,Lau,3e+20,PAR3P,CSR,0.1,0.26,short-term_:_and long-term,2.437561
True,mean,True,lower,Lau,3e+20,PAR3P,MSSA,0.1,0.26,short-term_:_and long-term,2.442686
False,mean,True,upper,Lau,3e+20,PAR3P,GFZ,0.1,0.26,short-term_:_and long-term,2.400863
False,mean,True,upper,Lau,3e+20,PAR3P,JPL,0.1,0.26,short-term_:_and long-term,2.480773
False,mean,True,upper,Lau,3e+20,PAR3P,CSR,0.1,0.26,short-term_:_and long-term,2.419388
False,mean,True,upper,Lau,3e+20,PAR3P,MSSA,0.1,0.26,short-term_:_and long-term,2.427254
True,mean,True,upper,Lau,3e+20,PAR3P,GFZ,0.1,0.26,short-term_:_and long-term,2.390037
True,mean,True,upper,Lau,3e+20,PAR3P,JPL,0.1,0.26,short-term_:_and long-term,2.47011
True,mean,True,upper,Lau,3e+20,PAR3P,CSR,0.1,0.26,short-term_:_and long-term,2.408594
True,mean,True,upper,Lau,3e+20,PAR3P,MSSA,0.1,0.26,short-term_:_and long-term,2.41768
False,mean,True,mean,Lau,3e+20,PAR3P,GFZ,0.2,0.26,short-term_:_and long-term,2.352792
False,mean,True,mean,Lau,3e+20,PAR3P,JPL,0.2,0.26,short-term_:_and long-term,2.430987
False,mean,True,mean,Lau,3e+20,PAR3P,CSR,0.2,0.26,short-term_:_and long-term,2.365851
False,mean,True,mean,Lau,3e+20,PAR3P,MSSA,0.2,0.26,short-term_:_and long-term,2.378891
True,mean,True,mean,Lau,3e+20,PAR3P,GFZ,0.2,0.26,short-term_:_and long-term,2.344945
True,mean,True,mean,Lau,3e+20,PAR3P,JPL,0.2,0.26,short-term_:_and long-term,2.424135
True,mean,True,mean,Lau,3e+20,PAR3P,CSR,0.2,0.26,short-term_:_and long-term,2.358675
False,mean,True,lower,Lau,3e+20,PAR3P,GFZ,0.2,0.26,short-term_:_and long-term,2.35897
False,mean,True,lower,Lau,3e+20,PAR3P,JPL,0.2,0.26,short-term_:_and long-term,2.436634
False,mean,True,lower,Lau,3e+20,PAR3P,CSR,0.2,0.26,short-term_:_and long-term,2.371905
False,mean,True,lower,Lau,3e+20,PAR3P,MSSA,0.2,0.26,short-term_:_and long-term,2.383153
True,mean,True,lower,Lau,3e+20,PAR3P,GFZ,0.2,0.26,short-term_:_and long-term,2.350662
True,mean,True,lower,Lau,3e+20,PAR3P,JPL,0.2,0.26,short-term_:_and long-term,2.42923
True,mean,True,lower,Lau,3e+20,PAR3P,CSR,0.2,0.26,short-term_:_and long-term,2.36383
True,mean,True,lower,Lau,3e+20,PAR3P,MSSA,0.2,0.26,short-term_:_and long-term,2.376794
False,mean,True,upper,Lau,3e+20,PAR3P,GFZ,0.2,0.26,short-term_:_and long-term,2.344819
False,mean,True,upper,Lau,3e+20,PAR3P,JPL,0.2,0.26,short-term_:_and long-term,2.424274
False,mean,True,upper,Lau,3e+20,PAR3P,CSR,0.2,0.26,short-term_:_and long-term,2.358786
False,mean,True,upper,Lau,3e+20,PAR3P,MSSA,0.2,0.26,short-term_:_and long-term,2.372538
True,mean,True,upper,Lau,3e+20,PAR3P,GFZ,0.2,0.26,short-term_:_and long-term,2.337946
True,mean,True,upper,Lau,3e+20,PAR3P,JPL,0.2,0.26,short-term_:_and long-term,2.41696
True,mean,True,upper,Lau,3e+20,PAR3P,CSR,0.2,0.26,short-term_:_and long-term,2.351328
True,mean,True,upper,Lau,3e+20,PAR3P,MSSA,0.2,0.26,short-term_:_and long-term,2.3661
False,mean,True,mean,Lau,3e+20,PREM,GFZ,0.15,0.26,short-term_:_and long-term,2.412069
False,mean,True,mean,Lau,3e+20,PREM,JPL,0.15,0.26,short-term_:_and long-term,2.491113
False,mean,True,mean,Lau,3e+20,PREM,CSR,0.15,0.26,short-term_:_and long-term,2.427142
False,mean,True,mean,Lau,3e+20,PREM,MSSA,0.15,0.26,short-term_:_and long-term,2.440698
True,mean,True,mean,Lau,3e+20,PREM,GFZ,0.15,0.26,short-term_:_and long-term,2.40206
True,mean,True,mean,Lau,3e+20,PREM,JPL,0.15,0.26,short-term_:_and long-term,2.481859
True,mean,True,mean,Lau,3e+20,PREM,CSR,0.15,0.26,short-term_:_and long-term,2.41788
False,mean,True,lower,Lau,3e+20,PREM,GFZ,0.15,0.26,short-term_:_and long-term,2.424364
False,mean,True,lower,Lau,3e+20,PREM,JPL,0.15,0.26,short-term_:_and long-term,2.503432
False,mean,True,lower,Lau,3e+20,PREM,CSR,0.15,0.26,short-term_:_and long-term,2.441236
False,mean,True,lower,Lau,3e+20,PREM,MSSA,0.15,0.26,short-term_:_and long-term,2.452344
True,mean,True,lower,Lau,3e+20,PREM,GFZ,0.15,0.26,short-term_:_and long-term,2.413794
True,mean,True,lower,Lau,3e+20,PREM,JPL,0.15,0.26,short-term_:_and long-term,2.492975
True,mean,True,lower,Lau,3e+20,PREM,CSR,0.15,0.26,short-term_:_and long-term,2.430208
True,mean,True,lower,Lau,3e+20,PREM,MSSA,0.15,0.26,short-term_:_and long-term,2.442255
False,mean,True,upper,Lau,3e+20,PREM,GFZ,0.15,0.26,short-term_:_and long-term,2.397854
False,mean,True,upper,Lau,3e+20,PREM,JPL,0.15,0.26,short-term_:_and long-term,2.477408
False,mean,True,upper,Lau,3e+20,PREM,CSR,0.15,0.26,short-term_:_and long-term,2.413765
False,mean,True,upper,Lau,3e+20,PREM,MSSA,0.15,0.26,short-term_:_and long-term,2.427039
True,mean,True,upper,Lau,3e+20,PREM,GFZ,0.15,0.26,short-term_:_and long-term,2.388915
True,mean,True,upper,Lau,3e+20,PREM,JPL,0.15,0.26,short-term_:_and long-term,2.468216
True,mean,True,upper,Lau,3e+20,PREM,CSR,0.15,0.26,short-term_:_and long-term,2.404034
True,mean,True,upper,Lau,3e+20,PREM,MSSA,0.15,0.26,short-term_:_and long-term,2.418069
False,mean,True,mean,Lau,3e+20,PREM,GFZ,0.1,0.26,short-term_:_and long-term,2.450717
False,mean,True,mean,Lau,3e+20,PREM,JPL,0.1,0.26,short-term_:_and long-term,2.531312
False,mean,True,mean,Lau,3e+20,PREM,CSR,0.1,0.26,short-term_:_and long-term,2.469795
False,mean,True,mean,Lau,3e+20,PREM,MSSA,0.1,0.26,short-term_:_and long-term,2.473556
True,mean,True,mean,Lau,3e+20,PREM,GFZ,0.1,0.26,short-term_:_and long-term,2.438643
True,mean,True,mean,Lau,3e+20,PREM,JPL,0.1,0.26,short-term_:_and long-term,2.519041
True,mean,True,mean,Lau,3e+20,PREM,CSR,0.1,0.26,short-term_:_and long-term,2.456158
False,mean,True,lower,Lau,3e+20,PREM,GFZ,0.1,0.26,short-term_:_and long-term,2.467415
False,mean,True,lower,Lau,3e+20,PREM,JPL,0.1,0.26,short-term_:_and long-term,2.549179
False,mean,True,lower,Lau,3e+20,PREM,CSR,0.1,0.26,short-term_:_and long-term,2.487276
False,mean,True,lower,Lau,3e+20,PREM,MSSA,0.1,0.26,short-term_:_and long-term,2.486453
True,mean,True,lower,Lau,3e+20,PREM,GFZ,0.1,0.26,short-term_:_and long-term,2.453426
True,mean,True,lower,Lau,3e+20,PREM,JPL,0.1,0.26,short-term_:_and long-term,2.534931
True,mean,True,lower,Lau,3e+20,PREM,CSR,0.1,0.26,short-term_:_and long-term,2.473416
True,mean,True,lower,Lau,3e+20,PREM,MSSA,0.1,0.26,short-term_:_and long-term,2.474858
False,mean,True,upper,Lau,3e+20,PREM,GFZ,0.1,0.26,short-term_:_and long-term,2.432064
False,mean,True,upper,Lau,3e+20,PREM,JPL,0.1,0.26,short-term_:_and long-term,2.512254
False,mean,True,upper,Lau,3e+20,PREM,CSR,0.1,0.26,short-term_:_and long-term,2.45036
False,mean,True,upper,Lau,3e+20,PREM,MSSA,0.1,0.26,short-term_:_and long-term,2.457152
True,mean,True,upper,Lau,3e+20,PREM,GFZ,0.1,0.26,short-term_:_and long-term,2.419758
True,mean,True,upper,Lau,3e+20,PREM,JPL,0.1,0.26,short-term_:_and long-term,2.499898
True,mean,True,upper,Lau,3e+20,PREM,CSR,0.1,0.26,short-term_:_and long-term,2.438022
True,mean,True,upper,Lau,3e+20,PREM,MSSA,0.1,0.26,short-term_:_and long-term,2.44694
False,mean,True,mean,Lau,3e+20,PREM,GFZ,0.2,0.26,short-term_:_and long-term,2.384589
False,mean,True,mean,Lau,3e+20,PREM,JPL,0.2,0.26,short-term_:_and long-term,2.463658
False,mean,True,mean,Lau,3e+20,PREM,CSR,0.2,0.26,short-term_:_and long-term,2.39805
False,mean,True,mean,Lau,3e+20,PREM,MSSA,0.2,0.26,short-term_:_and long-term,2.4105
True,mean,True,mean,Lau,3e+20,PREM,GFZ,0.2,0.26,short-term_:_and long-term,2.377732
True,mean,True,mean,Lau,3e+20,PREM,JPL,0.2,0.26,short-term_:_and long-term,2.456391
True,mean,True,mean,Lau,3e+20,PREM,CSR,0.2,0.26,short-term_:_and long-term,2.391615
False,mean,True,lower,Lau,3e+20,PREM,GFZ,0.2,0.26,short-term_:_and long-term,2.394692
False,mean,True,lower,Lau,3e+20,PREM,JPL,0.2,0.26,short-term_:_and long-term,2.47258
False,mean,True,lower,Lau,3e+20,PREM,CSR,0.2,0.26,short-term_:_and long-term,2.40862
False,mean,True,lower,Lau,3e+20,PREM,MSSA,0.2,0.26,short-term_:_and long-term,2.418394
True,mean,True,lower,Lau,3e+20,PREM,GFZ,0.2,0.26,short-term_:_and long-term,2.38672
True,mean,True,lower,Lau,3e+20,PREM,JPL,0.2,0.26,short-term_:_and long-term,2.464873
True,mean,True,lower,Lau,3e+20,PREM,CSR,0.2,0.26,short-term_:_and long-term,2.400456
True,mean,True,lower,Lau,3e+20,PREM,MSSA,0.2,0.26,short-term_:_and long-term,2.411205
False,mean,True,upper,Lau,3e+20,PREM,GFZ,0.2,0.26,short-term_:_and long-term,2.374127
False,mean,True,upper,Lau,3e+20,PREM,JPL,0.2,0.26,short-term_:_and long-term,2.453205
False,mean,True,upper,Lau,3e+20,PREM,CSR,0.2,0.26,short-term_:_and long-term,2.387759
False,mean,True,upper,Lau,3e+20,PREM,MSSA,0.2,0.26,short-term_:_and long-term,2.401202
True,mean,True,upper,Lau,3e+20,PREM,GFZ,0.2,0.26,short-term_:_and long-term,2.367751
True,mean,True,upper,Lau,3e+20,PREM,JPL,0.2,0.26,short-term_:_and long-term,2.447059
True,mean,True,upper,Lau,3e+20,PREM,CSR,0.2,0.26,short-term_:_and long-term,2.380746
True,mean,True,upper,Lau,3e+20,PREM,MSSA,0.2,0.26,short-term_:_and long-term,2.395974
False,mean,True,mean,Lau,3e+20,QL6,GFZ,0.15,0.26,short-term_:_and long-term,2.36249
False,mean,True,mean,Lau,3e+20,QL6,JPL,0.15,0.26,short-term_:_and long-term,2.440642
False,mean,True,mean,Lau,3e+20,QL6,CSR,0.15,0.26,short-term_:_and long-term,2.378403
False,mean,True,mean,Lau,3e+20,QL6,MSSA,0.15,0.26,short-term_:_and long-term,2.392277
True,mean,True,mean,Lau,3e+20,QL6,GFZ,0.15,0.26,short-term_:_and long-term,2.353036
True,mean,True,mean,Lau,3e+20,QL6,JPL,0.15,0.26,short-term_:_and long-term,2.431498
True,mean,True,mean,Lau,3e+20,QL6,CSR,0.15,0.26,short-term_:_and long-term,2.369039
False,mean,True,lower,Lau,3e+20,QL6,GFZ,0.15,0.26,short-term_:_and long-term,2.37141
False,mean,True,lower,Lau,3e+20,QL6,JPL,0.15,0.26,short-term_:_and long-term,2.450006
False,mean,True,lower,Lau,3e+20,QL6,CSR,0.15,0.26,short-term_:_and long-term,2.387215
False,mean,True,lower,Lau,3e+20,QL6,MSSA,0.15,0.26,short-term_:_and long-term,2.400372
True,mean,True,lower,Lau,3e+20,QL6,GFZ,0.15,0.26,short-term_:_and long-term,2.361474
True,mean,True,lower,Lau,3e+20,QL6,JPL,0.15,0.26,short-term_:_and long-term,2.439375
True,mean,True,lower,Lau,3e+20,QL6,CSR,0.15,0.26,short-term_:_and long-term,2.377
True,mean,True,lower,Lau,3e+20,QL6,MSSA,0.15,0.26,short-term_:_and long-term,2.390454
False,mean,True,upper,Lau,3e+20,QL6,GFZ,0.15,0.26,short-term_:_and long-term,2.351974
False,mean,True,upper,Lau,3e+20,QL6,JPL,0.15,0.26,short-term_:_and long-term,2.431193
False,mean,True,upper,Lau,3e+20,QL6,CSR,0.15,0.26,short-term_:_and long-term,2.368417
False,mean,True,upper,Lau,3e+20,QL6,MSSA,0.15,0.26,short-term_:_and long-term,2.382425
True,mean,True,upper,Lau,3e+20,QL6,GFZ,0.15,0.26,short-term_:_and long-term,2.343468
True,mean,True,upper,Lau,3e+20,QL6,JPL,0.15,0.26,short-term_:_and long-term,2.421424
True,mean,True,upper,Lau,3e+20,QL6,CSR,0.15,0.26,short-term_:_and long-term,2.358177
True,mean,True,upper,Lau,3e+20,QL6,MSSA,0.15,0.26,short-term_:_and long-term,2.375014
False,mean,True,mean,Lau,3e+20,QL6,GFZ,0.1,0.26,short-term_:_and long-term,2.395827
False,mean,True,mean,Lau,3e+20,QL6,JPL,0.1,0.26,short-term_:_and long-term,2.473297
False,mean,True,mean,Lau,3e+20,QL6,CSR,0.1,0.26,short-term_:_and long-term,2.412312
False,mean,True,mean,Lau,3e+20,QL6,MSSA,0.1,0.26,short-term_:_and long-term,2.420252
True,mean,True,mean,Lau,3e+20,QL6,GFZ,0.1,0.26,short-term_:_and long-term,2.383829
True,mean,True,mean,Lau,3e+20,QL6,JPL,0.1,0.26,short-term_:_and long-term,2.461473
True,mean,True,mean,Lau,3e+20,QL6,CSR,0.1,0.26,short-term_:_and long-term,2.400522
False,mean,True,lower,Lau,3e+20,QL6,GFZ,0.1,0.26,short-term_:_and long-term,2.408356
False,mean,True,lower,Lau,3e+20,QL6,JPL,0.1,0.26,short-term_:_and long-term,2.487809
False,mean,True,lower,Lau,3e+20,QL6,CSR,0.1,0.26,short-term_:_and long-term,2.425318
False,mean,True,lower,Lau,3e+20,QL6,MSSA,0.1,0.26,short-term_:_and long-term,2.430845
True,mean,True,lower,Lau,3e+20,QL6,GFZ,0.1,0.26,short-term_:_and long-term,2.395766
True,mean,True,lower,Lau,3e+20,QL6,JPL,0.1,0.26,short-term_:_and long-term,2.474463
True,mean,True,lower,Lau,3e+20,QL6,CSR,0.1,0.26,short-term_:_and long-term,2.412807
True,mean,True,lower,Lau,3e+20,QL6,MSSA,0.1,0.26,short-term_:_and long-term,2.419579
False,mean,True,upper,Lau,3e+20,QL6,GFZ,0.1,0.26,short-term_:_and long-term,2.38111
False,mean,True,upper,Lau,3e+20,QL6,JPL,0.1,0.26,short-term_:_and long-term,2.459164
False,mean,True,upper,Lau,3e+20,QL6,CSR,0.1,0.26,short-term_:_and long-term,2.398219
False,mean,True,upper,Lau,3e+20,QL6,MSSA,0.1,0.26,short-term_:_and long-term,2.408333
True,mean,True,upper,Lau,3e+20,QL6,GFZ,0.1,0.26,short-term_:_and long-term,2.370053
True,mean,True,upper,Lau,3e+20,QL6,JPL,0.1,0.26,short-term_:_and long-term,2.448359
True,mean,True,upper,Lau,3e+20,QL6,CSR,0.1,0.26,short-term_:_and long-term,2.387359
True,mean,True,upper,Lau,3e+20,QL6,MSSA,0.1,0.26,short-term_:_and long-term,2.398184
False,mean,True,mean,Lau,3e+20,QL6,GFZ,0.2,0.26,short-term_:_and long-term,2.339771
False,mean,True,mean,Lau,3e+20,QL6,JPL,0.2,0.26,short-term_:_and long-term,2.418471
False,mean,True,mean,Lau,3e+20,QL6,CSR,0.2,0.26,short-term_:_and long-term,2.35301
False,mean,True,mean,Lau,3e+20,QL6,MSSA,0.2,0.26,short-term_:_and long-term,2.369277
True,mean,True,mean,Lau,3e+20,QL6,GFZ,0.2,0.26,short-term_:_and long-term,2.332646
True,mean,True,mean,Lau,3e+20,QL6,JPL,0.2,0.26,short-term_:_and long-term,2.410475
True,mean,True,mean,Lau,3e+20,QL6,CSR,0.2,0.26,short-term_:_and long-term,2.345489
False,mean,True,lower,Lau,3e+20,QL6,GFZ,0.2,0.26,short-term_:_and long-term,2.34692
False,mean,True,lower,Lau,3e+20,QL6,JPL,0.2,0.26,short-term_:_and long-term,2.42493
False,mean,True,lower,Lau,3e+20,QL6,CSR,0.2,0.26,short-term_:_and long-term,2.360737
False,mean,True,lower,Lau,3e+20,QL6,MSSA,0.2,0.26,short-term_:_and long-term,2.375032
True,mean,True,lower,Lau,3e+20,QL6,GFZ,0.2,0.26,short-term_:_and long-term,2.337962
True,mean,True,lower,Lau,3e+20,QL6,JPL,0.2,0.26,short-term_:_and long-term,2.416362
True,mean,True,lower,Lau,3e+20,QL6,CSR,0.2,0.26,short-term_:_and long-term,2.352069
True,mean,True,lower,Lau,3e+20,QL6,MSSA,0.2,0.26,short-term_:_and long-term,2.366541
False,mean,True,upper,Lau,3e+20,QL6,GFZ,0.2,0.26,short-term_:_and long-term,2.331776
False,mean,True,upper,Lau,3e+20,QL6,JPL,0.2,0.26,short-term_:_and long-term,2.409996
False,mean,True,upper,Lau,3e+20,QL6,CSR,0.2,0.26,short-term_:_and long-term,2.345181
False,mean,True,upper,Lau,3e+20,QL6,MSSA,0.2,0.26,short-term_:_and long-term,2.361356
True,mean,True,upper,Lau,3e+20,QL6,GFZ,0.2,0.26,short-term_:_and long-term,2.324607
True,mean,True,upper,Lau,3e+20,QL6,JPL,0.2,0.26,short-term_:_and long-term,2.402944
True,mean,True,upper,Lau,3e+20,QL6,CSR,0.2,0.26,short-term_:_and long-term,2.337452
True,mean,True,upper,Lau,3e+20,QL6,MSSA,0.2,0.26,short-term_:_and long-term,2.353784
False,mean,True,mean,Lau,3e+20,QM1,GFZ,0.15,0.26,short-term_:_and long-term,2.413148
False,mean,True,mean,Lau,3e+20,QM1,JPL,0.15,0.26,short-term_:_and long-term,2.491716
False,mean,True,mean,Lau,3e+20,QM1,CSR,0.15,0.26,short-term_:_and long-term,2.427963
False,mean,True,mean,Lau,3e+20,QM1,MSSA,0.15,0.26,short-term_:_and long-term,2.438685
True,mean,True,mean,Lau,3e+20,QM1,GFZ,0.15,0.26,short-term_:_and long-term,2.404685
True,mean,True,mean,Lau,3e+20,QM1,JPL,0.15,0.26,short-term_:_and long-term,2.483046
True,mean,True,mean,Lau,3e+20,QM1,CSR,0.15,0.26,short-term_:_and long-term,2.418713
False,mean,True,lower,Lau,3e+20,QM1,GFZ,0.15,0.26,short-term_:_and long-term,2.426676
False,mean,True,lower,Lau,3e+20,QM1,JPL,0.15,0.26,short-term_:_and long-term,2.503916
False,mean,True,lower,Lau,3e+20,QM1,CSR,0.15,0.26,short-term_:_and long-term,2.440445
False,mean,True,lower,Lau,3e+20,QM1,MSSA,0.15,0.26,short-term_:_and long-term,2.449763
True,mean,True,lower,Lau,3e+20,QM1,GFZ,0.15,0.26,short-term_:_and long-term,2.415221
True,mean,True,lower,Lau,3e+20,QM1,JPL,0.15,0.26,short-term_:_and long-term,2.494553
True,mean,True,lower,Lau,3e+20,QM1,CSR,0.15,0.26,short-term_:_and long-term,2.430326
True,mean,True,lower,Lau,3e+20,QM1,MSSA,0.15,0.26,short-term_:_and long-term,2.440146
False,mean,True,upper,Lau,3e+20,QM1,GFZ,0.15,0.26,short-term_:_and long-term,2.400174
False,mean,True,upper,Lau,3e+20,QM1,JPL,0.15,0.26,short-term_:_and long-term,2.479431
False,mean,True,upper,Lau,3e+20,QM1,CSR,0.15,0.26,short-term_:_and long-term,2.413821
False,mean,True,upper,Lau,3e+20,QM1,MSSA,0.15,0.26,short-term_:_and long-term,2.425724
True,mean,True,upper,Lau,3e+20,QM1,GFZ,0.15,0.26,short-term_:_and long-term,2.391009
True,mean,True,upper,Lau,3e+20,QM1,JPL,0.15,0.26,short-term_:_and long-term,2.471282
True,mean,True,upper,Lau,3e+20,QM1,CSR,0.15,0.26,short-term_:_and long-term,2.405216
True,mean,True,upper,Lau,3e+20,QM1,MSSA,0.15,0.26,short-term_:_and long-term,2.418265
False,mean,True,mean,Lau,3e+20,QM1,GFZ,0.1,0.26,short-term_:_and long-term,2.44376
False,mean,True,mean,Lau,3e+20,QM1,JPL,0.1,0.26,short-term_:_and long-term,2.52251
False,mean,True,mean,Lau,3e+20,QM1,CSR,0.1,0.26,short-term_:_and long-term,2.464068
False,mean,True,mean,Lau,3e+20,QM1,MSSA,0.1,0.26,short-term_:_and long-term,2.468247
True,mean,True,mean,Lau,3e+20,QM1,GFZ,0.1,0.26,short-term_:_and long-term,2.432261
True,mean,True,mean,Lau,3e+20,QM1,JPL,0.1,0.26,short-term_:_and long-term,2.511838
True,mean,True,mean,Lau,3e+20,QM1,CSR,0.1,0.26,short-term_:_and long-term,2.451941
False,mean,True,lower,Lau,3e+20,QM1,GFZ,0.1,0.26,short-term_:_and long-term,2.460188
False,mean,True,lower,Lau,3e+20,QM1,JPL,0.1,0.26,short-term_:_and long-term,2.540951
False,mean,True,lower,Lau,3e+20,QM1,CSR,0.1,0.26,short-term_:_and long-term,2.479865
False,mean,True,lower,Lau,3e+20,QM1,MSSA,0.1,0.26,short-term_:_and long-term,2.480911
True,mean,True,lower,Lau,3e+20,QM1,GFZ,0.1,0.26,short-term_:_and long-term,2.446431
True,mean,True,lower,Lau,3e+20,QM1,JPL,0.1,0.26,short-term_:_and long-term,2.527315
True,mean,True,lower,Lau,3e+20,QM1,CSR,0.1,0.26,short-term_:_and long-term,2.466812
True,mean,True,lower,Lau,3e+20,QM1,MSSA,0.1,0.26,short-term_:_and long-term,2.470645
False,mean,True,upper,Lau,3e+20,QM1,GFZ,0.1,0.26,short-term_:_and long-term,2.426265
False,mean,True,upper,Lau,3e+20,QM1,JPL,0.1,0.26,short-term_:_and long-term,2.506297
False,mean,True,upper,Lau,3e+20,QM1,CSR,0.1,0.26,short-term_:_and long-term,2.445
False,mean,True,upper,Lau,3e+20,QM1,MSSA,0.1,0.26,short-term_:_and long-term,2.452208
True,mean,True,upper,Lau,3e+20,QM1,GFZ,0.1,0.26,short-term_:_and long-term,2.414242
True,mean,True,upper,Lau,3e+20,QM1,JPL,0.1,0.26,short-term_:_and long-term,2.494171
True,mean,True,upper,Lau,3e+20,QM1,CSR,0.1,0.26,short-term_:_and long-term,2.433177
True,mean,True,upper,Lau,3e+20,QM1,MSSA,0.1,0.26,short-term_:_and long-term,2.440683
False,mean,True,mean,Lau,3e+20,QM1,GFZ,0.2,0.26,short-term_:_and long-term,2.388253
False,mean,True,mean,Lau,3e+20,QM1,JPL,0.2,0.26,short-term_:_and long-term,2.467112
False,mean,True,mean,Lau,3e+20,QM1,CSR,0.2,0.26,short-term_:_and long-term,2.402341
False,mean,True,mean,Lau,3e+20,QM1,MSSA,0.2,0.26,short-term_:_and long-term,2.41282
True,mean,True,mean,Lau,3e+20,QM1,GFZ,0.2,0.26,short-term_:_and long-term,2.381722
True,mean,True,mean,Lau,3e+20,QM1,JPL,0.2,0.26,short-term_:_and long-term,2.460269
True,mean,True,mean,Lau,3e+20,QM1,CSR,0.2,0.26,short-term_:_and long-term,2.395519
False,mean,True,lower,Lau,3e+20,QM1,GFZ,0.2,0.26,short-term_:_and long-term,2.398232
False,mean,True,lower,Lau,3e+20,QM1,JPL,0.2,0.26,short-term_:_and long-term,2.475441
False,mean,True,lower,Lau,3e+20,QM1,CSR,0.2,0.26,short-term_:_and long-term,2.412213
False,mean,True,lower,Lau,3e+20,QM1,MSSA,0.2,0.26,short-term_:_and long-term,2.419452
True,mean,True,lower,Lau,3e+20,QM1,GFZ,0.2,0.26,short-term_:_and long-term,2.390688
True,mean,True,lower,Lau,3e+20,QM1,JPL,0.2,0.26,short-term_:_and long-term,2.468288
True,mean,True,lower,Lau,3e+20,QM1,CSR,0.2,0.26,short-term_:_and long-term,2.404386
True,mean,True,lower,Lau,3e+20,QM1,MSSA,0.2,0.26,short-term_:_and long-term,2.413206
False,mean,True,upper,Lau,3e+20,QM1,GFZ,0.2,0.26,short-term_:_and long-term,2.3777
False,mean,True,upper,Lau,3e+20,QM1,JPL,0.2,0.26,short-term_:_and long-term,2.456986
False,mean,True,upper,Lau,3e+20,QM1,CSR,0.2,0.26,short-term_:_and long-term,2.392011
False,mean,True,upper,Lau,3e+20,QM1,MSSA,0.2,0.26,short-term_:_and long-term,2.404499
True,mean,True,upper,Lau,3e+20,QM1,GFZ,0.2,0.26,short-term_:_and long-term,2.371455
True,mean,True,upper,Lau,3e+20,QM1,JPL,0.2,0.26,short-term_:_and long-term,2.451035
True,mean,True,upper,Lau,3e+20,QM1,CSR,0.2,0.26,short-term_:_and long-term,2.385522
True,mean,True,upper,Lau,3e+20,QM1,MSSA,0.2,0.26,short-term_:_and long-term,2.39841
False,mean,True,mean,Lau,3e+20,Resovsky,GFZ,0.15,0.26,short-term_:_and long-term,2.376898
False,mean,True,mean,Lau,3e+20,Resovsky,JPL,0.15,0.26,short-term_:_and long-term,2.455291
False,mean,True,mean,Lau,3e+20,Resovsky,CSR,0.15,0.26,short-term_:_and long-term,2.390802
False,mean,True,mean,Lau,3e+20,Resovsky,MSSA,0.15,0.26,short-term_:_and long-term,2.403506
True,mean,True,mean,Lau,3e+20,Resovsky,GFZ,0.15,0.26,short-term_:_and long-term,2.367382
True,mean,True,mean,Lau,3e+20,Resovsky,JPL,0.15,0.26,short-term_:_and long-term,2.446321
True,mean,True,mean,Lau,3e+20,Resovsky,CSR,0.15,0.26,short-term_:_and long-term,2.381503
False,mean,True,lower,Lau,3e+20,Resovsky,GFZ,0.15,0.26,short-term_:_and long-term,2.386959
False,mean,True,lower,Lau,3e+20,Resovsky,JPL,0.15,0.26,short-term_:_and long-term,2.464412
False,mean,True,lower,Lau,3e+20,Resovsky,CSR,0.15,0.26,short-term_:_and long-term,2.402122
False,mean,True,lower,Lau,3e+20,Resovsky,MSSA,0.15,0.26,short-term_:_and long-term,2.412114
True,mean,True,lower,Lau,3e+20,Resovsky,GFZ,0.15,0.26,short-term_:_and long-term,2.376638
True,mean,True,lower,Lau,3e+20,Resovsky,JPL,0.15,0.26,short-term_:_and long-term,2.45488
True,mean,True,lower,Lau,3e+20,Resovsky,CSR,0.15,0.26,short-term_:_and long-term,2.391176
True,mean,True,lower,Lau,3e+20,Resovsky,MSSA,0.15,0.26,short-term_:_and long-term,2.402223
False,mean,True,upper,Lau,3e+20,Resovsky,GFZ,0.15,0.26,short-term_:_and long-term,2.365514
False,mean,True,upper,Lau,3e+20,Resovsky,JPL,0.15,0.26,short-term_:_and long-term,2.44553
False,mean,True,upper,Lau,3e+20,Resovsky,CSR,0.15,0.26,short-term_:_and long-term,2.379878
False,mean,True,upper,Lau,3e+20,Resovsky,MSSA,0.15,0.26,short-term_:_and long-term,2.392439
True,mean,True,upper,Lau,3e+20,Resovsky,GFZ,0.15,0.26,short-term_:_and long-term,2.357424
True,mean,True,upper,Lau,3e+20,Resovsky,JPL,0.15,0.26,short-term_:_and long-term,2.436594
True,mean,True,upper,Lau,3e+20,Resovsky,CSR,0.15,0.26,short-term_:_and long-term,2.37129
True,mean,True,upper,Lau,3e+20,Resovsky,MSSA,0.15,0.26,short-term_:_and long-term,2.383121
False,mean,True,mean,Lau,3e+20,Resovsky,GFZ,0.1,0.26,short-term_:_and long-term,2.401222
False,mean,True,mean,Lau,3e+20,Resovsky,JPL,0.1,0.26,short-term_:_and long-term,2.479209
False,mean,True,mean,Lau,3e+20,Resovsky,CSR,0.1,0.26,short-term_:_and long-term,2.418057
False,mean,True,mean,Lau,3e+20,Resovsky,MSSA,0.1,0.26,short-term_:_and long-term,2.429206
True,mean,True,mean,Lau,3e+20,Resovsky,GFZ,0.1,0.26,short-term_:_and long-term,2.389066
True,mean,True,mean,Lau,3e+20,Resovsky,JPL,0.1,0.26,short-term_:_and long-term,2.466926
True,mean,True,mean,Lau,3e+20,Resovsky,CSR,0.1,0.26,short-term_:_and long-term,2.405735
False,mean,True,lower,Lau,3e+20,Resovsky,GFZ,0.1,0.26,short-term_:_and long-term,2.412987
False,mean,True,lower,Lau,3e+20,Resovsky,JPL,0.1,0.26,short-term_:_and long-term,2.491359
False,mean,True,lower,Lau,3e+20,Resovsky,CSR,0.1,0.26,short-term_:_and long-term,2.431465
False,mean,True,lower,Lau,3e+20,Resovsky,MSSA,0.1,0.26,short-term_:_and long-term,2.439287
True,mean,True,lower,Lau,3e+20,Resovsky,GFZ,0.1,0.26,short-term_:_and long-term,2.40028
True,mean,True,lower,Lau,3e+20,Resovsky,JPL,0.1,0.26,short-term_:_and long-term,2.477215
True,mean,True,lower,Lau,3e+20,Resovsky,CSR,0.1,0.26,short-term_:_and long-term,2.417686
True,mean,True,lower,Lau,3e+20,Resovsky,MSSA,0.1,0.26,short-term_:_and long-term,2.426405
False,mean,True,upper,Lau,3e+20,Resovsky,GFZ,0.1,0.26,short-term_:_and long-term,2.38766
False,mean,True,upper,Lau,3e+20,Resovsky,JPL,0.1,0.26,short-term_:_and long-term,2.465681
False,mean,True,upper,Lau,3e+20,Resovsky,CSR,0.1,0.26,short-term_:_and long-term,2.40392
False,mean,True,upper,Lau,3e+20,Resovsky,MSSA,0.1,0.26,short-term_:_and long-term,2.416325
True,mean,True,upper,Lau,3e+20,Resovsky,GFZ,0.1,0.26,short-term_:_and long-term,2.376776
True,mean,True,upper,Lau,3e+20,Resovsky,JPL,0.1,0.26,short-term_:_and long-term,2.455419
True,mean,True,upper,Lau,3e+20,Resovsky,CSR,0.1,0.26,short-term_:_and long-term,2.392486
True,mean,True,upper,Lau,3e+20,Resovsky,MSSA,0.1,0.26,short-term_:_and long-term,2.40633
False,mean,True,mean,Lau,3e+20,Resovsky,GFZ,0.2,0.26,short-term_:_and long-term,2.356529
False,mean,True,mean,Lau,3e+20,Resovsky,JPL,0.2,0.26,short-term_:_and long-term,2.435471
False,mean,True,mean,Lau,3e+20,Resovsky,CSR,0.2,0.26,short-term_:_and long-term,2.369987
False,mean,True,mean,Lau,3e+20,Resovsky,MSSA,0.2,0.26,short-term_:_and long-term,2.382875
True,mean,True,mean,Lau,3e+20,Resovsky,GFZ,0.2,0.26,short-term_:_and long-term,2.349125
True,mean,True,mean,Lau,3e+20,Resovsky,JPL,0.2,0.26,short-term_:_and long-term,2.428076
True,mean,True,mean,Lau,3e+20,Resovsky,CSR,0.2,0.26,short-term_:_and long-term,2.362675
False,mean,True,lower,Lau,3e+20,Resovsky,GFZ,0.2,0.26,short-term_:_and long-term,2.364915
False,mean,True,lower,Lau,3e+20,Resovsky,JPL,0.2,0.26,short-term_:_and long-term,2.442108
False,mean,True,lower,Lau,3e+20,Resovsky,CSR,0.2,0.26,short-term_:_and long-term,2.379027
False,mean,True,lower,Lau,3e+20,Resovsky,MSSA,0.2,0.26,short-term_:_and long-term,2.389063
True,mean,True,lower,Lau,3e+20,Resovsky,GFZ,0.2,0.26,short-term_:_and long-term,2.35608
True,mean,True,lower,Lau,3e+20,Resovsky,JPL,0.2,0.26,short-term_:_and long-term,2.434298
True,mean,True,lower,Lau,3e+20,Resovsky,CSR,0.2,0.26,short-term_:_and long-term,2.370133
True,mean,True,lower,Lau,3e+20,Resovsky,MSSA,0.2,0.26,short-term_:_and long-term,2.381923
False,mean,True,upper,Lau,3e+20,Resovsky,GFZ,0.2,0.26,short-term_:_and long-term,2.346375
False,mean,True,upper,Lau,3e+20,Resovsky,JPL,0.2,0.26,short-term_:_and long-term,2.426871
False,mean,True,upper,Lau,3e+20,Resovsky,CSR,0.2,0.26,short-term_:_and long-term,2.361723
False,mean,True,upper,Lau,3e+20,Resovsky,MSSA,0.2,0.26,short-term_:_and long-term,2.37558
True,mean,True,upper,Lau,3e+20,Resovsky,GFZ,0.2,0.26,short-term_:_and long-term,2.339869
True,mean,True,upper,Lau,3e+20,Resovsky,JPL,0.2,0.26,short-term_:_and long-term,2.419965
True,mean,True,upper,Lau,3e+20,Resovsky,CSR,0.2,0.26,short-term_:_and long-term,2.353948
True,mean,True,upper,Lau,3e+20,Resovsky,MSSA,0.2,0.26,short-term_:_and long-term,2.36889
