LIA,pole_:_time series,Uniform_:_continental load model,elastic mean_:_barystatic sea_:_level,viscosity_:_profile,Asthenosphere_:_viscosity,Q profile,GRACE_:_solution,relaxed shear_:_modulus ratio,alpha,Anelasticity,ocean_mean_trend_step_5
False,mean,False,mean,,,,GFZ,,,elastic,2.087014
False,mean,False,mean,,,,JPL,,,elastic,2.167613
False,mean,False,mean,,,,CSR,,,elastic,2.102583
False,mean,False,mean,,,,MSSA,,,elastic,2.12896
True,mean,False,mean,,,,GFZ,,,elastic,2.095985
True,mean,False,mean,,,,JPL,,,elastic,2.175944
True,mean,False,mean,,,,CSR,,,elastic,2.111752
True,mean,False,mean,,,,MSSA,,,elastic,2.135941
False,mean,False,lower,,,,GFZ,,,elastic,2.069433
False,mean,False,lower,,,,JPL,,,elastic,2.148643
False,mean,False,lower,,,,CSR,,,elastic,2.08368
False,mean,False,lower,,,,MSSA,,,elastic,2.112207
True,mean,False,lower,,,,GFZ,,,elastic,2.07769
True,mean,False,lower,,,,JPL,,,elastic,2.157182
True,mean,False,lower,,,,CSR,,,elastic,2.093281
True,mean,False,lower,,,,MSSA,,,elastic,2.119129
False,mean,False,upper,,,,GFZ,,,elastic,2.103156
False,mean,False,upper,,,,JPL,,,elastic,2.183919
False,mean,False,upper,,,,CSR,,,elastic,2.119227
False,mean,False,upper,,,,MSSA,,,elastic,2.14284
True,mean,False,upper,,,,GFZ,,,elastic,2.110298
True,mean,False,upper,,,,JPL,,,elastic,2.191595
True,mean,False,upper,,,,CSR,,,elastic,2.126892
True,mean,False,upper,,,,MSSA,,,elastic,2.149193
False,mean,False,mean,,,PAR3P,GFZ,0.15,0.26,short-term,2.448593
False,mean,False,mean,,,PAR3P,JPL,0.15,0.26,short-term,2.536809
False,mean,False,mean,,,PAR3P,CSR,0.15,0.26,short-term,2.46833
False,mean,False,mean,,,PAR3P,MSSA,0.15,0.26,short-term,2.495492
True,mean,False,mean,,,PAR3P,GFZ,0.15,0.26,short-term,2.450895
True,mean,False,mean,,,PAR3P,JPL,0.15,0.26,short-term,2.539555
True,mean,False,mean,,,PAR3P,CSR,0.15,0.26,short-term,2.470046
True,mean,False,mean,,,PAR3P,MSSA,0.15,0.26,short-term,2.495833
False,mean,False,lower,,,PAR3P,GFZ,0.15,0.26,short-term,2.452285
False,mean,False,lower,,,PAR3P,JPL,0.15,0.26,short-term,2.540472
False,mean,False,lower,,,PAR3P,CSR,0.15,0.26,short-term,2.472017
False,mean,False,lower,,,PAR3P,MSSA,0.15,0.26,short-term,2.501318
True,mean,False,lower,,,PAR3P,GFZ,0.15,0.26,short-term,2.454862
True,mean,False,lower,,,PAR3P,JPL,0.15,0.26,short-term,2.543786
True,mean,False,lower,,,PAR3P,CSR,0.15,0.26,short-term,2.473707
True,mean,False,lower,,,PAR3P,MSSA,0.15,0.26,short-term,2.503096
False,mean,False,upper,,,PAR3P,GFZ,0.15,0.26,short-term,2.442541
False,mean,False,upper,,,PAR3P,JPL,0.15,0.26,short-term,2.532634
False,mean,False,upper,,,PAR3P,CSR,0.15,0.26,short-term,2.4632
False,mean,False,upper,,,PAR3P,MSSA,0.15,0.26,short-term,2.488792
True,mean,False,upper,,,PAR3P,GFZ,0.15,0.26,short-term,2.444563
True,mean,False,upper,,,PAR3P,JPL,0.15,0.26,short-term,2.534129
True,mean,False,upper,,,PAR3P,CSR,0.15,0.26,short-term,2.464912
True,mean,False,upper,,,PAR3P,MSSA,0.15,0.26,short-term,2.488397
False,mean,False,mean,,,PAR3P,GFZ,0.1,0.26,short-term,2.491148
False,mean,False,mean,,,PAR3P,JPL,0.1,0.26,short-term,2.580613
False,mean,False,mean,,,PAR3P,CSR,0.1,0.26,short-term,2.51402
False,mean,False,mean,,,PAR3P,MSSA,0.1,0.26,short-term,2.542431
True,mean,False,mean,,,PAR3P,GFZ,0.1,0.26,short-term,2.491156
True,mean,False,mean,,,PAR3P,JPL,0.1,0.26,short-term,2.579874
True,mean,False,mean,,,PAR3P,CSR,0.1,0.26,short-term,2.5134
True,mean,False,mean,,,PAR3P,MSSA,0.1,0.26,short-term,2.542911
False,mean,False,lower,,,PAR3P,GFZ,0.1,0.26,short-term,2.500851
False,mean,False,lower,,,PAR3P,JPL,0.1,0.26,short-term,2.587512
False,mean,False,lower,,,PAR3P,CSR,0.1,0.26,short-term,2.522226
False,mean,False,lower,,,PAR3P,MSSA,0.1,0.26,short-term,2.556134
True,mean,False,lower,,,PAR3P,GFZ,0.1,0.26,short-term,2.501369
True,mean,False,lower,,,PAR3P,JPL,0.1,0.26,short-term,2.587342
True,mean,False,lower,,,PAR3P,CSR,0.1,0.26,short-term,2.522424
True,mean,False,lower,,,PAR3P,MSSA,0.1,0.26,short-term,2.555151
False,mean,False,upper,,,PAR3P,GFZ,0.1,0.26,short-term,2.480417
False,mean,False,upper,,,PAR3P,JPL,0.1,0.26,short-term,2.570663
False,mean,False,upper,,,PAR3P,CSR,0.1,0.26,short-term,2.502684
False,mean,False,upper,,,PAR3P,MSSA,0.1,0.26,short-term,2.528907
True,mean,False,upper,,,PAR3P,GFZ,0.1,0.26,short-term,2.479851
True,mean,False,upper,,,PAR3P,JPL,0.1,0.26,short-term,2.571021
True,mean,False,upper,,,PAR3P,CSR,0.1,0.26,short-term,2.502433
True,mean,False,upper,,,PAR3P,MSSA,0.1,0.26,short-term,2.527862
False,mean,False,mean,,,PAR3P,GFZ,0.2,0.26,short-term,2.417064
False,mean,False,mean,,,PAR3P,JPL,0.2,0.26,short-term,2.503873
False,mean,False,mean,,,PAR3P,CSR,0.2,0.26,short-term,2.438019
False,mean,False,mean,,,PAR3P,MSSA,0.2,0.26,short-term,2.462476
True,mean,False,mean,,,PAR3P,GFZ,0.2,0.26,short-term,2.421056
True,mean,False,mean,,,PAR3P,JPL,0.2,0.26,short-term,2.508739
True,mean,False,mean,,,PAR3P,CSR,0.2,0.26,short-term,2.441647
True,mean,False,mean,,,PAR3P,MSSA,0.2,0.26,short-term,2.466569
False,mean,False,lower,,,PAR3P,GFZ,0.2,0.26,short-term,2.417341
False,mean,False,lower,,,PAR3P,JPL,0.2,0.26,short-term,2.502723
False,mean,False,lower,,,PAR3P,CSR,0.2,0.26,short-term,2.438053
False,mean,False,lower,,,PAR3P,MSSA,0.2,0.26,short-term,2.463952
True,mean,False,lower,,,PAR3P,GFZ,0.2,0.26,short-term,2.421461
True,mean,False,lower,,,PAR3P,JPL,0.2,0.26,short-term,2.507827
True,mean,False,lower,,,PAR3P,CSR,0.2,0.26,short-term,2.441755
True,mean,False,lower,,,PAR3P,MSSA,0.2,0.26,short-term,2.468161
False,mean,False,upper,,,PAR3P,GFZ,0.2,0.26,short-term,2.416127
False,mean,False,upper,,,PAR3P,JPL,0.2,0.26,short-term,2.503467
False,mean,False,upper,,,PAR3P,CSR,0.2,0.26,short-term,2.436169
False,mean,False,upper,,,PAR3P,MSSA,0.2,0.26,short-term,2.460567
True,mean,False,upper,,,PAR3P,GFZ,0.2,0.26,short-term,2.418897
True,mean,False,upper,,,PAR3P,JPL,0.2,0.26,short-term,2.506449
True,mean,False,upper,,,PAR3P,CSR,0.2,0.26,short-term,2.439722
True,mean,False,upper,,,PAR3P,MSSA,0.2,0.26,short-term,2.464114
False,mean,False,mean,,,PREM,GFZ,0.15,0.26,short-term,2.479677
False,mean,False,mean,,,PREM,JPL,0.15,0.26,short-term,2.567558
False,mean,False,mean,,,PREM,CSR,0.15,0.26,short-term,2.50013
False,mean,False,mean,,,PREM,MSSA,0.15,0.26,short-term,2.531165
True,mean,False,mean,,,PREM,GFZ,0.15,0.26,short-term,2.481856
True,mean,False,mean,,,PREM,JPL,0.15,0.26,short-term,2.569478
True,mean,False,mean,,,PREM,CSR,0.15,0.26,short-term,2.500648
True,mean,False,mean,,,PREM,MSSA,0.15,0.26,short-term,2.5319
False,mean,False,lower,,,PREM,GFZ,0.15,0.26,short-term,2.486288
False,mean,False,lower,,,PREM,JPL,0.15,0.26,short-term,2.574633
False,mean,False,lower,,,PREM,CSR,0.15,0.26,short-term,2.506593
False,mean,False,lower,,,PREM,MSSA,0.15,0.26,short-term,2.538383
True,mean,False,lower,,,PREM,GFZ,0.15,0.26,short-term,2.48839
True,mean,False,lower,,,PREM,JPL,0.15,0.26,short-term,2.576346
True,mean,False,lower,,,PREM,CSR,0.15,0.26,short-term,2.507432
True,mean,False,lower,,,PREM,MSSA,0.15,0.26,short-term,2.538985
False,mean,False,upper,,,PREM,GFZ,0.15,0.26,short-term,2.472101
False,mean,False,upper,,,PREM,JPL,0.15,0.26,short-term,2.559892
False,mean,False,upper,,,PREM,CSR,0.15,0.26,short-term,2.492664
False,mean,False,upper,,,PREM,MSSA,0.15,0.26,short-term,2.520471
True,mean,False,upper,,,PREM,GFZ,0.15,0.26,short-term,2.47324
True,mean,False,upper,,,PREM,JPL,0.15,0.26,short-term,2.561226
True,mean,False,upper,,,PREM,CSR,0.15,0.26,short-term,2.493258
True,mean,False,upper,,,PREM,MSSA,0.15,0.26,short-term,2.520816
False,mean,False,mean,,,PREM,GFZ,0.1,0.26,short-term,2.523553
False,mean,False,mean,,,PREM,JPL,0.1,0.26,short-term,2.612676
False,mean,False,mean,,,PREM,CSR,0.1,0.26,short-term,2.543929
False,mean,False,mean,,,PREM,MSSA,0.1,0.26,short-term,2.578
True,mean,False,mean,,,PREM,GFZ,0.1,0.26,short-term,2.522802
True,mean,False,mean,,,PREM,JPL,0.1,0.26,short-term,2.611149
True,mean,False,mean,,,PREM,CSR,0.1,0.26,short-term,2.542597
True,mean,False,mean,,,PREM,MSSA,0.1,0.26,short-term,2.575711
False,mean,False,lower,,,PREM,GFZ,0.1,0.26,short-term,2.534577
False,mean,False,lower,,,PREM,JPL,0.1,0.26,short-term,2.624756
False,mean,False,lower,,,PREM,CSR,0.1,0.26,short-term,2.557467
False,mean,False,lower,,,PREM,MSSA,0.1,0.26,short-term,2.593046
True,mean,False,lower,,,PREM,GFZ,0.1,0.26,short-term,2.534423
True,mean,False,lower,,,PREM,JPL,0.1,0.26,short-term,2.622069
True,mean,False,lower,,,PREM,CSR,0.1,0.26,short-term,2.555831
True,mean,False,lower,,,PREM,MSSA,0.1,0.26,short-term,2.592413
False,mean,False,upper,,,PREM,GFZ,0.1,0.26,short-term,2.509533
False,mean,False,upper,,,PREM,JPL,0.1,0.26,short-term,2.600099
False,mean,False,upper,,,PREM,CSR,0.1,0.26,short-term,2.531968
False,mean,False,upper,,,PREM,MSSA,0.1,0.26,short-term,2.562274
True,mean,False,upper,,,PREM,GFZ,0.1,0.26,short-term,2.507813
True,mean,False,upper,,,PREM,JPL,0.1,0.26,short-term,2.598223
True,mean,False,upper,,,PREM,CSR,0.1,0.26,short-term,2.528844
True,mean,False,upper,,,PREM,MSSA,0.1,0.26,short-term,2.55886
False,mean,False,mean,,,PREM,GFZ,0.2,0.26,short-term,2.447182
False,mean,False,mean,,,PREM,JPL,0.2,0.26,short-term,2.534084
False,mean,False,mean,,,PREM,CSR,0.2,0.26,short-term,2.468748
False,mean,False,mean,,,PREM,MSSA,0.2,0.26,short-term,2.496875
True,mean,False,mean,,,PREM,GFZ,0.2,0.26,short-term,2.451798
True,mean,False,mean,,,PREM,JPL,0.2,0.26,short-term,2.538383
True,mean,False,mean,,,PREM,CSR,0.2,0.26,short-term,2.472792
True,mean,False,mean,,,PREM,MSSA,0.2,0.26,short-term,2.50006
False,mean,False,lower,,,PREM,GFZ,0.2,0.26,short-term,2.448889
False,mean,False,lower,,,PREM,JPL,0.2,0.26,short-term,2.535388
False,mean,False,lower,,,PREM,CSR,0.2,0.26,short-term,2.471438
False,mean,False,lower,,,PREM,MSSA,0.2,0.26,short-term,2.500186
True,mean,False,lower,,,PREM,GFZ,0.2,0.26,short-term,2.453355
True,mean,False,lower,,,PREM,JPL,0.2,0.26,short-term,2.540577
True,mean,False,lower,,,PREM,CSR,0.2,0.26,short-term,2.475974
True,mean,False,lower,,,PREM,MSSA,0.2,0.26,short-term,2.504929
False,mean,False,upper,,,PREM,GFZ,0.2,0.26,short-term,2.44302
False,mean,False,upper,,,PREM,JPL,0.2,0.26,short-term,2.529942
False,mean,False,upper,,,PREM,CSR,0.2,0.26,short-term,2.464255
False,mean,False,upper,,,PREM,MSSA,0.2,0.26,short-term,2.490294
True,mean,False,upper,,,PREM,GFZ,0.2,0.26,short-term,2.445866
True,mean,False,upper,,,PREM,JPL,0.2,0.26,short-term,2.533496
True,mean,False,upper,,,PREM,CSR,0.2,0.26,short-term,2.467622
True,mean,False,upper,,,PREM,MSSA,0.2,0.26,short-term,2.491819
False,mean,False,mean,,,QL6,GFZ,0.15,0.26,short-term,2.433976
False,mean,False,mean,,,QL6,JPL,0.15,0.26,short-term,2.52256
False,mean,False,mean,,,QL6,CSR,0.15,0.26,short-term,2.453273
False,mean,False,mean,,,QL6,MSSA,0.15,0.26,short-term,2.48175
True,mean,False,mean,,,QL6,GFZ,0.15,0.26,short-term,2.436242
True,mean,False,mean,,,QL6,JPL,0.15,0.26,short-term,2.523977
True,mean,False,mean,,,QL6,CSR,0.15,0.26,short-term,2.455342
True,mean,False,mean,,,QL6,MSSA,0.15,0.26,short-term,2.482859
False,mean,False,lower,,,QL6,GFZ,0.15,0.26,short-term,2.43823
False,mean,False,lower,,,QL6,JPL,0.15,0.26,short-term,2.525211
False,mean,False,lower,,,QL6,CSR,0.15,0.26,short-term,2.45662
False,mean,False,lower,,,QL6,MSSA,0.15,0.26,short-term,2.487671
True,mean,False,lower,,,QL6,GFZ,0.15,0.26,short-term,2.440254
True,mean,False,lower,,,QL6,JPL,0.15,0.26,short-term,2.527804
True,mean,False,lower,,,QL6,CSR,0.15,0.26,short-term,2.458561
True,mean,False,lower,,,QL6,MSSA,0.15,0.26,short-term,2.488419
False,mean,False,upper,,,QL6,GFZ,0.15,0.26,short-term,2.427496
False,mean,False,upper,,,QL6,JPL,0.15,0.26,short-term,2.516721
False,mean,False,upper,,,QL6,CSR,0.15,0.26,short-term,2.448123
False,mean,False,upper,,,QL6,MSSA,0.15,0.26,short-term,2.474529
True,mean,False,upper,,,QL6,GFZ,0.15,0.26,short-term,2.428952
True,mean,False,upper,,,QL6,JPL,0.15,0.26,short-term,2.517975
True,mean,False,upper,,,QL6,CSR,0.15,0.26,short-term,2.449585
True,mean,False,upper,,,QL6,MSSA,0.15,0.26,short-term,2.475251
False,mean,False,mean,,,QL6,GFZ,0.1,0.26,short-term,2.470602
False,mean,False,mean,,,QL6,JPL,0.1,0.26,short-term,2.559494
False,mean,False,mean,,,QL6,CSR,0.1,0.26,short-term,2.490729
False,mean,False,mean,,,QL6,MSSA,0.1,0.26,short-term,2.52129
True,mean,False,mean,,,QL6,GFZ,0.1,0.26,short-term,2.468742
True,mean,False,mean,,,QL6,JPL,0.1,0.26,short-term,2.558578
True,mean,False,mean,,,QL6,CSR,0.1,0.26,short-term,2.490504
True,mean,False,mean,,,QL6,MSSA,0.1,0.26,short-term,2.520493
False,mean,False,lower,,,QL6,GFZ,0.1,0.26,short-term,2.478072
False,mean,False,lower,,,QL6,JPL,0.1,0.26,short-term,2.56641
False,mean,False,lower,,,QL6,CSR,0.1,0.26,short-term,2.498074
False,mean,False,lower,,,QL6,MSSA,0.1,0.26,short-term,2.53208
True,mean,False,lower,,,QL6,GFZ,0.1,0.26,short-term,2.475887
True,mean,False,lower,,,QL6,JPL,0.1,0.26,short-term,2.565538
True,mean,False,lower,,,QL6,CSR,0.1,0.26,short-term,2.498784
True,mean,False,lower,,,QL6,MSSA,0.1,0.26,short-term,2.530795
False,mean,False,upper,,,QL6,GFZ,0.1,0.26,short-term,2.461406
False,mean,False,upper,,,QL6,JPL,0.1,0.26,short-term,2.549797
False,mean,False,upper,,,QL6,CSR,0.1,0.26,short-term,2.48069
False,mean,False,upper,,,QL6,MSSA,0.1,0.26,short-term,2.509322
True,mean,False,upper,,,QL6,GFZ,0.1,0.26,short-term,2.459882
True,mean,False,upper,,,QL6,JPL,0.1,0.26,short-term,2.548525
True,mean,False,upper,,,QL6,CSR,0.1,0.26,short-term,2.479493
True,mean,False,upper,,,QL6,MSSA,0.1,0.26,short-term,2.507391
False,mean,False,mean,,,QL6,GFZ,0.2,0.26,short-term,2.404119
False,mean,False,mean,,,QL6,JPL,0.2,0.26,short-term,2.489557
False,mean,False,mean,,,QL6,CSR,0.2,0.26,short-term,2.424572
False,mean,False,mean,,,QL6,MSSA,0.2,0.26,short-term,2.451493
True,mean,False,mean,,,QL6,GFZ,0.2,0.26,short-term,2.407763
True,mean,False,mean,,,QL6,JPL,0.2,0.26,short-term,2.493963
True,mean,False,mean,,,QL6,CSR,0.2,0.26,short-term,2.428529
True,mean,False,mean,,,QL6,MSSA,0.2,0.26,short-term,2.454404
False,mean,False,lower,,,QL6,GFZ,0.2,0.26,short-term,2.405293
False,mean,False,lower,,,QL6,JPL,0.2,0.26,short-term,2.488995
False,mean,False,lower,,,QL6,CSR,0.2,0.26,short-term,2.425449
False,mean,False,lower,,,QL6,MSSA,0.2,0.26,short-term,2.453789
True,mean,False,lower,,,QL6,GFZ,0.2,0.26,short-term,2.408582
True,mean,False,lower,,,QL6,JPL,0.2,0.26,short-term,2.49374
True,mean,False,lower,,,QL6,CSR,0.2,0.26,short-term,2.429251
True,mean,False,lower,,,QL6,MSSA,0.2,0.26,short-term,2.457498
False,mean,False,upper,,,QL6,GFZ,0.2,0.26,short-term,2.401647
False,mean,False,upper,,,QL6,JPL,0.2,0.26,short-term,2.487596
False,mean,False,upper,,,QL6,CSR,0.2,0.26,short-term,2.42293
False,mean,False,upper,,,QL6,MSSA,0.2,0.26,short-term,2.446665
True,mean,False,upper,,,QL6,GFZ,0.2,0.26,short-term,2.404681
True,mean,False,upper,,,QL6,JPL,0.2,0.26,short-term,2.491551
True,mean,False,upper,,,QL6,CSR,0.2,0.26,short-term,2.425891
True,mean,False,upper,,,QL6,MSSA,0.2,0.26,short-term,2.449576
False,mean,False,mean,,,QM1,GFZ,0.15,0.26,short-term,2.476382
False,mean,False,mean,,,QM1,JPL,0.15,0.26,short-term,2.564053
False,mean,False,mean,,,QM1,CSR,0.15,0.26,short-term,2.496123
False,mean,False,mean,,,QM1,MSSA,0.15,0.26,short-term,2.518996
True,mean,False,mean,,,QM1,GFZ,0.15,0.26,short-term,2.478619
True,mean,False,mean,,,QM1,JPL,0.15,0.26,short-term,2.565649
True,mean,False,mean,,,QM1,CSR,0.15,0.26,short-term,2.49808
True,mean,False,mean,,,QM1,MSSA,0.15,0.26,short-term,2.520601
False,mean,False,lower,,,QM1,GFZ,0.15,0.26,short-term,2.481898
False,mean,False,lower,,,QM1,JPL,0.15,0.26,short-term,2.569339
False,mean,False,lower,,,QM1,CSR,0.15,0.26,short-term,2.501973
False,mean,False,lower,,,QM1,MSSA,0.15,0.26,short-term,2.527058
True,mean,False,lower,,,QM1,GFZ,0.15,0.26,short-term,2.484167
True,mean,False,lower,,,QM1,JPL,0.15,0.26,short-term,2.571556
True,mean,False,lower,,,QM1,CSR,0.15,0.26,short-term,2.504847
True,mean,False,lower,,,QM1,MSSA,0.15,0.26,short-term,2.529318
False,mean,False,upper,,,QM1,GFZ,0.15,0.26,short-term,2.468298
False,mean,False,upper,,,QM1,JPL,0.15,0.26,short-term,2.557756
False,mean,False,upper,,,QM1,CSR,0.15,0.26,short-term,2.489035
False,mean,False,upper,,,QM1,MSSA,0.15,0.26,short-term,2.510964
True,mean,False,upper,,,QM1,GFZ,0.15,0.26,short-term,2.47011
True,mean,False,upper,,,QM1,JPL,0.15,0.26,short-term,2.558719
True,mean,False,upper,,,QM1,CSR,0.15,0.26,short-term,2.490803
True,mean,False,upper,,,QM1,MSSA,0.15,0.26,short-term,2.510842
False,mean,False,mean,,,QM1,GFZ,0.1,0.26,short-term,2.508771
False,mean,False,mean,,,QM1,JPL,0.1,0.26,short-term,2.601516
False,mean,False,mean,,,QM1,CSR,0.1,0.26,short-term,2.531203
False,mean,False,mean,,,QM1,MSSA,0.1,0.26,short-term,2.554819
True,mean,False,mean,,,QM1,GFZ,0.1,0.26,short-term,2.507385
True,mean,False,mean,,,QM1,JPL,0.1,0.26,short-term,2.600178
True,mean,False,mean,,,QM1,CSR,0.1,0.26,short-term,2.530904
True,mean,False,mean,,,QM1,MSSA,0.1,0.26,short-term,2.55344
False,mean,False,lower,,,QM1,GFZ,0.1,0.26,short-term,2.519161
False,mean,False,lower,,,QM1,JPL,0.1,0.26,short-term,2.611833
False,mean,False,lower,,,QM1,CSR,0.1,0.26,short-term,2.541948
False,mean,False,lower,,,QM1,MSSA,0.1,0.26,short-term,2.567211
True,mean,False,lower,,,QM1,GFZ,0.1,0.26,short-term,2.518247
True,mean,False,lower,,,QM1,JPL,0.1,0.26,short-term,2.611331
True,mean,False,lower,,,QM1,CSR,0.1,0.26,short-term,2.541907
True,mean,False,lower,,,QM1,MSSA,0.1,0.26,short-term,2.565905
False,mean,False,upper,,,QM1,GFZ,0.1,0.26,short-term,2.496699
False,mean,False,upper,,,QM1,JPL,0.1,0.26,short-term,2.590306
False,mean,False,upper,,,QM1,CSR,0.1,0.26,short-term,2.518406
False,mean,False,upper,,,QM1,MSSA,0.1,0.26,short-term,2.54213
True,mean,False,upper,,,QM1,GFZ,0.1,0.26,short-term,2.495484
True,mean,False,upper,,,QM1,JPL,0.1,0.26,short-term,2.589185
True,mean,False,upper,,,QM1,CSR,0.1,0.26,short-term,2.517187
True,mean,False,upper,,,QM1,MSSA,0.1,0.26,short-term,2.54062
False,mean,False,mean,,,QM1,GFZ,0.2,0.26,short-term,2.445881
False,mean,False,mean,,,QM1,JPL,0.2,0.26,short-term,2.533444
False,mean,False,mean,,,QM1,CSR,0.2,0.26,short-term,2.467934
False,mean,False,mean,,,QM1,MSSA,0.2,0.26,short-term,2.491254
True,mean,False,mean,,,QM1,GFZ,0.2,0.26,short-term,2.44945
True,mean,False,mean,,,QM1,JPL,0.2,0.26,short-term,2.538408
True,mean,False,mean,,,QM1,CSR,0.2,0.26,short-term,2.472411
True,mean,False,mean,,,QM1,MSSA,0.2,0.26,short-term,2.495774
False,mean,False,lower,,,QM1,GFZ,0.2,0.26,short-term,2.447953
False,mean,False,lower,,,QM1,JPL,0.2,0.26,short-term,2.535342
False,mean,False,lower,,,QM1,CSR,0.2,0.26,short-term,2.470938
False,mean,False,lower,,,QM1,MSSA,0.2,0.26,short-term,2.493604
True,mean,False,lower,,,QM1,GFZ,0.2,0.26,short-term,2.452311
True,mean,False,lower,,,QM1,JPL,0.2,0.26,short-term,2.540422
True,mean,False,lower,,,QM1,CSR,0.2,0.26,short-term,2.475807
True,mean,False,lower,,,QM1,MSSA,0.2,0.26,short-term,2.499059
False,mean,False,upper,,,QM1,GFZ,0.2,0.26,short-term,2.441388
False,mean,False,upper,,,QM1,JPL,0.2,0.26,short-term,2.530591
False,mean,False,upper,,,QM1,CSR,0.2,0.26,short-term,2.464133
False,mean,False,upper,,,QM1,MSSA,0.2,0.26,short-term,2.487182
True,mean,False,upper,,,QM1,GFZ,0.2,0.26,short-term,2.445675
True,mean,False,upper,,,QM1,JPL,0.2,0.26,short-term,2.534206
True,mean,False,upper,,,QM1,CSR,0.2,0.26,short-term,2.467426
True,mean,False,upper,,,QM1,MSSA,0.2,0.26,short-term,2.489798
False,mean,False,mean,,,Resovsky,GFZ,0.15,0.26,short-term,2.442792
False,mean,False,mean,,,Resovsky,JPL,0.15,0.26,short-term,2.530189
False,mean,False,mean,,,Resovsky,CSR,0.15,0.26,short-term,2.464428
False,mean,False,mean,,,Resovsky,MSSA,0.15,0.26,short-term,2.488223
True,mean,False,mean,,,Resovsky,GFZ,0.15,0.26,short-term,2.444476
True,mean,False,mean,,,Resovsky,JPL,0.15,0.26,short-term,2.531945
True,mean,False,mean,,,Resovsky,CSR,0.15,0.26,short-term,2.465697
True,mean,False,mean,,,Resovsky,MSSA,0.15,0.26,short-term,2.488997
False,mean,False,lower,,,Resovsky,GFZ,0.15,0.26,short-term,2.446358
False,mean,False,lower,,,Resovsky,JPL,0.15,0.26,short-term,2.533208
False,mean,False,lower,,,Resovsky,CSR,0.15,0.26,short-term,2.46788
False,mean,False,lower,,,Resovsky,MSSA,0.15,0.26,short-term,2.494332
True,mean,False,lower,,,Resovsky,GFZ,0.15,0.26,short-term,2.448096
True,mean,False,lower,,,Resovsky,JPL,0.15,0.26,short-term,2.53501
True,mean,False,lower,,,Resovsky,CSR,0.15,0.26,short-term,2.469607
True,mean,False,lower,,,Resovsky,MSSA,0.15,0.26,short-term,2.494379
False,mean,False,upper,,,Resovsky,GFZ,0.15,0.26,short-term,2.437756
False,mean,False,upper,,,Resovsky,JPL,0.15,0.26,short-term,2.524192
False,mean,False,upper,,,Resovsky,CSR,0.15,0.26,short-term,2.459042
False,mean,False,upper,,,Resovsky,MSSA,0.15,0.26,short-term,2.481285
True,mean,False,upper,,,Resovsky,GFZ,0.15,0.26,short-term,2.437916
True,mean,False,upper,,,Resovsky,JPL,0.15,0.26,short-term,2.525579
True,mean,False,upper,,,Resovsky,CSR,0.15,0.26,short-term,2.460566
True,mean,False,upper,,,Resovsky,MSSA,0.15,0.26,short-term,2.480479
False,mean,False,mean,,,Resovsky,GFZ,0.1,0.26,short-term,2.471051
False,mean,False,mean,,,Resovsky,JPL,0.1,0.26,short-term,2.561554
False,mean,False,mean,,,Resovsky,CSR,0.1,0.26,short-term,2.492588
False,mean,False,mean,,,Resovsky,MSSA,0.1,0.26,short-term,2.517927
True,mean,False,mean,,,Resovsky,GFZ,0.1,0.26,short-term,2.4696
True,mean,False,mean,,,Resovsky,JPL,0.1,0.26,short-term,2.560676
True,mean,False,mean,,,Resovsky,CSR,0.1,0.26,short-term,2.491551
True,mean,False,mean,,,Resovsky,MSSA,0.1,0.26,short-term,2.516382
False,mean,False,lower,,,Resovsky,GFZ,0.1,0.26,short-term,2.477274
False,mean,False,lower,,,Resovsky,JPL,0.1,0.26,short-term,2.56822
False,mean,False,lower,,,Resovsky,CSR,0.1,0.26,short-term,2.498588
False,mean,False,lower,,,Resovsky,MSSA,0.1,0.26,short-term,2.52659
True,mean,False,lower,,,Resovsky,GFZ,0.1,0.26,short-term,2.476112
True,mean,False,lower,,,Resovsky,JPL,0.1,0.26,short-term,2.566928
True,mean,False,lower,,,Resovsky,CSR,0.1,0.26,short-term,2.497151
True,mean,False,lower,,,Resovsky,MSSA,0.1,0.26,short-term,2.523918
False,mean,False,upper,,,Resovsky,GFZ,0.1,0.26,short-term,2.462435
False,mean,False,upper,,,Resovsky,JPL,0.1,0.26,short-term,2.552988
False,mean,False,upper,,,Resovsky,CSR,0.1,0.26,short-term,2.484133
False,mean,False,upper,,,Resovsky,MSSA,0.1,0.26,short-term,2.508203
True,mean,False,upper,,,Resovsky,GFZ,0.1,0.26,short-term,2.460659
True,mean,False,upper,,,Resovsky,JPL,0.1,0.26,short-term,2.552782
True,mean,False,upper,,,Resovsky,CSR,0.1,0.26,short-term,2.482317
True,mean,False,upper,,,Resovsky,MSSA,0.1,0.26,short-term,2.506248
False,mean,False,mean,,,Resovsky,GFZ,0.2,0.26,short-term,2.417781
False,mean,False,mean,,,Resovsky,JPL,0.2,0.26,short-term,2.502425
False,mean,False,mean,,,Resovsky,CSR,0.2,0.26,short-term,2.438185
False,mean,False,mean,,,Resovsky,MSSA,0.2,0.26,short-term,2.46042
True,mean,False,mean,,,Resovsky,GFZ,0.2,0.26,short-term,2.421993
True,mean,False,mean,,,Resovsky,JPL,0.2,0.26,short-term,2.507317
True,mean,False,mean,,,Resovsky,CSR,0.2,0.26,short-term,2.442841
True,mean,False,mean,,,Resovsky,MSSA,0.2,0.26,short-term,2.463986
False,mean,False,lower,,,Resovsky,GFZ,0.2,0.26,short-term,2.4189
False,mean,False,lower,,,Resovsky,JPL,0.2,0.26,short-term,2.502996
False,mean,False,lower,,,Resovsky,CSR,0.2,0.26,short-term,2.438903
False,mean,False,lower,,,Resovsky,MSSA,0.2,0.26,short-term,2.46377
True,mean,False,lower,,,Resovsky,GFZ,0.2,0.26,short-term,2.422899
True,mean,False,lower,,,Resovsky,JPL,0.2,0.26,short-term,2.507417
True,mean,False,lower,,,Resovsky,CSR,0.2,0.26,short-term,2.443319
True,mean,False,lower,,,Resovsky,MSSA,0.2,0.26,short-term,2.467552
False,mean,False,upper,,,Resovsky,GFZ,0.2,0.26,short-term,2.415295
False,mean,False,upper,,,Resovsky,JPL,0.2,0.26,short-term,2.501079
False,mean,False,upper,,,Resovsky,CSR,0.2,0.26,short-term,2.434569
False,mean,False,upper,,,Resovsky,MSSA,0.2,0.26,short-term,2.456295
True,mean,False,upper,,,Resovsky,GFZ,0.2,0.26,short-term,2.418174
True,mean,False,upper,,,Resovsky,JPL,0.2,0.26,short-term,2.504028
True,mean,False,upper,,,Resovsky,CSR,0.2,0.26,short-term,2.43826
True,mean,False,upper,,,Resovsky,MSSA,0.2,0.26,short-term,2.459407
False,mean,False,mean,Caron,3e+19,,GFZ,,,long-term,2.137877
False,mean,False,mean,Caron,3e+19,,JPL,,,long-term,2.215514
False,mean,False,mean,Caron,3e+19,,CSR,,,long-term,2.150439
False,mean,False,mean,Caron,3e+19,,MSSA,,,long-term,2.17288
True,mean,False,mean,Caron,3e+19,,GFZ,,,long-term,2.140471
True,mean,False,mean,Caron,3e+19,,JPL,,,long-term,2.218354
True,mean,False,mean,Caron,3e+19,,CSR,,,long-term,2.153139
True,mean,False,mean,Caron,3e+19,,MSSA,,,long-term,2.175783
False,mean,False,lower,Caron,3e+19,,GFZ,,,long-term,2.125185
False,mean,False,lower,Caron,3e+19,,JPL,,,long-term,2.200948
False,mean,False,lower,Caron,3e+19,,CSR,,,long-term,2.138731
False,mean,False,lower,Caron,3e+19,,MSSA,,,long-term,2.16109
True,mean,False,lower,Caron,3e+19,,GFZ,,,long-term,2.127158
True,mean,False,lower,Caron,3e+19,,JPL,,,long-term,2.203848
True,mean,False,lower,Caron,3e+19,,CSR,,,long-term,2.140581
True,mean,False,lower,Caron,3e+19,,MSSA,,,long-term,2.16481
False,mean,False,upper,Caron,3e+19,,GFZ,,,long-term,2.147744
False,mean,False,upper,Caron,3e+19,,JPL,,,long-term,2.226251
False,mean,False,upper,Caron,3e+19,,CSR,,,long-term,2.162661
False,mean,False,upper,Caron,3e+19,,MSSA,,,long-term,2.182231
True,mean,False,upper,Caron,3e+19,,GFZ,,,long-term,2.150753
True,mean,False,upper,Caron,3e+19,,JPL,,,long-term,2.228626
True,mean,False,upper,Caron,3e+19,,CSR,,,long-term,2.163906
True,mean,False,upper,Caron,3e+19,,MSSA,,,long-term,2.184469
False,mean,False,mean,Caron,3e+19,PAR3P,GFZ,0.15,0.26,short-term_:_and long-term,2.482402
False,mean,False,mean,Caron,3e+19,PAR3P,JPL,0.15,0.26,short-term_:_and long-term,2.573517
False,mean,False,mean,Caron,3e+19,PAR3P,CSR,0.15,0.26,short-term_:_and long-term,2.507355
False,mean,False,mean,Caron,3e+19,PAR3P,MSSA,0.15,0.26,short-term_:_and long-term,2.534363
True,mean,False,mean,Caron,3e+19,PAR3P,GFZ,0.15,0.26,short-term_:_and long-term,2.480248
True,mean,False,mean,Caron,3e+19,PAR3P,JPL,0.15,0.26,short-term_:_and long-term,2.568534
True,mean,False,mean,Caron,3e+19,PAR3P,CSR,0.15,0.26,short-term_:_and long-term,2.503004
True,mean,False,mean,Caron,3e+19,PAR3P,MSSA,0.15,0.26,short-term_:_and long-term,2.529124
False,mean,False,lower,Caron,3e+19,PAR3P,GFZ,0.15,0.26,short-term_:_and long-term,2.493222
False,mean,False,lower,Caron,3e+19,PAR3P,JPL,0.15,0.26,short-term_:_and long-term,2.579752
False,mean,False,lower,Caron,3e+19,PAR3P,CSR,0.15,0.26,short-term_:_and long-term,2.516584
False,mean,False,lower,Caron,3e+19,PAR3P,MSSA,0.15,0.26,short-term_:_and long-term,2.545372
True,mean,False,lower,Caron,3e+19,PAR3P,GFZ,0.15,0.26,short-term_:_and long-term,2.487564
True,mean,False,lower,Caron,3e+19,PAR3P,JPL,0.15,0.26,short-term_:_and long-term,2.576957
True,mean,False,lower,Caron,3e+19,PAR3P,CSR,0.15,0.26,short-term_:_and long-term,2.51134
True,mean,False,lower,Caron,3e+19,PAR3P,MSSA,0.15,0.26,short-term_:_and long-term,2.539303
False,mean,False,upper,Caron,3e+19,PAR3P,GFZ,0.15,0.26,short-term_:_and long-term,2.474618
False,mean,False,upper,Caron,3e+19,PAR3P,JPL,0.15,0.26,short-term_:_and long-term,2.563069
False,mean,False,upper,Caron,3e+19,PAR3P,CSR,0.15,0.26,short-term_:_and long-term,2.497462
False,mean,False,upper,Caron,3e+19,PAR3P,MSSA,0.15,0.26,short-term_:_and long-term,2.522756
True,mean,False,upper,Caron,3e+19,PAR3P,GFZ,0.15,0.26,short-term_:_and long-term,2.46954
True,mean,False,upper,Caron,3e+19,PAR3P,JPL,0.15,0.26,short-term_:_and long-term,2.560356
True,mean,False,upper,Caron,3e+19,PAR3P,CSR,0.15,0.26,short-term_:_and long-term,2.493343
True,mean,False,upper,Caron,3e+19,PAR3P,MSSA,0.15,0.26,short-term_:_and long-term,2.517734
False,mean,False,mean,Caron,3e+19,PAR3P,GFZ,0.1,0.26,short-term_:_and long-term,2.524727
False,mean,False,mean,Caron,3e+19,PAR3P,JPL,0.1,0.26,short-term_:_and long-term,2.611493
False,mean,False,mean,Caron,3e+19,PAR3P,CSR,0.1,0.26,short-term_:_and long-term,2.5492
False,mean,False,mean,Caron,3e+19,PAR3P,MSSA,0.1,0.26,short-term_:_and long-term,2.574026
True,mean,False,mean,Caron,3e+19,PAR3P,GFZ,0.1,0.26,short-term_:_and long-term,2.52065
True,mean,False,mean,Caron,3e+19,PAR3P,JPL,0.1,0.26,short-term_:_and long-term,2.605943
True,mean,False,mean,Caron,3e+19,PAR3P,CSR,0.1,0.26,short-term_:_and long-term,2.546048
True,mean,False,mean,Caron,3e+19,PAR3P,MSSA,0.1,0.26,short-term_:_and long-term,2.567975
False,mean,False,lower,Caron,3e+19,PAR3P,GFZ,0.1,0.26,short-term_:_and long-term,2.536717
False,mean,False,lower,Caron,3e+19,PAR3P,JPL,0.1,0.26,short-term_:_and long-term,2.622379
False,mean,False,lower,Caron,3e+19,PAR3P,CSR,0.1,0.26,short-term_:_and long-term,2.562535
False,mean,False,lower,Caron,3e+19,PAR3P,MSSA,0.1,0.26,short-term_:_and long-term,2.587129
True,mean,False,lower,Caron,3e+19,PAR3P,GFZ,0.1,0.26,short-term_:_and long-term,2.531943
True,mean,False,lower,Caron,3e+19,PAR3P,JPL,0.1,0.26,short-term_:_and long-term,2.617177
True,mean,False,lower,Caron,3e+19,PAR3P,CSR,0.1,0.26,short-term_:_and long-term,2.556052
True,mean,False,lower,Caron,3e+19,PAR3P,MSSA,0.1,0.26,short-term_:_and long-term,2.580165
False,mean,False,upper,Caron,3e+19,PAR3P,GFZ,0.1,0.26,short-term_:_and long-term,2.512154
False,mean,False,upper,Caron,3e+19,PAR3P,JPL,0.1,0.26,short-term_:_and long-term,2.597326
False,mean,False,upper,Caron,3e+19,PAR3P,CSR,0.1,0.26,short-term_:_and long-term,2.536445
False,mean,False,upper,Caron,3e+19,PAR3P,MSSA,0.1,0.26,short-term_:_and long-term,2.559283
True,mean,False,upper,Caron,3e+19,PAR3P,GFZ,0.1,0.26,short-term_:_and long-term,2.507217
True,mean,False,upper,Caron,3e+19,PAR3P,JPL,0.1,0.26,short-term_:_and long-term,2.592969
True,mean,False,upper,Caron,3e+19,PAR3P,CSR,0.1,0.26,short-term_:_and long-term,2.530278
True,mean,False,upper,Caron,3e+19,PAR3P,MSSA,0.1,0.26,short-term_:_and long-term,2.555104
False,mean,False,mean,Caron,3e+19,PAR3P,GFZ,0.2,0.26,short-term_:_and long-term,2.457896
False,mean,False,mean,Caron,3e+19,PAR3P,JPL,0.2,0.26,short-term_:_and long-term,2.546498
False,mean,False,mean,Caron,3e+19,PAR3P,CSR,0.2,0.26,short-term_:_and long-term,2.477956
False,mean,False,mean,Caron,3e+19,PAR3P,MSSA,0.2,0.26,short-term_:_and long-term,2.502246
True,mean,False,mean,Caron,3e+19,PAR3P,GFZ,0.2,0.26,short-term_:_and long-term,2.453713
True,mean,False,mean,Caron,3e+19,PAR3P,JPL,0.2,0.26,short-term_:_and long-term,2.545058
True,mean,False,mean,Caron,3e+19,PAR3P,CSR,0.2,0.26,short-term_:_and long-term,2.476014
True,mean,False,mean,Caron,3e+19,PAR3P,MSSA,0.2,0.26,short-term_:_and long-term,2.498558
False,mean,False,lower,Caron,3e+19,PAR3P,GFZ,0.2,0.26,short-term_:_and long-term,2.461407
False,mean,False,lower,Caron,3e+19,PAR3P,JPL,0.2,0.26,short-term_:_and long-term,2.550135
False,mean,False,lower,Caron,3e+19,PAR3P,CSR,0.2,0.26,short-term_:_and long-term,2.482891
False,mean,False,lower,Caron,3e+19,PAR3P,MSSA,0.2,0.26,short-term_:_and long-term,2.508506
True,mean,False,lower,Caron,3e+19,PAR3P,GFZ,0.2,0.26,short-term_:_and long-term,2.458052
True,mean,False,lower,Caron,3e+19,PAR3P,JPL,0.2,0.26,short-term_:_and long-term,2.549414
True,mean,False,lower,Caron,3e+19,PAR3P,CSR,0.2,0.26,short-term_:_and long-term,2.480087
True,mean,False,lower,Caron,3e+19,PAR3P,MSSA,0.2,0.26,short-term_:_and long-term,2.503849
False,mean,False,upper,Caron,3e+19,PAR3P,GFZ,0.2,0.26,short-term_:_and long-term,2.449989
False,mean,False,upper,Caron,3e+19,PAR3P,JPL,0.2,0.26,short-term_:_and long-term,2.541334
False,mean,False,upper,Caron,3e+19,PAR3P,CSR,0.2,0.26,short-term_:_and long-term,2.472096
False,mean,False,upper,Caron,3e+19,PAR3P,MSSA,0.2,0.26,short-term_:_and long-term,2.494224
True,mean,False,upper,Caron,3e+19,PAR3P,GFZ,0.2,0.26,short-term_:_and long-term,2.448941
True,mean,False,upper,Caron,3e+19,PAR3P,JPL,0.2,0.26,short-term_:_and long-term,2.538211
True,mean,False,upper,Caron,3e+19,PAR3P,CSR,0.2,0.26,short-term_:_and long-term,2.469324
True,mean,False,upper,Caron,3e+19,PAR3P,MSSA,0.2,0.26,short-term_:_and long-term,2.490559
False,mean,False,mean,Caron,3e+19,PREM,GFZ,0.15,0.26,short-term_:_and long-term,2.516523
False,mean,False,mean,Caron,3e+19,PREM,JPL,0.15,0.26,short-term_:_and long-term,2.605737
False,mean,False,mean,Caron,3e+19,PREM,CSR,0.15,0.26,short-term_:_and long-term,2.540986
False,mean,False,mean,Caron,3e+19,PREM,MSSA,0.15,0.26,short-term_:_and long-term,2.569708
True,mean,False,mean,Caron,3e+19,PREM,GFZ,0.15,0.26,short-term_:_and long-term,2.511207
True,mean,False,mean,Caron,3e+19,PREM,JPL,0.15,0.26,short-term_:_and long-term,2.601636
True,mean,False,mean,Caron,3e+19,PREM,CSR,0.15,0.26,short-term_:_and long-term,2.53503
True,mean,False,mean,Caron,3e+19,PREM,MSSA,0.15,0.26,short-term_:_and long-term,2.563279
False,mean,False,lower,Caron,3e+19,PREM,GFZ,0.15,0.26,short-term_:_and long-term,2.52857
False,mean,False,lower,Caron,3e+19,PREM,JPL,0.15,0.26,short-term_:_and long-term,2.615342
False,mean,False,lower,Caron,3e+19,PREM,CSR,0.15,0.26,short-term_:_and long-term,2.551578
False,mean,False,lower,Caron,3e+19,PREM,MSSA,0.15,0.26,short-term_:_and long-term,2.582546
True,mean,False,lower,Caron,3e+19,PREM,GFZ,0.15,0.26,short-term_:_and long-term,2.523009
True,mean,False,lower,Caron,3e+19,PREM,JPL,0.15,0.26,short-term_:_and long-term,2.611093
True,mean,False,lower,Caron,3e+19,PREM,CSR,0.15,0.26,short-term_:_and long-term,2.547208
True,mean,False,lower,Caron,3e+19,PREM,MSSA,0.15,0.26,short-term_:_and long-term,2.575181
False,mean,False,upper,Caron,3e+19,PREM,GFZ,0.15,0.26,short-term_:_and long-term,2.503389
False,mean,False,upper,Caron,3e+19,PREM,JPL,0.15,0.26,short-term_:_and long-term,2.594773
False,mean,False,upper,Caron,3e+19,PREM,CSR,0.15,0.26,short-term_:_and long-term,2.527448
False,mean,False,upper,Caron,3e+19,PREM,MSSA,0.15,0.26,short-term_:_and long-term,2.554872
True,mean,False,upper,Caron,3e+19,PREM,GFZ,0.15,0.26,short-term_:_and long-term,2.499447
True,mean,False,upper,Caron,3e+19,PREM,JPL,0.15,0.26,short-term_:_and long-term,2.590991
True,mean,False,upper,Caron,3e+19,PREM,CSR,0.15,0.26,short-term_:_and long-term,2.522393
True,mean,False,upper,Caron,3e+19,PREM,MSSA,0.15,0.26,short-term_:_and long-term,2.548355
False,mean,False,mean,Caron,3e+19,PREM,GFZ,0.1,0.26,short-term_:_and long-term,2.558251
False,mean,False,mean,Caron,3e+19,PREM,JPL,0.1,0.26,short-term_:_and long-term,2.646146
False,mean,False,mean,Caron,3e+19,PREM,CSR,0.1,0.26,short-term_:_and long-term,2.583243
False,mean,False,mean,Caron,3e+19,PREM,MSSA,0.1,0.26,short-term_:_and long-term,2.611209
True,mean,False,mean,Caron,3e+19,PREM,GFZ,0.1,0.26,short-term_:_and long-term,2.551973
True,mean,False,mean,Caron,3e+19,PREM,JPL,0.1,0.26,short-term_:_and long-term,2.638545
True,mean,False,mean,Caron,3e+19,PREM,CSR,0.1,0.26,short-term_:_and long-term,2.576065
True,mean,False,mean,Caron,3e+19,PREM,MSSA,0.1,0.26,short-term_:_and long-term,2.60241
False,mean,False,lower,Caron,3e+19,PREM,GFZ,0.1,0.26,short-term_:_and long-term,2.572442
False,mean,False,lower,Caron,3e+19,PREM,JPL,0.1,0.26,short-term_:_and long-term,2.659176
False,mean,False,lower,Caron,3e+19,PREM,CSR,0.1,0.26,short-term_:_and long-term,2.598561
False,mean,False,lower,Caron,3e+19,PREM,MSSA,0.1,0.26,short-term_:_and long-term,2.629555
True,mean,False,lower,Caron,3e+19,PREM,GFZ,0.1,0.26,short-term_:_and long-term,2.565075
True,mean,False,lower,Caron,3e+19,PREM,JPL,0.1,0.26,short-term_:_and long-term,2.653148
True,mean,False,lower,Caron,3e+19,PREM,CSR,0.1,0.26,short-term_:_and long-term,2.589682
True,mean,False,lower,Caron,3e+19,PREM,MSSA,0.1,0.26,short-term_:_and long-term,2.620132
False,mean,False,upper,Caron,3e+19,PREM,GFZ,0.1,0.26,short-term_:_and long-term,2.542376
False,mean,False,upper,Caron,3e+19,PREM,JPL,0.1,0.26,short-term_:_and long-term,2.628802
False,mean,False,upper,Caron,3e+19,PREM,CSR,0.1,0.26,short-term_:_and long-term,2.566123
False,mean,False,upper,Caron,3e+19,PREM,MSSA,0.1,0.26,short-term_:_and long-term,2.593909
True,mean,False,upper,Caron,3e+19,PREM,GFZ,0.1,0.26,short-term_:_and long-term,2.535501
True,mean,False,upper,Caron,3e+19,PREM,JPL,0.1,0.26,short-term_:_and long-term,2.622079
True,mean,False,upper,Caron,3e+19,PREM,CSR,0.1,0.26,short-term_:_and long-term,2.558302
True,mean,False,upper,Caron,3e+19,PREM,MSSA,0.1,0.26,short-term_:_and long-term,2.584868
False,mean,False,mean,Caron,3e+19,PREM,GFZ,0.2,0.26,short-term_:_and long-term,2.487472
False,mean,False,mean,Caron,3e+19,PREM,JPL,0.2,0.26,short-term_:_and long-term,2.578588
False,mean,False,mean,Caron,3e+19,PREM,CSR,0.2,0.26,short-term_:_and long-term,2.508047
False,mean,False,mean,Caron,3e+19,PREM,MSSA,0.2,0.26,short-term_:_and long-term,2.537325
True,mean,False,mean,Caron,3e+19,PREM,GFZ,0.2,0.26,short-term_:_and long-term,2.484531
True,mean,False,mean,Caron,3e+19,PREM,JPL,0.2,0.26,short-term_:_and long-term,2.576558
True,mean,False,mean,Caron,3e+19,PREM,CSR,0.2,0.26,short-term_:_and long-term,2.507906
True,mean,False,mean,Caron,3e+19,PREM,MSSA,0.2,0.26,short-term_:_and long-term,2.533367
False,mean,False,lower,Caron,3e+19,PREM,GFZ,0.2,0.26,short-term_:_and long-term,2.494428
False,mean,False,lower,Caron,3e+19,PREM,JPL,0.2,0.26,short-term_:_and long-term,2.585946
False,mean,False,lower,Caron,3e+19,PREM,CSR,0.2,0.26,short-term_:_and long-term,2.515724
False,mean,False,lower,Caron,3e+19,PREM,MSSA,0.2,0.26,short-term_:_and long-term,2.545944
True,mean,False,lower,Caron,3e+19,PREM,GFZ,0.2,0.26,short-term_:_and long-term,2.492508
True,mean,False,lower,Caron,3e+19,PREM,JPL,0.2,0.26,short-term_:_and long-term,2.583959
True,mean,False,lower,Caron,3e+19,PREM,CSR,0.2,0.26,short-term_:_and long-term,2.513212
True,mean,False,lower,Caron,3e+19,PREM,MSSA,0.2,0.26,short-term_:_and long-term,2.54362
False,mean,False,upper,Caron,3e+19,PREM,GFZ,0.2,0.26,short-term_:_and long-term,2.477774
False,mean,False,upper,Caron,3e+19,PREM,JPL,0.2,0.26,short-term_:_and long-term,2.570061
False,mean,False,upper,Caron,3e+19,PREM,CSR,0.2,0.26,short-term_:_and long-term,2.500288
False,mean,False,upper,Caron,3e+19,PREM,MSSA,0.2,0.26,short-term_:_and long-term,2.526173
True,mean,False,upper,Caron,3e+19,PREM,GFZ,0.2,0.26,short-term_:_and long-term,2.47566
True,mean,False,upper,Caron,3e+19,PREM,JPL,0.2,0.26,short-term_:_and long-term,2.567986
True,mean,False,upper,Caron,3e+19,PREM,CSR,0.2,0.26,short-term_:_and long-term,2.498841
True,mean,False,upper,Caron,3e+19,PREM,MSSA,0.2,0.26,short-term_:_and long-term,2.522747
False,mean,False,mean,Caron,3e+19,QL6,GFZ,0.15,0.26,short-term_:_and long-term,2.47519
False,mean,False,mean,Caron,3e+19,QL6,JPL,0.15,0.26,short-term_:_and long-term,2.565238
False,mean,False,mean,Caron,3e+19,QL6,CSR,0.15,0.26,short-term_:_and long-term,2.500212
False,mean,False,mean,Caron,3e+19,QL6,MSSA,0.15,0.26,short-term_:_and long-term,2.527009
True,mean,False,mean,Caron,3e+19,QL6,GFZ,0.15,0.26,short-term_:_and long-term,2.47057
True,mean,False,mean,Caron,3e+19,QL6,JPL,0.15,0.26,short-term_:_and long-term,2.559479
True,mean,False,mean,Caron,3e+19,QL6,CSR,0.15,0.26,short-term_:_and long-term,2.4944
True,mean,False,mean,Caron,3e+19,QL6,MSSA,0.15,0.26,short-term_:_and long-term,2.523007
False,mean,False,lower,Caron,3e+19,QL6,GFZ,0.15,0.26,short-term_:_and long-term,2.486097
False,mean,False,lower,Caron,3e+19,QL6,JPL,0.15,0.26,short-term_:_and long-term,2.572456
False,mean,False,lower,Caron,3e+19,QL6,CSR,0.15,0.26,short-term_:_and long-term,2.508651
False,mean,False,lower,Caron,3e+19,QL6,MSSA,0.15,0.26,short-term_:_and long-term,2.536132
True,mean,False,lower,Caron,3e+19,QL6,GFZ,0.15,0.26,short-term_:_and long-term,2.479316
True,mean,False,lower,Caron,3e+19,QL6,JPL,0.15,0.26,short-term_:_and long-term,2.566267
True,mean,False,lower,Caron,3e+19,QL6,CSR,0.15,0.26,short-term_:_and long-term,2.503675
True,mean,False,lower,Caron,3e+19,QL6,MSSA,0.15,0.26,short-term_:_and long-term,2.531975
False,mean,False,upper,Caron,3e+19,QL6,GFZ,0.15,0.26,short-term_:_and long-term,2.465198
False,mean,False,upper,Caron,3e+19,QL6,JPL,0.15,0.26,short-term_:_and long-term,2.554168
False,mean,False,upper,Caron,3e+19,QL6,CSR,0.15,0.26,short-term_:_and long-term,2.489015
False,mean,False,upper,Caron,3e+19,QL6,MSSA,0.15,0.26,short-term_:_and long-term,2.514689
True,mean,False,upper,Caron,3e+19,QL6,GFZ,0.15,0.26,short-term_:_and long-term,2.459881
True,mean,False,upper,Caron,3e+19,QL6,JPL,0.15,0.26,short-term_:_and long-term,2.54883
True,mean,False,upper,Caron,3e+19,QL6,CSR,0.15,0.26,short-term_:_and long-term,2.482397
True,mean,False,upper,Caron,3e+19,QL6,MSSA,0.15,0.26,short-term_:_and long-term,2.50951
False,mean,False,mean,Caron,3e+19,QL6,GFZ,0.1,0.26,short-term_:_and long-term,2.511088
False,mean,False,mean,Caron,3e+19,QL6,JPL,0.1,0.26,short-term_:_and long-term,2.596273
False,mean,False,mean,Caron,3e+19,QL6,CSR,0.1,0.26,short-term_:_and long-term,2.535315
False,mean,False,mean,Caron,3e+19,QL6,MSSA,0.1,0.26,short-term_:_and long-term,2.558294
True,mean,False,mean,Caron,3e+19,QL6,GFZ,0.1,0.26,short-term_:_and long-term,2.503224
True,mean,False,mean,Caron,3e+19,QL6,JPL,0.1,0.26,short-term_:_and long-term,2.589227
True,mean,False,mean,Caron,3e+19,QL6,CSR,0.1,0.26,short-term_:_and long-term,2.526544
True,mean,False,mean,Caron,3e+19,QL6,MSSA,0.1,0.26,short-term_:_and long-term,2.550376
False,mean,False,lower,Caron,3e+19,QL6,GFZ,0.1,0.26,short-term_:_and long-term,2.521157
False,mean,False,lower,Caron,3e+19,QL6,JPL,0.1,0.26,short-term_:_and long-term,2.605845
False,mean,False,lower,Caron,3e+19,QL6,CSR,0.1,0.26,short-term_:_and long-term,2.547187
False,mean,False,lower,Caron,3e+19,QL6,MSSA,0.1,0.26,short-term_:_and long-term,2.571156
True,mean,False,lower,Caron,3e+19,QL6,GFZ,0.1,0.26,short-term_:_and long-term,2.515172
True,mean,False,lower,Caron,3e+19,QL6,JPL,0.1,0.26,short-term_:_and long-term,2.599484
True,mean,False,lower,Caron,3e+19,QL6,CSR,0.1,0.26,short-term_:_and long-term,2.539663
True,mean,False,lower,Caron,3e+19,QL6,MSSA,0.1,0.26,short-term_:_and long-term,2.563972
False,mean,False,upper,Caron,3e+19,QL6,GFZ,0.1,0.26,short-term_:_and long-term,2.497342
False,mean,False,upper,Caron,3e+19,QL6,JPL,0.1,0.26,short-term_:_and long-term,2.583261
False,mean,False,upper,Caron,3e+19,QL6,CSR,0.1,0.26,short-term_:_and long-term,2.520902
False,mean,False,upper,Caron,3e+19,QL6,MSSA,0.1,0.26,short-term_:_and long-term,2.544305
True,mean,False,upper,Caron,3e+19,QL6,GFZ,0.1,0.26,short-term_:_and long-term,2.490385
True,mean,False,upper,Caron,3e+19,QL6,JPL,0.1,0.26,short-term_:_and long-term,2.575234
True,mean,False,upper,Caron,3e+19,QL6,CSR,0.1,0.26,short-term_:_and long-term,2.51346
True,mean,False,upper,Caron,3e+19,QL6,MSSA,0.1,0.26,short-term_:_and long-term,2.538068
False,mean,False,mean,Caron,3e+19,QL6,GFZ,0.2,0.26,short-term_:_and long-term,2.450043
False,mean,False,mean,Caron,3e+19,QL6,JPL,0.2,0.26,short-term_:_and long-term,2.538294
False,mean,False,mean,Caron,3e+19,QL6,CSR,0.2,0.26,short-term_:_and long-term,2.470856
False,mean,False,mean,Caron,3e+19,QL6,MSSA,0.2,0.26,short-term_:_and long-term,2.497856
True,mean,False,mean,Caron,3e+19,QL6,GFZ,0.2,0.26,short-term_:_and long-term,2.446512
True,mean,False,mean,Caron,3e+19,QL6,JPL,0.2,0.26,short-term_:_and long-term,2.535401
True,mean,False,mean,Caron,3e+19,QL6,CSR,0.2,0.26,short-term_:_and long-term,2.467765
True,mean,False,mean,Caron,3e+19,QL6,MSSA,0.2,0.26,short-term_:_and long-term,2.493651
False,mean,False,lower,Caron,3e+19,QL6,GFZ,0.2,0.26,short-term_:_and long-term,2.454474
False,mean,False,lower,Caron,3e+19,QL6,JPL,0.2,0.26,short-term_:_and long-term,2.543994
False,mean,False,lower,Caron,3e+19,QL6,CSR,0.2,0.26,short-term_:_and long-term,2.476687
False,mean,False,lower,Caron,3e+19,QL6,MSSA,0.2,0.26,short-term_:_and long-term,2.506488
True,mean,False,lower,Caron,3e+19,QL6,GFZ,0.2,0.26,short-term_:_and long-term,2.45292
True,mean,False,lower,Caron,3e+19,QL6,JPL,0.2,0.26,short-term_:_and long-term,2.541273
True,mean,False,lower,Caron,3e+19,QL6,CSR,0.2,0.26,short-term_:_and long-term,2.472838
True,mean,False,lower,Caron,3e+19,QL6,MSSA,0.2,0.26,short-term_:_and long-term,2.501236
False,mean,False,upper,Caron,3e+19,QL6,GFZ,0.2,0.26,short-term_:_and long-term,2.442461
False,mean,False,upper,Caron,3e+19,QL6,JPL,0.2,0.26,short-term_:_and long-term,2.531562
False,mean,False,upper,Caron,3e+19,QL6,CSR,0.2,0.26,short-term_:_and long-term,2.462334
False,mean,False,upper,Caron,3e+19,QL6,MSSA,0.2,0.26,short-term_:_and long-term,2.487373
True,mean,False,upper,Caron,3e+19,QL6,GFZ,0.2,0.26,short-term_:_and long-term,2.439555
True,mean,False,upper,Caron,3e+19,QL6,JPL,0.2,0.26,short-term_:_and long-term,2.528299
True,mean,False,upper,Caron,3e+19,QL6,CSR,0.2,0.26,short-term_:_and long-term,2.459725
True,mean,False,upper,Caron,3e+19,QL6,MSSA,0.2,0.26,short-term_:_and long-term,2.483576
False,mean,False,mean,Caron,3e+19,QM1,GFZ,0.15,0.26,short-term_:_and long-term,2.510572
False,mean,False,mean,Caron,3e+19,QM1,JPL,0.15,0.26,short-term_:_and long-term,2.601042
False,mean,False,mean,Caron,3e+19,QM1,CSR,0.15,0.26,short-term_:_and long-term,2.534614
False,mean,False,mean,Caron,3e+19,QM1,MSSA,0.15,0.26,short-term_:_and long-term,2.556352
True,mean,False,mean,Caron,3e+19,QM1,GFZ,0.15,0.26,short-term_:_and long-term,2.505813
True,mean,False,mean,Caron,3e+19,QM1,JPL,0.15,0.26,short-term_:_and long-term,2.598911
True,mean,False,mean,Caron,3e+19,QM1,CSR,0.15,0.26,short-term_:_and long-term,2.530175
True,mean,False,mean,Caron,3e+19,QM1,MSSA,0.15,0.26,short-term_:_and long-term,2.550979
False,mean,False,lower,Caron,3e+19,QM1,GFZ,0.15,0.26,short-term_:_and long-term,2.521062
False,mean,False,lower,Caron,3e+19,QM1,JPL,0.15,0.26,short-term_:_and long-term,2.61239
False,mean,False,lower,Caron,3e+19,QM1,CSR,0.15,0.26,short-term_:_and long-term,2.545233
False,mean,False,lower,Caron,3e+19,QM1,MSSA,0.15,0.26,short-term_:_and long-term,2.566353
True,mean,False,lower,Caron,3e+19,QM1,GFZ,0.15,0.26,short-term_:_and long-term,2.517089
True,mean,False,lower,Caron,3e+19,QM1,JPL,0.15,0.26,short-term_:_and long-term,2.608116
True,mean,False,lower,Caron,3e+19,QM1,CSR,0.15,0.26,short-term_:_and long-term,2.540715
True,mean,False,lower,Caron,3e+19,QM1,MSSA,0.15,0.26,short-term_:_and long-term,2.563837
False,mean,False,upper,Caron,3e+19,QM1,GFZ,0.15,0.26,short-term_:_and long-term,2.497872
False,mean,False,upper,Caron,3e+19,QM1,JPL,0.15,0.26,short-term_:_and long-term,2.59173
False,mean,False,upper,Caron,3e+19,QM1,CSR,0.15,0.26,short-term_:_and long-term,2.522097
False,mean,False,upper,Caron,3e+19,QM1,MSSA,0.15,0.26,short-term_:_and long-term,2.541377
True,mean,False,upper,Caron,3e+19,QM1,GFZ,0.15,0.26,short-term_:_and long-term,2.495657
True,mean,False,upper,Caron,3e+19,QM1,JPL,0.15,0.26,short-term_:_and long-term,2.588873
True,mean,False,upper,Caron,3e+19,QM1,CSR,0.15,0.26,short-term_:_and long-term,2.518182
True,mean,False,upper,Caron,3e+19,QM1,MSSA,0.15,0.26,short-term_:_and long-term,2.537112
False,mean,False,mean,Caron,3e+19,QM1,GFZ,0.1,0.26,short-term_:_and long-term,2.543059
False,mean,False,mean,Caron,3e+19,QM1,JPL,0.1,0.26,short-term_:_and long-term,2.632458
False,mean,False,mean,Caron,3e+19,QM1,CSR,0.1,0.26,short-term_:_and long-term,2.568992
False,mean,False,mean,Caron,3e+19,QM1,MSSA,0.1,0.26,short-term_:_and long-term,2.589976
True,mean,False,mean,Caron,3e+19,QM1,GFZ,0.1,0.26,short-term_:_and long-term,2.538507
True,mean,False,mean,Caron,3e+19,QM1,JPL,0.1,0.26,short-term_:_and long-term,2.626889
True,mean,False,mean,Caron,3e+19,QM1,CSR,0.1,0.26,short-term_:_and long-term,2.562803
True,mean,False,mean,Caron,3e+19,QM1,MSSA,0.1,0.26,short-term_:_and long-term,2.582477
False,mean,False,lower,Caron,3e+19,QM1,GFZ,0.1,0.26,short-term_:_and long-term,2.557516
False,mean,False,lower,Caron,3e+19,QM1,JPL,0.1,0.26,short-term_:_and long-term,2.647024
False,mean,False,lower,Caron,3e+19,QM1,CSR,0.1,0.26,short-term_:_and long-term,2.583536
False,mean,False,lower,Caron,3e+19,QM1,MSSA,0.1,0.26,short-term_:_and long-term,2.603178
True,mean,False,lower,Caron,3e+19,QM1,GFZ,0.1,0.26,short-term_:_and long-term,2.5509
True,mean,False,lower,Caron,3e+19,QM1,JPL,0.1,0.26,short-term_:_and long-term,2.640268
True,mean,False,lower,Caron,3e+19,QM1,CSR,0.1,0.26,short-term_:_and long-term,2.576607
True,mean,False,lower,Caron,3e+19,QM1,MSSA,0.1,0.26,short-term_:_and long-term,2.596938
False,mean,False,upper,Caron,3e+19,QM1,GFZ,0.1,0.26,short-term_:_and long-term,2.529115
False,mean,False,upper,Caron,3e+19,QM1,JPL,0.1,0.26,short-term_:_and long-term,2.61811
False,mean,False,upper,Caron,3e+19,QM1,CSR,0.1,0.26,short-term_:_and long-term,2.553376
False,mean,False,upper,Caron,3e+19,QM1,MSSA,0.1,0.26,short-term_:_and long-term,2.574876
True,mean,False,upper,Caron,3e+19,QM1,GFZ,0.1,0.26,short-term_:_and long-term,2.523039
True,mean,False,upper,Caron,3e+19,QM1,JPL,0.1,0.26,short-term_:_and long-term,2.611191
True,mean,False,upper,Caron,3e+19,QM1,CSR,0.1,0.26,short-term_:_and long-term,2.545641
True,mean,False,upper,Caron,3e+19,QM1,MSSA,0.1,0.26,short-term_:_and long-term,2.567965
False,mean,False,mean,Caron,3e+19,QM1,GFZ,0.2,0.26,short-term_:_and long-term,2.484169
False,mean,False,mean,Caron,3e+19,QM1,JPL,0.2,0.26,short-term_:_and long-term,2.578118
False,mean,False,mean,Caron,3e+19,QM1,CSR,0.2,0.26,short-term_:_and long-term,2.506693
False,mean,False,mean,Caron,3e+19,QM1,MSSA,0.2,0.26,short-term_:_and long-term,2.526545
True,mean,False,mean,Caron,3e+19,QM1,GFZ,0.2,0.26,short-term_:_and long-term,2.48286
True,mean,False,mean,Caron,3e+19,QM1,JPL,0.2,0.26,short-term_:_and long-term,2.576198
True,mean,False,mean,Caron,3e+19,QM1,CSR,0.2,0.26,short-term_:_and long-term,2.506705
True,mean,False,mean,Caron,3e+19,QM1,MSSA,0.2,0.26,short-term_:_and long-term,2.525485
False,mean,False,lower,Caron,3e+19,QM1,GFZ,0.2,0.26,short-term_:_and long-term,2.491005
False,mean,False,lower,Caron,3e+19,QM1,JPL,0.2,0.26,short-term_:_and long-term,2.585121
False,mean,False,lower,Caron,3e+19,QM1,CSR,0.2,0.26,short-term_:_and long-term,2.514333
False,mean,False,lower,Caron,3e+19,QM1,MSSA,0.2,0.26,short-term_:_and long-term,2.535441
True,mean,False,lower,Caron,3e+19,QM1,GFZ,0.2,0.26,short-term_:_and long-term,2.489344
True,mean,False,lower,Caron,3e+19,QM1,JPL,0.2,0.26,short-term_:_and long-term,2.583248
True,mean,False,lower,Caron,3e+19,QM1,CSR,0.2,0.26,short-term_:_and long-term,2.513172
True,mean,False,lower,Caron,3e+19,QM1,MSSA,0.2,0.26,short-term_:_and long-term,2.533523
False,mean,False,upper,Caron,3e+19,QM1,GFZ,0.2,0.26,short-term_:_and long-term,2.475472
False,mean,False,upper,Caron,3e+19,QM1,JPL,0.2,0.26,short-term_:_and long-term,2.569018
False,mean,False,upper,Caron,3e+19,QM1,CSR,0.2,0.26,short-term_:_and long-term,2.498904
False,mean,False,upper,Caron,3e+19,QM1,MSSA,0.2,0.26,short-term_:_and long-term,2.517676
True,mean,False,upper,Caron,3e+19,QM1,GFZ,0.2,0.26,short-term_:_and long-term,2.474596
True,mean,False,upper,Caron,3e+19,QM1,JPL,0.2,0.26,short-term_:_and long-term,2.568393
True,mean,False,upper,Caron,3e+19,QM1,CSR,0.2,0.26,short-term_:_and long-term,2.497539
True,mean,False,upper,Caron,3e+19,QM1,MSSA,0.2,0.26,short-term_:_and long-term,2.517019
False,mean,False,mean,Caron,3e+19,Resovsky,GFZ,0.15,0.26,short-term_:_and long-term,2.478029
False,mean,False,mean,Caron,3e+19,Resovsky,JPL,0.15,0.26,short-term_:_and long-term,2.568379
False,mean,False,mean,Caron,3e+19,Resovsky,CSR,0.15,0.26,short-term_:_and long-term,2.501792
False,mean,False,mean,Caron,3e+19,Resovsky,MSSA,0.15,0.26,short-term_:_and long-term,2.524647
True,mean,False,mean,Caron,3e+19,Resovsky,GFZ,0.15,0.26,short-term_:_and long-term,2.475238
True,mean,False,mean,Caron,3e+19,Resovsky,JPL,0.15,0.26,short-term_:_and long-term,2.565503
True,mean,False,mean,Caron,3e+19,Resovsky,CSR,0.15,0.26,short-term_:_and long-term,2.495553
True,mean,False,mean,Caron,3e+19,Resovsky,MSSA,0.15,0.26,short-term_:_and long-term,2.520611
False,mean,False,lower,Caron,3e+19,Resovsky,GFZ,0.15,0.26,short-term_:_and long-term,2.486837
False,mean,False,lower,Caron,3e+19,Resovsky,JPL,0.15,0.26,short-term_:_and long-term,2.575828
False,mean,False,lower,Caron,3e+19,Resovsky,CSR,0.15,0.26,short-term_:_and long-term,2.510682
False,mean,False,lower,Caron,3e+19,Resovsky,MSSA,0.15,0.26,short-term_:_and long-term,2.535613
True,mean,False,lower,Caron,3e+19,Resovsky,GFZ,0.15,0.26,short-term_:_and long-term,2.482572
True,mean,False,lower,Caron,3e+19,Resovsky,JPL,0.15,0.26,short-term_:_and long-term,2.572892
True,mean,False,lower,Caron,3e+19,Resovsky,CSR,0.15,0.26,short-term_:_and long-term,2.504349
True,mean,False,lower,Caron,3e+19,Resovsky,MSSA,0.15,0.26,short-term_:_and long-term,2.530044
False,mean,False,upper,Caron,3e+19,Resovsky,GFZ,0.15,0.26,short-term_:_and long-term,2.469919
False,mean,False,upper,Caron,3e+19,Resovsky,JPL,0.15,0.26,short-term_:_and long-term,2.55932
False,mean,False,upper,Caron,3e+19,Resovsky,CSR,0.15,0.26,short-term_:_and long-term,2.491202
False,mean,False,upper,Caron,3e+19,Resovsky,MSSA,0.15,0.26,short-term_:_and long-term,2.513337
True,mean,False,upper,Caron,3e+19,Resovsky,GFZ,0.15,0.26,short-term_:_and long-term,2.465147
True,mean,False,upper,Caron,3e+19,Resovsky,JPL,0.15,0.26,short-term_:_and long-term,2.556195
True,mean,False,upper,Caron,3e+19,Resovsky,CSR,0.15,0.26,short-term_:_and long-term,2.485718
True,mean,False,upper,Caron,3e+19,Resovsky,MSSA,0.15,0.26,short-term_:_and long-term,2.508361
False,mean,False,mean,Caron,3e+19,Resovsky,GFZ,0.1,0.26,short-term_:_and long-term,2.50525
False,mean,False,mean,Caron,3e+19,Resovsky,JPL,0.1,0.26,short-term_:_and long-term,2.592503
False,mean,False,mean,Caron,3e+19,Resovsky,CSR,0.1,0.26,short-term_:_and long-term,2.528658
False,mean,False,mean,Caron,3e+19,Resovsky,MSSA,0.1,0.26,short-term_:_and long-term,2.54877
True,mean,False,mean,Caron,3e+19,Resovsky,GFZ,0.1,0.26,short-term_:_and long-term,2.497722
True,mean,False,mean,Caron,3e+19,Resovsky,JPL,0.1,0.26,short-term_:_and long-term,2.586294
True,mean,False,mean,Caron,3e+19,Resovsky,CSR,0.1,0.26,short-term_:_and long-term,2.521367
True,mean,False,mean,Caron,3e+19,Resovsky,MSSA,0.1,0.26,short-term_:_and long-term,2.54408
False,mean,False,lower,Caron,3e+19,Resovsky,GFZ,0.1,0.26,short-term_:_and long-term,2.516859
False,mean,False,lower,Caron,3e+19,Resovsky,JPL,0.1,0.26,short-term_:_and long-term,2.602599
False,mean,False,lower,Caron,3e+19,Resovsky,CSR,0.1,0.26,short-term_:_and long-term,2.541516
False,mean,False,lower,Caron,3e+19,Resovsky,MSSA,0.1,0.26,short-term_:_and long-term,2.561571
True,mean,False,lower,Caron,3e+19,Resovsky,GFZ,0.1,0.26,short-term_:_and long-term,2.508681
True,mean,False,lower,Caron,3e+19,Resovsky,JPL,0.1,0.26,short-term_:_and long-term,2.596049
True,mean,False,lower,Caron,3e+19,Resovsky,CSR,0.1,0.26,short-term_:_and long-term,2.532352
True,mean,False,lower,Caron,3e+19,Resovsky,MSSA,0.1,0.26,short-term_:_and long-term,2.554726
False,mean,False,upper,Caron,3e+19,Resovsky,GFZ,0.1,0.26,short-term_:_and long-term,2.491991
False,mean,False,upper,Caron,3e+19,Resovsky,JPL,0.1,0.26,short-term_:_and long-term,2.580796
False,mean,False,upper,Caron,3e+19,Resovsky,CSR,0.1,0.26,short-term_:_and long-term,2.515948
False,mean,False,upper,Caron,3e+19,Resovsky,MSSA,0.1,0.26,short-term_:_and long-term,2.538115
True,mean,False,upper,Caron,3e+19,Resovsky,GFZ,0.1,0.26,short-term_:_and long-term,2.48576
True,mean,False,upper,Caron,3e+19,Resovsky,JPL,0.1,0.26,short-term_:_and long-term,2.573614
True,mean,False,upper,Caron,3e+19,Resovsky,CSR,0.1,0.26,short-term_:_and long-term,2.508338
True,mean,False,upper,Caron,3e+19,Resovsky,MSSA,0.1,0.26,short-term_:_and long-term,2.530502
False,mean,False,mean,Caron,3e+19,Resovsky,GFZ,0.2,0.26,short-term_:_and long-term,2.457408
False,mean,False,mean,Caron,3e+19,Resovsky,JPL,0.2,0.26,short-term_:_and long-term,2.547667
False,mean,False,mean,Caron,3e+19,Resovsky,CSR,0.2,0.26,short-term_:_and long-term,2.478971
False,mean,False,mean,Caron,3e+19,Resovsky,MSSA,0.2,0.26,short-term_:_and long-term,2.50185
True,mean,False,mean,Caron,3e+19,Resovsky,GFZ,0.2,0.26,short-term_:_and long-term,2.455028
True,mean,False,mean,Caron,3e+19,Resovsky,JPL,0.2,0.26,short-term_:_and long-term,2.545755
True,mean,False,mean,Caron,3e+19,Resovsky,CSR,0.2,0.26,short-term_:_and long-term,2.477126
True,mean,False,mean,Caron,3e+19,Resovsky,MSSA,0.2,0.26,short-term_:_and long-term,2.499365
False,mean,False,lower,Caron,3e+19,Resovsky,GFZ,0.2,0.26,short-term_:_and long-term,2.463106
False,mean,False,lower,Caron,3e+19,Resovsky,JPL,0.2,0.26,short-term_:_and long-term,2.553306
False,mean,False,lower,Caron,3e+19,Resovsky,CSR,0.2,0.26,short-term_:_and long-term,2.484062
False,mean,False,lower,Caron,3e+19,Resovsky,MSSA,0.2,0.26,short-term_:_and long-term,2.509105
True,mean,False,lower,Caron,3e+19,Resovsky,GFZ,0.2,0.26,short-term_:_and long-term,2.459994
True,mean,False,lower,Caron,3e+19,Resovsky,JPL,0.2,0.26,short-term_:_and long-term,2.551496
True,mean,False,lower,Caron,3e+19,Resovsky,CSR,0.2,0.26,short-term_:_and long-term,2.481904
True,mean,False,lower,Caron,3e+19,Resovsky,MSSA,0.2,0.26,short-term_:_and long-term,2.506553
False,mean,False,upper,Caron,3e+19,Resovsky,GFZ,0.2,0.26,short-term_:_and long-term,2.450892
False,mean,False,upper,Caron,3e+19,Resovsky,JPL,0.2,0.26,short-term_:_and long-term,2.540148
False,mean,False,upper,Caron,3e+19,Resovsky,CSR,0.2,0.26,short-term_:_and long-term,2.470741
False,mean,False,upper,Caron,3e+19,Resovsky,MSSA,0.2,0.26,short-term_:_and long-term,2.492849
True,mean,False,upper,Caron,3e+19,Resovsky,GFZ,0.2,0.26,short-term_:_and long-term,2.448016
True,mean,False,upper,Caron,3e+19,Resovsky,JPL,0.2,0.26,short-term_:_and long-term,2.537311
True,mean,False,upper,Caron,3e+19,Resovsky,CSR,0.2,0.26,short-term_:_and long-term,2.469104
True,mean,False,upper,Caron,3e+19,Resovsky,MSSA,0.2,0.26,short-term_:_and long-term,2.491452
False,mean,False,mean,Caron,6e+20,,GFZ,,,long-term,2.105164
False,mean,False,mean,Caron,6e+20,,JPL,,,long-term,2.184102
False,mean,False,mean,Caron,6e+20,,CSR,,,long-term,2.120259
False,mean,False,mean,Caron,6e+20,,MSSA,,,long-term,2.145827
True,mean,False,mean,Caron,6e+20,,GFZ,,,long-term,2.109562
True,mean,False,mean,Caron,6e+20,,JPL,,,long-term,2.188356
True,mean,False,mean,Caron,6e+20,,CSR,,,long-term,2.12489
True,mean,False,mean,Caron,6e+20,,MSSA,,,long-term,2.149212
False,mean,False,lower,Caron,6e+20,,GFZ,,,long-term,2.088665
False,mean,False,lower,Caron,6e+20,,JPL,,,long-term,2.167637
False,mean,False,lower,Caron,6e+20,,CSR,,,long-term,2.102188
False,mean,False,lower,Caron,6e+20,,MSSA,,,long-term,2.129994
True,mean,False,lower,Caron,6e+20,,GFZ,,,long-term,2.092956
True,mean,False,lower,Caron,6e+20,,JPL,,,long-term,2.172308
True,mean,False,lower,Caron,6e+20,,CSR,,,long-term,2.107254
True,mean,False,lower,Caron,6e+20,,MSSA,,,long-term,2.134348
False,mean,False,upper,Caron,6e+20,,GFZ,,,long-term,2.119292
False,mean,False,upper,Caron,6e+20,,JPL,,,long-term,2.198788
False,mean,False,upper,Caron,6e+20,,CSR,,,long-term,2.134523
False,mean,False,upper,Caron,6e+20,,MSSA,,,long-term,2.158482
True,mean,False,upper,Caron,6e+20,,GFZ,,,long-term,2.122882
True,mean,False,upper,Caron,6e+20,,JPL,,,long-term,2.202726
True,mean,False,upper,Caron,6e+20,,CSR,,,long-term,2.138618
True,mean,False,upper,Caron,6e+20,,MSSA,,,long-term,2.161401
False,mean,False,mean,Caron,6e+20,PAR3P,GFZ,0.15,0.26,short-term_:_and long-term,2.460967
False,mean,False,mean,Caron,6e+20,PAR3P,JPL,0.15,0.26,short-term_:_and long-term,2.55155
False,mean,False,mean,Caron,6e+20,PAR3P,CSR,0.15,0.26,short-term_:_and long-term,2.481176
False,mean,False,mean,Caron,6e+20,PAR3P,MSSA,0.15,0.26,short-term_:_and long-term,2.508981
True,mean,False,mean,Caron,6e+20,PAR3P,GFZ,0.15,0.26,short-term_:_and long-term,2.459764
True,mean,False,mean,Caron,6e+20,PAR3P,JPL,0.15,0.26,short-term_:_and long-term,2.549663
True,mean,False,mean,Caron,6e+20,PAR3P,CSR,0.15,0.26,short-term_:_and long-term,2.479731
True,mean,False,mean,Caron,6e+20,PAR3P,MSSA,0.15,0.26,short-term_:_and long-term,2.506522
False,mean,False,lower,Caron,6e+20,PAR3P,GFZ,0.15,0.26,short-term_:_and long-term,2.466532
False,mean,False,lower,Caron,6e+20,PAR3P,JPL,0.15,0.26,short-term_:_and long-term,2.556615
False,mean,False,lower,Caron,6e+20,PAR3P,CSR,0.15,0.26,short-term_:_and long-term,2.486758
False,mean,False,lower,Caron,6e+20,PAR3P,MSSA,0.15,0.26,short-term_:_and long-term,2.516007
True,mean,False,lower,Caron,6e+20,PAR3P,GFZ,0.15,0.26,short-term_:_and long-term,2.46535
True,mean,False,lower,Caron,6e+20,PAR3P,JPL,0.15,0.26,short-term_:_and long-term,2.554803
True,mean,False,lower,Caron,6e+20,PAR3P,CSR,0.15,0.26,short-term_:_and long-term,2.485007
True,mean,False,lower,Caron,6e+20,PAR3P,MSSA,0.15,0.26,short-term_:_and long-term,2.512984
False,mean,False,upper,Caron,6e+20,PAR3P,GFZ,0.15,0.26,short-term_:_and long-term,2.455258
False,mean,False,upper,Caron,6e+20,PAR3P,JPL,0.15,0.26,short-term_:_and long-term,2.543577
False,mean,False,upper,Caron,6e+20,PAR3P,CSR,0.15,0.26,short-term_:_and long-term,2.474507
False,mean,False,upper,Caron,6e+20,PAR3P,MSSA,0.15,0.26,short-term_:_and long-term,2.500369
True,mean,False,upper,Caron,6e+20,PAR3P,GFZ,0.15,0.26,short-term_:_and long-term,2.453605
True,mean,False,upper,Caron,6e+20,PAR3P,JPL,0.15,0.26,short-term_:_and long-term,2.542314
True,mean,False,upper,Caron,6e+20,PAR3P,CSR,0.15,0.26,short-term_:_and long-term,2.472394
True,mean,False,upper,Caron,6e+20,PAR3P,MSSA,0.15,0.26,short-term_:_and long-term,2.497783
False,mean,False,mean,Caron,6e+20,PAR3P,GFZ,0.1,0.26,short-term_:_and long-term,2.504435
False,mean,False,mean,Caron,6e+20,PAR3P,JPL,0.1,0.26,short-term_:_and long-term,2.591455
False,mean,False,mean,Caron,6e+20,PAR3P,CSR,0.1,0.26,short-term_:_and long-term,2.52573
False,mean,False,mean,Caron,6e+20,PAR3P,MSSA,0.1,0.26,short-term_:_and long-term,2.557262
True,mean,False,mean,Caron,6e+20,PAR3P,GFZ,0.1,0.26,short-term_:_and long-term,2.50102
True,mean,False,mean,Caron,6e+20,PAR3P,JPL,0.1,0.26,short-term_:_and long-term,2.586979
True,mean,False,mean,Caron,6e+20,PAR3P,CSR,0.1,0.26,short-term_:_and long-term,2.522773
True,mean,False,mean,Caron,6e+20,PAR3P,MSSA,0.1,0.26,short-term_:_and long-term,2.553523
False,mean,False,lower,Caron,6e+20,PAR3P,GFZ,0.1,0.26,short-term_:_and long-term,2.514965
False,mean,False,lower,Caron,6e+20,PAR3P,JPL,0.1,0.26,short-term_:_and long-term,2.600905
False,mean,False,lower,Caron,6e+20,PAR3P,CSR,0.1,0.26,short-term_:_and long-term,2.538338
False,mean,False,lower,Caron,6e+20,PAR3P,MSSA,0.1,0.26,short-term_:_and long-term,2.571028
True,mean,False,lower,Caron,6e+20,PAR3P,GFZ,0.1,0.26,short-term_:_and long-term,2.511843
True,mean,False,lower,Caron,6e+20,PAR3P,JPL,0.1,0.26,short-term_:_and long-term,2.598276
True,mean,False,lower,Caron,6e+20,PAR3P,CSR,0.1,0.26,short-term_:_and long-term,2.534742
True,mean,False,lower,Caron,6e+20,PAR3P,MSSA,0.1,0.26,short-term_:_and long-term,2.566312
False,mean,False,upper,Caron,6e+20,PAR3P,GFZ,0.1,0.26,short-term_:_and long-term,2.492246
False,mean,False,upper,Caron,6e+20,PAR3P,JPL,0.1,0.26,short-term_:_and long-term,2.580886
False,mean,False,upper,Caron,6e+20,PAR3P,CSR,0.1,0.26,short-term_:_and long-term,2.513659
False,mean,False,upper,Caron,6e+20,PAR3P,MSSA,0.1,0.26,short-term_:_and long-term,2.54246
True,mean,False,upper,Caron,6e+20,PAR3P,GFZ,0.1,0.26,short-term_:_and long-term,2.488626
True,mean,False,upper,Caron,6e+20,PAR3P,JPL,0.1,0.26,short-term_:_and long-term,2.578011
True,mean,False,upper,Caron,6e+20,PAR3P,CSR,0.1,0.26,short-term_:_and long-term,2.511027
True,mean,False,upper,Caron,6e+20,PAR3P,MSSA,0.1,0.26,short-term_:_and long-term,2.53857
False,mean,False,mean,Caron,6e+20,PAR3P,GFZ,0.2,0.26,short-term_:_and long-term,2.43151
False,mean,False,mean,Caron,6e+20,PAR3P,JPL,0.2,0.26,short-term_:_and long-term,2.518829
False,mean,False,mean,Caron,6e+20,PAR3P,CSR,0.2,0.26,short-term_:_and long-term,2.451147
False,mean,False,mean,Caron,6e+20,PAR3P,MSSA,0.2,0.26,short-term_:_and long-term,2.47797
True,mean,False,mean,Caron,6e+20,PAR3P,GFZ,0.2,0.26,short-term_:_and long-term,2.431608
True,mean,False,mean,Caron,6e+20,PAR3P,JPL,0.2,0.26,short-term_:_and long-term,2.519179
True,mean,False,mean,Caron,6e+20,PAR3P,CSR,0.2,0.26,short-term_:_and long-term,2.451735
True,mean,False,mean,Caron,6e+20,PAR3P,MSSA,0.2,0.26,short-term_:_and long-term,2.477785
False,mean,False,lower,Caron,6e+20,PAR3P,GFZ,0.2,0.26,short-term_:_and long-term,2.432384
False,mean,False,lower,Caron,6e+20,PAR3P,JPL,0.2,0.26,short-term_:_and long-term,2.518965
False,mean,False,lower,Caron,6e+20,PAR3P,CSR,0.2,0.26,short-term_:_and long-term,2.453879
False,mean,False,lower,Caron,6e+20,PAR3P,MSSA,0.2,0.26,short-term_:_and long-term,2.481672
True,mean,False,lower,Caron,6e+20,PAR3P,GFZ,0.2,0.26,short-term_:_and long-term,2.432836
True,mean,False,lower,Caron,6e+20,PAR3P,JPL,0.2,0.26,short-term_:_and long-term,2.519779
True,mean,False,lower,Caron,6e+20,PAR3P,CSR,0.2,0.26,short-term_:_and long-term,2.453457
True,mean,False,lower,Caron,6e+20,PAR3P,MSSA,0.2,0.26,short-term_:_and long-term,2.480253
False,mean,False,upper,Caron,6e+20,PAR3P,GFZ,0.2,0.26,short-term_:_and long-term,2.42837
False,mean,False,upper,Caron,6e+20,PAR3P,JPL,0.2,0.26,short-term_:_and long-term,2.516478
False,mean,False,upper,Caron,6e+20,PAR3P,CSR,0.2,0.26,short-term_:_and long-term,2.448926
False,mean,False,upper,Caron,6e+20,PAR3P,MSSA,0.2,0.26,short-term_:_and long-term,2.474434
True,mean,False,upper,Caron,6e+20,PAR3P,GFZ,0.2,0.26,short-term_:_and long-term,2.428216
True,mean,False,upper,Caron,6e+20,PAR3P,JPL,0.2,0.26,short-term_:_and long-term,2.516361
True,mean,False,upper,Caron,6e+20,PAR3P,CSR,0.2,0.26,short-term_:_and long-term,2.448739
True,mean,False,upper,Caron,6e+20,PAR3P,MSSA,0.2,0.26,short-term_:_and long-term,2.473145
False,mean,False,mean,Caron,6e+20,PREM,GFZ,0.15,0.26,short-term_:_and long-term,2.493039
False,mean,False,mean,Caron,6e+20,PREM,JPL,0.15,0.26,short-term_:_and long-term,2.583014
False,mean,False,mean,Caron,6e+20,PREM,CSR,0.15,0.26,short-term_:_and long-term,2.512971
False,mean,False,mean,Caron,6e+20,PREM,MSSA,0.15,0.26,short-term_:_and long-term,2.544703
True,mean,False,mean,Caron,6e+20,PREM,GFZ,0.15,0.26,short-term_:_and long-term,2.491057
True,mean,False,mean,Caron,6e+20,PREM,JPL,0.15,0.26,short-term_:_and long-term,2.581176
True,mean,False,mean,Caron,6e+20,PREM,CSR,0.15,0.26,short-term_:_and long-term,2.511183
True,mean,False,mean,Caron,6e+20,PREM,MSSA,0.15,0.26,short-term_:_and long-term,2.541744
False,mean,False,lower,Caron,6e+20,PREM,GFZ,0.15,0.26,short-term_:_and long-term,2.502052
False,mean,False,lower,Caron,6e+20,PREM,JPL,0.15,0.26,short-term_:_and long-term,2.58938
False,mean,False,lower,Caron,6e+20,PREM,CSR,0.15,0.26,short-term_:_and long-term,2.520758
False,mean,False,lower,Caron,6e+20,PREM,MSSA,0.15,0.26,short-term_:_and long-term,2.555095
True,mean,False,lower,Caron,6e+20,PREM,GFZ,0.15,0.26,short-term_:_and long-term,2.499873
True,mean,False,lower,Caron,6e+20,PREM,JPL,0.15,0.26,short-term_:_and long-term,2.587456
True,mean,False,lower,Caron,6e+20,PREM,CSR,0.15,0.26,short-term_:_and long-term,2.518698
True,mean,False,lower,Caron,6e+20,PREM,MSSA,0.15,0.26,short-term_:_and long-term,2.551372
False,mean,False,upper,Caron,6e+20,PREM,GFZ,0.15,0.26,short-term_:_and long-term,2.484383
False,mean,False,upper,Caron,6e+20,PREM,JPL,0.15,0.26,short-term_:_and long-term,2.573091
False,mean,False,upper,Caron,6e+20,PREM,CSR,0.15,0.26,short-term_:_and long-term,2.5033
False,mean,False,upper,Caron,6e+20,PREM,MSSA,0.15,0.26,short-term_:_and long-term,2.533764
True,mean,False,upper,Caron,6e+20,PREM,GFZ,0.15,0.26,short-term_:_and long-term,2.482386
True,mean,False,upper,Caron,6e+20,PREM,JPL,0.15,0.26,short-term_:_and long-term,2.571196
True,mean,False,upper,Caron,6e+20,PREM,CSR,0.15,0.26,short-term_:_and long-term,2.501504
True,mean,False,upper,Caron,6e+20,PREM,MSSA,0.15,0.26,short-term_:_and long-term,2.531271
False,mean,False,mean,Caron,6e+20,PREM,GFZ,0.1,0.26,short-term_:_and long-term,2.536293
False,mean,False,mean,Caron,6e+20,PREM,JPL,0.1,0.26,short-term_:_and long-term,2.625181
False,mean,False,mean,Caron,6e+20,PREM,CSR,0.1,0.26,short-term_:_and long-term,2.558275
False,mean,False,mean,Caron,6e+20,PREM,MSSA,0.1,0.26,short-term_:_and long-term,2.59399
True,mean,False,mean,Caron,6e+20,PREM,GFZ,0.1,0.26,short-term_:_and long-term,2.532261
True,mean,False,mean,Caron,6e+20,PREM,JPL,0.1,0.26,short-term_:_and long-term,2.619622
True,mean,False,mean,Caron,6e+20,PREM,CSR,0.1,0.26,short-term_:_and long-term,2.553085
True,mean,False,mean,Caron,6e+20,PREM,MSSA,0.1,0.26,short-term_:_and long-term,2.587278
False,mean,False,lower,Caron,6e+20,PREM,GFZ,0.1,0.26,short-term_:_and long-term,2.551444
False,mean,False,lower,Caron,6e+20,PREM,JPL,0.1,0.26,short-term_:_and long-term,2.637579
False,mean,False,lower,Caron,6e+20,PREM,CSR,0.1,0.26,short-term_:_and long-term,2.571628
False,mean,False,lower,Caron,6e+20,PREM,MSSA,0.1,0.26,short-term_:_and long-term,2.609304
True,mean,False,lower,Caron,6e+20,PREM,GFZ,0.1,0.26,short-term_:_and long-term,2.545315
True,mean,False,lower,Caron,6e+20,PREM,JPL,0.1,0.26,short-term_:_and long-term,2.633039
True,mean,False,lower,Caron,6e+20,PREM,CSR,0.1,0.26,short-term_:_and long-term,2.566488
True,mean,False,lower,Caron,6e+20,PREM,MSSA,0.1,0.26,short-term_:_and long-term,2.602016
False,mean,False,upper,Caron,6e+20,PREM,GFZ,0.1,0.26,short-term_:_and long-term,2.522758
False,mean,False,upper,Caron,6e+20,PREM,JPL,0.1,0.26,short-term_:_and long-term,2.611155
False,mean,False,upper,Caron,6e+20,PREM,CSR,0.1,0.26,short-term_:_and long-term,2.541941
False,mean,False,upper,Caron,6e+20,PREM,MSSA,0.1,0.26,short-term_:_and long-term,2.575092
True,mean,False,upper,Caron,6e+20,PREM,GFZ,0.1,0.26,short-term_:_and long-term,2.518173
True,mean,False,upper,Caron,6e+20,PREM,JPL,0.1,0.26,short-term_:_and long-term,2.60668
True,mean,False,upper,Caron,6e+20,PREM,CSR,0.1,0.26,short-term_:_and long-term,2.536793
True,mean,False,upper,Caron,6e+20,PREM,MSSA,0.1,0.26,short-term_:_and long-term,2.569294
False,mean,False,mean,Caron,6e+20,PREM,GFZ,0.2,0.26,short-term_:_and long-term,2.461042
False,mean,False,mean,Caron,6e+20,PREM,JPL,0.2,0.26,short-term_:_and long-term,2.547494
False,mean,False,mean,Caron,6e+20,PREM,CSR,0.2,0.26,short-term_:_and long-term,2.483222
False,mean,False,mean,Caron,6e+20,PREM,MSSA,0.2,0.26,short-term_:_and long-term,2.512857
True,mean,False,mean,Caron,6e+20,PREM,GFZ,0.2,0.26,short-term_:_and long-term,2.461744
True,mean,False,mean,Caron,6e+20,PREM,JPL,0.2,0.26,short-term_:_and long-term,2.548196
True,mean,False,mean,Caron,6e+20,PREM,CSR,0.2,0.26,short-term_:_and long-term,2.483873
True,mean,False,mean,Caron,6e+20,PREM,MSSA,0.2,0.26,short-term_:_and long-term,2.511637
False,mean,False,lower,Caron,6e+20,PREM,GFZ,0.2,0.26,short-term_:_and long-term,2.46574
False,mean,False,lower,Caron,6e+20,PREM,JPL,0.2,0.26,short-term_:_and long-term,2.55096
False,mean,False,lower,Caron,6e+20,PREM,CSR,0.2,0.26,short-term_:_and long-term,2.486988
False,mean,False,lower,Caron,6e+20,PREM,MSSA,0.2,0.26,short-term_:_and long-term,2.519384
True,mean,False,lower,Caron,6e+20,PREM,GFZ,0.2,0.26,short-term_:_and long-term,2.46611
True,mean,False,lower,Caron,6e+20,PREM,JPL,0.2,0.26,short-term_:_and long-term,2.551612
True,mean,False,lower,Caron,6e+20,PREM,CSR,0.2,0.26,short-term_:_and long-term,2.487185
True,mean,False,lower,Caron,6e+20,PREM,MSSA,0.2,0.26,short-term_:_and long-term,2.518091
False,mean,False,upper,Caron,6e+20,PREM,GFZ,0.2,0.26,short-term_:_and long-term,2.455392
False,mean,False,upper,Caron,6e+20,PREM,JPL,0.2,0.26,short-term_:_and long-term,2.542632
False,mean,False,upper,Caron,6e+20,PREM,CSR,0.2,0.26,short-term_:_and long-term,2.476926
False,mean,False,upper,Caron,6e+20,PREM,MSSA,0.2,0.26,short-term_:_and long-term,2.505452
True,mean,False,upper,Caron,6e+20,PREM,GFZ,0.2,0.26,short-term_:_and long-term,2.45511
True,mean,False,upper,Caron,6e+20,PREM,JPL,0.2,0.26,short-term_:_and long-term,2.542726
True,mean,False,upper,Caron,6e+20,PREM,CSR,0.2,0.26,short-term_:_and long-term,2.476649
True,mean,False,upper,Caron,6e+20,PREM,MSSA,0.2,0.26,short-term_:_and long-term,2.504731
False,mean,False,mean,Caron,6e+20,QL6,GFZ,0.15,0.26,short-term_:_and long-term,2.448325
False,mean,False,mean,Caron,6e+20,QL6,JPL,0.15,0.26,short-term_:_and long-term,2.535846
False,mean,False,mean,Caron,6e+20,QL6,CSR,0.15,0.26,short-term_:_and long-term,2.467281
False,mean,False,mean,Caron,6e+20,QL6,MSSA,0.15,0.26,short-term_:_and long-term,2.497108
True,mean,False,mean,Caron,6e+20,QL6,GFZ,0.15,0.26,short-term_:_and long-term,2.446104
True,mean,False,mean,Caron,6e+20,QL6,JPL,0.15,0.26,short-term_:_and long-term,2.53457
True,mean,False,mean,Caron,6e+20,QL6,CSR,0.15,0.26,short-term_:_and long-term,2.465584
True,mean,False,mean,Caron,6e+20,QL6,MSSA,0.15,0.26,short-term_:_and long-term,2.49509
False,mean,False,lower,Caron,6e+20,QL6,GFZ,0.15,0.26,short-term_:_and long-term,2.452992
False,mean,False,lower,Caron,6e+20,QL6,JPL,0.15,0.26,short-term_:_and long-term,2.541638
False,mean,False,lower,Caron,6e+20,QL6,CSR,0.15,0.26,short-term_:_and long-term,2.472365
False,mean,False,lower,Caron,6e+20,QL6,MSSA,0.15,0.26,short-term_:_and long-term,2.504938
True,mean,False,lower,Caron,6e+20,QL6,GFZ,0.15,0.26,short-term_:_and long-term,2.450642
True,mean,False,lower,Caron,6e+20,QL6,JPL,0.15,0.26,short-term_:_and long-term,2.540178
True,mean,False,lower,Caron,6e+20,QL6,CSR,0.15,0.26,short-term_:_and long-term,2.470006
True,mean,False,lower,Caron,6e+20,QL6,MSSA,0.15,0.26,short-term_:_and long-term,2.501471
False,mean,False,upper,Caron,6e+20,QL6,GFZ,0.15,0.26,short-term_:_and long-term,2.441426
False,mean,False,upper,Caron,6e+20,QL6,JPL,0.15,0.26,short-term_:_and long-term,2.529935
False,mean,False,upper,Caron,6e+20,QL6,CSR,0.15,0.26,short-term_:_and long-term,2.46118
False,mean,False,upper,Caron,6e+20,QL6,MSSA,0.15,0.26,short-term_:_and long-term,2.488748
True,mean,False,upper,Caron,6e+20,QL6,GFZ,0.15,0.26,short-term_:_and long-term,2.439663
True,mean,False,upper,Caron,6e+20,QL6,JPL,0.15,0.26,short-term_:_and long-term,2.527465
True,mean,False,upper,Caron,6e+20,QL6,CSR,0.15,0.26,short-term_:_and long-term,2.459028
True,mean,False,upper,Caron,6e+20,QL6,MSSA,0.15,0.26,short-term_:_and long-term,2.485112
False,mean,False,mean,Caron,6e+20,QL6,GFZ,0.1,0.26,short-term_:_and long-term,2.482492
False,mean,False,mean,Caron,6e+20,QL6,JPL,0.1,0.26,short-term_:_and long-term,2.572105
False,mean,False,mean,Caron,6e+20,QL6,CSR,0.1,0.26,short-term_:_and long-term,2.504648
False,mean,False,mean,Caron,6e+20,QL6,MSSA,0.1,0.26,short-term_:_and long-term,2.537418
True,mean,False,mean,Caron,6e+20,QL6,GFZ,0.1,0.26,short-term_:_and long-term,2.4777
True,mean,False,mean,Caron,6e+20,QL6,JPL,0.1,0.26,short-term_:_and long-term,2.567381
True,mean,False,mean,Caron,6e+20,QL6,CSR,0.1,0.26,short-term_:_and long-term,2.501584
True,mean,False,mean,Caron,6e+20,QL6,MSSA,0.1,0.26,short-term_:_and long-term,2.532692
False,mean,False,lower,Caron,6e+20,QL6,GFZ,0.1,0.26,short-term_:_and long-term,2.491988
False,mean,False,lower,Caron,6e+20,QL6,JPL,0.1,0.26,short-term_:_and long-term,2.580205
False,mean,False,lower,Caron,6e+20,QL6,CSR,0.1,0.26,short-term_:_and long-term,2.515882
False,mean,False,lower,Caron,6e+20,QL6,MSSA,0.1,0.26,short-term_:_and long-term,2.549709
True,mean,False,lower,Caron,6e+20,QL6,GFZ,0.1,0.26,short-term_:_and long-term,2.487254
True,mean,False,lower,Caron,6e+20,QL6,JPL,0.1,0.26,short-term_:_and long-term,2.576325
True,mean,False,lower,Caron,6e+20,QL6,CSR,0.1,0.26,short-term_:_and long-term,2.51128
True,mean,False,lower,Caron,6e+20,QL6,MSSA,0.1,0.26,short-term_:_and long-term,2.544002
False,mean,False,upper,Caron,6e+20,QL6,GFZ,0.1,0.26,short-term_:_and long-term,2.473398
False,mean,False,upper,Caron,6e+20,QL6,JPL,0.1,0.26,short-term_:_and long-term,2.561556
False,mean,False,upper,Caron,6e+20,QL6,CSR,0.1,0.26,short-term_:_and long-term,2.49325
False,mean,False,upper,Caron,6e+20,QL6,MSSA,0.1,0.26,short-term_:_and long-term,2.523216
True,mean,False,upper,Caron,6e+20,QL6,GFZ,0.1,0.26,short-term_:_and long-term,2.467971
True,mean,False,upper,Caron,6e+20,QL6,JPL,0.1,0.26,short-term_:_and long-term,2.55813
True,mean,False,upper,Caron,6e+20,QL6,CSR,0.1,0.26,short-term_:_and long-term,2.489623
True,mean,False,upper,Caron,6e+20,QL6,MSSA,0.1,0.26,short-term_:_and long-term,2.518093
False,mean,False,mean,Caron,6e+20,QL6,GFZ,0.2,0.26,short-term_:_and long-term,2.419487
False,mean,False,mean,Caron,6e+20,QL6,JPL,0.2,0.26,short-term_:_and long-term,2.505504
False,mean,False,mean,Caron,6e+20,QL6,CSR,0.2,0.26,short-term_:_and long-term,2.439693
False,mean,False,mean,Caron,6e+20,QL6,MSSA,0.2,0.26,short-term_:_and long-term,2.46783
True,mean,False,mean,Caron,6e+20,QL6,GFZ,0.2,0.26,short-term_:_and long-term,2.419274
True,mean,False,mean,Caron,6e+20,QL6,JPL,0.2,0.26,short-term_:_and long-term,2.505904
True,mean,False,mean,Caron,6e+20,QL6,CSR,0.2,0.26,short-term_:_and long-term,2.439284
True,mean,False,mean,Caron,6e+20,QL6,MSSA,0.2,0.26,short-term_:_and long-term,2.466847
False,mean,False,lower,Caron,6e+20,QL6,GFZ,0.2,0.26,short-term_:_and long-term,2.421475
False,mean,False,lower,Caron,6e+20,QL6,JPL,0.2,0.26,short-term_:_and long-term,2.506451
False,mean,False,lower,Caron,6e+20,QL6,CSR,0.2,0.26,short-term_:_and long-term,2.441803
False,mean,False,lower,Caron,6e+20,QL6,MSSA,0.2,0.26,short-term_:_and long-term,2.473025
True,mean,False,lower,Caron,6e+20,QL6,GFZ,0.2,0.26,short-term_:_and long-term,2.421535
True,mean,False,lower,Caron,6e+20,QL6,JPL,0.2,0.26,short-term_:_and long-term,2.507062
True,mean,False,lower,Caron,6e+20,QL6,CSR,0.2,0.26,short-term_:_and long-term,2.441484
True,mean,False,lower,Caron,6e+20,QL6,MSSA,0.2,0.26,short-term_:_and long-term,2.471122
False,mean,False,upper,Caron,6e+20,QL6,GFZ,0.2,0.26,short-term_:_and long-term,2.415443
False,mean,False,upper,Caron,6e+20,QL6,JPL,0.2,0.26,short-term_:_and long-term,2.502236
False,mean,False,upper,Caron,6e+20,QL6,CSR,0.2,0.26,short-term_:_and long-term,2.435729
False,mean,False,upper,Caron,6e+20,QL6,MSSA,0.2,0.26,short-term_:_and long-term,2.462294
True,mean,False,upper,Caron,6e+20,QL6,GFZ,0.2,0.26,short-term_:_and long-term,2.415269
True,mean,False,upper,Caron,6e+20,QL6,JPL,0.2,0.26,short-term_:_and long-term,2.501441
True,mean,False,upper,Caron,6e+20,QL6,CSR,0.2,0.26,short-term_:_and long-term,2.435063
True,mean,False,upper,Caron,6e+20,QL6,MSSA,0.2,0.26,short-term_:_and long-term,2.461251
False,mean,False,mean,Caron,6e+20,QM1,GFZ,0.15,0.26,short-term_:_and long-term,2.49014
False,mean,False,mean,Caron,6e+20,QM1,JPL,0.15,0.26,short-term_:_and long-term,2.577465
False,mean,False,mean,Caron,6e+20,QM1,CSR,0.15,0.26,short-term_:_and long-term,2.510998
False,mean,False,mean,Caron,6e+20,QM1,MSSA,0.15,0.26,short-term_:_and long-term,2.535127
True,mean,False,mean,Caron,6e+20,QM1,GFZ,0.15,0.26,short-term_:_and long-term,2.488131
True,mean,False,mean,Caron,6e+20,QM1,JPL,0.15,0.26,short-term_:_and long-term,2.576756
True,mean,False,mean,Caron,6e+20,QM1,CSR,0.15,0.26,short-term_:_and long-term,2.509436
True,mean,False,mean,Caron,6e+20,QM1,MSSA,0.15,0.26,short-term_:_and long-term,2.531472
False,mean,False,lower,Caron,6e+20,QM1,GFZ,0.15,0.26,short-term_:_and long-term,2.496914
False,mean,False,lower,Caron,6e+20,QM1,JPL,0.15,0.26,short-term_:_and long-term,2.584952
False,mean,False,lower,Caron,6e+20,QM1,CSR,0.15,0.26,short-term_:_and long-term,2.5179
False,mean,False,lower,Caron,6e+20,QM1,MSSA,0.15,0.26,short-term_:_and long-term,2.544387
True,mean,False,lower,Caron,6e+20,QM1,GFZ,0.15,0.26,short-term_:_and long-term,2.495621
True,mean,False,lower,Caron,6e+20,QM1,JPL,0.15,0.26,short-term_:_and long-term,2.583852
True,mean,False,lower,Caron,6e+20,QM1,CSR,0.15,0.26,short-term_:_and long-term,2.516991
True,mean,False,lower,Caron,6e+20,QM1,MSSA,0.15,0.26,short-term_:_and long-term,2.54161
False,mean,False,upper,Caron,6e+20,QM1,GFZ,0.15,0.26,short-term_:_and long-term,2.480663
False,mean,False,upper,Caron,6e+20,QM1,JPL,0.15,0.26,short-term_:_and long-term,2.568775
False,mean,False,upper,Caron,6e+20,QM1,CSR,0.15,0.26,short-term_:_and long-term,2.501467
False,mean,False,upper,Caron,6e+20,QM1,MSSA,0.15,0.26,short-term_:_and long-term,2.522646
True,mean,False,upper,Caron,6e+20,QM1,GFZ,0.15,0.26,short-term_:_and long-term,2.479236
True,mean,False,upper,Caron,6e+20,QM1,JPL,0.15,0.26,short-term_:_and long-term,2.567769
True,mean,False,upper,Caron,6e+20,QM1,CSR,0.15,0.26,short-term_:_and long-term,2.499601
True,mean,False,upper,Caron,6e+20,QM1,MSSA,0.15,0.26,short-term_:_and long-term,2.519999
False,mean,False,mean,Caron,6e+20,QM1,GFZ,0.1,0.26,short-term_:_and long-term,2.521505
False,mean,False,mean,Caron,6e+20,QM1,JPL,0.1,0.26,short-term_:_and long-term,2.614214
False,mean,False,mean,Caron,6e+20,QM1,CSR,0.1,0.26,short-term_:_and long-term,2.544625
False,mean,False,mean,Caron,6e+20,QM1,MSSA,0.1,0.26,short-term_:_and long-term,2.570272
True,mean,False,mean,Caron,6e+20,QM1,GFZ,0.1,0.26,short-term_:_and long-term,2.517385
True,mean,False,mean,Caron,6e+20,QM1,JPL,0.1,0.26,short-term_:_and long-term,2.610124
True,mean,False,mean,Caron,6e+20,QM1,CSR,0.1,0.26,short-term_:_and long-term,2.540422
True,mean,False,mean,Caron,6e+20,QM1,MSSA,0.1,0.26,short-term_:_and long-term,2.564798
False,mean,False,lower,Caron,6e+20,QM1,GFZ,0.1,0.26,short-term_:_and long-term,2.53411
False,mean,False,lower,Caron,6e+20,QM1,JPL,0.1,0.26,short-term_:_and long-term,2.626011
False,mean,False,lower,Caron,6e+20,QM1,CSR,0.1,0.26,short-term_:_and long-term,2.557232
False,mean,False,lower,Caron,6e+20,QM1,MSSA,0.1,0.26,short-term_:_and long-term,2.58538
True,mean,False,lower,Caron,6e+20,QM1,GFZ,0.1,0.26,short-term_:_and long-term,2.530111
True,mean,False,lower,Caron,6e+20,QM1,JPL,0.1,0.26,short-term_:_and long-term,2.621391
True,mean,False,lower,Caron,6e+20,QM1,CSR,0.1,0.26,short-term_:_and long-term,2.553662
True,mean,False,lower,Caron,6e+20,QM1,MSSA,0.1,0.26,short-term_:_and long-term,2.579078
False,mean,False,upper,Caron,6e+20,QM1,GFZ,0.1,0.26,short-term_:_and long-term,2.507551
False,mean,False,upper,Caron,6e+20,QM1,JPL,0.1,0.26,short-term_:_and long-term,2.600297
False,mean,False,upper,Caron,6e+20,QM1,CSR,0.1,0.26,short-term_:_and long-term,2.529791
False,mean,False,upper,Caron,6e+20,QM1,MSSA,0.1,0.26,short-term_:_and long-term,2.554888
True,mean,False,upper,Caron,6e+20,QM1,GFZ,0.1,0.26,short-term_:_and long-term,2.503418
True,mean,False,upper,Caron,6e+20,QM1,JPL,0.1,0.26,short-term_:_and long-term,2.596231
True,mean,False,upper,Caron,6e+20,QM1,CSR,0.1,0.26,short-term_:_and long-term,2.526838
True,mean,False,upper,Caron,6e+20,QM1,MSSA,0.1,0.26,short-term_:_and long-term,2.549657
False,mean,False,mean,Caron,6e+20,QM1,GFZ,0.2,0.26,short-term_:_and long-term,2.460041
False,mean,False,mean,Caron,6e+20,QM1,JPL,0.2,0.26,short-term_:_and long-term,2.547714
False,mean,False,mean,Caron,6e+20,QM1,CSR,0.2,0.26,short-term_:_and long-term,2.482075
False,mean,False,mean,Caron,6e+20,QM1,MSSA,0.2,0.26,short-term_:_and long-term,2.507208
True,mean,False,mean,Caron,6e+20,QM1,GFZ,0.2,0.26,short-term_:_and long-term,2.460901
True,mean,False,mean,Caron,6e+20,QM1,JPL,0.2,0.26,short-term_:_and long-term,2.549012
True,mean,False,mean,Caron,6e+20,QM1,CSR,0.2,0.26,short-term_:_and long-term,2.482528
True,mean,False,mean,Caron,6e+20,QM1,MSSA,0.2,0.26,short-term_:_and long-term,2.507278
False,mean,False,lower,Caron,6e+20,QM1,GFZ,0.2,0.26,short-term_:_and long-term,2.464921
False,mean,False,lower,Caron,6e+20,QM1,JPL,0.2,0.26,short-term_:_and long-term,2.551297
False,mean,False,lower,Caron,6e+20,QM1,CSR,0.2,0.26,short-term_:_and long-term,2.48681
False,mean,False,lower,Caron,6e+20,QM1,MSSA,0.2,0.26,short-term_:_and long-term,2.512481
True,mean,False,lower,Caron,6e+20,QM1,GFZ,0.2,0.26,short-term_:_and long-term,2.465442
True,mean,False,lower,Caron,6e+20,QM1,JPL,0.2,0.26,short-term_:_and long-term,2.552412
True,mean,False,lower,Caron,6e+20,QM1,CSR,0.2,0.26,short-term_:_and long-term,2.487552
True,mean,False,lower,Caron,6e+20,QM1,MSSA,0.2,0.26,short-term_:_and long-term,2.511815
False,mean,False,upper,Caron,6e+20,QM1,GFZ,0.2,0.26,short-term_:_and long-term,2.454472
False,mean,False,upper,Caron,6e+20,QM1,JPL,0.2,0.26,short-term_:_and long-term,2.542504
False,mean,False,upper,Caron,6e+20,QM1,CSR,0.2,0.26,short-term_:_and long-term,2.476829
False,mean,False,upper,Caron,6e+20,QM1,MSSA,0.2,0.26,short-term_:_and long-term,2.500256
True,mean,False,upper,Caron,6e+20,QM1,GFZ,0.2,0.26,short-term_:_and long-term,2.455358
True,mean,False,upper,Caron,6e+20,QM1,JPL,0.2,0.26,short-term_:_and long-term,2.54331
True,mean,False,upper,Caron,6e+20,QM1,CSR,0.2,0.26,short-term_:_and long-term,2.476931
True,mean,False,upper,Caron,6e+20,QM1,MSSA,0.2,0.26,short-term_:_and long-term,2.499244
False,mean,False,mean,Caron,6e+20,Resovsky,GFZ,0.15,0.26,short-term_:_and long-term,2.457421
False,mean,False,mean,Caron,6e+20,Resovsky,JPL,0.15,0.26,short-term_:_and long-term,2.54362
False,mean,False,mean,Caron,6e+20,Resovsky,CSR,0.15,0.26,short-term_:_and long-term,2.477887
False,mean,False,mean,Caron,6e+20,Resovsky,MSSA,0.15,0.26,short-term_:_and long-term,2.502446
True,mean,False,mean,Caron,6e+20,Resovsky,GFZ,0.15,0.26,short-term_:_and long-term,2.454638
True,mean,False,mean,Caron,6e+20,Resovsky,JPL,0.15,0.26,short-term_:_and long-term,2.542397
True,mean,False,mean,Caron,6e+20,Resovsky,CSR,0.15,0.26,short-term_:_and long-term,2.476206
True,mean,False,mean,Caron,6e+20,Resovsky,MSSA,0.15,0.26,short-term_:_and long-term,2.4994
False,mean,False,lower,Caron,6e+20,Resovsky,GFZ,0.15,0.26,short-term_:_and long-term,2.462643
False,mean,False,lower,Caron,6e+20,Resovsky,JPL,0.15,0.26,short-term_:_and long-term,2.549497
False,mean,False,lower,Caron,6e+20,Resovsky,CSR,0.15,0.26,short-term_:_and long-term,2.483139
False,mean,False,lower,Caron,6e+20,Resovsky,MSSA,0.15,0.26,short-term_:_and long-term,2.509583
True,mean,False,lower,Caron,6e+20,Resovsky,GFZ,0.15,0.26,short-term_:_and long-term,2.460494
True,mean,False,lower,Caron,6e+20,Resovsky,JPL,0.15,0.26,short-term_:_and long-term,2.547932
True,mean,False,lower,Caron,6e+20,Resovsky,CSR,0.15,0.26,short-term_:_and long-term,2.481401
True,mean,False,lower,Caron,6e+20,Resovsky,MSSA,0.15,0.26,short-term_:_and long-term,2.506944
False,mean,False,upper,Caron,6e+20,Resovsky,GFZ,0.15,0.26,short-term_:_and long-term,2.450488
False,mean,False,upper,Caron,6e+20,Resovsky,JPL,0.15,0.26,short-term_:_and long-term,2.536951
False,mean,False,upper,Caron,6e+20,Resovsky,CSR,0.15,0.26,short-term_:_and long-term,2.47043
False,mean,False,upper,Caron,6e+20,Resovsky,MSSA,0.15,0.26,short-term_:_and long-term,2.493649
True,mean,False,upper,Caron,6e+20,Resovsky,GFZ,0.15,0.26,short-term_:_and long-term,2.447251
True,mean,False,upper,Caron,6e+20,Resovsky,JPL,0.15,0.26,short-term_:_and long-term,2.535873
True,mean,False,upper,Caron,6e+20,Resovsky,CSR,0.15,0.26,short-term_:_and long-term,2.468451
True,mean,False,upper,Caron,6e+20,Resovsky,MSSA,0.15,0.26,short-term_:_and long-term,2.49052
False,mean,False,mean,Caron,6e+20,Resovsky,GFZ,0.1,0.26,short-term_:_and long-term,2.483926
False,mean,False,mean,Caron,6e+20,Resovsky,JPL,0.1,0.26,short-term_:_and long-term,2.574482
False,mean,False,mean,Caron,6e+20,Resovsky,CSR,0.1,0.26,short-term_:_and long-term,2.505241
False,mean,False,mean,Caron,6e+20,Resovsky,MSSA,0.1,0.26,short-term_:_and long-term,2.5334
True,mean,False,mean,Caron,6e+20,Resovsky,GFZ,0.1,0.26,short-term_:_and long-term,2.479795
True,mean,False,mean,Caron,6e+20,Resovsky,JPL,0.1,0.26,short-term_:_and long-term,2.569934
True,mean,False,mean,Caron,6e+20,Resovsky,CSR,0.1,0.26,short-term_:_and long-term,2.500649
True,mean,False,mean,Caron,6e+20,Resovsky,MSSA,0.1,0.26,short-term_:_and long-term,2.527653
False,mean,False,lower,Caron,6e+20,Resovsky,GFZ,0.1,0.26,short-term_:_and long-term,2.492905
False,mean,False,lower,Caron,6e+20,Resovsky,JPL,0.1,0.26,short-term_:_and long-term,2.583417
False,mean,False,lower,Caron,6e+20,Resovsky,CSR,0.1,0.26,short-term_:_and long-term,2.514949
False,mean,False,lower,Caron,6e+20,Resovsky,MSSA,0.1,0.26,short-term_:_and long-term,2.54426
True,mean,False,lower,Caron,6e+20,Resovsky,GFZ,0.1,0.26,short-term_:_and long-term,2.488097
True,mean,False,lower,Caron,6e+20,Resovsky,JPL,0.1,0.26,short-term_:_and long-term,2.578262
True,mean,False,lower,Caron,6e+20,Resovsky,CSR,0.1,0.26,short-term_:_and long-term,2.509824
True,mean,False,lower,Caron,6e+20,Resovsky,MSSA,0.1,0.26,short-term_:_and long-term,2.536687
False,mean,False,upper,Caron,6e+20,Resovsky,GFZ,0.1,0.26,short-term_:_and long-term,2.473677
False,mean,False,upper,Caron,6e+20,Resovsky,JPL,0.1,0.26,short-term_:_and long-term,2.565004
False,mean,False,upper,Caron,6e+20,Resovsky,CSR,0.1,0.26,short-term_:_and long-term,2.4956
False,mean,False,upper,Caron,6e+20,Resovsky,MSSA,0.1,0.26,short-term_:_and long-term,2.521585
True,mean,False,upper,Caron,6e+20,Resovsky,GFZ,0.1,0.26,short-term_:_and long-term,2.469249
True,mean,False,upper,Caron,6e+20,Resovsky,JPL,0.1,0.26,short-term_:_and long-term,2.561241
True,mean,False,upper,Caron,6e+20,Resovsky,CSR,0.1,0.26,short-term_:_and long-term,2.491587
True,mean,False,upper,Caron,6e+20,Resovsky,MSSA,0.1,0.26,short-term_:_and long-term,2.515758
False,mean,False,mean,Caron,6e+20,Resovsky,GFZ,0.2,0.26,short-term_:_and long-term,2.432124
False,mean,False,mean,Caron,6e+20,Resovsky,JPL,0.2,0.26,short-term_:_and long-term,2.517528
False,mean,False,mean,Caron,6e+20,Resovsky,CSR,0.2,0.26,short-term_:_and long-term,2.453402
False,mean,False,mean,Caron,6e+20,Resovsky,MSSA,0.2,0.26,short-term_:_and long-term,2.477805
True,mean,False,mean,Caron,6e+20,Resovsky,GFZ,0.2,0.26,short-term_:_and long-term,2.431861
True,mean,False,mean,Caron,6e+20,Resovsky,JPL,0.2,0.26,short-term_:_and long-term,2.518664
True,mean,False,mean,Caron,6e+20,Resovsky,CSR,0.2,0.26,short-term_:_and long-term,2.453788
True,mean,False,mean,Caron,6e+20,Resovsky,MSSA,0.2,0.26,short-term_:_and long-term,2.47719
False,mean,False,lower,Caron,6e+20,Resovsky,GFZ,0.2,0.26,short-term_:_and long-term,2.435167
False,mean,False,lower,Caron,6e+20,Resovsky,JPL,0.2,0.26,short-term_:_and long-term,2.518914
False,mean,False,lower,Caron,6e+20,Resovsky,CSR,0.2,0.26,short-term_:_and long-term,2.455388
False,mean,False,lower,Caron,6e+20,Resovsky,MSSA,0.2,0.26,short-term_:_and long-term,2.482584
True,mean,False,lower,Caron,6e+20,Resovsky,GFZ,0.2,0.26,short-term_:_and long-term,2.434885
True,mean,False,lower,Caron,6e+20,Resovsky,JPL,0.2,0.26,short-term_:_and long-term,2.519837
True,mean,False,lower,Caron,6e+20,Resovsky,CSR,0.2,0.26,short-term_:_and long-term,2.455709
True,mean,False,lower,Caron,6e+20,Resovsky,MSSA,0.2,0.26,short-term_:_and long-term,2.481992
False,mean,False,upper,Caron,6e+20,Resovsky,GFZ,0.2,0.26,short-term_:_and long-term,2.426851
False,mean,False,upper,Caron,6e+20,Resovsky,JPL,0.2,0.26,short-term_:_and long-term,2.513857
False,mean,False,upper,Caron,6e+20,Resovsky,CSR,0.2,0.26,short-term_:_and long-term,2.448511
False,mean,False,upper,Caron,6e+20,Resovsky,MSSA,0.2,0.26,short-term_:_and long-term,2.471147
True,mean,False,upper,Caron,6e+20,Resovsky,GFZ,0.2,0.26,short-term_:_and long-term,2.426991
True,mean,False,upper,Caron,6e+20,Resovsky,JPL,0.2,0.26,short-term_:_and long-term,2.513887
True,mean,False,upper,Caron,6e+20,Resovsky,CSR,0.2,0.26,short-term_:_and long-term,2.448412
True,mean,False,upper,Caron,6e+20,Resovsky,MSSA,0.2,0.26,short-term_:_and long-term,2.470634
False,mean,False,mean,Lambeck_2017,3e+19,,GFZ,,,long-term,2.142741
False,mean,False,mean,Lambeck_2017,3e+19,,JPL,,,long-term,2.220658
False,mean,False,mean,Lambeck_2017,3e+19,,CSR,,,long-term,2.156007
False,mean,False,mean,Lambeck_2017,3e+19,,MSSA,,,long-term,2.17821
True,mean,False,mean,Lambeck_2017,3e+19,,GFZ,,,long-term,2.144423
True,mean,False,mean,Lambeck_2017,3e+19,,JPL,,,long-term,2.222117
True,mean,False,mean,Lambeck_2017,3e+19,,CSR,,,long-term,2.157228
True,mean,False,mean,Lambeck_2017,3e+19,,MSSA,,,long-term,2.179555
False,mean,False,lower,Lambeck_2017,3e+19,,GFZ,,,long-term,2.131133
False,mean,False,lower,Lambeck_2017,3e+19,,JPL,,,long-term,2.207163
False,mean,False,lower,Lambeck_2017,3e+19,,CSR,,,long-term,2.144044
False,mean,False,lower,Lambeck_2017,3e+19,,MSSA,,,long-term,2.165896
True,mean,False,lower,Lambeck_2017,3e+19,,GFZ,,,long-term,2.131923
True,mean,False,lower,Lambeck_2017,3e+19,,JPL,,,long-term,2.208787
True,mean,False,lower,Lambeck_2017,3e+19,,CSR,,,long-term,2.145119
True,mean,False,lower,Lambeck_2017,3e+19,,MSSA,,,long-term,2.169189
False,mean,False,upper,Lambeck_2017,3e+19,,GFZ,,,long-term,2.152076
False,mean,False,upper,Lambeck_2017,3e+19,,JPL,,,long-term,2.230861
False,mean,False,upper,Lambeck_2017,3e+19,,CSR,,,long-term,2.167391
False,mean,False,upper,Lambeck_2017,3e+19,,MSSA,,,long-term,2.187508
True,mean,False,upper,Lambeck_2017,3e+19,,GFZ,,,long-term,2.154388
True,mean,False,upper,Lambeck_2017,3e+19,,JPL,,,long-term,2.23212
True,mean,False,upper,Lambeck_2017,3e+19,,CSR,,,long-term,2.167657
True,mean,False,upper,Lambeck_2017,3e+19,,MSSA,,,long-term,2.188056
False,mean,False,mean,Lambeck_2017,3e+19,PAR3P,GFZ,0.15,0.26,short-term_:_and long-term,2.488134
False,mean,False,mean,Lambeck_2017,3e+19,PAR3P,JPL,0.15,0.26,short-term_:_and long-term,2.577417
False,mean,False,mean,Lambeck_2017,3e+19,PAR3P,CSR,0.15,0.26,short-term_:_and long-term,2.511803
False,mean,False,mean,Lambeck_2017,3e+19,PAR3P,MSSA,0.15,0.26,short-term_:_and long-term,2.539561
True,mean,False,mean,Lambeck_2017,3e+19,PAR3P,GFZ,0.15,0.26,short-term_:_and long-term,2.483323
True,mean,False,mean,Lambeck_2017,3e+19,PAR3P,JPL,0.15,0.26,short-term_:_and long-term,2.57203
True,mean,False,mean,Lambeck_2017,3e+19,PAR3P,CSR,0.15,0.26,short-term_:_and long-term,2.507007
True,mean,False,mean,Lambeck_2017,3e+19,PAR3P,MSSA,0.15,0.26,short-term_:_and long-term,2.532153
False,mean,False,lower,Lambeck_2017,3e+19,PAR3P,GFZ,0.15,0.26,short-term_:_and long-term,2.497427
False,mean,False,lower,Lambeck_2017,3e+19,PAR3P,JPL,0.15,0.26,short-term_:_and long-term,2.584783
False,mean,False,lower,Lambeck_2017,3e+19,PAR3P,CSR,0.15,0.26,short-term_:_and long-term,2.52163
False,mean,False,lower,Lambeck_2017,3e+19,PAR3P,MSSA,0.15,0.26,short-term_:_and long-term,2.549981
True,mean,False,lower,Lambeck_2017,3e+19,PAR3P,GFZ,0.15,0.26,short-term_:_and long-term,2.491718
True,mean,False,lower,Lambeck_2017,3e+19,PAR3P,JPL,0.15,0.26,short-term_:_and long-term,2.580804
True,mean,False,lower,Lambeck_2017,3e+19,PAR3P,CSR,0.15,0.26,short-term_:_and long-term,2.515468
True,mean,False,lower,Lambeck_2017,3e+19,PAR3P,MSSA,0.15,0.26,short-term_:_and long-term,2.543886
False,mean,False,upper,Lambeck_2017,3e+19,PAR3P,GFZ,0.15,0.26,short-term_:_and long-term,2.478535
False,mean,False,upper,Lambeck_2017,3e+19,PAR3P,JPL,0.15,0.26,short-term_:_and long-term,2.567033
False,mean,False,upper,Lambeck_2017,3e+19,PAR3P,CSR,0.15,0.26,short-term_:_and long-term,2.500999
False,mean,False,upper,Lambeck_2017,3e+19,PAR3P,MSSA,0.15,0.26,short-term_:_and long-term,2.526657
True,mean,False,upper,Lambeck_2017,3e+19,PAR3P,GFZ,0.15,0.26,short-term_:_and long-term,2.472596
True,mean,False,upper,Lambeck_2017,3e+19,PAR3P,JPL,0.15,0.26,short-term_:_and long-term,2.563252
True,mean,False,upper,Lambeck_2017,3e+19,PAR3P,CSR,0.15,0.26,short-term_:_and long-term,2.496216
True,mean,False,upper,Lambeck_2017,3e+19,PAR3P,MSSA,0.15,0.26,short-term_:_and long-term,2.52073
False,mean,False,mean,Lambeck_2017,3e+19,PAR3P,GFZ,0.1,0.26,short-term_:_and long-term,2.528881
False,mean,False,mean,Lambeck_2017,3e+19,PAR3P,JPL,0.1,0.26,short-term_:_and long-term,2.615333
False,mean,False,mean,Lambeck_2017,3e+19,PAR3P,CSR,0.1,0.26,short-term_:_and long-term,2.553426
False,mean,False,mean,Lambeck_2017,3e+19,PAR3P,MSSA,0.1,0.26,short-term_:_and long-term,2.578806
True,mean,False,mean,Lambeck_2017,3e+19,PAR3P,GFZ,0.1,0.26,short-term_:_and long-term,2.523694
True,mean,False,mean,Lambeck_2017,3e+19,PAR3P,JPL,0.1,0.26,short-term_:_and long-term,2.60913
True,mean,False,mean,Lambeck_2017,3e+19,PAR3P,CSR,0.1,0.26,short-term_:_and long-term,2.54936
True,mean,False,mean,Lambeck_2017,3e+19,PAR3P,MSSA,0.1,0.26,short-term_:_and long-term,2.571602
False,mean,False,lower,Lambeck_2017,3e+19,PAR3P,GFZ,0.1,0.26,short-term_:_and long-term,2.541419
False,mean,False,lower,Lambeck_2017,3e+19,PAR3P,JPL,0.1,0.26,short-term_:_and long-term,2.626942
False,mean,False,lower,Lambeck_2017,3e+19,PAR3P,CSR,0.1,0.26,short-term_:_and long-term,2.566881
False,mean,False,lower,Lambeck_2017,3e+19,PAR3P,MSSA,0.1,0.26,short-term_:_and long-term,2.592225
True,mean,False,lower,Lambeck_2017,3e+19,PAR3P,GFZ,0.1,0.26,short-term_:_and long-term,2.535675
True,mean,False,lower,Lambeck_2017,3e+19,PAR3P,JPL,0.1,0.26,short-term_:_and long-term,2.621164
True,mean,False,lower,Lambeck_2017,3e+19,PAR3P,CSR,0.1,0.26,short-term_:_and long-term,2.559487
True,mean,False,lower,Lambeck_2017,3e+19,PAR3P,MSSA,0.1,0.26,short-term_:_and long-term,2.584824
False,mean,False,upper,Lambeck_2017,3e+19,PAR3P,GFZ,0.1,0.26,short-term_:_and long-term,2.516422
False,mean,False,upper,Lambeck_2017,3e+19,PAR3P,JPL,0.1,0.26,short-term_:_and long-term,2.601414
False,mean,False,upper,Lambeck_2017,3e+19,PAR3P,CSR,0.1,0.26,short-term_:_and long-term,2.540208
False,mean,False,upper,Lambeck_2017,3e+19,PAR3P,MSSA,0.1,0.26,short-term_:_and long-term,2.563171
True,mean,False,upper,Lambeck_2017,3e+19,PAR3P,GFZ,0.1,0.26,short-term_:_and long-term,2.51011
True,mean,False,upper,Lambeck_2017,3e+19,PAR3P,JPL,0.1,0.26,short-term_:_and long-term,2.596505
True,mean,False,upper,Lambeck_2017,3e+19,PAR3P,CSR,0.1,0.26,short-term_:_and long-term,2.53316
True,mean,False,upper,Lambeck_2017,3e+19,PAR3P,MSSA,0.1,0.26,short-term_:_and long-term,2.5579
False,mean,False,mean,Lambeck_2017,3e+19,PAR3P,GFZ,0.2,0.26,short-term_:_and long-term,2.462034
False,mean,False,mean,Lambeck_2017,3e+19,PAR3P,JPL,0.2,0.26,short-term_:_and long-term,2.551339
False,mean,False,mean,Lambeck_2017,3e+19,PAR3P,CSR,0.2,0.26,short-term_:_and long-term,2.482277
False,mean,False,mean,Lambeck_2017,3e+19,PAR3P,MSSA,0.2,0.26,short-term_:_and long-term,2.506903
True,mean,False,mean,Lambeck_2017,3e+19,PAR3P,GFZ,0.2,0.26,short-term_:_and long-term,2.457004
True,mean,False,mean,Lambeck_2017,3e+19,PAR3P,JPL,0.2,0.26,short-term_:_and long-term,2.548363
True,mean,False,mean,Lambeck_2017,3e+19,PAR3P,CSR,0.2,0.26,short-term_:_and long-term,2.479442
True,mean,False,mean,Lambeck_2017,3e+19,PAR3P,MSSA,0.2,0.26,short-term_:_and long-term,2.502376
False,mean,False,lower,Lambeck_2017,3e+19,PAR3P,GFZ,0.2,0.26,short-term_:_and long-term,2.466261
False,mean,False,lower,Lambeck_2017,3e+19,PAR3P,JPL,0.2,0.26,short-term_:_and long-term,2.554683
False,mean,False,lower,Lambeck_2017,3e+19,PAR3P,CSR,0.2,0.26,short-term_:_and long-term,2.487518
False,mean,False,lower,Lambeck_2017,3e+19,PAR3P,MSSA,0.2,0.26,short-term_:_and long-term,2.514256
True,mean,False,lower,Lambeck_2017,3e+19,PAR3P,GFZ,0.2,0.26,short-term_:_and long-term,2.462176
True,mean,False,lower,Lambeck_2017,3e+19,PAR3P,JPL,0.2,0.26,short-term_:_and long-term,2.55307
True,mean,False,lower,Lambeck_2017,3e+19,PAR3P,CSR,0.2,0.26,short-term_:_and long-term,2.483206
True,mean,False,lower,Lambeck_2017,3e+19,PAR3P,MSSA,0.2,0.26,short-term_:_and long-term,2.508194
False,mean,False,upper,Lambeck_2017,3e+19,PAR3P,GFZ,0.2,0.26,short-term_:_and long-term,2.454152
False,mean,False,upper,Lambeck_2017,3e+19,PAR3P,JPL,0.2,0.26,short-term_:_and long-term,2.545361
False,mean,False,upper,Lambeck_2017,3e+19,PAR3P,CSR,0.2,0.26,short-term_:_and long-term,2.475977
False,mean,False,upper,Lambeck_2017,3e+19,PAR3P,MSSA,0.2,0.26,short-term_:_and long-term,2.499493
True,mean,False,upper,Lambeck_2017,3e+19,PAR3P,GFZ,0.2,0.26,short-term_:_and long-term,2.451326
True,mean,False,upper,Lambeck_2017,3e+19,PAR3P,JPL,0.2,0.26,short-term_:_and long-term,2.54173
True,mean,False,upper,Lambeck_2017,3e+19,PAR3P,CSR,0.2,0.26,short-term_:_and long-term,2.472233
True,mean,False,upper,Lambeck_2017,3e+19,PAR3P,MSSA,0.2,0.26,short-term_:_and long-term,2.493179
False,mean,False,mean,Lambeck_2017,3e+19,PREM,GFZ,0.15,0.26,short-term_:_and long-term,2.521243
False,mean,False,mean,Lambeck_2017,3e+19,PREM,JPL,0.15,0.26,short-term_:_and long-term,2.609542
False,mean,False,mean,Lambeck_2017,3e+19,PREM,CSR,0.15,0.26,short-term_:_and long-term,2.545352
False,mean,False,mean,Lambeck_2017,3e+19,PREM,MSSA,0.15,0.26,short-term_:_and long-term,2.574097
True,mean,False,mean,Lambeck_2017,3e+19,PREM,GFZ,0.15,0.26,short-term_:_and long-term,2.515067
True,mean,False,mean,Lambeck_2017,3e+19,PREM,JPL,0.15,0.26,short-term_:_and long-term,2.604598
True,mean,False,mean,Lambeck_2017,3e+19,PREM,CSR,0.15,0.26,short-term_:_and long-term,2.538501
True,mean,False,mean,Lambeck_2017,3e+19,PREM,MSSA,0.15,0.26,short-term_:_and long-term,2.567479
False,mean,False,lower,Lambeck_2017,3e+19,PREM,GFZ,0.15,0.26,short-term_:_and long-term,2.533716
False,mean,False,lower,Lambeck_2017,3e+19,PREM,JPL,0.15,0.26,short-term_:_and long-term,2.620596
False,mean,False,lower,Lambeck_2017,3e+19,PREM,CSR,0.15,0.26,short-term_:_and long-term,2.555771
False,mean,False,lower,Lambeck_2017,3e+19,PREM,MSSA,0.15,0.26,short-term_:_and long-term,2.585939
True,mean,False,lower,Lambeck_2017,3e+19,PREM,GFZ,0.15,0.26,short-term_:_and long-term,2.527534
True,mean,False,lower,Lambeck_2017,3e+19,PREM,JPL,0.15,0.26,short-term_:_and long-term,2.614916
True,mean,False,lower,Lambeck_2017,3e+19,PREM,CSR,0.15,0.26,short-term_:_and long-term,2.551096
True,mean,False,lower,Lambeck_2017,3e+19,PREM,MSSA,0.15,0.26,short-term_:_and long-term,2.579004
False,mean,False,upper,Lambeck_2017,3e+19,PREM,GFZ,0.15,0.26,short-term_:_and long-term,2.507664
False,mean,False,upper,Lambeck_2017,3e+19,PREM,JPL,0.15,0.26,short-term_:_and long-term,2.598142
False,mean,False,upper,Lambeck_2017,3e+19,PREM,CSR,0.15,0.26,short-term_:_and long-term,2.531691
False,mean,False,upper,Lambeck_2017,3e+19,PREM,MSSA,0.15,0.26,short-term_:_and long-term,2.559208
True,mean,False,upper,Lambeck_2017,3e+19,PREM,GFZ,0.15,0.26,short-term_:_and long-term,2.502315
True,mean,False,upper,Lambeck_2017,3e+19,PREM,JPL,0.15,0.26,short-term_:_and long-term,2.593844
True,mean,False,upper,Lambeck_2017,3e+19,PREM,CSR,0.15,0.26,short-term_:_and long-term,2.525435
True,mean,False,upper,Lambeck_2017,3e+19,PREM,MSSA,0.15,0.26,short-term_:_and long-term,2.551099
False,mean,False,mean,Lambeck_2017,3e+19,PREM,GFZ,0.1,0.26,short-term_:_and long-term,2.561803
False,mean,False,mean,Lambeck_2017,3e+19,PREM,JPL,0.1,0.26,short-term_:_and long-term,2.650386
False,mean,False,mean,Lambeck_2017,3e+19,PREM,CSR,0.1,0.26,short-term_:_and long-term,2.586222
False,mean,False,mean,Lambeck_2017,3e+19,PREM,MSSA,0.1,0.26,short-term_:_and long-term,2.616553
True,mean,False,mean,Lambeck_2017,3e+19,PREM,GFZ,0.1,0.26,short-term_:_and long-term,2.55538
True,mean,False,mean,Lambeck_2017,3e+19,PREM,JPL,0.1,0.26,short-term_:_and long-term,2.641927
True,mean,False,mean,Lambeck_2017,3e+19,PREM,CSR,0.1,0.26,short-term_:_and long-term,2.579607
True,mean,False,mean,Lambeck_2017,3e+19,PREM,MSSA,0.1,0.26,short-term_:_and long-term,2.606036
False,mean,False,lower,Lambeck_2017,3e+19,PREM,GFZ,0.1,0.26,short-term_:_and long-term,2.576886
False,mean,False,lower,Lambeck_2017,3e+19,PREM,JPL,0.1,0.26,short-term_:_and long-term,2.664352
False,mean,False,lower,Lambeck_2017,3e+19,PREM,CSR,0.1,0.26,short-term_:_and long-term,2.602815
False,mean,False,lower,Lambeck_2017,3e+19,PREM,MSSA,0.1,0.26,short-term_:_and long-term,2.634368
True,mean,False,lower,Lambeck_2017,3e+19,PREM,GFZ,0.1,0.26,short-term_:_and long-term,2.568219
True,mean,False,lower,Lambeck_2017,3e+19,PREM,JPL,0.1,0.26,short-term_:_and long-term,2.656635
True,mean,False,lower,Lambeck_2017,3e+19,PREM,CSR,0.1,0.26,short-term_:_and long-term,2.593685
True,mean,False,lower,Lambeck_2017,3e+19,PREM,MSSA,0.1,0.26,short-term_:_and long-term,2.623681
False,mean,False,upper,Lambeck_2017,3e+19,PREM,GFZ,0.1,0.26,short-term_:_and long-term,2.546011
False,mean,False,upper,Lambeck_2017,3e+19,PREM,JPL,0.1,0.26,short-term_:_and long-term,2.633059
False,mean,False,upper,Lambeck_2017,3e+19,PREM,CSR,0.1,0.26,short-term_:_and long-term,2.569969
False,mean,False,upper,Lambeck_2017,3e+19,PREM,MSSA,0.1,0.26,short-term_:_and long-term,2.597406
True,mean,False,upper,Lambeck_2017,3e+19,PREM,GFZ,0.1,0.26,short-term_:_and long-term,2.538199
True,mean,False,upper,Lambeck_2017,3e+19,PREM,JPL,0.1,0.26,short-term_:_and long-term,2.624987
True,mean,False,upper,Lambeck_2017,3e+19,PREM,CSR,0.1,0.26,short-term_:_and long-term,2.561933
True,mean,False,upper,Lambeck_2017,3e+19,PREM,MSSA,0.1,0.26,short-term_:_and long-term,2.588289
False,mean,False,mean,Lambeck_2017,3e+19,PREM,GFZ,0.2,0.26,short-term_:_and long-term,2.492022
False,mean,False,mean,Lambeck_2017,3e+19,PREM,JPL,0.2,0.26,short-term_:_and long-term,2.583213
False,mean,False,mean,Lambeck_2017,3e+19,PREM,CSR,0.2,0.26,short-term_:_and long-term,2.512302
False,mean,False,mean,Lambeck_2017,3e+19,PREM,MSSA,0.2,0.26,short-term_:_and long-term,2.542314
True,mean,False,mean,Lambeck_2017,3e+19,PREM,GFZ,0.2,0.26,short-term_:_and long-term,2.488083
True,mean,False,mean,Lambeck_2017,3e+19,PREM,JPL,0.2,0.26,short-term_:_and long-term,2.579947
True,mean,False,mean,Lambeck_2017,3e+19,PREM,CSR,0.2,0.26,short-term_:_and long-term,2.510759
True,mean,False,mean,Lambeck_2017,3e+19,PREM,MSSA,0.2,0.26,short-term_:_and long-term,2.537224
False,mean,False,lower,Lambeck_2017,3e+19,PREM,GFZ,0.2,0.26,short-term_:_and long-term,2.498662
False,mean,False,lower,Lambeck_2017,3e+19,PREM,JPL,0.2,0.26,short-term_:_and long-term,2.591056
False,mean,False,lower,Lambeck_2017,3e+19,PREM,CSR,0.2,0.26,short-term_:_and long-term,2.520551
False,mean,False,lower,Lambeck_2017,3e+19,PREM,MSSA,0.2,0.26,short-term_:_and long-term,2.551305
True,mean,False,lower,Lambeck_2017,3e+19,PREM,GFZ,0.2,0.26,short-term_:_and long-term,2.496174
True,mean,False,lower,Lambeck_2017,3e+19,PREM,JPL,0.2,0.26,short-term_:_and long-term,2.587921
True,mean,False,lower,Lambeck_2017,3e+19,PREM,CSR,0.2,0.26,short-term_:_and long-term,2.5168
True,mean,False,lower,Lambeck_2017,3e+19,PREM,MSSA,0.2,0.26,short-term_:_and long-term,2.546867
False,mean,False,upper,Lambeck_2017,3e+19,PREM,GFZ,0.2,0.26,short-term_:_and long-term,2.481891
False,mean,False,upper,Lambeck_2017,3e+19,PREM,JPL,0.2,0.26,short-term_:_and long-term,2.573617
False,mean,False,upper,Lambeck_2017,3e+19,PREM,CSR,0.2,0.26,short-term_:_and long-term,2.504341
False,mean,False,upper,Lambeck_2017,3e+19,PREM,MSSA,0.2,0.26,short-term_:_and long-term,2.530713
True,mean,False,upper,Lambeck_2017,3e+19,PREM,GFZ,0.2,0.26,short-term_:_and long-term,2.478298
True,mean,False,upper,Lambeck_2017,3e+19,PREM,JPL,0.2,0.26,short-term_:_and long-term,2.570864
True,mean,False,upper,Lambeck_2017,3e+19,PREM,CSR,0.2,0.26,short-term_:_and long-term,2.501733
True,mean,False,upper,Lambeck_2017,3e+19,PREM,MSSA,0.2,0.26,short-term_:_and long-term,2.525684
False,mean,False,mean,Lambeck_2017,3e+19,QL6,GFZ,0.15,0.26,short-term_:_and long-term,2.479965
False,mean,False,mean,Lambeck_2017,3e+19,QL6,JPL,0.15,0.26,short-term_:_and long-term,2.568833
False,mean,False,mean,Lambeck_2017,3e+19,QL6,CSR,0.15,0.26,short-term_:_and long-term,2.504742
False,mean,False,mean,Lambeck_2017,3e+19,QL6,MSSA,0.15,0.26,short-term_:_and long-term,2.531103
True,mean,False,mean,Lambeck_2017,3e+19,QL6,GFZ,0.15,0.26,short-term_:_and long-term,2.473711
True,mean,False,mean,Lambeck_2017,3e+19,QL6,JPL,0.15,0.26,short-term_:_and long-term,2.56299
True,mean,False,mean,Lambeck_2017,3e+19,QL6,CSR,0.15,0.26,short-term_:_and long-term,2.497822
True,mean,False,mean,Lambeck_2017,3e+19,QL6,MSSA,0.15,0.26,short-term_:_and long-term,2.526793
False,mean,False,lower,Lambeck_2017,3e+19,QL6,GFZ,0.15,0.26,short-term_:_and long-term,2.491201
False,mean,False,lower,Lambeck_2017,3e+19,QL6,JPL,0.15,0.26,short-term_:_and long-term,2.577023
False,mean,False,lower,Lambeck_2017,3e+19,QL6,CSR,0.15,0.26,short-term_:_and long-term,2.513573
False,mean,False,lower,Lambeck_2017,3e+19,QL6,MSSA,0.15,0.26,short-term_:_and long-term,2.542185
True,mean,False,lower,Lambeck_2017,3e+19,QL6,GFZ,0.15,0.26,short-term_:_and long-term,2.48341
True,mean,False,lower,Lambeck_2017,3e+19,QL6,JPL,0.15,0.26,short-term_:_and long-term,2.570431
True,mean,False,lower,Lambeck_2017,3e+19,QL6,CSR,0.15,0.26,short-term_:_and long-term,2.507691
True,mean,False,lower,Lambeck_2017,3e+19,QL6,MSSA,0.15,0.26,short-term_:_and long-term,2.536
False,mean,False,upper,Lambeck_2017,3e+19,QL6,GFZ,0.15,0.26,short-term_:_and long-term,2.469514
False,mean,False,upper,Lambeck_2017,3e+19,QL6,JPL,0.15,0.26,short-term_:_and long-term,2.558205
False,mean,False,upper,Lambeck_2017,3e+19,QL6,CSR,0.15,0.26,short-term_:_and long-term,2.493017
False,mean,False,upper,Lambeck_2017,3e+19,QL6,MSSA,0.15,0.26,short-term_:_and long-term,2.518991
True,mean,False,upper,Lambeck_2017,3e+19,QL6,GFZ,0.15,0.26,short-term_:_and long-term,2.463078
True,mean,False,upper,Lambeck_2017,3e+19,QL6,JPL,0.15,0.26,short-term_:_and long-term,2.551705
True,mean,False,upper,Lambeck_2017,3e+19,QL6,CSR,0.15,0.26,short-term_:_and long-term,2.485501
True,mean,False,upper,Lambeck_2017,3e+19,QL6,MSSA,0.15,0.26,short-term_:_and long-term,2.513011
False,mean,False,mean,Lambeck_2017,3e+19,QL6,GFZ,0.1,0.26,short-term_:_and long-term,2.515504
False,mean,False,mean,Lambeck_2017,3e+19,QL6,JPL,0.1,0.26,short-term_:_and long-term,2.600248
False,mean,False,mean,Lambeck_2017,3e+19,QL6,CSR,0.1,0.26,short-term_:_and long-term,2.539664
False,mean,False,mean,Lambeck_2017,3e+19,QL6,MSSA,0.1,0.26,short-term_:_and long-term,2.563135
True,mean,False,mean,Lambeck_2017,3e+19,QL6,GFZ,0.1,0.26,short-term_:_and long-term,2.506895
True,mean,False,mean,Lambeck_2017,3e+19,QL6,JPL,0.1,0.26,short-term_:_and long-term,2.592495
True,mean,False,mean,Lambeck_2017,3e+19,QL6,CSR,0.1,0.26,short-term_:_and long-term,2.530288
True,mean,False,mean,Lambeck_2017,3e+19,QL6,MSSA,0.1,0.26,short-term_:_and long-term,2.553158
False,mean,False,lower,Lambeck_2017,3e+19,QL6,GFZ,0.1,0.26,short-term_:_and long-term,2.526324
False,mean,False,lower,Lambeck_2017,3e+19,QL6,JPL,0.1,0.26,short-term_:_and long-term,2.610998
False,mean,False,lower,Lambeck_2017,3e+19,QL6,CSR,0.1,0.26,short-term_:_and long-term,2.552169
False,mean,False,lower,Lambeck_2017,3e+19,QL6,MSSA,0.1,0.26,short-term_:_and long-term,2.576505
True,mean,False,lower,Lambeck_2017,3e+19,QL6,GFZ,0.1,0.26,short-term_:_and long-term,2.518383
True,mean,False,lower,Lambeck_2017,3e+19,QL6,JPL,0.1,0.26,short-term_:_and long-term,2.603498
True,mean,False,lower,Lambeck_2017,3e+19,QL6,CSR,0.1,0.26,short-term_:_and long-term,2.543472
True,mean,False,lower,Lambeck_2017,3e+19,QL6,MSSA,0.1,0.26,short-term_:_and long-term,2.568244
False,mean,False,upper,Lambeck_2017,3e+19,QL6,GFZ,0.1,0.26,short-term_:_and long-term,2.501667
False,mean,False,upper,Lambeck_2017,3e+19,QL6,JPL,0.1,0.26,short-term_:_and long-term,2.586967
False,mean,False,upper,Lambeck_2017,3e+19,QL6,CSR,0.1,0.26,short-term_:_and long-term,2.524694
False,mean,False,upper,Lambeck_2017,3e+19,QL6,MSSA,0.1,0.26,short-term_:_and long-term,2.547371
True,mean,False,upper,Lambeck_2017,3e+19,QL6,GFZ,0.1,0.26,short-term_:_and long-term,2.493507
True,mean,False,upper,Lambeck_2017,3e+19,QL6,JPL,0.1,0.26,short-term_:_and long-term,2.578206
True,mean,False,upper,Lambeck_2017,3e+19,QL6,CSR,0.1,0.26,short-term_:_and long-term,2.515997
True,mean,False,upper,Lambeck_2017,3e+19,QL6,MSSA,0.1,0.26,short-term_:_and long-term,2.541134
False,mean,False,mean,Lambeck_2017,3e+19,QL6,GFZ,0.2,0.26,short-term_:_and long-term,2.454383
False,mean,False,mean,Lambeck_2017,3e+19,QL6,JPL,0.2,0.26,short-term_:_and long-term,2.54326
False,mean,False,mean,Lambeck_2017,3e+19,QL6,CSR,0.2,0.26,short-term_:_and long-term,2.475066
False,mean,False,mean,Lambeck_2017,3e+19,QL6,MSSA,0.2,0.26,short-term_:_and long-term,2.502688
True,mean,False,mean,Lambeck_2017,3e+19,QL6,GFZ,0.2,0.26,short-term_:_and long-term,2.449999
True,mean,False,mean,Lambeck_2017,3e+19,QL6,JPL,0.2,0.26,short-term_:_and long-term,2.538804
True,mean,False,mean,Lambeck_2017,3e+19,QL6,CSR,0.2,0.26,short-term_:_and long-term,2.471006
True,mean,False,mean,Lambeck_2017,3e+19,QL6,MSSA,0.2,0.26,short-term_:_and long-term,2.497097
False,mean,False,lower,Lambeck_2017,3e+19,QL6,GFZ,0.2,0.26,short-term_:_and long-term,2.460014
False,mean,False,lower,Lambeck_2017,3e+19,QL6,JPL,0.2,0.26,short-term_:_and long-term,2.548542
False,mean,False,lower,Lambeck_2017,3e+19,QL6,CSR,0.2,0.26,short-term_:_and long-term,2.481902
False,mean,False,lower,Lambeck_2017,3e+19,QL6,MSSA,0.2,0.26,short-term_:_and long-term,2.512096
True,mean,False,lower,Lambeck_2017,3e+19,QL6,GFZ,0.2,0.26,short-term_:_and long-term,2.456489
True,mean,False,lower,Lambeck_2017,3e+19,QL6,JPL,0.2,0.26,short-term_:_and long-term,2.545333
True,mean,False,lower,Lambeck_2017,3e+19,QL6,CSR,0.2,0.26,short-term_:_and long-term,2.476743
True,mean,False,lower,Lambeck_2017,3e+19,QL6,MSSA,0.2,0.26,short-term_:_and long-term,2.50553
False,mean,False,upper,Lambeck_2017,3e+19,QL6,GFZ,0.2,0.26,short-term_:_and long-term,2.446707
False,mean,False,upper,Lambeck_2017,3e+19,QL6,JPL,0.2,0.26,short-term_:_and long-term,2.535669
False,mean,False,upper,Lambeck_2017,3e+19,QL6,CSR,0.2,0.26,short-term_:_and long-term,2.466247
False,mean,False,upper,Lambeck_2017,3e+19,QL6,MSSA,0.2,0.26,short-term_:_and long-term,2.491855
True,mean,False,upper,Lambeck_2017,3e+19,QL6,GFZ,0.2,0.26,short-term_:_and long-term,2.443179
True,mean,False,upper,Lambeck_2017,3e+19,QL6,JPL,0.2,0.26,short-term_:_and long-term,2.531448
True,mean,False,upper,Lambeck_2017,3e+19,QL6,CSR,0.2,0.26,short-term_:_and long-term,2.462963
True,mean,False,upper,Lambeck_2017,3e+19,QL6,MSSA,0.2,0.26,short-term_:_and long-term,2.486749
False,mean,False,mean,Lambeck_2017,3e+19,QM1,GFZ,0.15,0.26,short-term_:_and long-term,2.51525
False,mean,False,mean,Lambeck_2017,3e+19,QM1,JPL,0.15,0.26,short-term_:_and long-term,2.605584
False,mean,False,mean,Lambeck_2017,3e+19,QM1,CSR,0.15,0.26,short-term_:_and long-term,2.539165
False,mean,False,mean,Lambeck_2017,3e+19,QM1,MSSA,0.15,0.26,short-term_:_and long-term,2.56122
True,mean,False,mean,Lambeck_2017,3e+19,QM1,GFZ,0.15,0.26,short-term_:_and long-term,2.509077
True,mean,False,mean,Lambeck_2017,3e+19,QM1,JPL,0.15,0.26,short-term_:_and long-term,2.602312
True,mean,False,mean,Lambeck_2017,3e+19,QM1,CSR,0.15,0.26,short-term_:_and long-term,2.53358
True,mean,False,mean,Lambeck_2017,3e+19,QM1,MSSA,0.15,0.26,short-term_:_and long-term,2.555073
False,mean,False,lower,Lambeck_2017,3e+19,QM1,GFZ,0.15,0.26,short-term_:_and long-term,2.525684
False,mean,False,lower,Lambeck_2017,3e+19,QM1,JPL,0.15,0.26,short-term_:_and long-term,2.617217
False,mean,False,lower,Lambeck_2017,3e+19,QM1,CSR,0.15,0.26,short-term_:_and long-term,2.550064
False,mean,False,lower,Lambeck_2017,3e+19,QM1,MSSA,0.15,0.26,short-term_:_and long-term,2.571704
True,mean,False,lower,Lambeck_2017,3e+19,QM1,GFZ,0.15,0.26,short-term_:_and long-term,2.520973
True,mean,False,lower,Lambeck_2017,3e+19,QM1,JPL,0.15,0.26,short-term_:_and long-term,2.611645
True,mean,False,lower,Lambeck_2017,3e+19,QM1,CSR,0.15,0.26,short-term_:_and long-term,2.544442
True,mean,False,lower,Lambeck_2017,3e+19,QM1,MSSA,0.15,0.26,short-term_:_and long-term,2.567917
False,mean,False,upper,Lambeck_2017,3e+19,QM1,GFZ,0.15,0.26,short-term_:_and long-term,2.501793
False,mean,False,upper,Lambeck_2017,3e+19,QM1,JPL,0.15,0.26,short-term_:_and long-term,2.594784
False,mean,False,upper,Lambeck_2017,3e+19,QM1,CSR,0.15,0.26,short-term_:_and long-term,2.525449
False,mean,False,upper,Lambeck_2017,3e+19,QM1,MSSA,0.15,0.26,short-term_:_and long-term,2.545862
True,mean,False,upper,Lambeck_2017,3e+19,QM1,GFZ,0.15,0.26,short-term_:_and long-term,2.498318
True,mean,False,upper,Lambeck_2017,3e+19,QM1,JPL,0.15,0.26,short-term_:_and long-term,2.592243
True,mean,False,upper,Lambeck_2017,3e+19,QM1,CSR,0.15,0.26,short-term_:_and long-term,2.521022
True,mean,False,upper,Lambeck_2017,3e+19,QM1,MSSA,0.15,0.26,short-term_:_and long-term,2.540341
False,mean,False,mean,Lambeck_2017,3e+19,QM1,GFZ,0.1,0.26,short-term_:_and long-term,2.54779
False,mean,False,mean,Lambeck_2017,3e+19,QM1,JPL,0.1,0.26,short-term_:_and long-term,2.637137
False,mean,False,mean,Lambeck_2017,3e+19,QM1,CSR,0.1,0.26,short-term_:_and long-term,2.572982
False,mean,False,mean,Lambeck_2017,3e+19,QM1,MSSA,0.1,0.26,short-term_:_and long-term,2.594171
True,mean,False,mean,Lambeck_2017,3e+19,QM1,GFZ,0.1,0.26,short-term_:_and long-term,2.541696
True,mean,False,mean,Lambeck_2017,3e+19,QM1,JPL,0.1,0.26,short-term_:_and long-term,2.629981
True,mean,False,mean,Lambeck_2017,3e+19,QM1,CSR,0.1,0.26,short-term_:_and long-term,2.566499
True,mean,False,mean,Lambeck_2017,3e+19,QM1,MSSA,0.1,0.26,short-term_:_and long-term,2.585272
False,mean,False,lower,Lambeck_2017,3e+19,QM1,GFZ,0.1,0.26,short-term_:_and long-term,2.562605
False,mean,False,lower,Lambeck_2017,3e+19,QM1,JPL,0.1,0.26,short-term_:_and long-term,2.651014
False,mean,False,lower,Lambeck_2017,3e+19,QM1,CSR,0.1,0.26,short-term_:_and long-term,2.587784
False,mean,False,lower,Lambeck_2017,3e+19,QM1,MSSA,0.1,0.26,short-term_:_and long-term,2.607935
True,mean,False,lower,Lambeck_2017,3e+19,QM1,GFZ,0.1,0.26,short-term_:_and long-term,2.555033
True,mean,False,lower,Lambeck_2017,3e+19,QM1,JPL,0.1,0.26,short-term_:_and long-term,2.643636
True,mean,False,lower,Lambeck_2017,3e+19,QM1,CSR,0.1,0.26,short-term_:_and long-term,2.579816
True,mean,False,lower,Lambeck_2017,3e+19,QM1,MSSA,0.1,0.26,short-term_:_and long-term,2.600295
False,mean,False,upper,Lambeck_2017,3e+19,QM1,GFZ,0.1,0.26,short-term_:_and long-term,2.533385
False,mean,False,upper,Lambeck_2017,3e+19,QM1,JPL,0.1,0.26,short-term_:_and long-term,2.621855
False,mean,False,upper,Lambeck_2017,3e+19,QM1,CSR,0.1,0.26,short-term_:_and long-term,2.556658
False,mean,False,upper,Lambeck_2017,3e+19,QM1,MSSA,0.1,0.26,short-term_:_and long-term,2.578412
True,mean,False,upper,Lambeck_2017,3e+19,QM1,GFZ,0.1,0.26,short-term_:_and long-term,2.525924
True,mean,False,upper,Lambeck_2017,3e+19,QM1,JPL,0.1,0.26,short-term_:_and long-term,2.61458
True,mean,False,upper,Lambeck_2017,3e+19,QM1,CSR,0.1,0.26,short-term_:_and long-term,2.549163
True,mean,False,upper,Lambeck_2017,3e+19,QM1,MSSA,0.1,0.26,short-term_:_and long-term,2.571157
False,mean,False,mean,Lambeck_2017,3e+19,QM1,GFZ,0.2,0.26,short-term_:_and long-term,2.488246
False,mean,False,mean,Lambeck_2017,3e+19,QM1,JPL,0.2,0.26,short-term_:_and long-term,2.582447
False,mean,False,mean,Lambeck_2017,3e+19,QM1,CSR,0.2,0.26,short-term_:_and long-term,2.511088
False,mean,False,mean,Lambeck_2017,3e+19,QM1,MSSA,0.2,0.26,short-term_:_and long-term,2.531455
True,mean,False,mean,Lambeck_2017,3e+19,QM1,GFZ,0.2,0.26,short-term_:_and long-term,2.486546
True,mean,False,mean,Lambeck_2017,3e+19,QM1,JPL,0.2,0.26,short-term_:_and long-term,2.579633
True,mean,False,mean,Lambeck_2017,3e+19,QM1,CSR,0.2,0.26,short-term_:_and long-term,2.509929
True,mean,False,mean,Lambeck_2017,3e+19,QM1,MSSA,0.2,0.26,short-term_:_and long-term,2.529237
False,mean,False,lower,Lambeck_2017,3e+19,QM1,GFZ,0.2,0.26,short-term_:_and long-term,2.495606
False,mean,False,lower,Lambeck_2017,3e+19,QM1,JPL,0.2,0.26,short-term_:_and long-term,2.589655
False,mean,False,lower,Lambeck_2017,3e+19,QM1,CSR,0.2,0.26,short-term_:_and long-term,2.519617
False,mean,False,lower,Lambeck_2017,3e+19,QM1,MSSA,0.2,0.26,short-term_:_and long-term,2.540417
True,mean,False,lower,Lambeck_2017,3e+19,QM1,GFZ,0.2,0.26,short-term_:_and long-term,2.492921
True,mean,False,lower,Lambeck_2017,3e+19,QM1,JPL,0.2,0.26,short-term_:_and long-term,2.586995
True,mean,False,lower,Lambeck_2017,3e+19,QM1,CSR,0.2,0.26,short-term_:_and long-term,2.516731
True,mean,False,lower,Lambeck_2017,3e+19,QM1,MSSA,0.2,0.26,short-term_:_and long-term,2.537552
False,mean,False,upper,Lambeck_2017,3e+19,QM1,GFZ,0.2,0.26,short-term_:_and long-term,2.479279
False,mean,False,upper,Lambeck_2017,3e+19,QM1,JPL,0.2,0.26,short-term_:_and long-term,2.57356
False,mean,False,upper,Lambeck_2017,3e+19,QM1,CSR,0.2,0.26,short-term_:_and long-term,2.50319
False,mean,False,upper,Lambeck_2017,3e+19,QM1,MSSA,0.2,0.26,short-term_:_and long-term,2.521854
True,mean,False,upper,Lambeck_2017,3e+19,QM1,GFZ,0.2,0.26,short-term_:_and long-term,2.47738
True,mean,False,upper,Lambeck_2017,3e+19,QM1,JPL,0.2,0.26,short-term_:_and long-term,2.571415
True,mean,False,upper,Lambeck_2017,3e+19,QM1,CSR,0.2,0.26,short-term_:_and long-term,2.500475
True,mean,False,upper,Lambeck_2017,3e+19,QM1,MSSA,0.2,0.26,short-term_:_and long-term,2.520122
False,mean,False,mean,Lambeck_2017,3e+19,Resovsky,GFZ,0.15,0.26,short-term_:_and long-term,2.482401
False,mean,False,mean,Lambeck_2017,3e+19,Resovsky,JPL,0.15,0.26,short-term_:_and long-term,2.572642
False,mean,False,mean,Lambeck_2017,3e+19,Resovsky,CSR,0.15,0.26,short-term_:_and long-term,2.505595
False,mean,False,mean,Lambeck_2017,3e+19,Resovsky,MSSA,0.15,0.26,short-term_:_and long-term,2.529977
True,mean,False,mean,Lambeck_2017,3e+19,Resovsky,GFZ,0.15,0.26,short-term_:_and long-term,2.47844
True,mean,False,mean,Lambeck_2017,3e+19,Resovsky,JPL,0.15,0.26,short-term_:_and long-term,2.569382
True,mean,False,mean,Lambeck_2017,3e+19,Resovsky,CSR,0.15,0.26,short-term_:_and long-term,2.49916
True,mean,False,mean,Lambeck_2017,3e+19,Resovsky,MSSA,0.15,0.26,short-term_:_and long-term,2.52388
False,mean,False,lower,Lambeck_2017,3e+19,Resovsky,GFZ,0.15,0.26,short-term_:_and long-term,2.491536
False,mean,False,lower,Lambeck_2017,3e+19,Resovsky,JPL,0.15,0.26,short-term_:_and long-term,2.580883
False,mean,False,lower,Lambeck_2017,3e+19,Resovsky,CSR,0.15,0.26,short-term_:_and long-term,2.515324
False,mean,False,lower,Lambeck_2017,3e+19,Resovsky,MSSA,0.15,0.26,short-term_:_and long-term,2.541598
True,mean,False,lower,Lambeck_2017,3e+19,Resovsky,GFZ,0.15,0.26,short-term_:_and long-term,2.486012
True,mean,False,lower,Lambeck_2017,3e+19,Resovsky,JPL,0.15,0.26,short-term_:_and long-term,2.576534
True,mean,False,lower,Lambeck_2017,3e+19,Resovsky,CSR,0.15,0.26,short-term_:_and long-term,2.508369
True,mean,False,lower,Lambeck_2017,3e+19,Resovsky,MSSA,0.15,0.26,short-term_:_and long-term,2.533579
False,mean,False,upper,Lambeck_2017,3e+19,Resovsky,GFZ,0.15,0.26,short-term_:_and long-term,2.473731
False,mean,False,upper,Lambeck_2017,3e+19,Resovsky,JPL,0.15,0.26,short-term_:_and long-term,2.563241
False,mean,False,upper,Lambeck_2017,3e+19,Resovsky,CSR,0.15,0.26,short-term_:_and long-term,2.495463
False,mean,False,upper,Lambeck_2017,3e+19,Resovsky,MSSA,0.15,0.26,short-term_:_and long-term,2.517148
True,mean,False,upper,Lambeck_2017,3e+19,Resovsky,GFZ,0.15,0.26,short-term_:_and long-term,2.468299
True,mean,False,upper,Lambeck_2017,3e+19,Resovsky,JPL,0.15,0.26,short-term_:_and long-term,2.559062
True,mean,False,upper,Lambeck_2017,3e+19,Resovsky,CSR,0.15,0.26,short-term_:_and long-term,2.488851
True,mean,False,upper,Lambeck_2017,3e+19,Resovsky,MSSA,0.15,0.26,short-term_:_and long-term,2.511893
False,mean,False,mean,Lambeck_2017,3e+19,Resovsky,GFZ,0.1,0.26,short-term_:_and long-term,2.509782
False,mean,False,mean,Lambeck_2017,3e+19,Resovsky,JPL,0.1,0.26,short-term_:_and long-term,2.59705
False,mean,False,mean,Lambeck_2017,3e+19,Resovsky,CSR,0.1,0.26,short-term_:_and long-term,2.533435
False,mean,False,mean,Lambeck_2017,3e+19,Resovsky,MSSA,0.1,0.26,short-term_:_and long-term,2.55394
True,mean,False,mean,Lambeck_2017,3e+19,Resovsky,GFZ,0.1,0.26,short-term_:_and long-term,2.501262
True,mean,False,mean,Lambeck_2017,3e+19,Resovsky,JPL,0.1,0.26,short-term_:_and long-term,2.590296
True,mean,False,mean,Lambeck_2017,3e+19,Resovsky,CSR,0.1,0.26,short-term_:_and long-term,2.524859
True,mean,False,mean,Lambeck_2017,3e+19,Resovsky,MSSA,0.1,0.26,short-term_:_and long-term,2.547396
False,mean,False,lower,Lambeck_2017,3e+19,Resovsky,GFZ,0.1,0.26,short-term_:_and long-term,2.522464
False,mean,False,lower,Lambeck_2017,3e+19,Resovsky,JPL,0.1,0.26,short-term_:_and long-term,2.607365
False,mean,False,lower,Lambeck_2017,3e+19,Resovsky,CSR,0.1,0.26,short-term_:_and long-term,2.546207
False,mean,False,lower,Lambeck_2017,3e+19,Resovsky,MSSA,0.1,0.26,short-term_:_and long-term,2.566643
True,mean,False,lower,Lambeck_2017,3e+19,Resovsky,GFZ,0.1,0.26,short-term_:_and long-term,2.5125
True,mean,False,lower,Lambeck_2017,3e+19,Resovsky,JPL,0.1,0.26,short-term_:_and long-term,2.599937
True,mean,False,lower,Lambeck_2017,3e+19,Resovsky,CSR,0.1,0.26,short-term_:_and long-term,2.536399
True,mean,False,lower,Lambeck_2017,3e+19,Resovsky,MSSA,0.1,0.26,short-term_:_and long-term,2.557863
False,mean,False,upper,Lambeck_2017,3e+19,Resovsky,GFZ,0.1,0.26,short-term_:_and long-term,2.495878
False,mean,False,upper,Lambeck_2017,3e+19,Resovsky,JPL,0.1,0.26,short-term_:_and long-term,2.584862
False,mean,False,upper,Lambeck_2017,3e+19,Resovsky,CSR,0.1,0.26,short-term_:_and long-term,2.519702
False,mean,False,upper,Lambeck_2017,3e+19,Resovsky,MSSA,0.1,0.26,short-term_:_and long-term,2.541965
True,mean,False,upper,Lambeck_2017,3e+19,Resovsky,GFZ,0.1,0.26,short-term_:_and long-term,2.489002
True,mean,False,upper,Lambeck_2017,3e+19,Resovsky,JPL,0.1,0.26,short-term_:_and long-term,2.576432
True,mean,False,upper,Lambeck_2017,3e+19,Resovsky,CSR,0.1,0.26,short-term_:_and long-term,2.511187
True,mean,False,upper,Lambeck_2017,3e+19,Resovsky,MSSA,0.1,0.26,short-term_:_and long-term,2.534398
False,mean,False,mean,Lambeck_2017,3e+19,Resovsky,GFZ,0.2,0.26,short-term_:_and long-term,2.46207
False,mean,False,mean,Lambeck_2017,3e+19,Resovsky,JPL,0.2,0.26,short-term_:_and long-term,2.552068
False,mean,False,mean,Lambeck_2017,3e+19,Resovsky,CSR,0.2,0.26,short-term_:_and long-term,2.483088
False,mean,False,mean,Lambeck_2017,3e+19,Resovsky,MSSA,0.2,0.26,short-term_:_and long-term,2.506194
True,mean,False,mean,Lambeck_2017,3e+19,Resovsky,GFZ,0.2,0.26,short-term_:_and long-term,2.457851
True,mean,False,mean,Lambeck_2017,3e+19,Resovsky,JPL,0.2,0.26,short-term_:_and long-term,2.54916
True,mean,False,mean,Lambeck_2017,3e+19,Resovsky,CSR,0.2,0.26,short-term_:_and long-term,2.480418
True,mean,False,mean,Lambeck_2017,3e+19,Resovsky,MSSA,0.2,0.26,short-term_:_and long-term,2.50333
False,mean,False,lower,Lambeck_2017,3e+19,Resovsky,GFZ,0.2,0.26,short-term_:_and long-term,2.468275
False,mean,False,lower,Lambeck_2017,3e+19,Resovsky,JPL,0.2,0.26,short-term_:_and long-term,2.558715
False,mean,False,lower,Lambeck_2017,3e+19,Resovsky,CSR,0.2,0.26,short-term_:_and long-term,2.489151
False,mean,False,lower,Lambeck_2017,3e+19,Resovsky,MSSA,0.2,0.26,short-term_:_and long-term,2.514415
True,mean,False,lower,Lambeck_2017,3e+19,Resovsky,GFZ,0.2,0.26,short-term_:_and long-term,2.463529
True,mean,False,lower,Lambeck_2017,3e+19,Resovsky,JPL,0.2,0.26,short-term_:_and long-term,2.555599
True,mean,False,lower,Lambeck_2017,3e+19,Resovsky,CSR,0.2,0.26,short-term_:_and long-term,2.486505
True,mean,False,lower,Lambeck_2017,3e+19,Resovsky,MSSA,0.2,0.26,short-term_:_and long-term,2.510518
False,mean,False,upper,Lambeck_2017,3e+19,Resovsky,GFZ,0.2,0.26,short-term_:_and long-term,2.453864
False,mean,False,upper,Lambeck_2017,3e+19,Resovsky,JPL,0.2,0.26,short-term_:_and long-term,2.544743
False,mean,False,upper,Lambeck_2017,3e+19,Resovsky,CSR,0.2,0.26,short-term_:_and long-term,2.474484
False,mean,False,upper,Lambeck_2017,3e+19,Resovsky,MSSA,0.2,0.26,short-term_:_and long-term,2.49698
True,mean,False,upper,Lambeck_2017,3e+19,Resovsky,GFZ,0.2,0.26,short-term_:_and long-term,2.451071
True,mean,False,upper,Lambeck_2017,3e+19,Resovsky,JPL,0.2,0.26,short-term_:_and long-term,2.540228
True,mean,False,upper,Lambeck_2017,3e+19,Resovsky,CSR,0.2,0.26,short-term_:_and long-term,2.471889
True,mean,False,upper,Lambeck_2017,3e+19,Resovsky,MSSA,0.2,0.26,short-term_:_and long-term,2.494594
False,mean,False,mean,Lambeck_2017,5e+20,,GFZ,,,long-term,2.110599
False,mean,False,mean,Lambeck_2017,5e+20,,JPL,,,long-term,2.189428
False,mean,False,mean,Lambeck_2017,5e+20,,CSR,,,long-term,2.12531
False,mean,False,mean,Lambeck_2017,5e+20,,MSSA,,,long-term,2.150941
True,mean,False,mean,Lambeck_2017,5e+20,,GFZ,,,long-term,2.113709
True,mean,False,mean,Lambeck_2017,5e+20,,JPL,,,long-term,2.193155
True,mean,False,mean,Lambeck_2017,5e+20,,CSR,,,long-term,2.128403
True,mean,False,mean,Lambeck_2017,5e+20,,MSSA,,,long-term,2.153392
False,mean,False,lower,Lambeck_2017,5e+20,,GFZ,,,long-term,2.095182
False,mean,False,lower,Lambeck_2017,5e+20,,JPL,,,long-term,2.174149
False,mean,False,lower,Lambeck_2017,5e+20,,CSR,,,long-term,2.108446
False,mean,False,lower,Lambeck_2017,5e+20,,MSSA,,,long-term,2.135669
True,mean,False,lower,Lambeck_2017,5e+20,,GFZ,,,long-term,2.097848
True,mean,False,lower,Lambeck_2017,5e+20,,JPL,,,long-term,2.177397
True,mean,False,lower,Lambeck_2017,5e+20,,CSR,,,long-term,2.111439
True,mean,False,lower,Lambeck_2017,5e+20,,MSSA,,,long-term,2.138722
False,mean,False,upper,Lambeck_2017,5e+20,,GFZ,,,long-term,2.123801
False,mean,False,upper,Lambeck_2017,5e+20,,JPL,,,long-term,2.203548
False,mean,False,upper,Lambeck_2017,5e+20,,CSR,,,long-term,2.139809
False,mean,False,upper,Lambeck_2017,5e+20,,MSSA,,,long-term,2.163163
True,mean,False,upper,Lambeck_2017,5e+20,,GFZ,,,long-term,2.126691
True,mean,False,upper,Lambeck_2017,5e+20,,JPL,,,long-term,2.206105
True,mean,False,upper,Lambeck_2017,5e+20,,CSR,,,long-term,2.143201
True,mean,False,upper,Lambeck_2017,5e+20,,MSSA,,,long-term,2.164748
False,mean,False,mean,Lambeck_2017,5e+20,PAR3P,GFZ,0.15,0.26,short-term_:_and long-term,2.466059
False,mean,False,mean,Lambeck_2017,5e+20,PAR3P,JPL,0.15,0.26,short-term_:_and long-term,2.555639
False,mean,False,mean,Lambeck_2017,5e+20,PAR3P,CSR,0.15,0.26,short-term_:_and long-term,2.485763
False,mean,False,mean,Lambeck_2017,5e+20,PAR3P,MSSA,0.15,0.26,short-term_:_and long-term,2.513922
True,mean,False,mean,Lambeck_2017,5e+20,PAR3P,GFZ,0.15,0.26,short-term_:_and long-term,2.463589
True,mean,False,mean,Lambeck_2017,5e+20,PAR3P,JPL,0.15,0.26,short-term_:_and long-term,2.553357
True,mean,False,mean,Lambeck_2017,5e+20,PAR3P,CSR,0.15,0.26,short-term_:_and long-term,2.483171
True,mean,False,mean,Lambeck_2017,5e+20,PAR3P,MSSA,0.15,0.26,short-term_:_and long-term,2.510164
False,mean,False,lower,Lambeck_2017,5e+20,PAR3P,GFZ,0.15,0.26,short-term_:_and long-term,2.471462
False,mean,False,lower,Lambeck_2017,5e+20,PAR3P,JPL,0.15,0.26,short-term_:_and long-term,2.56068
False,mean,False,lower,Lambeck_2017,5e+20,PAR3P,CSR,0.15,0.26,short-term_:_and long-term,2.491514
False,mean,False,lower,Lambeck_2017,5e+20,PAR3P,MSSA,0.15,0.26,short-term_:_and long-term,2.521057
True,mean,False,lower,Lambeck_2017,5e+20,PAR3P,GFZ,0.15,0.26,short-term_:_and long-term,2.468974
True,mean,False,lower,Lambeck_2017,5e+20,PAR3P,JPL,0.15,0.26,short-term_:_and long-term,2.558732
True,mean,False,lower,Lambeck_2017,5e+20,PAR3P,CSR,0.15,0.26,short-term_:_and long-term,2.488819
True,mean,False,lower,Lambeck_2017,5e+20,PAR3P,MSSA,0.15,0.26,short-term_:_and long-term,2.517028
False,mean,False,upper,Lambeck_2017,5e+20,PAR3P,GFZ,0.15,0.26,short-term_:_and long-term,2.458713
False,mean,False,upper,Lambeck_2017,5e+20,PAR3P,JPL,0.15,0.26,short-term_:_and long-term,2.547867
False,mean,False,upper,Lambeck_2017,5e+20,PAR3P,CSR,0.15,0.26,short-term_:_and long-term,2.478352
False,mean,False,upper,Lambeck_2017,5e+20,PAR3P,MSSA,0.15,0.26,short-term_:_and long-term,2.505376
True,mean,False,upper,Lambeck_2017,5e+20,PAR3P,GFZ,0.15,0.26,short-term_:_and long-term,2.456552
True,mean,False,upper,Lambeck_2017,5e+20,PAR3P,JPL,0.15,0.26,short-term_:_and long-term,2.545072
True,mean,False,upper,Lambeck_2017,5e+20,PAR3P,CSR,0.15,0.26,short-term_:_and long-term,2.475504
True,mean,False,upper,Lambeck_2017,5e+20,PAR3P,MSSA,0.15,0.26,short-term_:_and long-term,2.501423
False,mean,False,mean,Lambeck_2017,5e+20,PAR3P,GFZ,0.1,0.26,short-term_:_and long-term,2.508758
False,mean,False,mean,Lambeck_2017,5e+20,PAR3P,JPL,0.1,0.26,short-term_:_and long-term,2.595813
False,mean,False,mean,Lambeck_2017,5e+20,PAR3P,CSR,0.1,0.26,short-term_:_and long-term,2.530753
False,mean,False,mean,Lambeck_2017,5e+20,PAR3P,MSSA,0.1,0.26,short-term_:_and long-term,2.562439
True,mean,False,mean,Lambeck_2017,5e+20,PAR3P,GFZ,0.1,0.26,short-term_:_and long-term,2.504456
True,mean,False,mean,Lambeck_2017,5e+20,PAR3P,JPL,0.1,0.26,short-term_:_and long-term,2.590747
True,mean,False,mean,Lambeck_2017,5e+20,PAR3P,CSR,0.1,0.26,short-term_:_and long-term,2.526047
True,mean,False,mean,Lambeck_2017,5e+20,PAR3P,MSSA,0.1,0.26,short-term_:_and long-term,2.557295
False,mean,False,lower,Lambeck_2017,5e+20,PAR3P,GFZ,0.1,0.26,short-term_:_and long-term,2.520039
False,mean,False,lower,Lambeck_2017,5e+20,PAR3P,JPL,0.1,0.26,short-term_:_and long-term,2.605816
False,mean,False,lower,Lambeck_2017,5e+20,PAR3P,CSR,0.1,0.26,short-term_:_and long-term,2.543744
False,mean,False,lower,Lambeck_2017,5e+20,PAR3P,MSSA,0.1,0.26,short-term_:_and long-term,2.576519
True,mean,False,lower,Lambeck_2017,5e+20,PAR3P,GFZ,0.1,0.26,short-term_:_and long-term,2.515501
True,mean,False,lower,Lambeck_2017,5e+20,PAR3P,JPL,0.1,0.26,short-term_:_and long-term,2.601615
True,mean,False,lower,Lambeck_2017,5e+20,PAR3P,CSR,0.1,0.26,short-term_:_and long-term,2.538355
True,mean,False,lower,Lambeck_2017,5e+20,PAR3P,MSSA,0.1,0.26,short-term_:_and long-term,2.570067
False,mean,False,upper,Lambeck_2017,5e+20,PAR3P,GFZ,0.1,0.26,short-term_:_and long-term,2.495587
False,mean,False,upper,Lambeck_2017,5e+20,PAR3P,JPL,0.1,0.26,short-term_:_and long-term,2.584385
False,mean,False,upper,Lambeck_2017,5e+20,PAR3P,CSR,0.1,0.26,short-term_:_and long-term,2.51762
False,mean,False,upper,Lambeck_2017,5e+20,PAR3P,MSSA,0.1,0.26,short-term_:_and long-term,2.546849
True,mean,False,upper,Lambeck_2017,5e+20,PAR3P,GFZ,0.1,0.26,short-term_:_and long-term,2.491597
True,mean,False,upper,Lambeck_2017,5e+20,PAR3P,JPL,0.1,0.26,short-term_:_and long-term,2.580492
True,mean,False,upper,Lambeck_2017,5e+20,PAR3P,CSR,0.1,0.26,short-term_:_and long-term,2.513775
True,mean,False,upper,Lambeck_2017,5e+20,PAR3P,MSSA,0.1,0.26,short-term_:_and long-term,2.542031
False,mean,False,mean,Lambeck_2017,5e+20,PAR3P,GFZ,0.2,0.26,short-term_:_and long-term,2.436038
False,mean,False,mean,Lambeck_2017,5e+20,PAR3P,JPL,0.2,0.26,short-term_:_and long-term,2.523193
False,mean,False,mean,Lambeck_2017,5e+20,PAR3P,CSR,0.2,0.26,short-term_:_and long-term,2.456516
False,mean,False,mean,Lambeck_2017,5e+20,PAR3P,MSSA,0.2,0.26,short-term_:_and long-term,2.482899
True,mean,False,mean,Lambeck_2017,5e+20,PAR3P,GFZ,0.2,0.26,short-term_:_and long-term,2.435339
True,mean,False,mean,Lambeck_2017,5e+20,PAR3P,JPL,0.2,0.26,short-term_:_and long-term,2.522694
True,mean,False,mean,Lambeck_2017,5e+20,PAR3P,CSR,0.2,0.26,short-term_:_and long-term,2.455547
True,mean,False,mean,Lambeck_2017,5e+20,PAR3P,MSSA,0.2,0.26,short-term_:_and long-term,2.481678
False,mean,False,lower,Lambeck_2017,5e+20,PAR3P,GFZ,0.2,0.26,short-term_:_and long-term,2.437863
False,mean,False,lower,Lambeck_2017,5e+20,PAR3P,JPL,0.2,0.26,short-term_:_and long-term,2.523812
False,mean,False,lower,Lambeck_2017,5e+20,PAR3P,CSR,0.2,0.26,short-term_:_and long-term,2.458898
False,mean,False,lower,Lambeck_2017,5e+20,PAR3P,MSSA,0.2,0.26,short-term_:_and long-term,2.48701
True,mean,False,lower,Lambeck_2017,5e+20,PAR3P,GFZ,0.2,0.26,short-term_:_and long-term,2.436853
True,mean,False,lower,Lambeck_2017,5e+20,PAR3P,JPL,0.2,0.26,short-term_:_and long-term,2.523695
True,mean,False,lower,Lambeck_2017,5e+20,PAR3P,CSR,0.2,0.26,short-term_:_and long-term,2.457435
True,mean,False,lower,Lambeck_2017,5e+20,PAR3P,MSSA,0.2,0.26,short-term_:_and long-term,2.484361
False,mean,False,upper,Lambeck_2017,5e+20,PAR3P,GFZ,0.2,0.26,short-term_:_and long-term,2.432283
False,mean,False,upper,Lambeck_2017,5e+20,PAR3P,JPL,0.2,0.26,short-term_:_and long-term,2.520362
False,mean,False,upper,Lambeck_2017,5e+20,PAR3P,CSR,0.2,0.26,short-term_:_and long-term,2.452928
False,mean,False,upper,Lambeck_2017,5e+20,PAR3P,MSSA,0.2,0.26,short-term_:_and long-term,2.478858
True,mean,False,upper,Lambeck_2017,5e+20,PAR3P,GFZ,0.2,0.26,short-term_:_and long-term,2.431549
True,mean,False,upper,Lambeck_2017,5e+20,PAR3P,JPL,0.2,0.26,short-term_:_and long-term,2.519377
True,mean,False,upper,Lambeck_2017,5e+20,PAR3P,CSR,0.2,0.26,short-term_:_and long-term,2.451897
True,mean,False,upper,Lambeck_2017,5e+20,PAR3P,MSSA,0.2,0.26,short-term_:_and long-term,2.476249
False,mean,False,mean,Lambeck_2017,5e+20,PREM,GFZ,0.15,0.26,short-term_:_and long-term,2.49806
False,mean,False,mean,Lambeck_2017,5e+20,PREM,JPL,0.15,0.26,short-term_:_and long-term,2.586956
False,mean,False,mean,Lambeck_2017,5e+20,PREM,CSR,0.15,0.26,short-term_:_and long-term,2.517255
False,mean,False,mean,Lambeck_2017,5e+20,PREM,MSSA,0.15,0.26,short-term_:_and long-term,2.549383
True,mean,False,mean,Lambeck_2017,5e+20,PREM,GFZ,0.15,0.26,short-term_:_and long-term,2.494654
True,mean,False,mean,Lambeck_2017,5e+20,PREM,JPL,0.15,0.26,short-term_:_and long-term,2.584741
True,mean,False,mean,Lambeck_2017,5e+20,PREM,CSR,0.15,0.26,short-term_:_and long-term,2.51484
True,mean,False,mean,Lambeck_2017,5e+20,PREM,MSSA,0.15,0.26,short-term_:_and long-term,2.545282
False,mean,False,lower,Lambeck_2017,5e+20,PREM,GFZ,0.15,0.26,short-term_:_and long-term,2.506595
False,mean,False,lower,Lambeck_2017,5e+20,PREM,JPL,0.15,0.26,short-term_:_and long-term,2.593855
False,mean,False,lower,Lambeck_2017,5e+20,PREM,CSR,0.15,0.26,short-term_:_and long-term,2.526005
False,mean,False,lower,Lambeck_2017,5e+20,PREM,MSSA,0.15,0.26,short-term_:_and long-term,2.560611
True,mean,False,lower,Lambeck_2017,5e+20,PREM,GFZ,0.15,0.26,short-term_:_and long-term,2.503477
True,mean,False,lower,Lambeck_2017,5e+20,PREM,JPL,0.15,0.26,short-term_:_and long-term,2.591337
True,mean,False,lower,Lambeck_2017,5e+20,PREM,CSR,0.15,0.26,short-term_:_and long-term,2.52252
True,mean,False,lower,Lambeck_2017,5e+20,PREM,MSSA,0.15,0.26,short-term_:_and long-term,2.555349
False,mean,False,upper,Lambeck_2017,5e+20,PREM,GFZ,0.15,0.26,short-term_:_and long-term,2.488104
False,mean,False,upper,Lambeck_2017,5e+20,PREM,JPL,0.15,0.26,short-term_:_and long-term,2.577291
False,mean,False,upper,Lambeck_2017,5e+20,PREM,CSR,0.15,0.26,short-term_:_and long-term,2.507813
False,mean,False,upper,Lambeck_2017,5e+20,PREM,MSSA,0.15,0.26,short-term_:_and long-term,2.537317
True,mean,False,upper,Lambeck_2017,5e+20,PREM,GFZ,0.15,0.26,short-term_:_and long-term,2.484851
True,mean,False,upper,Lambeck_2017,5e+20,PREM,JPL,0.15,0.26,short-term_:_and long-term,2.574436
True,mean,False,upper,Lambeck_2017,5e+20,PREM,CSR,0.15,0.26,short-term_:_and long-term,2.504174
True,mean,False,upper,Lambeck_2017,5e+20,PREM,MSSA,0.15,0.26,short-term_:_and long-term,2.53375
False,mean,False,mean,Lambeck_2017,5e+20,PREM,GFZ,0.1,0.26,short-term_:_and long-term,2.541585
False,mean,False,mean,Lambeck_2017,5e+20,PREM,JPL,0.1,0.26,short-term_:_and long-term,2.629904
False,mean,False,mean,Lambeck_2017,5e+20,PREM,CSR,0.1,0.26,short-term_:_and long-term,2.562826
False,mean,False,mean,Lambeck_2017,5e+20,PREM,MSSA,0.1,0.26,short-term_:_and long-term,2.597682
True,mean,False,mean,Lambeck_2017,5e+20,PREM,GFZ,0.1,0.26,short-term_:_and long-term,2.535567
True,mean,False,mean,Lambeck_2017,5e+20,PREM,JPL,0.1,0.26,short-term_:_and long-term,2.623508
True,mean,False,mean,Lambeck_2017,5e+20,PREM,CSR,0.1,0.26,short-term_:_and long-term,2.5569
True,mean,False,mean,Lambeck_2017,5e+20,PREM,MSSA,0.1,0.26,short-term_:_and long-term,2.590653
False,mean,False,lower,Lambeck_2017,5e+20,PREM,GFZ,0.1,0.26,short-term_:_and long-term,2.556621
False,mean,False,lower,Lambeck_2017,5e+20,PREM,JPL,0.1,0.26,short-term_:_and long-term,2.642748
False,mean,False,lower,Lambeck_2017,5e+20,PREM,CSR,0.1,0.26,short-term_:_and long-term,2.57678
False,mean,False,lower,Lambeck_2017,5e+20,PREM,MSSA,0.1,0.26,short-term_:_and long-term,2.6146
True,mean,False,lower,Lambeck_2017,5e+20,PREM,GFZ,0.1,0.26,short-term_:_and long-term,2.548523
True,mean,False,lower,Lambeck_2017,5e+20,PREM,JPL,0.1,0.26,short-term_:_and long-term,2.636859
True,mean,False,lower,Lambeck_2017,5e+20,PREM,CSR,0.1,0.26,short-term_:_and long-term,2.570217
True,mean,False,lower,Lambeck_2017,5e+20,PREM,MSSA,0.1,0.26,short-term_:_and long-term,2.605386
False,mean,False,upper,Lambeck_2017,5e+20,PREM,GFZ,0.1,0.26,short-term_:_and long-term,2.526008
False,mean,False,upper,Lambeck_2017,5e+20,PREM,JPL,0.1,0.26,short-term_:_and long-term,2.615266
False,mean,False,upper,Lambeck_2017,5e+20,PREM,CSR,0.1,0.26,short-term_:_and long-term,2.546142
False,mean,False,upper,Lambeck_2017,5e+20,PREM,MSSA,0.1,0.26,short-term_:_and long-term,2.57927
True,mean,False,upper,Lambeck_2017,5e+20,PREM,GFZ,0.1,0.26,short-term_:_and long-term,2.52124
True,mean,False,upper,Lambeck_2017,5e+20,PREM,JPL,0.1,0.26,short-term_:_and long-term,2.610073
True,mean,False,upper,Lambeck_2017,5e+20,PREM,CSR,0.1,0.26,short-term_:_and long-term,2.540194
True,mean,False,upper,Lambeck_2017,5e+20,PREM,MSSA,0.1,0.26,short-term_:_and long-term,2.571999
False,mean,False,mean,Lambeck_2017,5e+20,PREM,GFZ,0.2,0.26,short-term_:_and long-term,2.46577
False,mean,False,mean,Lambeck_2017,5e+20,PREM,JPL,0.2,0.26,short-term_:_and long-term,2.551855
False,mean,False,mean,Lambeck_2017,5e+20,PREM,CSR,0.2,0.26,short-term_:_and long-term,2.487693
False,mean,False,mean,Lambeck_2017,5e+20,PREM,MSSA,0.2,0.26,short-term_:_and long-term,2.517326
True,mean,False,mean,Lambeck_2017,5e+20,PREM,GFZ,0.2,0.26,short-term_:_and long-term,2.4653
True,mean,False,mean,Lambeck_2017,5e+20,PREM,JPL,0.2,0.26,short-term_:_and long-term,2.551913
True,mean,False,mean,Lambeck_2017,5e+20,PREM,CSR,0.2,0.26,short-term_:_and long-term,2.487197
True,mean,False,mean,Lambeck_2017,5e+20,PREM,MSSA,0.2,0.26,short-term_:_and long-term,2.515683
False,mean,False,lower,Lambeck_2017,5e+20,PREM,GFZ,0.2,0.26,short-term_:_and long-term,2.470771
False,mean,False,lower,Lambeck_2017,5e+20,PREM,JPL,0.2,0.26,short-term_:_and long-term,2.556384
False,mean,False,lower,Lambeck_2017,5e+20,PREM,CSR,0.2,0.26,short-term_:_and long-term,2.491654
False,mean,False,lower,Lambeck_2017,5e+20,PREM,MSSA,0.2,0.26,short-term_:_and long-term,2.523594
True,mean,False,lower,Lambeck_2017,5e+20,PREM,GFZ,0.2,0.26,short-term_:_and long-term,2.469995
True,mean,False,lower,Lambeck_2017,5e+20,PREM,JPL,0.2,0.26,short-term_:_and long-term,2.555905
True,mean,False,lower,Lambeck_2017,5e+20,PREM,CSR,0.2,0.26,short-term_:_and long-term,2.490926
True,mean,False,lower,Lambeck_2017,5e+20,PREM,MSSA,0.2,0.26,short-term_:_and long-term,2.5215
False,mean,False,upper,Lambeck_2017,5e+20,PREM,GFZ,0.2,0.26,short-term_:_and long-term,2.459491
False,mean,False,upper,Lambeck_2017,5e+20,PREM,JPL,0.2,0.26,short-term_:_and long-term,2.546581
False,mean,False,upper,Lambeck_2017,5e+20,PREM,CSR,0.2,0.26,short-term_:_and long-term,2.481047
False,mean,False,upper,Lambeck_2017,5e+20,PREM,MSSA,0.2,0.26,short-term_:_and long-term,2.509393
True,mean,False,upper,Lambeck_2017,5e+20,PREM,GFZ,0.2,0.26,short-term_:_and long-term,2.458673
True,mean,False,upper,Lambeck_2017,5e+20,PREM,JPL,0.2,0.26,short-term_:_and long-term,2.545971
True,mean,False,upper,Lambeck_2017,5e+20,PREM,CSR,0.2,0.26,short-term_:_and long-term,2.47954
True,mean,False,upper,Lambeck_2017,5e+20,PREM,MSSA,0.2,0.26,short-term_:_and long-term,2.506873
False,mean,False,mean,Lambeck_2017,5e+20,QL6,GFZ,0.15,0.26,short-term_:_and long-term,2.452661
False,mean,False,mean,Lambeck_2017,5e+20,QL6,JPL,0.15,0.26,short-term_:_and long-term,2.541298
False,mean,False,mean,Lambeck_2017,5e+20,QL6,CSR,0.15,0.26,short-term_:_and long-term,2.472183
False,mean,False,mean,Lambeck_2017,5e+20,QL6,MSSA,0.15,0.26,short-term_:_and long-term,2.502619
True,mean,False,mean,Lambeck_2017,5e+20,QL6,GFZ,0.15,0.26,short-term_:_and long-term,2.448923
True,mean,False,mean,Lambeck_2017,5e+20,QL6,JPL,0.15,0.26,short-term_:_and long-term,2.538064
True,mean,False,mean,Lambeck_2017,5e+20,QL6,CSR,0.15,0.26,short-term_:_and long-term,2.469231
True,mean,False,mean,Lambeck_2017,5e+20,QL6,MSSA,0.15,0.26,short-term_:_and long-term,2.498189
False,mean,False,lower,Lambeck_2017,5e+20,QL6,GFZ,0.15,0.26,short-term_:_and long-term,2.458064
False,mean,False,lower,Lambeck_2017,5e+20,QL6,JPL,0.15,0.26,short-term_:_and long-term,2.546912
False,mean,False,lower,Lambeck_2017,5e+20,QL6,CSR,0.15,0.26,short-term_:_and long-term,2.477566
False,mean,False,lower,Lambeck_2017,5e+20,QL6,MSSA,0.15,0.26,short-term_:_and long-term,2.51086
True,mean,False,lower,Lambeck_2017,5e+20,QL6,GFZ,0.15,0.26,short-term_:_and long-term,2.454988
True,mean,False,lower,Lambeck_2017,5e+20,QL6,JPL,0.15,0.26,short-term_:_and long-term,2.543994
True,mean,False,lower,Lambeck_2017,5e+20,QL6,CSR,0.15,0.26,short-term_:_and long-term,2.474386
True,mean,False,lower,Lambeck_2017,5e+20,QL6,MSSA,0.15,0.26,short-term_:_and long-term,2.50613
False,mean,False,upper,Lambeck_2017,5e+20,QL6,GFZ,0.15,0.26,short-term_:_and long-term,2.445607
False,mean,False,upper,Lambeck_2017,5e+20,QL6,JPL,0.15,0.26,short-term_:_and long-term,2.53375
False,mean,False,upper,Lambeck_2017,5e+20,QL6,CSR,0.15,0.26,short-term_:_and long-term,2.465448
False,mean,False,upper,Lambeck_2017,5e+20,QL6,MSSA,0.15,0.26,short-term_:_and long-term,2.493707
True,mean,False,upper,Lambeck_2017,5e+20,QL6,GFZ,0.15,0.26,short-term_:_and long-term,2.442171
True,mean,False,upper,Lambeck_2017,5e+20,QL6,JPL,0.15,0.26,short-term_:_and long-term,2.530405
True,mean,False,upper,Lambeck_2017,5e+20,QL6,CSR,0.15,0.26,short-term_:_and long-term,2.461879
True,mean,False,upper,Lambeck_2017,5e+20,QL6,MSSA,0.15,0.26,short-term_:_and long-term,2.488792
False,mean,False,mean,Lambeck_2017,5e+20,QL6,GFZ,0.1,0.26,short-term_:_and long-term,2.48671
False,mean,False,mean,Lambeck_2017,5e+20,QL6,JPL,0.1,0.26,short-term_:_and long-term,2.576375
False,mean,False,mean,Lambeck_2017,5e+20,QL6,CSR,0.1,0.26,short-term_:_and long-term,2.509619
False,mean,False,mean,Lambeck_2017,5e+20,QL6,MSSA,0.1,0.26,short-term_:_and long-term,2.542708
True,mean,False,mean,Lambeck_2017,5e+20,QL6,GFZ,0.1,0.26,short-term_:_and long-term,2.481299
True,mean,False,mean,Lambeck_2017,5e+20,QL6,JPL,0.1,0.26,short-term_:_and long-term,2.571826
True,mean,False,mean,Lambeck_2017,5e+20,QL6,CSR,0.1,0.26,short-term_:_and long-term,2.50527
True,mean,False,mean,Lambeck_2017,5e+20,QL6,MSSA,0.1,0.26,short-term_:_and long-term,2.536417
False,mean,False,lower,Lambeck_2017,5e+20,QL6,GFZ,0.1,0.26,short-term_:_and long-term,2.497314
False,mean,False,lower,Lambeck_2017,5e+20,QL6,JPL,0.1,0.26,short-term_:_and long-term,2.584918
False,mean,False,lower,Lambeck_2017,5e+20,QL6,CSR,0.1,0.26,short-term_:_and long-term,2.522041
False,mean,False,lower,Lambeck_2017,5e+20,QL6,MSSA,0.1,0.26,short-term_:_and long-term,2.554498
True,mean,False,lower,Lambeck_2017,5e+20,QL6,GFZ,0.1,0.26,short-term_:_and long-term,2.491775
True,mean,False,lower,Lambeck_2017,5e+20,QL6,JPL,0.1,0.26,short-term_:_and long-term,2.580498
True,mean,False,lower,Lambeck_2017,5e+20,QL6,CSR,0.1,0.26,short-term_:_and long-term,2.515724
True,mean,False,lower,Lambeck_2017,5e+20,QL6,MSSA,0.1,0.26,short-term_:_and long-term,2.547306
False,mean,False,upper,Lambeck_2017,5e+20,QL6,GFZ,0.1,0.26,short-term_:_and long-term,2.476721
False,mean,False,upper,Lambeck_2017,5e+20,QL6,JPL,0.1,0.26,short-term_:_and long-term,2.566042
False,mean,False,upper,Lambeck_2017,5e+20,QL6,CSR,0.1,0.26,short-term_:_and long-term,2.497254
False,mean,False,upper,Lambeck_2017,5e+20,QL6,MSSA,0.1,0.26,short-term_:_and long-term,2.527927
True,mean,False,upper,Lambeck_2017,5e+20,QL6,GFZ,0.1,0.26,short-term_:_and long-term,2.471429
True,mean,False,upper,Lambeck_2017,5e+20,QL6,JPL,0.1,0.26,short-term_:_and long-term,2.560906
True,mean,False,upper,Lambeck_2017,5e+20,QL6,CSR,0.1,0.26,short-term_:_and long-term,2.492892
True,mean,False,upper,Lambeck_2017,5e+20,QL6,MSSA,0.1,0.26,short-term_:_and long-term,2.521651
False,mean,False,mean,Lambeck_2017,5e+20,QL6,GFZ,0.2,0.26,short-term_:_and long-term,2.424244
False,mean,False,mean,Lambeck_2017,5e+20,QL6,JPL,0.2,0.26,short-term_:_and long-term,2.510432
False,mean,False,mean,Lambeck_2017,5e+20,QL6,CSR,0.2,0.26,short-term_:_and long-term,2.444032
False,mean,False,mean,Lambeck_2017,5e+20,QL6,MSSA,0.2,0.26,short-term_:_and long-term,2.472625
True,mean,False,mean,Lambeck_2017,5e+20,QL6,GFZ,0.2,0.26,short-term_:_and long-term,2.42283
True,mean,False,mean,Lambeck_2017,5e+20,QL6,JPL,0.2,0.26,short-term_:_and long-term,2.509498
True,mean,False,mean,Lambeck_2017,5e+20,QL6,CSR,0.2,0.26,short-term_:_and long-term,2.443131
True,mean,False,mean,Lambeck_2017,5e+20,QL6,MSSA,0.2,0.26,short-term_:_and long-term,2.470437
False,mean,False,lower,Lambeck_2017,5e+20,QL6,GFZ,0.2,0.26,short-term_:_and long-term,2.42695
False,mean,False,lower,Lambeck_2017,5e+20,QL6,JPL,0.2,0.26,short-term_:_and long-term,2.512298
False,mean,False,lower,Lambeck_2017,5e+20,QL6,CSR,0.2,0.26,short-term_:_and long-term,2.447318
False,mean,False,lower,Lambeck_2017,5e+20,QL6,MSSA,0.2,0.26,short-term_:_and long-term,2.478469
True,mean,False,lower,Lambeck_2017,5e+20,QL6,GFZ,0.2,0.26,short-term_:_and long-term,2.425769
True,mean,False,lower,Lambeck_2017,5e+20,QL6,JPL,0.2,0.26,short-term_:_and long-term,2.511334
True,mean,False,lower,Lambeck_2017,5e+20,QL6,CSR,0.2,0.26,short-term_:_and long-term,2.445367
True,mean,False,lower,Lambeck_2017,5e+20,QL6,MSSA,0.2,0.26,short-term_:_and long-term,2.47562
False,mean,False,upper,Lambeck_2017,5e+20,QL6,GFZ,0.2,0.26,short-term_:_and long-term,2.41985
False,mean,False,upper,Lambeck_2017,5e+20,QL6,JPL,0.2,0.26,short-term_:_and long-term,2.506778
False,mean,False,upper,Lambeck_2017,5e+20,QL6,CSR,0.2,0.26,short-term_:_and long-term,2.439673
False,mean,False,upper,Lambeck_2017,5e+20,QL6,MSSA,0.2,0.26,short-term_:_and long-term,2.466265
True,mean,False,upper,Lambeck_2017,5e+20,QL6,GFZ,0.2,0.26,short-term_:_and long-term,2.418402
True,mean,False,upper,Lambeck_2017,5e+20,QL6,JPL,0.2,0.26,short-term_:_and long-term,2.505307
True,mean,False,upper,Lambeck_2017,5e+20,QL6,CSR,0.2,0.26,short-term_:_and long-term,2.437965
True,mean,False,upper,Lambeck_2017,5e+20,QL6,MSSA,0.2,0.26,short-term_:_and long-term,2.463895
False,mean,False,mean,Lambeck_2017,5e+20,QM1,GFZ,0.15,0.26,short-term_:_and long-term,2.493704
False,mean,False,mean,Lambeck_2017,5e+20,QM1,JPL,0.15,0.26,short-term_:_and long-term,2.581698
False,mean,False,mean,Lambeck_2017,5e+20,QM1,CSR,0.15,0.26,short-term_:_and long-term,2.514741
False,mean,False,mean,Lambeck_2017,5e+20,QM1,MSSA,0.15,0.26,short-term_:_and long-term,2.539637
True,mean,False,mean,Lambeck_2017,5e+20,QM1,GFZ,0.15,0.26,short-term_:_and long-term,2.491468
True,mean,False,mean,Lambeck_2017,5e+20,QM1,JPL,0.15,0.26,short-term_:_and long-term,2.580006
True,mean,False,mean,Lambeck_2017,5e+20,QM1,CSR,0.15,0.26,short-term_:_and long-term,2.5124
True,mean,False,mean,Lambeck_2017,5e+20,QM1,MSSA,0.15,0.26,short-term_:_and long-term,2.534976
False,mean,False,lower,Lambeck_2017,5e+20,QM1,GFZ,0.15,0.26,short-term_:_and long-term,2.501414
False,mean,False,lower,Lambeck_2017,5e+20,QM1,JPL,0.15,0.26,short-term_:_and long-term,2.588948
False,mean,False,lower,Lambeck_2017,5e+20,QM1,CSR,0.15,0.26,short-term_:_and long-term,2.522818
False,mean,False,lower,Lambeck_2017,5e+20,QM1,MSSA,0.15,0.26,short-term_:_and long-term,2.548458
True,mean,False,lower,Lambeck_2017,5e+20,QM1,GFZ,0.15,0.26,short-term_:_and long-term,2.499027
True,mean,False,lower,Lambeck_2017,5e+20,QM1,JPL,0.15,0.26,short-term_:_and long-term,2.587184
True,mean,False,lower,Lambeck_2017,5e+20,QM1,CSR,0.15,0.26,short-term_:_and long-term,2.520548
True,mean,False,lower,Lambeck_2017,5e+20,QM1,MSSA,0.15,0.26,short-term_:_and long-term,2.544609
False,mean,False,upper,Lambeck_2017,5e+20,QM1,GFZ,0.15,0.26,short-term_:_and long-term,2.484494
False,mean,False,upper,Lambeck_2017,5e+20,QM1,JPL,0.15,0.26,short-term_:_and long-term,2.572703
False,mean,False,upper,Lambeck_2017,5e+20,QM1,CSR,0.15,0.26,short-term_:_and long-term,2.505013
False,mean,False,upper,Lambeck_2017,5e+20,QM1,MSSA,0.15,0.26,short-term_:_and long-term,2.526923
True,mean,False,upper,Lambeck_2017,5e+20,QM1,GFZ,0.15,0.26,short-term_:_and long-term,2.482293
True,mean,False,upper,Lambeck_2017,5e+20,QM1,JPL,0.15,0.26,short-term_:_and long-term,2.570723
True,mean,False,upper,Lambeck_2017,5e+20,QM1,CSR,0.15,0.26,short-term_:_and long-term,2.502609
True,mean,False,upper,Lambeck_2017,5e+20,QM1,MSSA,0.15,0.26,short-term_:_and long-term,2.523418
False,mean,False,mean,Lambeck_2017,5e+20,QM1,GFZ,0.1,0.26,short-term_:_and long-term,2.526075
False,mean,False,mean,Lambeck_2017,5e+20,QM1,JPL,0.1,0.26,short-term_:_and long-term,2.619038
False,mean,False,mean,Lambeck_2017,5e+20,QM1,CSR,0.1,0.26,short-term_:_and long-term,2.548637
False,mean,False,mean,Lambeck_2017,5e+20,QM1,MSSA,0.1,0.26,short-term_:_and long-term,2.575106
True,mean,False,mean,Lambeck_2017,5e+20,QM1,GFZ,0.1,0.26,short-term_:_and long-term,2.52116
True,mean,False,mean,Lambeck_2017,5e+20,QM1,JPL,0.1,0.26,short-term_:_and long-term,2.613777
True,mean,False,mean,Lambeck_2017,5e+20,QM1,CSR,0.1,0.26,short-term_:_and long-term,2.544011
True,mean,False,mean,Lambeck_2017,5e+20,QM1,MSSA,0.1,0.26,short-term_:_and long-term,2.569301
False,mean,False,lower,Lambeck_2017,5e+20,QM1,GFZ,0.1,0.26,short-term_:_and long-term,2.538982
False,mean,False,lower,Lambeck_2017,5e+20,QM1,JPL,0.1,0.26,short-term_:_and long-term,2.630563
False,mean,False,lower,Lambeck_2017,5e+20,QM1,CSR,0.1,0.26,short-term_:_and long-term,2.561874
False,mean,False,lower,Lambeck_2017,5e+20,QM1,MSSA,0.1,0.26,short-term_:_and long-term,2.590681
True,mean,False,lower,Lambeck_2017,5e+20,QM1,GFZ,0.1,0.26,short-term_:_and long-term,2.533866
True,mean,False,lower,Lambeck_2017,5e+20,QM1,JPL,0.1,0.26,short-term_:_and long-term,2.624758
True,mean,False,lower,Lambeck_2017,5e+20,QM1,CSR,0.1,0.26,short-term_:_and long-term,2.556775
True,mean,False,lower,Lambeck_2017,5e+20,QM1,MSSA,0.1,0.26,short-term_:_and long-term,2.583323
False,mean,False,upper,Lambeck_2017,5e+20,QM1,GFZ,0.1,0.26,short-term_:_and long-term,2.511343
False,mean,False,upper,Lambeck_2017,5e+20,QM1,JPL,0.1,0.26,short-term_:_and long-term,2.603553
False,mean,False,upper,Lambeck_2017,5e+20,QM1,CSR,0.1,0.26,short-term_:_and long-term,2.53374
False,mean,False,upper,Lambeck_2017,5e+20,QM1,MSSA,0.1,0.26,short-term_:_and long-term,2.559389
True,mean,False,upper,Lambeck_2017,5e+20,QM1,GFZ,0.1,0.26,short-term_:_and long-term,2.506568
True,mean,False,upper,Lambeck_2017,5e+20,QM1,JPL,0.1,0.26,short-term_:_and long-term,2.598713
True,mean,False,upper,Lambeck_2017,5e+20,QM1,CSR,0.1,0.26,short-term_:_and long-term,2.529531
True,mean,False,upper,Lambeck_2017,5e+20,QM1,MSSA,0.1,0.26,short-term_:_and long-term,2.552376
False,mean,False,mean,Lambeck_2017,5e+20,QM1,GFZ,0.2,0.26,short-term_:_and long-term,2.46477
False,mean,False,mean,Lambeck_2017,5e+20,QM1,JPL,0.2,0.26,short-term_:_and long-term,2.552716
False,mean,False,mean,Lambeck_2017,5e+20,QM1,CSR,0.2,0.26,short-term_:_and long-term,2.486687
False,mean,False,mean,Lambeck_2017,5e+20,QM1,MSSA,0.2,0.26,short-term_:_and long-term,2.511442
True,mean,False,mean,Lambeck_2017,5e+20,QM1,GFZ,0.2,0.26,short-term_:_and long-term,2.464704
True,mean,False,mean,Lambeck_2017,5e+20,QM1,JPL,0.2,0.26,short-term_:_and long-term,2.552573
True,mean,False,mean,Lambeck_2017,5e+20,QM1,CSR,0.2,0.26,short-term_:_and long-term,2.486662
True,mean,False,mean,Lambeck_2017,5e+20,QM1,MSSA,0.2,0.26,short-term_:_and long-term,2.510689
False,mean,False,lower,Lambeck_2017,5e+20,QM1,GFZ,0.2,0.26,short-term_:_and long-term,2.469892
False,mean,False,lower,Lambeck_2017,5e+20,QM1,JPL,0.2,0.26,short-term_:_and long-term,2.556516
False,mean,False,lower,Lambeck_2017,5e+20,QM1,CSR,0.2,0.26,short-term_:_and long-term,2.491354
False,mean,False,lower,Lambeck_2017,5e+20,QM1,MSSA,0.2,0.26,short-term_:_and long-term,2.517614
True,mean,False,lower,Lambeck_2017,5e+20,QM1,GFZ,0.2,0.26,short-term_:_and long-term,2.469652
True,mean,False,lower,Lambeck_2017,5e+20,QM1,JPL,0.2,0.26,short-term_:_and long-term,2.556554
True,mean,False,lower,Lambeck_2017,5e+20,QM1,CSR,0.2,0.26,short-term_:_and long-term,2.49121
True,mean,False,lower,Lambeck_2017,5e+20,QM1,MSSA,0.2,0.26,short-term_:_and long-term,2.515419
False,mean,False,upper,Lambeck_2017,5e+20,QM1,GFZ,0.2,0.26,short-term_:_and long-term,2.458888
False,mean,False,upper,Lambeck_2017,5e+20,QM1,JPL,0.2,0.26,short-term_:_and long-term,2.547329
False,mean,False,upper,Lambeck_2017,5e+20,QM1,CSR,0.2,0.26,short-term_:_and long-term,2.481
False,mean,False,upper,Lambeck_2017,5e+20,QM1,MSSA,0.2,0.26,short-term_:_and long-term,2.50423
True,mean,False,upper,Lambeck_2017,5e+20,QM1,GFZ,0.2,0.26,short-term_:_and long-term,2.458197
True,mean,False,upper,Lambeck_2017,5e+20,QM1,JPL,0.2,0.26,short-term_:_and long-term,2.546853
True,mean,False,upper,Lambeck_2017,5e+20,QM1,CSR,0.2,0.26,short-term_:_and long-term,2.480133
True,mean,False,upper,Lambeck_2017,5e+20,QM1,MSSA,0.2,0.26,short-term_:_and long-term,2.503046
False,mean,False,mean,Lambeck_2017,5e+20,Resovsky,GFZ,0.15,0.26,short-term_:_and long-term,2.461147
False,mean,False,mean,Lambeck_2017,5e+20,Resovsky,JPL,0.15,0.26,short-term_:_and long-term,2.54879
False,mean,False,mean,Lambeck_2017,5e+20,Resovsky,CSR,0.15,0.26,short-term_:_and long-term,2.482214
False,mean,False,mean,Lambeck_2017,5e+20,Resovsky,MSSA,0.15,0.26,short-term_:_and long-term,2.507661
True,mean,False,mean,Lambeck_2017,5e+20,Resovsky,GFZ,0.15,0.26,short-term_:_and long-term,2.458319
True,mean,False,mean,Lambeck_2017,5e+20,Resovsky,JPL,0.15,0.26,short-term_:_and long-term,2.546373
True,mean,False,mean,Lambeck_2017,5e+20,Resovsky,CSR,0.15,0.26,short-term_:_and long-term,2.479902
True,mean,False,mean,Lambeck_2017,5e+20,Resovsky,MSSA,0.15,0.26,short-term_:_and long-term,2.502894
False,mean,False,lower,Lambeck_2017,5e+20,Resovsky,GFZ,0.15,0.26,short-term_:_and long-term,2.467872
False,mean,False,lower,Lambeck_2017,5e+20,Resovsky,JPL,0.15,0.26,short-term_:_and long-term,2.555214
False,mean,False,lower,Lambeck_2017,5e+20,Resovsky,CSR,0.15,0.26,short-term_:_and long-term,2.488391
False,mean,False,lower,Lambeck_2017,5e+20,Resovsky,MSSA,0.15,0.26,short-term_:_and long-term,2.515549
True,mean,False,lower,Lambeck_2017,5e+20,Resovsky,GFZ,0.15,0.26,short-term_:_and long-term,2.464356
True,mean,False,lower,Lambeck_2017,5e+20,Resovsky,JPL,0.15,0.26,short-term_:_and long-term,2.552113
True,mean,False,lower,Lambeck_2017,5e+20,Resovsky,CSR,0.15,0.26,short-term_:_and long-term,2.485586
True,mean,False,lower,Lambeck_2017,5e+20,Resovsky,MSSA,0.15,0.26,short-term_:_and long-term,2.511207
False,mean,False,upper,Lambeck_2017,5e+20,Resovsky,GFZ,0.15,0.26,short-term_:_and long-term,2.453892
False,mean,False,upper,Lambeck_2017,5e+20,Resovsky,JPL,0.15,0.26,short-term_:_and long-term,2.541552
False,mean,False,upper,Lambeck_2017,5e+20,Resovsky,CSR,0.15,0.26,short-term_:_and long-term,2.474813
False,mean,False,upper,Lambeck_2017,5e+20,Resovsky,MSSA,0.15,0.26,short-term_:_and long-term,2.497556
True,mean,False,upper,Lambeck_2017,5e+20,Resovsky,GFZ,0.15,0.26,short-term_:_and long-term,2.450324
True,mean,False,upper,Lambeck_2017,5e+20,Resovsky,JPL,0.15,0.26,short-term_:_and long-term,2.538975
True,mean,False,upper,Lambeck_2017,5e+20,Resovsky,CSR,0.15,0.26,short-term_:_and long-term,2.471666
True,mean,False,upper,Lambeck_2017,5e+20,Resovsky,MSSA,0.15,0.26,short-term_:_and long-term,2.49399
False,mean,False,mean,Lambeck_2017,5e+20,Resovsky,GFZ,0.1,0.26,short-term_:_and long-term,2.488487
False,mean,False,mean,Lambeck_2017,5e+20,Resovsky,JPL,0.1,0.26,short-term_:_and long-term,2.579244
False,mean,False,mean,Lambeck_2017,5e+20,Resovsky,CSR,0.1,0.26,short-term_:_and long-term,2.510419
False,mean,False,mean,Lambeck_2017,5e+20,Resovsky,MSSA,0.1,0.26,short-term_:_and long-term,2.537815
True,mean,False,mean,Lambeck_2017,5e+20,Resovsky,GFZ,0.1,0.26,short-term_:_and long-term,2.483164
True,mean,False,mean,Lambeck_2017,5e+20,Resovsky,JPL,0.1,0.26,short-term_:_and long-term,2.574025
True,mean,False,mean,Lambeck_2017,5e+20,Resovsky,CSR,0.1,0.26,short-term_:_and long-term,2.504211
True,mean,False,mean,Lambeck_2017,5e+20,Resovsky,MSSA,0.1,0.26,short-term_:_and long-term,2.530429
False,mean,False,lower,Lambeck_2017,5e+20,Resovsky,GFZ,0.1,0.26,short-term_:_and long-term,2.4978
False,mean,False,lower,Lambeck_2017,5e+20,Resovsky,JPL,0.1,0.26,short-term_:_and long-term,2.588556
False,mean,False,lower,Lambeck_2017,5e+20,Resovsky,CSR,0.1,0.26,short-term_:_and long-term,2.520176
False,mean,False,lower,Lambeck_2017,5e+20,Resovsky,MSSA,0.1,0.26,short-term_:_and long-term,2.549202
True,mean,False,lower,Lambeck_2017,5e+20,Resovsky,GFZ,0.1,0.26,short-term_:_and long-term,2.492186
True,mean,False,lower,Lambeck_2017,5e+20,Resovsky,JPL,0.1,0.26,short-term_:_and long-term,2.582726
True,mean,False,lower,Lambeck_2017,5e+20,Resovsky,CSR,0.1,0.26,short-term_:_and long-term,2.513813
True,mean,False,lower,Lambeck_2017,5e+20,Resovsky,MSSA,0.1,0.26,short-term_:_and long-term,2.540778
False,mean,False,upper,Lambeck_2017,5e+20,Resovsky,GFZ,0.1,0.26,short-term_:_and long-term,2.477619
False,mean,False,upper,Lambeck_2017,5e+20,Resovsky,JPL,0.1,0.26,short-term_:_and long-term,2.569188
False,mean,False,upper,Lambeck_2017,5e+20,Resovsky,CSR,0.1,0.26,short-term_:_and long-term,2.499925
False,mean,False,upper,Lambeck_2017,5e+20,Resovsky,MSSA,0.1,0.26,short-term_:_and long-term,2.525924
True,mean,False,upper,Lambeck_2017,5e+20,Resovsky,GFZ,0.1,0.26,short-term_:_and long-term,2.472367
True,mean,False,upper,Lambeck_2017,5e+20,Resovsky,JPL,0.1,0.26,short-term_:_and long-term,2.564524
True,mean,False,upper,Lambeck_2017,5e+20,Resovsky,CSR,0.1,0.26,short-term_:_and long-term,2.494874
True,mean,False,upper,Lambeck_2017,5e+20,Resovsky,MSSA,0.1,0.26,short-term_:_and long-term,2.519333
False,mean,False,mean,Lambeck_2017,5e+20,Resovsky,GFZ,0.2,0.26,short-term_:_and long-term,2.436162
False,mean,False,mean,Lambeck_2017,5e+20,Resovsky,JPL,0.2,0.26,short-term_:_and long-term,2.522317
False,mean,False,mean,Lambeck_2017,5e+20,Resovsky,CSR,0.2,0.26,short-term_:_and long-term,2.457984
False,mean,False,mean,Lambeck_2017,5e+20,Resovsky,MSSA,0.2,0.26,short-term_:_and long-term,2.482525
True,mean,False,mean,Lambeck_2017,5e+20,Resovsky,GFZ,0.2,0.26,short-term_:_and long-term,2.434857
True,mean,False,mean,Lambeck_2017,5e+20,Resovsky,JPL,0.2,0.26,short-term_:_and long-term,2.522199
True,mean,False,mean,Lambeck_2017,5e+20,Resovsky,CSR,0.2,0.26,short-term_:_and long-term,2.45713
True,mean,False,mean,Lambeck_2017,5e+20,Resovsky,MSSA,0.2,0.26,short-term_:_and long-term,2.481055
False,mean,False,lower,Lambeck_2017,5e+20,Resovsky,GFZ,0.2,0.26,short-term_:_and long-term,2.440075
False,mean,False,lower,Lambeck_2017,5e+20,Resovsky,JPL,0.2,0.26,short-term_:_and long-term,2.524335
False,mean,False,lower,Lambeck_2017,5e+20,Resovsky,CSR,0.2,0.26,short-term_:_and long-term,2.461123
False,mean,False,lower,Lambeck_2017,5e+20,Resovsky,MSSA,0.2,0.26,short-term_:_and long-term,2.488552
True,mean,False,lower,Lambeck_2017,5e+20,Resovsky,GFZ,0.2,0.26,short-term_:_and long-term,2.439132
True,mean,False,lower,Lambeck_2017,5e+20,Resovsky,JPL,0.2,0.26,short-term_:_and long-term,2.524051
True,mean,False,lower,Lambeck_2017,5e+20,Resovsky,CSR,0.2,0.26,short-term_:_and long-term,2.459796
True,mean,False,lower,Lambeck_2017,5e+20,Resovsky,MSSA,0.2,0.26,short-term_:_and long-term,2.486408
False,mean,False,upper,Lambeck_2017,5e+20,Resovsky,GFZ,0.2,0.26,short-term_:_and long-term,2.430843
False,mean,False,upper,Lambeck_2017,5e+20,Resovsky,JPL,0.2,0.26,short-term_:_and long-term,2.517972
False,mean,False,upper,Lambeck_2017,5e+20,Resovsky,CSR,0.2,0.26,short-term_:_and long-term,2.453049
False,mean,False,upper,Lambeck_2017,5e+20,Resovsky,MSSA,0.2,0.26,short-term_:_and long-term,2.475684
True,mean,False,upper,Lambeck_2017,5e+20,Resovsky,GFZ,0.2,0.26,short-term_:_and long-term,2.430142
True,mean,False,upper,Lambeck_2017,5e+20,Resovsky,JPL,0.2,0.26,short-term_:_and long-term,2.517149
True,mean,False,upper,Lambeck_2017,5e+20,Resovsky,CSR,0.2,0.26,short-term_:_and long-term,2.451634
True,mean,False,upper,Lambeck_2017,5e+20,Resovsky,MSSA,0.2,0.26,short-term_:_and long-term,2.474111
False,mean,False,mean,VM5a,3e+19,,GFZ,,,long-term,2.166886
False,mean,False,mean,VM5a,3e+19,,JPL,,,long-term,2.244687
False,mean,False,mean,VM5a,3e+19,,CSR,,,long-term,2.182052
False,mean,False,mean,VM5a,3e+19,,MSSA,,,long-term,2.202698
True,mean,False,mean,VM5a,3e+19,,GFZ,,,long-term,2.162679
True,mean,False,mean,VM5a,3e+19,,JPL,,,long-term,2.239916
True,mean,False,mean,VM5a,3e+19,,CSR,,,long-term,2.176903
True,mean,False,mean,VM5a,3e+19,,MSSA,,,long-term,2.196533
False,mean,False,lower,VM5a,3e+19,,GFZ,,,long-term,2.157738
False,mean,False,lower,VM5a,3e+19,,JPL,,,long-term,2.235449
False,mean,False,lower,VM5a,3e+19,,CSR,,,long-term,2.172599
False,mean,False,lower,VM5a,3e+19,,MSSA,,,long-term,2.194291
True,mean,False,lower,VM5a,3e+19,,GFZ,,,long-term,2.15326
True,mean,False,lower,VM5a,3e+19,,JPL,,,long-term,2.229255
True,mean,False,lower,VM5a,3e+19,,CSR,,,long-term,2.166387
True,mean,False,lower,VM5a,3e+19,,MSSA,,,long-term,2.188628
False,mean,False,upper,VM5a,3e+19,,GFZ,,,long-term,2.174082
False,mean,False,upper,VM5a,3e+19,,JPL,,,long-term,2.252766
False,mean,False,upper,VM5a,3e+19,,CSR,,,long-term,2.189613
False,mean,False,upper,VM5a,3e+19,,MSSA,,,long-term,2.209143
True,mean,False,upper,VM5a,3e+19,,GFZ,,,long-term,2.169629
True,mean,False,upper,VM5a,3e+19,,JPL,,,long-term,2.247645
True,mean,False,upper,VM5a,3e+19,,CSR,,,long-term,2.184274
True,mean,False,upper,VM5a,3e+19,,MSSA,,,long-term,2.203249
False,mean,False,mean,VM5a,3e+19,PAR3P,GFZ,0.15,0.26,short-term_:_and long-term,2.511207
False,mean,False,mean,VM5a,3e+19,PAR3P,JPL,0.15,0.26,short-term_:_and long-term,2.600295
False,mean,False,mean,VM5a,3e+19,PAR3P,CSR,0.15,0.26,short-term_:_and long-term,2.536154
False,mean,False,mean,VM5a,3e+19,PAR3P,MSSA,0.15,0.26,short-term_:_and long-term,2.562288
True,mean,False,mean,VM5a,3e+19,PAR3P,GFZ,0.15,0.26,short-term_:_and long-term,2.500799
True,mean,False,mean,VM5a,3e+19,PAR3P,JPL,0.15,0.26,short-term_:_and long-term,2.589712
True,mean,False,mean,VM5a,3e+19,PAR3P,CSR,0.15,0.26,short-term_:_and long-term,2.525902
True,mean,False,mean,VM5a,3e+19,PAR3P,MSSA,0.15,0.26,short-term_:_and long-term,2.551839
False,mean,False,lower,VM5a,3e+19,PAR3P,GFZ,0.15,0.26,short-term_:_and long-term,2.523584
False,mean,False,lower,VM5a,3e+19,PAR3P,JPL,0.15,0.26,short-term_:_and long-term,2.612389
False,mean,False,lower,VM5a,3e+19,PAR3P,CSR,0.15,0.26,short-term_:_and long-term,2.547905
False,mean,False,lower,VM5a,3e+19,PAR3P,MSSA,0.15,0.26,short-term_:_and long-term,2.574073
True,mean,False,lower,VM5a,3e+19,PAR3P,GFZ,0.15,0.26,short-term_:_and long-term,2.512775
True,mean,False,lower,VM5a,3e+19,PAR3P,JPL,0.15,0.26,short-term_:_and long-term,2.600056
True,mean,False,lower,VM5a,3e+19,PAR3P,CSR,0.15,0.26,short-term_:_and long-term,2.536391
True,mean,False,lower,VM5a,3e+19,PAR3P,MSSA,0.15,0.26,short-term_:_and long-term,2.562829
False,mean,False,upper,VM5a,3e+19,PAR3P,GFZ,0.15,0.26,short-term_:_and long-term,2.498377
False,mean,False,upper,VM5a,3e+19,PAR3P,JPL,0.15,0.26,short-term_:_and long-term,2.588428
False,mean,False,upper,VM5a,3e+19,PAR3P,CSR,0.15,0.26,short-term_:_and long-term,2.522408
False,mean,False,upper,VM5a,3e+19,PAR3P,MSSA,0.15,0.26,short-term_:_and long-term,2.548309
True,mean,False,upper,VM5a,3e+19,PAR3P,GFZ,0.15,0.26,short-term_:_and long-term,2.489192
True,mean,False,upper,VM5a,3e+19,PAR3P,JPL,0.15,0.26,short-term_:_and long-term,2.580281
True,mean,False,upper,VM5a,3e+19,PAR3P,CSR,0.15,0.26,short-term_:_and long-term,2.511899
True,mean,False,upper,VM5a,3e+19,PAR3P,MSSA,0.15,0.26,short-term_:_and long-term,2.536083
False,mean,False,mean,VM5a,3e+19,PAR3P,GFZ,0.1,0.26,short-term_:_and long-term,2.55141
False,mean,False,mean,VM5a,3e+19,PAR3P,JPL,0.1,0.26,short-term_:_and long-term,2.639768
False,mean,False,mean,VM5a,3e+19,PAR3P,CSR,0.1,0.26,short-term_:_and long-term,2.578001
False,mean,False,mean,VM5a,3e+19,PAR3P,MSSA,0.1,0.26,short-term_:_and long-term,2.60369
True,mean,False,mean,VM5a,3e+19,PAR3P,GFZ,0.1,0.26,short-term_:_and long-term,2.54273
True,mean,False,mean,VM5a,3e+19,PAR3P,JPL,0.1,0.26,short-term_:_and long-term,2.629736
True,mean,False,mean,VM5a,3e+19,PAR3P,CSR,0.1,0.26,short-term_:_and long-term,2.567133
True,mean,False,mean,VM5a,3e+19,PAR3P,MSSA,0.1,0.26,short-term_:_and long-term,2.592191
False,mean,False,lower,VM5a,3e+19,PAR3P,GFZ,0.1,0.26,short-term_:_and long-term,2.569534
False,mean,False,lower,VM5a,3e+19,PAR3P,JPL,0.1,0.26,short-term_:_and long-term,2.654696
False,mean,False,lower,VM5a,3e+19,PAR3P,CSR,0.1,0.26,short-term_:_and long-term,2.592627
False,mean,False,lower,VM5a,3e+19,PAR3P,MSSA,0.1,0.26,short-term_:_and long-term,2.621014
True,mean,False,lower,VM5a,3e+19,PAR3P,GFZ,0.1,0.26,short-term_:_and long-term,2.555787
True,mean,False,lower,VM5a,3e+19,PAR3P,JPL,0.1,0.26,short-term_:_and long-term,2.642778
True,mean,False,lower,VM5a,3e+19,PAR3P,CSR,0.1,0.26,short-term_:_and long-term,2.58198
True,mean,False,lower,VM5a,3e+19,PAR3P,MSSA,0.1,0.26,short-term_:_and long-term,2.60692
False,mean,False,upper,VM5a,3e+19,PAR3P,GFZ,0.1,0.26,short-term_:_and long-term,2.537224
False,mean,False,upper,VM5a,3e+19,PAR3P,JPL,0.1,0.26,short-term_:_and long-term,2.624458
False,mean,False,upper,VM5a,3e+19,PAR3P,CSR,0.1,0.26,short-term_:_and long-term,2.561397
False,mean,False,upper,VM5a,3e+19,PAR3P,MSSA,0.1,0.26,short-term_:_and long-term,2.584336
True,mean,False,upper,VM5a,3e+19,PAR3P,GFZ,0.1,0.26,short-term_:_and long-term,2.526335
True,mean,False,upper,VM5a,3e+19,PAR3P,JPL,0.1,0.26,short-term_:_and long-term,2.61385
True,mean,False,upper,VM5a,3e+19,PAR3P,CSR,0.1,0.26,short-term_:_and long-term,2.549847
True,mean,False,upper,VM5a,3e+19,PAR3P,MSSA,0.1,0.26,short-term_:_and long-term,2.574299
False,mean,False,mean,VM5a,3e+19,PAR3P,GFZ,0.2,0.26,short-term_:_and long-term,2.483192
False,mean,False,mean,VM5a,3e+19,PAR3P,JPL,0.2,0.26,short-term_:_and long-term,2.574345
False,mean,False,mean,VM5a,3e+19,PAR3P,CSR,0.2,0.26,short-term_:_and long-term,2.503716
False,mean,False,mean,VM5a,3e+19,PAR3P,MSSA,0.2,0.26,short-term_:_and long-term,2.530665
True,mean,False,mean,VM5a,3e+19,PAR3P,GFZ,0.2,0.26,short-term_:_and long-term,2.475048
True,mean,False,mean,VM5a,3e+19,PAR3P,JPL,0.2,0.26,short-term_:_and long-term,2.565914
True,mean,False,mean,VM5a,3e+19,PAR3P,CSR,0.2,0.26,short-term_:_and long-term,2.495789
True,mean,False,mean,VM5a,3e+19,PAR3P,MSSA,0.2,0.26,short-term_:_and long-term,2.519927
False,mean,False,lower,VM5a,3e+19,PAR3P,GFZ,0.2,0.26,short-term_:_and long-term,2.489924
False,mean,False,lower,VM5a,3e+19,PAR3P,JPL,0.2,0.26,short-term_:_and long-term,2.582193
False,mean,False,lower,VM5a,3e+19,PAR3P,CSR,0.2,0.26,short-term_:_and long-term,2.513205
False,mean,False,lower,VM5a,3e+19,PAR3P,MSSA,0.2,0.26,short-term_:_and long-term,2.539767
True,mean,False,lower,VM5a,3e+19,PAR3P,GFZ,0.2,0.26,short-term_:_and long-term,2.481129
True,mean,False,lower,VM5a,3e+19,PAR3P,JPL,0.2,0.26,short-term_:_and long-term,2.572845
True,mean,False,lower,VM5a,3e+19,PAR3P,CSR,0.2,0.26,short-term_:_and long-term,2.502525
True,mean,False,lower,VM5a,3e+19,PAR3P,MSSA,0.2,0.26,short-term_:_and long-term,2.528558
False,mean,False,upper,VM5a,3e+19,PAR3P,GFZ,0.2,0.26,short-term_:_and long-term,2.474242
False,mean,False,upper,VM5a,3e+19,PAR3P,JPL,0.2,0.26,short-term_:_and long-term,2.565426
False,mean,False,upper,VM5a,3e+19,PAR3P,CSR,0.2,0.26,short-term_:_and long-term,2.495406
False,mean,False,upper,VM5a,3e+19,PAR3P,MSSA,0.2,0.26,short-term_:_and long-term,2.519864
True,mean,False,upper,VM5a,3e+19,PAR3P,GFZ,0.2,0.26,short-term_:_and long-term,2.466151
True,mean,False,upper,VM5a,3e+19,PAR3P,JPL,0.2,0.26,short-term_:_and long-term,2.558852
True,mean,False,upper,VM5a,3e+19,PAR3P,CSR,0.2,0.26,short-term_:_and long-term,2.487587
True,mean,False,upper,VM5a,3e+19,PAR3P,MSSA,0.2,0.26,short-term_:_and long-term,2.511258
False,mean,False,mean,VM5a,3e+19,PREM,GFZ,0.15,0.26,short-term_:_and long-term,2.543201
False,mean,False,mean,VM5a,3e+19,PREM,JPL,0.15,0.26,short-term_:_and long-term,2.632504
False,mean,False,mean,VM5a,3e+19,PREM,CSR,0.15,0.26,short-term_:_and long-term,2.567883
False,mean,False,mean,VM5a,3e+19,PREM,MSSA,0.15,0.26,short-term_:_and long-term,2.59529
True,mean,False,mean,VM5a,3e+19,PREM,GFZ,0.15,0.26,short-term_:_and long-term,2.533045
True,mean,False,mean,VM5a,3e+19,PREM,JPL,0.15,0.26,short-term_:_and long-term,2.621942
True,mean,False,mean,VM5a,3e+19,PREM,CSR,0.15,0.26,short-term_:_and long-term,2.556074
True,mean,False,mean,VM5a,3e+19,PREM,MSSA,0.15,0.26,short-term_:_and long-term,2.586619
False,mean,False,lower,VM5a,3e+19,PREM,GFZ,0.15,0.26,short-term_:_and long-term,2.557887
False,mean,False,lower,VM5a,3e+19,PREM,JPL,0.15,0.26,short-term_:_and long-term,2.647518
False,mean,False,lower,VM5a,3e+19,PREM,CSR,0.15,0.26,short-term_:_and long-term,2.581826
False,mean,False,lower,VM5a,3e+19,PREM,MSSA,0.15,0.26,short-term_:_and long-term,2.612119
True,mean,False,lower,VM5a,3e+19,PREM,GFZ,0.15,0.26,short-term_:_and long-term,2.546461
True,mean,False,lower,VM5a,3e+19,PREM,JPL,0.15,0.26,short-term_:_and long-term,2.635217
True,mean,False,lower,VM5a,3e+19,PREM,CSR,0.15,0.26,short-term_:_and long-term,2.570519
True,mean,False,lower,VM5a,3e+19,PREM,MSSA,0.15,0.26,short-term_:_and long-term,2.599656
False,mean,False,upper,VM5a,3e+19,PREM,GFZ,0.15,0.26,short-term_:_and long-term,2.52748
False,mean,False,upper,VM5a,3e+19,PREM,JPL,0.15,0.26,short-term_:_and long-term,2.617358
False,mean,False,upper,VM5a,3e+19,PREM,CSR,0.15,0.26,short-term_:_and long-term,2.550881
False,mean,False,upper,VM5a,3e+19,PREM,MSSA,0.15,0.26,short-term_:_and long-term,2.580278
True,mean,False,upper,VM5a,3e+19,PREM,GFZ,0.15,0.26,short-term_:_and long-term,2.51764
True,mean,False,upper,VM5a,3e+19,PREM,JPL,0.15,0.26,short-term_:_and long-term,2.609587
True,mean,False,upper,VM5a,3e+19,PREM,CSR,0.15,0.26,short-term_:_and long-term,2.540649
True,mean,False,upper,VM5a,3e+19,PREM,MSSA,0.15,0.26,short-term_:_and long-term,2.569643
False,mean,False,mean,VM5a,3e+19,PREM,GFZ,0.1,0.26,short-term_:_and long-term,2.585208
False,mean,False,mean,VM5a,3e+19,PREM,JPL,0.1,0.26,short-term_:_and long-term,2.673784
False,mean,False,mean,VM5a,3e+19,PREM,CSR,0.1,0.26,short-term_:_and long-term,2.610531
False,mean,False,mean,VM5a,3e+19,PREM,MSSA,0.1,0.26,short-term_:_and long-term,2.638903
True,mean,False,mean,VM5a,3e+19,PREM,GFZ,0.1,0.26,short-term_:_and long-term,2.572392
True,mean,False,mean,VM5a,3e+19,PREM,JPL,0.1,0.26,short-term_:_and long-term,2.660796
True,mean,False,mean,VM5a,3e+19,PREM,CSR,0.1,0.26,short-term_:_and long-term,2.597769
True,mean,False,mean,VM5a,3e+19,PREM,MSSA,0.1,0.26,short-term_:_and long-term,2.625707
False,mean,False,lower,VM5a,3e+19,PREM,GFZ,0.1,0.26,short-term_:_and long-term,2.600928
False,mean,False,lower,VM5a,3e+19,PREM,JPL,0.1,0.26,short-term_:_and long-term,2.690706
False,mean,False,lower,VM5a,3e+19,PREM,CSR,0.1,0.26,short-term_:_and long-term,2.628853
False,mean,False,lower,VM5a,3e+19,PREM,MSSA,0.1,0.26,short-term_:_and long-term,2.659677
True,mean,False,lower,VM5a,3e+19,PREM,GFZ,0.1,0.26,short-term_:_and long-term,2.588273
True,mean,False,lower,VM5a,3e+19,PREM,JPL,0.1,0.26,short-term_:_and long-term,2.677282
True,mean,False,lower,VM5a,3e+19,PREM,CSR,0.1,0.26,short-term_:_and long-term,2.615277
True,mean,False,lower,VM5a,3e+19,PREM,MSSA,0.1,0.26,short-term_:_and long-term,2.64448
False,mean,False,upper,VM5a,3e+19,PREM,GFZ,0.1,0.26,short-term_:_and long-term,2.565541
False,mean,False,upper,VM5a,3e+19,PREM,JPL,0.1,0.26,short-term_:_and long-term,2.65388
False,mean,False,upper,VM5a,3e+19,PREM,CSR,0.1,0.26,short-term_:_and long-term,2.590029
False,mean,False,upper,VM5a,3e+19,PREM,MSSA,0.1,0.26,short-term_:_and long-term,2.617131
True,mean,False,upper,VM5a,3e+19,PREM,GFZ,0.1,0.26,short-term_:_and long-term,2.553482
True,mean,False,upper,VM5a,3e+19,PREM,JPL,0.1,0.26,short-term_:_and long-term,2.64237
True,mean,False,upper,VM5a,3e+19,PREM,CSR,0.1,0.26,short-term_:_and long-term,2.578143
True,mean,False,upper,VM5a,3e+19,PREM,MSSA,0.1,0.26,short-term_:_and long-term,2.604876
False,mean,False,mean,VM5a,3e+19,PREM,GFZ,0.2,0.26,short-term_:_and long-term,2.5133
False,mean,False,mean,VM5a,3e+19,PREM,JPL,0.2,0.26,short-term_:_and long-term,2.605257
False,mean,False,mean,VM5a,3e+19,PREM,CSR,0.2,0.26,short-term_:_and long-term,2.53515
False,mean,False,mean,VM5a,3e+19,PREM,MSSA,0.2,0.26,short-term_:_and long-term,2.564603
True,mean,False,mean,VM5a,3e+19,PREM,GFZ,0.2,0.26,short-term_:_and long-term,2.504461
True,mean,False,mean,VM5a,3e+19,PREM,JPL,0.2,0.26,short-term_:_and long-term,2.596935
True,mean,False,mean,VM5a,3e+19,PREM,CSR,0.2,0.26,short-term_:_and long-term,2.527327
True,mean,False,mean,VM5a,3e+19,PREM,MSSA,0.2,0.26,short-term_:_and long-term,2.555012
False,mean,False,lower,VM5a,3e+19,PREM,GFZ,0.2,0.26,short-term_:_and long-term,2.523222
False,mean,False,lower,VM5a,3e+19,PREM,JPL,0.2,0.26,short-term_:_and long-term,2.614849
False,mean,False,lower,VM5a,3e+19,PREM,CSR,0.2,0.26,short-term_:_and long-term,2.545973
False,mean,False,lower,VM5a,3e+19,PREM,MSSA,0.2,0.26,short-term_:_and long-term,2.577162
True,mean,False,lower,VM5a,3e+19,PREM,GFZ,0.2,0.26,short-term_:_and long-term,2.514631
True,mean,False,lower,VM5a,3e+19,PREM,JPL,0.2,0.26,short-term_:_and long-term,2.606096
True,mean,False,lower,VM5a,3e+19,PREM,CSR,0.2,0.26,short-term_:_and long-term,2.536472
True,mean,False,lower,VM5a,3e+19,PREM,MSSA,0.2,0.26,short-term_:_and long-term,2.567109
False,mean,False,upper,VM5a,3e+19,PREM,GFZ,0.2,0.26,short-term_:_and long-term,2.501106
False,mean,False,upper,VM5a,3e+19,PREM,JPL,0.2,0.26,short-term_:_and long-term,2.593796
False,mean,False,upper,VM5a,3e+19,PREM,CSR,0.2,0.26,short-term_:_and long-term,2.523318
False,mean,False,upper,VM5a,3e+19,PREM,MSSA,0.2,0.26,short-term_:_and long-term,2.550503
True,mean,False,upper,VM5a,3e+19,PREM,GFZ,0.2,0.26,short-term_:_and long-term,2.492893
True,mean,False,upper,VM5a,3e+19,PREM,JPL,0.2,0.26,short-term_:_and long-term,2.587057
True,mean,False,upper,VM5a,3e+19,PREM,CSR,0.2,0.26,short-term_:_and long-term,2.515951
True,mean,False,upper,VM5a,3e+19,PREM,MSSA,0.2,0.26,short-term_:_and long-term,2.542611
False,mean,False,mean,VM5a,3e+19,QL6,GFZ,0.15,0.26,short-term_:_and long-term,2.503232
False,mean,False,mean,VM5a,3e+19,QL6,JPL,0.15,0.26,short-term_:_and long-term,2.590134
False,mean,False,mean,VM5a,3e+19,QL6,CSR,0.15,0.26,short-term_:_and long-term,2.526555
False,mean,False,mean,VM5a,3e+19,QL6,MSSA,0.15,0.26,short-term_:_and long-term,2.556454
True,mean,False,mean,VM5a,3e+19,QL6,GFZ,0.15,0.26,short-term_:_and long-term,2.492315
True,mean,False,mean,VM5a,3e+19,QL6,JPL,0.15,0.26,short-term_:_and long-term,2.579807
True,mean,False,mean,VM5a,3e+19,QL6,CSR,0.15,0.26,short-term_:_and long-term,2.515585
True,mean,False,mean,VM5a,3e+19,QL6,MSSA,0.15,0.26,short-term_:_and long-term,2.543813
False,mean,False,lower,VM5a,3e+19,QL6,GFZ,0.15,0.26,short-term_:_and long-term,2.517363
False,mean,False,lower,VM5a,3e+19,QL6,JPL,0.15,0.26,short-term_:_and long-term,2.602888
False,mean,False,lower,VM5a,3e+19,QL6,CSR,0.15,0.26,short-term_:_and long-term,2.538529
False,mean,False,lower,VM5a,3e+19,QL6,MSSA,0.15,0.26,short-term_:_and long-term,2.56714
True,mean,False,lower,VM5a,3e+19,QL6,GFZ,0.15,0.26,short-term_:_and long-term,2.502136
True,mean,False,lower,VM5a,3e+19,QL6,JPL,0.15,0.26,short-term_:_and long-term,2.590154
True,mean,False,lower,VM5a,3e+19,QL6,CSR,0.15,0.26,short-term_:_and long-term,2.526935
True,mean,False,lower,VM5a,3e+19,QL6,MSSA,0.15,0.26,short-term_:_and long-term,2.556235
False,mean,False,upper,VM5a,3e+19,QL6,GFZ,0.15,0.26,short-term_:_and long-term,2.490206
False,mean,False,upper,VM5a,3e+19,QL6,JPL,0.15,0.26,short-term_:_and long-term,2.577877
False,mean,False,upper,VM5a,3e+19,QL6,CSR,0.15,0.26,short-term_:_and long-term,2.512507
False,mean,False,upper,VM5a,3e+19,QL6,MSSA,0.15,0.26,short-term_:_and long-term,2.540551
True,mean,False,upper,VM5a,3e+19,QL6,GFZ,0.15,0.26,short-term_:_and long-term,2.478348
True,mean,False,upper,VM5a,3e+19,QL6,JPL,0.15,0.26,short-term_:_and long-term,2.569063
True,mean,False,upper,VM5a,3e+19,QL6,CSR,0.15,0.26,short-term_:_and long-term,2.500202
True,mean,False,upper,VM5a,3e+19,QL6,MSSA,0.15,0.26,short-term_:_and long-term,2.528767
False,mean,False,mean,VM5a,3e+19,QL6,GFZ,0.1,0.26,short-term_:_and long-term,2.537612
False,mean,False,mean,VM5a,3e+19,QL6,JPL,0.1,0.26,short-term_:_and long-term,2.623601
False,mean,False,mean,VM5a,3e+19,QL6,CSR,0.1,0.26,short-term_:_and long-term,2.56126
False,mean,False,mean,VM5a,3e+19,QL6,MSSA,0.1,0.26,short-term_:_and long-term,2.587371
True,mean,False,mean,VM5a,3e+19,QL6,GFZ,0.1,0.26,short-term_:_and long-term,2.526412
True,mean,False,mean,VM5a,3e+19,QL6,JPL,0.1,0.26,short-term_:_and long-term,2.609543
True,mean,False,mean,VM5a,3e+19,QL6,CSR,0.1,0.26,short-term_:_and long-term,2.549007
True,mean,False,mean,VM5a,3e+19,QL6,MSSA,0.1,0.26,short-term_:_and long-term,2.572495
False,mean,False,lower,VM5a,3e+19,QL6,GFZ,0.1,0.26,short-term_:_and long-term,2.551669
False,mean,False,lower,VM5a,3e+19,QL6,JPL,0.1,0.26,short-term_:_and long-term,2.638109
False,mean,False,lower,VM5a,3e+19,QL6,CSR,0.1,0.26,short-term_:_and long-term,2.578614
False,mean,False,lower,VM5a,3e+19,QL6,MSSA,0.1,0.26,short-term_:_and long-term,2.603956
True,mean,False,lower,VM5a,3e+19,QL6,GFZ,0.1,0.26,short-term_:_and long-term,2.537176
True,mean,False,lower,VM5a,3e+19,QL6,JPL,0.1,0.26,short-term_:_and long-term,2.62418
True,mean,False,lower,VM5a,3e+19,QL6,CSR,0.1,0.26,short-term_:_and long-term,2.562913
True,mean,False,lower,VM5a,3e+19,QL6,MSSA,0.1,0.26,short-term_:_and long-term,2.588312
False,mean,False,upper,VM5a,3e+19,QL6,GFZ,0.1,0.26,short-term_:_and long-term,2.521661
False,mean,False,upper,VM5a,3e+19,QL6,JPL,0.1,0.26,short-term_:_and long-term,2.607443
False,mean,False,upper,VM5a,3e+19,QL6,CSR,0.1,0.26,short-term_:_and long-term,2.544865
False,mean,False,upper,VM5a,3e+19,QL6,MSSA,0.1,0.26,short-term_:_and long-term,2.567795
True,mean,False,upper,VM5a,3e+19,QL6,GFZ,0.1,0.26,short-term_:_and long-term,2.509655
True,mean,False,upper,VM5a,3e+19,QL6,JPL,0.1,0.26,short-term_:_and long-term,2.595071
True,mean,False,upper,VM5a,3e+19,QL6,CSR,0.1,0.26,short-term_:_and long-term,2.532594
True,mean,False,upper,VM5a,3e+19,QL6,MSSA,0.1,0.26,short-term_:_and long-term,2.5561
False,mean,False,mean,VM5a,3e+19,QL6,GFZ,0.2,0.26,short-term_:_and long-term,2.47701
False,mean,False,mean,VM5a,3e+19,QL6,JPL,0.2,0.26,short-term_:_and long-term,2.566524
False,mean,False,mean,VM5a,3e+19,QL6,CSR,0.2,0.26,short-term_:_and long-term,2.497191
False,mean,False,mean,VM5a,3e+19,QL6,MSSA,0.2,0.26,short-term_:_and long-term,2.525964
True,mean,False,mean,VM5a,3e+19,QL6,GFZ,0.2,0.26,short-term_:_and long-term,2.468598
True,mean,False,mean,VM5a,3e+19,QL6,JPL,0.2,0.26,short-term_:_and long-term,2.557257
True,mean,False,mean,VM5a,3e+19,QL6,CSR,0.2,0.26,short-term_:_and long-term,2.488093
True,mean,False,mean,VM5a,3e+19,QL6,MSSA,0.2,0.26,short-term_:_and long-term,2.51547
False,mean,False,lower,VM5a,3e+19,QL6,GFZ,0.2,0.26,short-term_:_and long-term,2.484336
False,mean,False,lower,VM5a,3e+19,QL6,JPL,0.2,0.26,short-term_:_and long-term,2.574217
False,mean,False,lower,VM5a,3e+19,QL6,CSR,0.2,0.26,short-term_:_and long-term,2.507136
False,mean,False,lower,VM5a,3e+19,QL6,MSSA,0.2,0.26,short-term_:_and long-term,2.536705
True,mean,False,lower,VM5a,3e+19,QL6,GFZ,0.2,0.26,short-term_:_and long-term,2.477203
True,mean,False,lower,VM5a,3e+19,QL6,JPL,0.2,0.26,short-term_:_and long-term,2.565275
True,mean,False,lower,VM5a,3e+19,QL6,CSR,0.2,0.26,short-term_:_and long-term,2.495591
True,mean,False,lower,VM5a,3e+19,QL6,MSSA,0.2,0.26,short-term_:_and long-term,2.525901
False,mean,False,upper,VM5a,3e+19,QL6,GFZ,0.2,0.26,short-term_:_and long-term,2.466549
False,mean,False,upper,VM5a,3e+19,QL6,JPL,0.2,0.26,short-term_:_and long-term,2.55509
False,mean,False,upper,VM5a,3e+19,QL6,CSR,0.2,0.26,short-term_:_and long-term,2.487094
False,mean,False,upper,VM5a,3e+19,QL6,MSSA,0.2,0.26,short-term_:_and long-term,2.513861
True,mean,False,upper,VM5a,3e+19,QL6,GFZ,0.2,0.26,short-term_:_and long-term,2.457734
True,mean,False,upper,VM5a,3e+19,QL6,JPL,0.2,0.26,short-term_:_and long-term,2.548034
True,mean,False,upper,VM5a,3e+19,QL6,CSR,0.2,0.26,short-term_:_and long-term,2.479552
True,mean,False,upper,VM5a,3e+19,QL6,MSSA,0.2,0.26,short-term_:_and long-term,2.505081
False,mean,False,mean,VM5a,3e+19,QM1,GFZ,0.15,0.26,short-term_:_and long-term,2.535362
False,mean,False,mean,VM5a,3e+19,QM1,JPL,0.15,0.26,short-term_:_and long-term,2.628978
False,mean,False,mean,VM5a,3e+19,QM1,CSR,0.15,0.26,short-term_:_and long-term,2.561285
False,mean,False,mean,VM5a,3e+19,QM1,MSSA,0.15,0.26,short-term_:_and long-term,2.583277
True,mean,False,mean,VM5a,3e+19,QM1,GFZ,0.15,0.26,short-term_:_and long-term,2.525655
True,mean,False,mean,VM5a,3e+19,QM1,JPL,0.15,0.26,short-term_:_and long-term,2.620834
True,mean,False,mean,VM5a,3e+19,QM1,CSR,0.15,0.26,short-term_:_and long-term,2.552026
True,mean,False,mean,VM5a,3e+19,QM1,MSSA,0.15,0.26,short-term_:_and long-term,2.572839
False,mean,False,lower,VM5a,3e+19,QM1,GFZ,0.15,0.26,short-term_:_and long-term,2.550317
False,mean,False,lower,VM5a,3e+19,QM1,JPL,0.15,0.26,short-term_:_and long-term,2.642897
False,mean,False,lower,VM5a,3e+19,QM1,CSR,0.15,0.26,short-term_:_and long-term,2.574997
False,mean,False,lower,VM5a,3e+19,QM1,MSSA,0.15,0.26,short-term_:_and long-term,2.59745
True,mean,False,lower,VM5a,3e+19,QM1,GFZ,0.15,0.26,short-term_:_and long-term,2.538384
True,mean,False,lower,VM5a,3e+19,QM1,JPL,0.15,0.26,short-term_:_and long-term,2.631967
True,mean,False,lower,VM5a,3e+19,QM1,CSR,0.15,0.26,short-term_:_and long-term,2.565866
True,mean,False,lower,VM5a,3e+19,QM1,MSSA,0.15,0.26,short-term_:_and long-term,2.585824
False,mean,False,upper,VM5a,3e+19,QM1,GFZ,0.15,0.26,short-term_:_and long-term,2.519989
False,mean,False,upper,VM5a,3e+19,QM1,JPL,0.15,0.26,short-term_:_and long-term,2.615105
False,mean,False,upper,VM5a,3e+19,QM1,CSR,0.15,0.26,short-term_:_and long-term,2.546048
False,mean,False,upper,VM5a,3e+19,QM1,MSSA,0.15,0.26,short-term_:_and long-term,2.567051
True,mean,False,upper,VM5a,3e+19,QM1,GFZ,0.15,0.26,short-term_:_and long-term,2.512713
True,mean,False,upper,VM5a,3e+19,QM1,JPL,0.15,0.26,short-term_:_and long-term,2.606726
True,mean,False,upper,VM5a,3e+19,QM1,CSR,0.15,0.26,short-term_:_and long-term,2.536242
True,mean,False,upper,VM5a,3e+19,QM1,MSSA,0.15,0.26,short-term_:_and long-term,2.556586
False,mean,False,mean,VM5a,3e+19,QM1,GFZ,0.1,0.26,short-term_:_and long-term,2.571192
False,mean,False,mean,VM5a,3e+19,QM1,JPL,0.1,0.26,short-term_:_and long-term,2.660446
False,mean,False,mean,VM5a,3e+19,QM1,CSR,0.1,0.26,short-term_:_and long-term,2.595244
False,mean,False,mean,VM5a,3e+19,QM1,MSSA,0.1,0.26,short-term_:_and long-term,2.617805
True,mean,False,mean,VM5a,3e+19,QM1,GFZ,0.1,0.26,short-term_:_and long-term,2.559694
True,mean,False,mean,VM5a,3e+19,QM1,JPL,0.1,0.26,short-term_:_and long-term,2.64924
True,mean,False,mean,VM5a,3e+19,QM1,CSR,0.1,0.26,short-term_:_and long-term,2.583919
True,mean,False,mean,VM5a,3e+19,QM1,MSSA,0.1,0.26,short-term_:_and long-term,2.603996
False,mean,False,lower,VM5a,3e+19,QM1,GFZ,0.1,0.26,short-term_:_and long-term,2.587519
False,mean,False,lower,VM5a,3e+19,QM1,JPL,0.1,0.26,short-term_:_and long-term,2.67699
False,mean,False,lower,VM5a,3e+19,QM1,CSR,0.1,0.26,short-term_:_and long-term,2.612937
False,mean,False,lower,VM5a,3e+19,QM1,MSSA,0.1,0.26,short-term_:_and long-term,2.634583
True,mean,False,lower,VM5a,3e+19,QM1,GFZ,0.1,0.26,short-term_:_and long-term,2.57423
True,mean,False,lower,VM5a,3e+19,QM1,JPL,0.1,0.26,short-term_:_and long-term,2.663678
True,mean,False,lower,VM5a,3e+19,QM1,CSR,0.1,0.26,short-term_:_and long-term,2.600004
True,mean,False,lower,VM5a,3e+19,QM1,MSSA,0.1,0.26,short-term_:_and long-term,2.620621
False,mean,False,upper,VM5a,3e+19,QM1,GFZ,0.1,0.26,short-term_:_and long-term,2.552494
False,mean,False,upper,VM5a,3e+19,QM1,JPL,0.1,0.26,short-term_:_and long-term,2.64226
False,mean,False,upper,VM5a,3e+19,QM1,CSR,0.1,0.26,short-term_:_and long-term,2.576588
False,mean,False,upper,VM5a,3e+19,QM1,MSSA,0.1,0.26,short-term_:_and long-term,2.598602
True,mean,False,upper,VM5a,3e+19,QM1,GFZ,0.1,0.26,short-term_:_and long-term,2.540741
True,mean,False,upper,VM5a,3e+19,QM1,JPL,0.1,0.26,short-term_:_and long-term,2.631234
True,mean,False,upper,VM5a,3e+19,QM1,CSR,0.1,0.26,short-term_:_and long-term,2.564698
True,mean,False,upper,VM5a,3e+19,QM1,MSSA,0.1,0.26,short-term_:_and long-term,2.586663
False,mean,False,mean,VM5a,3e+19,QM1,GFZ,0.2,0.26,short-term_:_and long-term,2.510157
False,mean,False,mean,VM5a,3e+19,QM1,JPL,0.2,0.26,short-term_:_and long-term,2.603391
False,mean,False,mean,VM5a,3e+19,QM1,CSR,0.2,0.26,short-term_:_and long-term,2.533179
False,mean,False,mean,VM5a,3e+19,QM1,MSSA,0.2,0.26,short-term_:_and long-term,2.555054
True,mean,False,mean,VM5a,3e+19,QM1,GFZ,0.2,0.26,short-term_:_and long-term,2.502987
True,mean,False,mean,VM5a,3e+19,QM1,JPL,0.2,0.26,short-term_:_and long-term,2.597737
True,mean,False,mean,VM5a,3e+19,QM1,CSR,0.2,0.26,short-term_:_and long-term,2.526981
True,mean,False,mean,VM5a,3e+19,QM1,MSSA,0.2,0.26,short-term_:_and long-term,2.545698
False,mean,False,lower,VM5a,3e+19,QM1,GFZ,0.2,0.26,short-term_:_and long-term,2.519637
False,mean,False,lower,VM5a,3e+19,QM1,JPL,0.2,0.26,short-term_:_and long-term,2.612723
False,mean,False,lower,VM5a,3e+19,QM1,CSR,0.2,0.26,short-term_:_and long-term,2.543636
False,mean,False,lower,VM5a,3e+19,QM1,MSSA,0.2,0.26,short-term_:_and long-term,2.566272
True,mean,False,lower,VM5a,3e+19,QM1,GFZ,0.2,0.26,short-term_:_and long-term,2.512051
True,mean,False,lower,VM5a,3e+19,QM1,JPL,0.2,0.26,short-term_:_and long-term,2.607025
True,mean,False,lower,VM5a,3e+19,QM1,CSR,0.2,0.26,short-term_:_and long-term,2.535322
True,mean,False,lower,VM5a,3e+19,QM1,MSSA,0.2,0.26,short-term_:_and long-term,2.556567
False,mean,False,upper,VM5a,3e+19,QM1,GFZ,0.2,0.26,short-term_:_and long-term,2.499294
False,mean,False,upper,VM5a,3e+19,QM1,JPL,0.2,0.26,short-term_:_and long-term,2.594355
False,mean,False,upper,VM5a,3e+19,QM1,CSR,0.2,0.26,short-term_:_and long-term,2.52233
False,mean,False,upper,VM5a,3e+19,QM1,MSSA,0.2,0.26,short-term_:_and long-term,2.542209
True,mean,False,upper,VM5a,3e+19,QM1,GFZ,0.2,0.26,short-term_:_and long-term,2.493041
True,mean,False,upper,VM5a,3e+19,QM1,JPL,0.2,0.26,short-term_:_and long-term,2.587085
True,mean,False,upper,VM5a,3e+19,QM1,CSR,0.2,0.26,short-term_:_and long-term,2.516219
True,mean,False,upper,VM5a,3e+19,QM1,MSSA,0.2,0.26,short-term_:_and long-term,2.533941
False,mean,False,mean,VM5a,3e+19,Resovsky,GFZ,0.15,0.26,short-term_:_and long-term,2.504125
False,mean,False,mean,VM5a,3e+19,Resovsky,JPL,0.15,0.26,short-term_:_and long-term,2.596962
False,mean,False,mean,VM5a,3e+19,Resovsky,CSR,0.15,0.26,short-term_:_and long-term,2.527728
False,mean,False,mean,VM5a,3e+19,Resovsky,MSSA,0.15,0.26,short-term_:_and long-term,2.553574
True,mean,False,mean,VM5a,3e+19,Resovsky,GFZ,0.15,0.26,short-term_:_and long-term,2.49519
True,mean,False,mean,VM5a,3e+19,Resovsky,JPL,0.15,0.26,short-term_:_and long-term,2.586004
True,mean,False,mean,VM5a,3e+19,Resovsky,CSR,0.15,0.26,short-term_:_and long-term,2.516614
True,mean,False,mean,VM5a,3e+19,Resovsky,MSSA,0.15,0.26,short-term_:_and long-term,2.540838
False,mean,False,lower,VM5a,3e+19,Resovsky,GFZ,0.15,0.26,short-term_:_and long-term,2.51623
False,mean,False,lower,VM5a,3e+19,Resovsky,JPL,0.15,0.26,short-term_:_and long-term,2.605331
False,mean,False,lower,VM5a,3e+19,Resovsky,CSR,0.15,0.26,short-term_:_and long-term,2.539835
False,mean,False,lower,VM5a,3e+19,Resovsky,MSSA,0.15,0.26,short-term_:_and long-term,2.567463
True,mean,False,lower,VM5a,3e+19,Resovsky,GFZ,0.15,0.26,short-term_:_and long-term,2.505013
True,mean,False,lower,VM5a,3e+19,Resovsky,JPL,0.15,0.26,short-term_:_and long-term,2.596989
True,mean,False,lower,VM5a,3e+19,Resovsky,CSR,0.15,0.26,short-term_:_and long-term,2.528235
True,mean,False,lower,VM5a,3e+19,Resovsky,MSSA,0.15,0.26,short-term_:_and long-term,2.554951
False,mean,False,upper,VM5a,3e+19,Resovsky,GFZ,0.15,0.26,short-term_:_and long-term,2.49213
False,mean,False,upper,VM5a,3e+19,Resovsky,JPL,0.15,0.26,short-term_:_and long-term,2.583378
False,mean,False,upper,VM5a,3e+19,Resovsky,CSR,0.15,0.26,short-term_:_and long-term,2.515056
False,mean,False,upper,VM5a,3e+19,Resovsky,MSSA,0.15,0.26,short-term_:_and long-term,2.537553
True,mean,False,upper,VM5a,3e+19,Resovsky,GFZ,0.15,0.26,short-term_:_and long-term,2.483575
True,mean,False,upper,VM5a,3e+19,Resovsky,JPL,0.15,0.26,short-term_:_and long-term,2.573837
True,mean,False,upper,VM5a,3e+19,Resovsky,CSR,0.15,0.26,short-term_:_and long-term,2.505445
True,mean,False,upper,VM5a,3e+19,Resovsky,MSSA,0.15,0.26,short-term_:_and long-term,2.527326
False,mean,False,mean,VM5a,3e+19,Resovsky,GFZ,0.1,0.26,short-term_:_and long-term,2.532218
False,mean,False,mean,VM5a,3e+19,Resovsky,JPL,0.1,0.26,short-term_:_and long-term,2.620399
False,mean,False,mean,VM5a,3e+19,Resovsky,CSR,0.1,0.26,short-term_:_and long-term,2.556041
False,mean,False,mean,VM5a,3e+19,Resovsky,MSSA,0.1,0.26,short-term_:_and long-term,2.577015
True,mean,False,mean,VM5a,3e+19,Resovsky,GFZ,0.1,0.26,short-term_:_and long-term,2.519627
True,mean,False,mean,VM5a,3e+19,Resovsky,JPL,0.1,0.26,short-term_:_and long-term,2.607893
True,mean,False,mean,VM5a,3e+19,Resovsky,CSR,0.1,0.26,short-term_:_and long-term,2.542388
True,mean,False,mean,VM5a,3e+19,Resovsky,MSSA,0.1,0.26,short-term_:_and long-term,2.563866
False,mean,False,lower,VM5a,3e+19,Resovsky,GFZ,0.1,0.26,short-term_:_and long-term,2.546902
False,mean,False,lower,VM5a,3e+19,Resovsky,JPL,0.1,0.26,short-term_:_and long-term,2.634099
False,mean,False,lower,VM5a,3e+19,Resovsky,CSR,0.1,0.26,short-term_:_and long-term,2.57161
False,mean,False,lower,VM5a,3e+19,Resovsky,MSSA,0.1,0.26,short-term_:_and long-term,2.593794
True,mean,False,lower,VM5a,3e+19,Resovsky,GFZ,0.1,0.26,short-term_:_and long-term,2.5322
True,mean,False,lower,VM5a,3e+19,Resovsky,JPL,0.1,0.26,short-term_:_and long-term,2.619815
True,mean,False,lower,VM5a,3e+19,Resovsky,CSR,0.1,0.26,short-term_:_and long-term,2.556446
True,mean,False,lower,VM5a,3e+19,Resovsky,MSSA,0.1,0.26,short-term_:_and long-term,2.578335
False,mean,False,upper,VM5a,3e+19,Resovsky,GFZ,0.1,0.26,short-term_:_and long-term,2.51689
False,mean,False,upper,VM5a,3e+19,Resovsky,JPL,0.1,0.26,short-term_:_and long-term,2.605719
False,mean,False,upper,VM5a,3e+19,Resovsky,CSR,0.1,0.26,short-term_:_and long-term,2.539513
False,mean,False,upper,VM5a,3e+19,Resovsky,MSSA,0.1,0.26,short-term_:_and long-term,2.560362
True,mean,False,upper,VM5a,3e+19,Resovsky,GFZ,0.1,0.26,short-term_:_and long-term,2.50405
True,mean,False,upper,VM5a,3e+19,Resovsky,JPL,0.1,0.26,short-term_:_and long-term,2.594018
True,mean,False,upper,VM5a,3e+19,Resovsky,CSR,0.1,0.26,short-term_:_and long-term,2.528236
True,mean,False,upper,VM5a,3e+19,Resovsky,MSSA,0.1,0.26,short-term_:_and long-term,2.550887
False,mean,False,mean,VM5a,3e+19,Resovsky,GFZ,0.2,0.26,short-term_:_and long-term,2.483035
False,mean,False,mean,VM5a,3e+19,Resovsky,JPL,0.2,0.26,short-term_:_and long-term,2.574477
False,mean,False,mean,VM5a,3e+19,Resovsky,CSR,0.2,0.26,short-term_:_and long-term,2.506418
False,mean,False,mean,VM5a,3e+19,Resovsky,MSSA,0.2,0.26,short-term_:_and long-term,2.529496
True,mean,False,mean,VM5a,3e+19,Resovsky,GFZ,0.2,0.26,short-term_:_and long-term,2.474688
True,mean,False,mean,VM5a,3e+19,Resovsky,JPL,0.2,0.26,short-term_:_and long-term,2.567178
True,mean,False,mean,VM5a,3e+19,Resovsky,CSR,0.2,0.26,short-term_:_and long-term,2.497245
True,mean,False,mean,VM5a,3e+19,Resovsky,MSSA,0.2,0.26,short-term_:_and long-term,2.520434
False,mean,False,lower,VM5a,3e+19,Resovsky,GFZ,0.2,0.26,short-term_:_and long-term,2.491758
False,mean,False,lower,VM5a,3e+19,Resovsky,JPL,0.2,0.26,short-term_:_and long-term,2.582298
False,mean,False,lower,VM5a,3e+19,Resovsky,CSR,0.2,0.26,short-term_:_and long-term,2.515176
False,mean,False,lower,VM5a,3e+19,Resovsky,MSSA,0.2,0.26,short-term_:_and long-term,2.540659
True,mean,False,lower,VM5a,3e+19,Resovsky,GFZ,0.2,0.26,short-term_:_and long-term,2.483334
True,mean,False,lower,VM5a,3e+19,Resovsky,JPL,0.2,0.26,short-term_:_and long-term,2.57485
True,mean,False,lower,VM5a,3e+19,Resovsky,CSR,0.2,0.26,short-term_:_and long-term,2.506304
True,mean,False,lower,VM5a,3e+19,Resovsky,MSSA,0.2,0.26,short-term_:_and long-term,2.52933
False,mean,False,upper,VM5a,3e+19,Resovsky,GFZ,0.2,0.26,short-term_:_and long-term,2.47262
False,mean,False,upper,VM5a,3e+19,Resovsky,JPL,0.2,0.26,short-term_:_and long-term,2.564512
False,mean,False,upper,VM5a,3e+19,Resovsky,CSR,0.2,0.26,short-term_:_and long-term,2.495088
False,mean,False,upper,VM5a,3e+19,Resovsky,MSSA,0.2,0.26,short-term_:_and long-term,2.517773
True,mean,False,upper,VM5a,3e+19,Resovsky,GFZ,0.2,0.26,short-term_:_and long-term,2.465068
True,mean,False,upper,VM5a,3e+19,Resovsky,JPL,0.2,0.26,short-term_:_and long-term,2.556754
True,mean,False,upper,VM5a,3e+19,Resovsky,CSR,0.2,0.26,short-term_:_and long-term,2.486951
True,mean,False,upper,VM5a,3e+19,Resovsky,MSSA,0.2,0.26,short-term_:_and long-term,2.50926
False,mean,False,mean,VM5a,5e+20,,GFZ,,,long-term,2.13401
False,mean,False,mean,VM5a,5e+20,,JPL,,,long-term,2.213853
False,mean,False,mean,VM5a,5e+20,,CSR,,,long-term,2.149996
False,mean,False,mean,VM5a,5e+20,,MSSA,,,long-term,2.176593
True,mean,False,mean,VM5a,5e+20,,GFZ,,,long-term,2.130681
True,mean,False,mean,VM5a,5e+20,,JPL,,,long-term,2.211661
True,mean,False,mean,VM5a,5e+20,,CSR,,,long-term,2.146318
True,mean,False,mean,VM5a,5e+20,,MSSA,,,long-term,2.172906
False,mean,False,lower,VM5a,5e+20,,GFZ,,,long-term,2.120269
False,mean,False,lower,VM5a,5e+20,,JPL,,,long-term,2.20059
False,mean,False,lower,VM5a,5e+20,,CSR,,,long-term,2.136186
False,mean,False,lower,VM5a,5e+20,,MSSA,,,long-term,2.164667
True,mean,False,lower,VM5a,5e+20,,GFZ,,,long-term,2.117084
True,mean,False,lower,VM5a,5e+20,,JPL,,,long-term,2.197146
True,mean,False,lower,VM5a,5e+20,,CSR,,,long-term,2.133482
True,mean,False,lower,VM5a,5e+20,,MSSA,,,long-term,2.159725
False,mean,False,upper,VM5a,5e+20,,GFZ,,,long-term,2.14338
False,mean,False,upper,VM5a,5e+20,,JPL,,,long-term,2.225534
False,mean,False,upper,VM5a,5e+20,,CSR,,,long-term,2.159907
False,mean,False,upper,VM5a,5e+20,,MSSA,,,long-term,2.185818
True,mean,False,upper,VM5a,5e+20,,GFZ,,,long-term,2.140857
True,mean,False,upper,VM5a,5e+20,,JPL,,,long-term,2.222734
True,mean,False,upper,VM5a,5e+20,,CSR,,,long-term,2.157293
True,mean,False,upper,VM5a,5e+20,,MSSA,,,long-term,2.181948
False,mean,False,mean,VM5a,5e+20,PAR3P,GFZ,0.15,0.26,short-term_:_and long-term,2.487603
False,mean,False,mean,VM5a,5e+20,PAR3P,JPL,0.15,0.26,short-term_:_and long-term,2.576981
False,mean,False,mean,VM5a,5e+20,PAR3P,CSR,0.15,0.26,short-term_:_and long-term,2.507237
False,mean,False,mean,VM5a,5e+20,PAR3P,MSSA,0.15,0.26,short-term_:_and long-term,2.537066
True,mean,False,mean,VM5a,5e+20,PAR3P,GFZ,0.15,0.26,short-term_:_and long-term,2.480421
True,mean,False,mean,VM5a,5e+20,PAR3P,JPL,0.15,0.26,short-term_:_and long-term,2.571272
True,mean,False,mean,VM5a,5e+20,PAR3P,CSR,0.15,0.26,short-term_:_and long-term,2.50143
True,mean,False,mean,VM5a,5e+20,PAR3P,MSSA,0.15,0.26,short-term_:_and long-term,2.527991
False,mean,False,lower,VM5a,5e+20,PAR3P,GFZ,0.15,0.26,short-term_:_and long-term,2.495453
False,mean,False,lower,VM5a,5e+20,PAR3P,JPL,0.15,0.26,short-term_:_and long-term,2.583851
False,mean,False,lower,VM5a,5e+20,PAR3P,CSR,0.15,0.26,short-term_:_and long-term,2.516502
False,mean,False,lower,VM5a,5e+20,PAR3P,MSSA,0.15,0.26,short-term_:_and long-term,2.54673
True,mean,False,lower,VM5a,5e+20,PAR3P,GFZ,0.15,0.26,short-term_:_and long-term,2.48827
True,mean,False,lower,VM5a,5e+20,PAR3P,JPL,0.15,0.26,short-term_:_and long-term,2.577163
True,mean,False,lower,VM5a,5e+20,PAR3P,CSR,0.15,0.26,short-term_:_and long-term,2.508346
True,mean,False,lower,VM5a,5e+20,PAR3P,MSSA,0.15,0.26,short-term_:_and long-term,2.537569
False,mean,False,upper,VM5a,5e+20,PAR3P,GFZ,0.15,0.26,short-term_:_and long-term,2.478048
False,mean,False,upper,VM5a,5e+20,PAR3P,JPL,0.15,0.26,short-term_:_and long-term,2.56885
False,mean,False,upper,VM5a,5e+20,PAR3P,CSR,0.15,0.26,short-term_:_and long-term,2.497691
False,mean,False,upper,VM5a,5e+20,PAR3P,MSSA,0.15,0.26,short-term_:_and long-term,2.525899
True,mean,False,upper,VM5a,5e+20,PAR3P,GFZ,0.15,0.26,short-term_:_and long-term,2.470674
True,mean,False,upper,VM5a,5e+20,PAR3P,JPL,0.15,0.26,short-term_:_and long-term,2.562263
True,mean,False,upper,VM5a,5e+20,PAR3P,CSR,0.15,0.26,short-term_:_and long-term,2.491487
True,mean,False,upper,VM5a,5e+20,PAR3P,MSSA,0.15,0.26,short-term_:_and long-term,2.518945
False,mean,False,mean,VM5a,5e+20,PAR3P,GFZ,0.1,0.26,short-term_:_and long-term,2.532158
False,mean,False,mean,VM5a,5e+20,PAR3P,JPL,0.1,0.26,short-term_:_and long-term,2.620274
False,mean,False,mean,VM5a,5e+20,PAR3P,CSR,0.1,0.26,short-term_:_and long-term,2.553341
False,mean,False,mean,VM5a,5e+20,PAR3P,MSSA,0.1,0.26,short-term_:_and long-term,2.586402
True,mean,False,mean,VM5a,5e+20,PAR3P,GFZ,0.1,0.26,short-term_:_and long-term,2.522848
True,mean,False,mean,VM5a,5e+20,PAR3P,JPL,0.1,0.26,short-term_:_and long-term,2.610374
True,mean,False,mean,VM5a,5e+20,PAR3P,CSR,0.1,0.26,short-term_:_and long-term,2.545551
True,mean,False,mean,VM5a,5e+20,PAR3P,MSSA,0.1,0.26,short-term_:_and long-term,2.575937
False,mean,False,lower,VM5a,5e+20,PAR3P,GFZ,0.1,0.26,short-term_:_and long-term,2.547003
False,mean,False,lower,VM5a,5e+20,PAR3P,JPL,0.1,0.26,short-term_:_and long-term,2.631902
False,mean,False,lower,VM5a,5e+20,PAR3P,CSR,0.1,0.26,short-term_:_and long-term,2.569447
False,mean,False,lower,VM5a,5e+20,PAR3P,MSSA,0.1,0.26,short-term_:_and long-term,2.600354
True,mean,False,lower,VM5a,5e+20,PAR3P,GFZ,0.1,0.26,short-term_:_and long-term,2.537147
True,mean,False,lower,VM5a,5e+20,PAR3P,JPL,0.1,0.26,short-term_:_and long-term,2.62286
True,mean,False,lower,VM5a,5e+20,PAR3P,CSR,0.1,0.26,short-term_:_and long-term,2.559076
True,mean,False,lower,VM5a,5e+20,PAR3P,MSSA,0.1,0.26,short-term_:_and long-term,2.589817
False,mean,False,upper,VM5a,5e+20,PAR3P,GFZ,0.1,0.26,short-term_:_and long-term,2.518233
False,mean,False,upper,VM5a,5e+20,PAR3P,JPL,0.1,0.26,short-term_:_and long-term,2.606526
False,mean,False,upper,VM5a,5e+20,PAR3P,CSR,0.1,0.26,short-term_:_and long-term,2.538182
False,mean,False,upper,VM5a,5e+20,PAR3P,MSSA,0.1,0.26,short-term_:_and long-term,2.568214
True,mean,False,upper,VM5a,5e+20,PAR3P,GFZ,0.1,0.26,short-term_:_and long-term,2.508936
True,mean,False,upper,VM5a,5e+20,PAR3P,JPL,0.1,0.26,short-term_:_and long-term,2.597294
True,mean,False,upper,VM5a,5e+20,PAR3P,CSR,0.1,0.26,short-term_:_and long-term,2.528693
True,mean,False,upper,VM5a,5e+20,PAR3P,MSSA,0.1,0.26,short-term_:_and long-term,2.558124
False,mean,False,mean,VM5a,5e+20,PAR3P,GFZ,0.2,0.26,short-term_:_and long-term,2.457623
False,mean,False,mean,VM5a,5e+20,PAR3P,JPL,0.2,0.26,short-term_:_and long-term,2.544768
False,mean,False,mean,VM5a,5e+20,PAR3P,CSR,0.2,0.26,short-term_:_and long-term,2.479192
False,mean,False,mean,VM5a,5e+20,PAR3P,MSSA,0.2,0.26,short-term_:_and long-term,2.506884
True,mean,False,mean,VM5a,5e+20,PAR3P,GFZ,0.2,0.26,short-term_:_and long-term,2.45216
True,mean,False,mean,VM5a,5e+20,PAR3P,JPL,0.2,0.26,short-term_:_and long-term,2.5396
True,mean,False,mean,VM5a,5e+20,PAR3P,CSR,0.2,0.26,short-term_:_and long-term,2.474065
True,mean,False,mean,VM5a,5e+20,PAR3P,MSSA,0.2,0.26,short-term_:_and long-term,2.499124
False,mean,False,lower,VM5a,5e+20,PAR3P,GFZ,0.2,0.26,short-term_:_and long-term,2.461821
False,mean,False,lower,VM5a,5e+20,PAR3P,JPL,0.2,0.26,short-term_:_and long-term,2.548809
False,mean,False,lower,VM5a,5e+20,PAR3P,CSR,0.2,0.26,short-term_:_and long-term,2.483297
False,mean,False,lower,VM5a,5e+20,PAR3P,MSSA,0.2,0.26,short-term_:_and long-term,2.512524
True,mean,False,lower,VM5a,5e+20,PAR3P,GFZ,0.2,0.26,short-term_:_and long-term,2.455476
True,mean,False,lower,VM5a,5e+20,PAR3P,JPL,0.2,0.26,short-term_:_and long-term,2.543253
True,mean,False,lower,VM5a,5e+20,PAR3P,CSR,0.2,0.26,short-term_:_and long-term,2.477399
True,mean,False,lower,VM5a,5e+20,PAR3P,MSSA,0.2,0.26,short-term_:_and long-term,2.504404
False,mean,False,upper,VM5a,5e+20,PAR3P,GFZ,0.2,0.26,short-term_:_and long-term,2.452327
False,mean,False,upper,VM5a,5e+20,PAR3P,JPL,0.2,0.26,short-term_:_and long-term,2.539251
False,mean,False,upper,VM5a,5e+20,PAR3P,CSR,0.2,0.26,short-term_:_and long-term,2.47338
False,mean,False,upper,VM5a,5e+20,PAR3P,MSSA,0.2,0.26,short-term_:_and long-term,2.498747
True,mean,False,upper,VM5a,5e+20,PAR3P,GFZ,0.2,0.26,short-term_:_and long-term,2.44643
True,mean,False,upper,VM5a,5e+20,PAR3P,JPL,0.2,0.26,short-term_:_and long-term,2.534236
True,mean,False,upper,VM5a,5e+20,PAR3P,CSR,0.2,0.26,short-term_:_and long-term,2.467787
True,mean,False,upper,VM5a,5e+20,PAR3P,MSSA,0.2,0.26,short-term_:_and long-term,2.491473
False,mean,False,mean,VM5a,5e+20,PREM,GFZ,0.15,0.26,short-term_:_and long-term,2.519634
False,mean,False,mean,VM5a,5e+20,PREM,JPL,0.15,0.26,short-term_:_and long-term,2.606733
False,mean,False,mean,VM5a,5e+20,PREM,CSR,0.15,0.26,short-term_:_and long-term,2.540986
False,mean,False,mean,VM5a,5e+20,PREM,MSSA,0.15,0.26,short-term_:_and long-term,2.571796
True,mean,False,mean,VM5a,5e+20,PREM,GFZ,0.15,0.26,short-term_:_and long-term,2.51194
True,mean,False,mean,VM5a,5e+20,PREM,JPL,0.15,0.26,short-term_:_and long-term,2.599393
True,mean,False,mean,VM5a,5e+20,PREM,CSR,0.15,0.26,short-term_:_and long-term,2.531455
True,mean,False,mean,VM5a,5e+20,PREM,MSSA,0.15,0.26,short-term_:_and long-term,2.56278
False,mean,False,lower,VM5a,5e+20,PREM,GFZ,0.15,0.26,short-term_:_and long-term,2.531019
False,mean,False,lower,VM5a,5e+20,PREM,JPL,0.15,0.26,short-term_:_and long-term,2.616901
False,mean,False,lower,VM5a,5e+20,PREM,CSR,0.15,0.26,short-term_:_and long-term,2.550991
False,mean,False,lower,VM5a,5e+20,PREM,MSSA,0.15,0.26,short-term_:_and long-term,2.585693
True,mean,False,lower,VM5a,5e+20,PREM,GFZ,0.15,0.26,short-term_:_and long-term,2.522979
True,mean,False,lower,VM5a,5e+20,PREM,JPL,0.15,0.26,short-term_:_and long-term,2.609227
True,mean,False,lower,VM5a,5e+20,PREM,CSR,0.15,0.26,short-term_:_and long-term,2.542768
True,mean,False,lower,VM5a,5e+20,PREM,MSSA,0.15,0.26,short-term_:_and long-term,2.575352
False,mean,False,upper,VM5a,5e+20,PREM,GFZ,0.15,0.26,short-term_:_and long-term,2.506899
False,mean,False,upper,VM5a,5e+20,PREM,JPL,0.15,0.26,short-term_:_and long-term,2.59576
False,mean,False,upper,VM5a,5e+20,PREM,CSR,0.15,0.26,short-term_:_and long-term,2.527854
False,mean,False,upper,VM5a,5e+20,PREM,MSSA,0.15,0.26,short-term_:_and long-term,2.557281
True,mean,False,upper,VM5a,5e+20,PREM,GFZ,0.15,0.26,short-term_:_and long-term,2.500013
True,mean,False,upper,VM5a,5e+20,PREM,JPL,0.15,0.26,short-term_:_and long-term,2.588712
True,mean,False,upper,VM5a,5e+20,PREM,CSR,0.15,0.26,short-term_:_and long-term,2.519618
True,mean,False,upper,VM5a,5e+20,PREM,MSSA,0.15,0.26,short-term_:_and long-term,2.548661
False,mean,False,mean,VM5a,5e+20,PREM,GFZ,0.1,0.26,short-term_:_and long-term,2.563508
False,mean,False,mean,VM5a,5e+20,PREM,JPL,0.1,0.26,short-term_:_and long-term,2.651864
False,mean,False,mean,VM5a,5e+20,PREM,CSR,0.1,0.26,short-term_:_and long-term,2.584339
False,mean,False,mean,VM5a,5e+20,PREM,MSSA,0.1,0.26,short-term_:_and long-term,2.621635
True,mean,False,mean,VM5a,5e+20,PREM,GFZ,0.1,0.26,short-term_:_and long-term,2.552915
True,mean,False,mean,VM5a,5e+20,PREM,JPL,0.1,0.26,short-term_:_and long-term,2.641953
True,mean,False,mean,VM5a,5e+20,PREM,CSR,0.1,0.26,short-term_:_and long-term,2.57392
True,mean,False,mean,VM5a,5e+20,PREM,MSSA,0.1,0.26,short-term_:_and long-term,2.609237
False,mean,False,lower,VM5a,5e+20,PREM,GFZ,0.1,0.26,short-term_:_and long-term,2.580566
False,mean,False,lower,VM5a,5e+20,PREM,JPL,0.1,0.26,short-term_:_and long-term,2.667892
False,mean,False,lower,VM5a,5e+20,PREM,CSR,0.1,0.26,short-term_:_and long-term,2.600854
False,mean,False,lower,VM5a,5e+20,PREM,MSSA,0.1,0.26,short-term_:_and long-term,2.640191
True,mean,False,lower,VM5a,5e+20,PREM,GFZ,0.1,0.26,short-term_:_and long-term,2.569363
True,mean,False,lower,VM5a,5e+20,PREM,JPL,0.1,0.26,short-term_:_and long-term,2.655989
True,mean,False,lower,VM5a,5e+20,PREM,CSR,0.1,0.26,short-term_:_and long-term,2.589925
True,mean,False,lower,VM5a,5e+20,PREM,MSSA,0.1,0.26,short-term_:_and long-term,2.626788
False,mean,False,upper,VM5a,5e+20,PREM,GFZ,0.1,0.26,short-term_:_and long-term,2.544994
False,mean,False,upper,VM5a,5e+20,PREM,JPL,0.1,0.26,short-term_:_and long-term,2.635698
False,mean,False,upper,VM5a,5e+20,PREM,CSR,0.1,0.26,short-term_:_and long-term,2.567579
False,mean,False,upper,VM5a,5e+20,PREM,MSSA,0.1,0.26,short-term_:_and long-term,2.600673
True,mean,False,upper,VM5a,5e+20,PREM,GFZ,0.1,0.26,short-term_:_and long-term,2.535757
True,mean,False,upper,VM5a,5e+20,PREM,JPL,0.1,0.26,short-term_:_and long-term,2.626171
True,mean,False,upper,VM5a,5e+20,PREM,CSR,0.1,0.26,short-term_:_and long-term,2.556848
True,mean,False,upper,VM5a,5e+20,PREM,MSSA,0.1,0.26,short-term_:_and long-term,2.588415
False,mean,False,mean,VM5a,5e+20,PREM,GFZ,0.2,0.26,short-term_:_and long-term,2.48728
False,mean,False,mean,VM5a,5e+20,PREM,JPL,0.2,0.26,short-term_:_and long-term,2.574113
False,mean,False,mean,VM5a,5e+20,PREM,CSR,0.2,0.26,short-term_:_and long-term,2.508513
False,mean,False,mean,VM5a,5e+20,PREM,MSSA,0.2,0.26,short-term_:_and long-term,2.538935
True,mean,False,mean,VM5a,5e+20,PREM,GFZ,0.2,0.26,short-term_:_and long-term,2.481638
True,mean,False,mean,VM5a,5e+20,PREM,JPL,0.2,0.26,short-term_:_and long-term,2.569412
True,mean,False,mean,VM5a,5e+20,PREM,CSR,0.2,0.26,short-term_:_and long-term,2.503605
True,mean,False,mean,VM5a,5e+20,PREM,MSSA,0.2,0.26,short-term_:_and long-term,2.532933
False,mean,False,lower,VM5a,5e+20,PREM,GFZ,0.2,0.26,short-term_:_and long-term,2.493607
False,mean,False,lower,VM5a,5e+20,PREM,JPL,0.2,0.26,short-term_:_and long-term,2.581155
False,mean,False,lower,VM5a,5e+20,PREM,CSR,0.2,0.26,short-term_:_and long-term,2.515127
False,mean,False,lower,VM5a,5e+20,PREM,MSSA,0.2,0.26,short-term_:_and long-term,2.548022
True,mean,False,lower,VM5a,5e+20,PREM,GFZ,0.2,0.26,short-term_:_and long-term,2.48861
True,mean,False,lower,VM5a,5e+20,PREM,JPL,0.2,0.26,short-term_:_and long-term,2.575315
True,mean,False,lower,VM5a,5e+20,PREM,CSR,0.2,0.26,short-term_:_and long-term,2.509707
True,mean,False,lower,VM5a,5e+20,PREM,MSSA,0.2,0.26,short-term_:_and long-term,2.540871
False,mean,False,upper,VM5a,5e+20,PREM,GFZ,0.2,0.26,short-term_:_and long-term,2.478638
False,mean,False,upper,VM5a,5e+20,PREM,JPL,0.2,0.26,short-term_:_and long-term,2.566013
False,mean,False,upper,VM5a,5e+20,PREM,CSR,0.2,0.26,short-term_:_and long-term,2.500115
False,mean,False,upper,VM5a,5e+20,PREM,MSSA,0.2,0.26,short-term_:_and long-term,2.529198
True,mean,False,upper,VM5a,5e+20,PREM,GFZ,0.2,0.26,short-term_:_and long-term,2.472892
True,mean,False,upper,VM5a,5e+20,PREM,JPL,0.2,0.26,short-term_:_and long-term,2.56041
True,mean,False,upper,VM5a,5e+20,PREM,CSR,0.2,0.26,short-term_:_and long-term,2.495294
True,mean,False,upper,VM5a,5e+20,PREM,MSSA,0.2,0.26,short-term_:_and long-term,2.521712
False,mean,False,mean,VM5a,5e+20,QL6,GFZ,0.15,0.26,short-term_:_and long-term,2.474362
False,mean,False,mean,VM5a,5e+20,QL6,JPL,0.15,0.26,short-term_:_and long-term,2.562928
False,mean,False,mean,VM5a,5e+20,QL6,CSR,0.15,0.26,short-term_:_and long-term,2.493973
False,mean,False,mean,VM5a,5e+20,QL6,MSSA,0.15,0.26,short-term_:_and long-term,2.525957
True,mean,False,mean,VM5a,5e+20,QL6,GFZ,0.15,0.26,short-term_:_and long-term,2.466997
True,mean,False,mean,VM5a,5e+20,QL6,JPL,0.15,0.26,short-term_:_and long-term,2.555456
True,mean,False,mean,VM5a,5e+20,QL6,CSR,0.15,0.26,short-term_:_and long-term,2.486717
True,mean,False,mean,VM5a,5e+20,QL6,MSSA,0.15,0.26,short-term_:_and long-term,2.516972
False,mean,False,lower,VM5a,5e+20,QL6,GFZ,0.15,0.26,short-term_:_and long-term,2.483238
False,mean,False,lower,VM5a,5e+20,QL6,JPL,0.15,0.26,short-term_:_and long-term,2.570571
False,mean,False,lower,VM5a,5e+20,QL6,CSR,0.15,0.26,short-term_:_and long-term,2.502436
False,mean,False,lower,VM5a,5e+20,QL6,MSSA,0.15,0.26,short-term_:_and long-term,2.535671
True,mean,False,lower,VM5a,5e+20,QL6,GFZ,0.15,0.26,short-term_:_and long-term,2.47482
True,mean,False,lower,VM5a,5e+20,QL6,JPL,0.15,0.26,short-term_:_and long-term,2.562535
True,mean,False,lower,VM5a,5e+20,QL6,CSR,0.15,0.26,short-term_:_and long-term,2.494302
True,mean,False,lower,VM5a,5e+20,QL6,MSSA,0.15,0.26,short-term_:_and long-term,2.525931
False,mean,False,upper,VM5a,5e+20,QL6,GFZ,0.15,0.26,short-term_:_and long-term,2.464789
False,mean,False,upper,VM5a,5e+20,QL6,JPL,0.15,0.26,short-term_:_and long-term,2.553438
False,mean,False,upper,VM5a,5e+20,QL6,CSR,0.15,0.26,short-term_:_and long-term,2.48414
False,mean,False,upper,VM5a,5e+20,QL6,MSSA,0.15,0.26,short-term_:_and long-term,2.514539
True,mean,False,upper,VM5a,5e+20,QL6,GFZ,0.15,0.26,short-term_:_and long-term,2.45817
True,mean,False,upper,VM5a,5e+20,QL6,JPL,0.15,0.26,short-term_:_and long-term,2.546378
True,mean,False,upper,VM5a,5e+20,QL6,CSR,0.15,0.26,short-term_:_and long-term,2.477556
True,mean,False,upper,VM5a,5e+20,QL6,MSSA,0.15,0.26,short-term_:_and long-term,2.504904
False,mean,False,mean,VM5a,5e+20,QL6,GFZ,0.1,0.26,short-term_:_and long-term,2.510447
False,mean,False,mean,VM5a,5e+20,QL6,JPL,0.1,0.26,short-term_:_and long-term,2.598861
False,mean,False,mean,VM5a,5e+20,QL6,CSR,0.1,0.26,short-term_:_and long-term,2.532018
False,mean,False,mean,VM5a,5e+20,QL6,MSSA,0.1,0.26,short-term_:_and long-term,2.565073
True,mean,False,mean,VM5a,5e+20,QL6,GFZ,0.1,0.26,short-term_:_and long-term,2.500833
True,mean,False,mean,VM5a,5e+20,QL6,JPL,0.1,0.26,short-term_:_and long-term,2.590007
True,mean,False,mean,VM5a,5e+20,QL6,CSR,0.1,0.26,short-term_:_and long-term,2.522605
True,mean,False,mean,VM5a,5e+20,QL6,MSSA,0.1,0.26,short-term_:_and long-term,2.554202
False,mean,False,lower,VM5a,5e+20,QL6,GFZ,0.1,0.26,short-term_:_and long-term,2.524338
False,mean,False,lower,VM5a,5e+20,QL6,JPL,0.1,0.26,short-term_:_and long-term,2.61082
False,mean,False,lower,VM5a,5e+20,QL6,CSR,0.1,0.26,short-term_:_and long-term,2.546184
False,mean,False,lower,VM5a,5e+20,QL6,MSSA,0.1,0.26,short-term_:_and long-term,2.579853
True,mean,False,lower,VM5a,5e+20,QL6,GFZ,0.1,0.26,short-term_:_and long-term,2.512799
True,mean,False,lower,VM5a,5e+20,QL6,JPL,0.1,0.26,short-term_:_and long-term,2.599677
True,mean,False,lower,VM5a,5e+20,QL6,CSR,0.1,0.26,short-term_:_and long-term,2.535798
True,mean,False,lower,VM5a,5e+20,QL6,MSSA,0.1,0.26,short-term_:_and long-term,2.567847
False,mean,False,upper,VM5a,5e+20,QL6,GFZ,0.1,0.26,short-term_:_and long-term,2.496547
False,mean,False,upper,VM5a,5e+20,QL6,JPL,0.1,0.26,short-term_:_and long-term,2.585875
False,mean,False,upper,VM5a,5e+20,QL6,CSR,0.1,0.26,short-term_:_and long-term,2.5178
False,mean,False,upper,VM5a,5e+20,QL6,MSSA,0.1,0.26,short-term_:_and long-term,2.547603
True,mean,False,upper,VM5a,5e+20,QL6,GFZ,0.1,0.26,short-term_:_and long-term,2.487745
True,mean,False,upper,VM5a,5e+20,QL6,JPL,0.1,0.26,short-term_:_and long-term,2.577113
True,mean,False,upper,VM5a,5e+20,QL6,CSR,0.1,0.26,short-term_:_and long-term,2.508179
True,mean,False,upper,VM5a,5e+20,QL6,MSSA,0.1,0.26,short-term_:_and long-term,2.538589
False,mean,False,mean,VM5a,5e+20,QL6,GFZ,0.2,0.26,short-term_:_and long-term,2.445472
False,mean,False,mean,VM5a,5e+20,QL6,JPL,0.2,0.26,short-term_:_and long-term,2.532097
False,mean,False,mean,VM5a,5e+20,QL6,CSR,0.2,0.26,short-term_:_and long-term,2.466891
False,mean,False,mean,VM5a,5e+20,QL6,MSSA,0.2,0.26,short-term_:_and long-term,2.495849
True,mean,False,mean,VM5a,5e+20,QL6,GFZ,0.2,0.26,short-term_:_and long-term,2.439606
True,mean,False,mean,VM5a,5e+20,QL6,JPL,0.2,0.26,short-term_:_and long-term,2.52647
True,mean,False,mean,VM5a,5e+20,QL6,CSR,0.2,0.26,short-term_:_and long-term,2.460682
True,mean,False,mean,VM5a,5e+20,QL6,MSSA,0.2,0.26,short-term_:_and long-term,2.48874
False,mean,False,lower,VM5a,5e+20,QL6,GFZ,0.2,0.26,short-term_:_and long-term,2.451128
False,mean,False,lower,VM5a,5e+20,QL6,JPL,0.2,0.26,short-term_:_and long-term,2.536322
False,mean,False,lower,VM5a,5e+20,QL6,CSR,0.2,0.26,short-term_:_and long-term,2.472347
False,mean,False,lower,VM5a,5e+20,QL6,MSSA,0.2,0.26,short-term_:_and long-term,2.502705
True,mean,False,lower,VM5a,5e+20,QL6,GFZ,0.2,0.26,short-term_:_and long-term,2.444047
True,mean,False,lower,VM5a,5e+20,QL6,JPL,0.2,0.26,short-term_:_and long-term,2.530231
True,mean,False,lower,VM5a,5e+20,QL6,CSR,0.2,0.26,short-term_:_and long-term,2.46614
True,mean,False,lower,VM5a,5e+20,QL6,MSSA,0.2,0.26,short-term_:_and long-term,2.496086
False,mean,False,upper,VM5a,5e+20,QL6,GFZ,0.2,0.26,short-term_:_and long-term,2.438595
False,mean,False,upper,VM5a,5e+20,QL6,JPL,0.2,0.26,short-term_:_and long-term,2.525633
False,mean,False,upper,VM5a,5e+20,QL6,CSR,0.2,0.26,short-term_:_and long-term,2.460404
False,mean,False,upper,VM5a,5e+20,QL6,MSSA,0.2,0.26,short-term_:_and long-term,2.486027
True,mean,False,upper,VM5a,5e+20,QL6,GFZ,0.2,0.26,short-term_:_and long-term,2.433468
True,mean,False,upper,VM5a,5e+20,QL6,JPL,0.2,0.26,short-term_:_and long-term,2.520145
True,mean,False,upper,VM5a,5e+20,QL6,CSR,0.2,0.26,short-term_:_and long-term,2.454331
True,mean,False,upper,VM5a,5e+20,QL6,MSSA,0.2,0.26,short-term_:_and long-term,2.479069
False,mean,False,mean,VM5a,5e+20,QM1,GFZ,0.15,0.26,short-term_:_and long-term,2.514462
False,mean,False,mean,VM5a,5e+20,QM1,JPL,0.15,0.26,short-term_:_and long-term,2.602878
False,mean,False,mean,VM5a,5e+20,QM1,CSR,0.15,0.26,short-term_:_and long-term,2.534923
False,mean,False,mean,VM5a,5e+20,QM1,MSSA,0.15,0.26,short-term_:_and long-term,2.559923
True,mean,False,mean,VM5a,5e+20,QM1,GFZ,0.15,0.26,short-term_:_and long-term,2.50854
True,mean,False,mean,VM5a,5e+20,QM1,JPL,0.15,0.26,short-term_:_and long-term,2.596225
True,mean,False,mean,VM5a,5e+20,QM1,CSR,0.15,0.26,short-term_:_and long-term,2.527876
True,mean,False,mean,VM5a,5e+20,QM1,MSSA,0.15,0.26,short-term_:_and long-term,2.552554
False,mean,False,lower,VM5a,5e+20,QM1,GFZ,0.15,0.26,short-term_:_and long-term,2.525462
False,mean,False,lower,VM5a,5e+20,QM1,JPL,0.15,0.26,short-term_:_and long-term,2.613071
False,mean,False,lower,VM5a,5e+20,QM1,CSR,0.15,0.26,short-term_:_and long-term,2.545685
False,mean,False,lower,VM5a,5e+20,QM1,MSSA,0.15,0.26,short-term_:_and long-term,2.572316
True,mean,False,lower,VM5a,5e+20,QM1,GFZ,0.15,0.26,short-term_:_and long-term,2.518054
True,mean,False,lower,VM5a,5e+20,QM1,JPL,0.15,0.26,short-term_:_and long-term,2.60617
True,mean,False,lower,VM5a,5e+20,QM1,CSR,0.15,0.26,short-term_:_and long-term,2.537816
True,mean,False,lower,VM5a,5e+20,QM1,MSSA,0.15,0.26,short-term_:_and long-term,2.562721
False,mean,False,upper,VM5a,5e+20,QM1,GFZ,0.15,0.26,short-term_:_and long-term,2.50357
False,mean,False,upper,VM5a,5e+20,QM1,JPL,0.15,0.26,short-term_:_and long-term,2.59085
False,mean,False,upper,VM5a,5e+20,QM1,CSR,0.15,0.26,short-term_:_and long-term,2.523207
False,mean,False,upper,VM5a,5e+20,QM1,MSSA,0.15,0.26,short-term_:_and long-term,2.547982
True,mean,False,upper,VM5a,5e+20,QM1,GFZ,0.15,0.26,short-term_:_and long-term,2.496729
True,mean,False,upper,VM5a,5e+20,QM1,JPL,0.15,0.26,short-term_:_and long-term,2.585051
True,mean,False,upper,VM5a,5e+20,QM1,CSR,0.15,0.26,short-term_:_and long-term,2.5173
True,mean,False,upper,VM5a,5e+20,QM1,MSSA,0.15,0.26,short-term_:_and long-term,2.539012
False,mean,False,mean,VM5a,5e+20,QM1,GFZ,0.1,0.26,short-term_:_and long-term,2.548347
False,mean,False,mean,VM5a,5e+20,QM1,JPL,0.1,0.26,short-term_:_and long-term,2.640437
False,mean,False,mean,VM5a,5e+20,QM1,CSR,0.1,0.26,short-term_:_and long-term,2.571044
False,mean,False,mean,VM5a,5e+20,QM1,MSSA,0.1,0.26,short-term_:_and long-term,2.598568
True,mean,False,mean,VM5a,5e+20,QM1,GFZ,0.1,0.26,short-term_:_and long-term,2.538322
True,mean,False,mean,VM5a,5e+20,QM1,JPL,0.1,0.26,short-term_:_and long-term,2.63076
True,mean,False,mean,VM5a,5e+20,QM1,CSR,0.1,0.26,short-term_:_and long-term,2.561747
True,mean,False,mean,VM5a,5e+20,QM1,MSSA,0.1,0.26,short-term_:_and long-term,2.586426
False,mean,False,lower,VM5a,5e+20,QM1,GFZ,0.1,0.26,short-term_:_and long-term,2.565079
False,mean,False,lower,VM5a,5e+20,QM1,JPL,0.1,0.26,short-term_:_and long-term,2.654213
False,mean,False,lower,VM5a,5e+20,QM1,CSR,0.1,0.26,short-term_:_and long-term,2.586521
False,mean,False,lower,VM5a,5e+20,QM1,MSSA,0.1,0.26,short-term_:_and long-term,2.617783
True,mean,False,lower,VM5a,5e+20,QM1,GFZ,0.1,0.26,short-term_:_and long-term,2.554855
True,mean,False,lower,VM5a,5e+20,QM1,JPL,0.1,0.26,short-term_:_and long-term,2.644525
True,mean,False,lower,VM5a,5e+20,QM1,CSR,0.1,0.26,short-term_:_and long-term,2.57572
True,mean,False,lower,VM5a,5e+20,QM1,MSSA,0.1,0.26,short-term_:_and long-term,2.604109
False,mean,False,upper,VM5a,5e+20,QM1,GFZ,0.1,0.26,short-term_:_and long-term,2.531272
False,mean,False,upper,VM5a,5e+20,QM1,JPL,0.1,0.26,short-term_:_and long-term,2.624065
False,mean,False,upper,VM5a,5e+20,QM1,CSR,0.1,0.26,short-term_:_and long-term,2.553237
False,mean,False,upper,VM5a,5e+20,QM1,MSSA,0.1,0.26,short-term_:_and long-term,2.578639
True,mean,False,upper,VM5a,5e+20,QM1,GFZ,0.1,0.26,short-term_:_and long-term,2.522424
True,mean,False,upper,VM5a,5e+20,QM1,JPL,0.1,0.26,short-term_:_and long-term,2.61587
True,mean,False,upper,VM5a,5e+20,QM1,CSR,0.1,0.26,short-term_:_and long-term,2.543974
True,mean,False,upper,VM5a,5e+20,QM1,MSSA,0.1,0.26,short-term_:_and long-term,2.56839
False,mean,False,mean,VM5a,5e+20,QM1,GFZ,0.2,0.26,short-term_:_and long-term,2.48556
False,mean,False,mean,VM5a,5e+20,QM1,JPL,0.2,0.26,short-term_:_and long-term,2.573789
False,mean,False,mean,VM5a,5e+20,QM1,CSR,0.2,0.26,short-term_:_and long-term,2.508604
False,mean,False,mean,VM5a,5e+20,QM1,MSSA,0.2,0.26,short-term_:_and long-term,2.534188
True,mean,False,mean,VM5a,5e+20,QM1,GFZ,0.2,0.26,short-term_:_and long-term,2.480417
True,mean,False,mean,VM5a,5e+20,QM1,JPL,0.2,0.26,short-term_:_and long-term,2.569516
True,mean,False,mean,VM5a,5e+20,QM1,CSR,0.2,0.26,short-term_:_and long-term,2.50346
True,mean,False,mean,VM5a,5e+20,QM1,MSSA,0.2,0.26,short-term_:_and long-term,2.52855
False,mean,False,lower,VM5a,5e+20,QM1,GFZ,0.2,0.26,short-term_:_and long-term,2.491784
False,mean,False,lower,VM5a,5e+20,QM1,JPL,0.2,0.26,short-term_:_and long-term,2.579735
False,mean,False,lower,VM5a,5e+20,QM1,CSR,0.2,0.26,short-term_:_and long-term,2.51522
False,mean,False,lower,VM5a,5e+20,QM1,MSSA,0.2,0.26,short-term_:_and long-term,2.541764
True,mean,False,lower,VM5a,5e+20,QM1,GFZ,0.2,0.26,short-term_:_and long-term,2.486621
True,mean,False,lower,VM5a,5e+20,QM1,JPL,0.2,0.26,short-term_:_and long-term,2.574973
True,mean,False,lower,VM5a,5e+20,QM1,CSR,0.2,0.26,short-term_:_and long-term,2.50953
True,mean,False,lower,VM5a,5e+20,QM1,MSSA,0.2,0.26,short-term_:_and long-term,2.53546
False,mean,False,upper,VM5a,5e+20,QM1,GFZ,0.2,0.26,short-term_:_and long-term,2.477463
False,mean,False,upper,VM5a,5e+20,QM1,JPL,0.2,0.26,short-term_:_and long-term,2.566766
False,mean,False,upper,VM5a,5e+20,QM1,CSR,0.2,0.26,short-term_:_and long-term,2.500063
False,mean,False,upper,VM5a,5e+20,QM1,MSSA,0.2,0.26,short-term_:_and long-term,2.524332
True,mean,False,upper,VM5a,5e+20,QM1,GFZ,0.2,0.26,short-term_:_and long-term,2.473168
True,mean,False,upper,VM5a,5e+20,QM1,JPL,0.2,0.26,short-term_:_and long-term,2.561332
True,mean,False,upper,VM5a,5e+20,QM1,CSR,0.2,0.26,short-term_:_and long-term,2.495518
True,mean,False,upper,VM5a,5e+20,QM1,MSSA,0.2,0.26,short-term_:_and long-term,2.518365
False,mean,False,mean,VM5a,5e+20,Resovsky,GFZ,0.15,0.26,short-term_:_and long-term,2.482828
False,mean,False,mean,VM5a,5e+20,Resovsky,JPL,0.15,0.26,short-term_:_and long-term,2.570784
False,mean,False,mean,VM5a,5e+20,Resovsky,CSR,0.15,0.26,short-term_:_and long-term,2.504896
False,mean,False,mean,VM5a,5e+20,Resovsky,MSSA,0.15,0.26,short-term_:_and long-term,2.530097
True,mean,False,mean,VM5a,5e+20,Resovsky,GFZ,0.15,0.26,short-term_:_and long-term,2.475774
True,mean,False,mean,VM5a,5e+20,Resovsky,JPL,0.15,0.26,short-term_:_and long-term,2.563587
True,mean,False,mean,VM5a,5e+20,Resovsky,CSR,0.15,0.26,short-term_:_and long-term,2.497228
True,mean,False,mean,VM5a,5e+20,Resovsky,MSSA,0.15,0.26,short-term_:_and long-term,2.521096
False,mean,False,lower,VM5a,5e+20,Resovsky,GFZ,0.15,0.26,short-term_:_and long-term,2.491197
False,mean,False,lower,VM5a,5e+20,Resovsky,JPL,0.15,0.26,short-term_:_and long-term,2.578302
False,mean,False,lower,VM5a,5e+20,Resovsky,CSR,0.15,0.26,short-term_:_and long-term,2.512913
False,mean,False,lower,VM5a,5e+20,Resovsky,MSSA,0.15,0.26,short-term_:_and long-term,2.541638
True,mean,False,lower,VM5a,5e+20,Resovsky,GFZ,0.15,0.26,short-term_:_and long-term,2.48296
True,mean,False,lower,VM5a,5e+20,Resovsky,JPL,0.15,0.26,short-term_:_and long-term,2.57038
True,mean,False,lower,VM5a,5e+20,Resovsky,CSR,0.15,0.26,short-term_:_and long-term,2.504304
True,mean,False,lower,VM5a,5e+20,Resovsky,MSSA,0.15,0.26,short-term_:_and long-term,2.530426
False,mean,False,upper,VM5a,5e+20,Resovsky,GFZ,0.15,0.26,short-term_:_and long-term,2.473317
False,mean,False,upper,VM5a,5e+20,Resovsky,JPL,0.15,0.26,short-term_:_and long-term,2.560933
False,mean,False,upper,VM5a,5e+20,Resovsky,CSR,0.15,0.26,short-term_:_and long-term,2.494827
False,mean,False,upper,VM5a,5e+20,Resovsky,MSSA,0.15,0.26,short-term_:_and long-term,2.517983
True,mean,False,upper,VM5a,5e+20,Resovsky,GFZ,0.15,0.26,short-term_:_and long-term,2.465777
True,mean,False,upper,VM5a,5e+20,Resovsky,JPL,0.15,0.26,short-term_:_and long-term,2.554741
True,mean,False,upper,VM5a,5e+20,Resovsky,CSR,0.15,0.26,short-term_:_and long-term,2.487652
True,mean,False,upper,VM5a,5e+20,Resovsky,MSSA,0.15,0.26,short-term_:_and long-term,2.508321
False,mean,False,mean,VM5a,5e+20,Resovsky,GFZ,0.1,0.26,short-term_:_and long-term,2.509504
False,mean,False,mean,VM5a,5e+20,Resovsky,JPL,0.1,0.26,short-term_:_and long-term,2.6015
False,mean,False,mean,VM5a,5e+20,Resovsky,CSR,0.1,0.26,short-term_:_and long-term,2.531773
False,mean,False,mean,VM5a,5e+20,Resovsky,MSSA,0.1,0.26,short-term_:_and long-term,2.560211
True,mean,False,mean,VM5a,5e+20,Resovsky,GFZ,0.1,0.26,short-term_:_and long-term,2.500217
True,mean,False,mean,VM5a,5e+20,Resovsky,JPL,0.1,0.26,short-term_:_and long-term,2.592465
True,mean,False,mean,VM5a,5e+20,Resovsky,CSR,0.1,0.26,short-term_:_and long-term,2.52214
True,mean,False,mean,VM5a,5e+20,Resovsky,MSSA,0.1,0.26,short-term_:_and long-term,2.548935
False,mean,False,lower,VM5a,5e+20,Resovsky,GFZ,0.1,0.26,short-term_:_and long-term,2.521372
False,mean,False,lower,VM5a,5e+20,Resovsky,JPL,0.1,0.26,short-term_:_and long-term,2.611368
False,mean,False,lower,VM5a,5e+20,Resovsky,CSR,0.1,0.26,short-term_:_and long-term,2.542868
False,mean,False,lower,VM5a,5e+20,Resovsky,MSSA,0.1,0.26,short-term_:_and long-term,2.573901
True,mean,False,lower,VM5a,5e+20,Resovsky,GFZ,0.1,0.26,short-term_:_and long-term,2.510403
True,mean,False,lower,VM5a,5e+20,Resovsky,JPL,0.1,0.26,short-term_:_and long-term,2.601822
True,mean,False,lower,VM5a,5e+20,Resovsky,CSR,0.1,0.26,short-term_:_and long-term,2.532215
True,mean,False,lower,VM5a,5e+20,Resovsky,MSSA,0.1,0.26,short-term_:_and long-term,2.561113
False,mean,False,upper,VM5a,5e+20,Resovsky,GFZ,0.1,0.26,short-term_:_and long-term,2.496899
False,mean,False,upper,VM5a,5e+20,Resovsky,JPL,0.1,0.26,short-term_:_and long-term,2.589008
False,mean,False,upper,VM5a,5e+20,Resovsky,CSR,0.1,0.26,short-term_:_and long-term,2.519859
False,mean,False,upper,VM5a,5e+20,Resovsky,MSSA,0.1,0.26,short-term_:_and long-term,2.545743
True,mean,False,upper,VM5a,5e+20,Resovsky,GFZ,0.1,0.26,short-term_:_and long-term,2.487691
True,mean,False,upper,VM5a,5e+20,Resovsky,JPL,0.1,0.26,short-term_:_and long-term,2.579893
True,mean,False,upper,VM5a,5e+20,Resovsky,CSR,0.1,0.26,short-term_:_and long-term,2.509906
True,mean,False,upper,VM5a,5e+20,Resovsky,MSSA,0.1,0.26,short-term_:_and long-term,2.533708
False,mean,False,mean,VM5a,5e+20,Resovsky,GFZ,0.2,0.26,short-term_:_and long-term,2.45727
False,mean,False,mean,VM5a,5e+20,Resovsky,JPL,0.2,0.26,short-term_:_and long-term,2.543851
False,mean,False,mean,VM5a,5e+20,Resovsky,CSR,0.2,0.26,short-term_:_and long-term,2.479766
False,mean,False,mean,VM5a,5e+20,Resovsky,MSSA,0.2,0.26,short-term_:_and long-term,2.505068
True,mean,False,mean,VM5a,5e+20,Resovsky,GFZ,0.2,0.26,short-term_:_and long-term,2.451712
True,mean,False,mean,VM5a,5e+20,Resovsky,JPL,0.2,0.26,short-term_:_and long-term,2.538278
True,mean,False,mean,VM5a,5e+20,Resovsky,CSR,0.2,0.26,short-term_:_and long-term,2.4736
True,mean,False,mean,VM5a,5e+20,Resovsky,MSSA,0.2,0.26,short-term_:_and long-term,2.496697
False,mean,False,lower,VM5a,5e+20,Resovsky,GFZ,0.2,0.26,short-term_:_and long-term,2.463311
False,mean,False,lower,VM5a,5e+20,Resovsky,JPL,0.2,0.26,short-term_:_and long-term,2.54976
False,mean,False,lower,VM5a,5e+20,Resovsky,CSR,0.2,0.26,short-term_:_and long-term,2.485208
False,mean,False,lower,VM5a,5e+20,Resovsky,MSSA,0.2,0.26,short-term_:_and long-term,2.511648
True,mean,False,lower,VM5a,5e+20,Resovsky,GFZ,0.2,0.26,short-term_:_and long-term,2.457223
True,mean,False,lower,VM5a,5e+20,Resovsky,JPL,0.2,0.26,short-term_:_and long-term,2.543162
True,mean,False,lower,VM5a,5e+20,Resovsky,CSR,0.2,0.26,short-term_:_and long-term,2.479084
True,mean,False,lower,VM5a,5e+20,Resovsky,MSSA,0.2,0.26,short-term_:_and long-term,2.504119
False,mean,False,upper,VM5a,5e+20,Resovsky,GFZ,0.2,0.26,short-term_:_and long-term,2.45032
False,mean,False,upper,VM5a,5e+20,Resovsky,JPL,0.2,0.26,short-term_:_and long-term,2.536856
False,mean,False,upper,VM5a,5e+20,Resovsky,CSR,0.2,0.26,short-term_:_and long-term,2.471046
False,mean,False,upper,VM5a,5e+20,Resovsky,MSSA,0.2,0.26,short-term_:_and long-term,2.494318
True,mean,False,upper,VM5a,5e+20,Resovsky,GFZ,0.2,0.26,short-term_:_and long-term,2.444828
True,mean,False,upper,VM5a,5e+20,Resovsky,JPL,0.2,0.26,short-term_:_and long-term,2.531373
True,mean,False,upper,VM5a,5e+20,Resovsky,CSR,0.2,0.26,short-term_:_and long-term,2.466279
True,mean,False,upper,VM5a,5e+20,Resovsky,MSSA,0.2,0.26,short-term_:_and long-term,2.48818
False,mean,False,mean,VM7,3e+19,,GFZ,,,long-term,2.163743
False,mean,False,mean,VM7,3e+19,,JPL,,,long-term,2.241485
False,mean,False,mean,VM7,3e+19,,CSR,,,long-term,2.17798
False,mean,False,mean,VM7,3e+19,,MSSA,,,long-term,2.202188
True,mean,False,mean,VM7,3e+19,,GFZ,,,long-term,2.160047
True,mean,False,mean,VM7,3e+19,,JPL,,,long-term,2.237031
True,mean,False,mean,VM7,3e+19,,CSR,,,long-term,2.174339
True,mean,False,mean,VM7,3e+19,,MSSA,,,long-term,2.19568
False,mean,False,lower,VM7,3e+19,,GFZ,,,long-term,2.153108
False,mean,False,lower,VM7,3e+19,,JPL,,,long-term,2.230714
False,mean,False,lower,VM7,3e+19,,CSR,,,long-term,2.16725
False,mean,False,lower,VM7,3e+19,,MSSA,,,long-term,2.192796
True,mean,False,lower,VM7,3e+19,,GFZ,,,long-term,2.149316
True,mean,False,lower,VM7,3e+19,,JPL,,,long-term,2.226491
True,mean,False,lower,VM7,3e+19,,CSR,,,long-term,2.161959
True,mean,False,lower,VM7,3e+19,,MSSA,,,long-term,2.186775
False,mean,False,upper,VM7,3e+19,,GFZ,,,long-term,2.171222
False,mean,False,upper,VM7,3e+19,,JPL,,,long-term,2.248651
False,mean,False,upper,VM7,3e+19,,CSR,,,long-term,2.185806
False,mean,False,upper,VM7,3e+19,,MSSA,,,long-term,2.208355
True,mean,False,upper,VM7,3e+19,,GFZ,,,long-term,2.168042
True,mean,False,upper,VM7,3e+19,,JPL,,,long-term,2.244595
True,mean,False,upper,VM7,3e+19,,CSR,,,long-term,2.181201
True,mean,False,upper,VM7,3e+19,,MSSA,,,long-term,2.202426
False,mean,False,mean,VM7,3e+19,PAR3P,GFZ,0.15,0.26,short-term_:_and long-term,2.511525
False,mean,False,mean,VM7,3e+19,PAR3P,JPL,0.15,0.26,short-term_:_and long-term,2.598251
False,mean,False,mean,VM7,3e+19,PAR3P,CSR,0.15,0.26,short-term_:_and long-term,2.535073
False,mean,False,mean,VM7,3e+19,PAR3P,MSSA,0.15,0.26,short-term_:_and long-term,2.564008
True,mean,False,mean,VM7,3e+19,PAR3P,GFZ,0.15,0.26,short-term_:_and long-term,2.501011
True,mean,False,mean,VM7,3e+19,PAR3P,JPL,0.15,0.26,short-term_:_and long-term,2.588431
True,mean,False,mean,VM7,3e+19,PAR3P,CSR,0.15,0.26,short-term_:_and long-term,2.524532
True,mean,False,mean,VM7,3e+19,PAR3P,MSSA,0.15,0.26,short-term_:_and long-term,2.55234
False,mean,False,lower,VM7,3e+19,PAR3P,GFZ,0.15,0.26,short-term_:_and long-term,2.523484
False,mean,False,lower,VM7,3e+19,PAR3P,JPL,0.15,0.26,short-term_:_and long-term,2.609374
False,mean,False,lower,VM7,3e+19,PAR3P,CSR,0.15,0.26,short-term_:_and long-term,2.547686
False,mean,False,lower,VM7,3e+19,PAR3P,MSSA,0.15,0.26,short-term_:_and long-term,2.57655
True,mean,False,lower,VM7,3e+19,PAR3P,GFZ,0.15,0.26,short-term_:_and long-term,2.511958
True,mean,False,lower,VM7,3e+19,PAR3P,JPL,0.15,0.26,short-term_:_and long-term,2.598761
True,mean,False,lower,VM7,3e+19,PAR3P,CSR,0.15,0.26,short-term_:_and long-term,2.534932
True,mean,False,lower,VM7,3e+19,PAR3P,MSSA,0.15,0.26,short-term_:_and long-term,2.564593
False,mean,False,upper,VM7,3e+19,PAR3P,GFZ,0.15,0.26,short-term_:_and long-term,2.498911
False,mean,False,upper,VM7,3e+19,PAR3P,JPL,0.15,0.26,short-term_:_and long-term,2.586525
False,mean,False,upper,VM7,3e+19,PAR3P,CSR,0.15,0.26,short-term_:_and long-term,2.522342
False,mean,False,upper,VM7,3e+19,PAR3P,MSSA,0.15,0.26,short-term_:_and long-term,2.549879
True,mean,False,upper,VM7,3e+19,PAR3P,GFZ,0.15,0.26,short-term_:_and long-term,2.488664
True,mean,False,upper,VM7,3e+19,PAR3P,JPL,0.15,0.26,short-term_:_and long-term,2.57823
True,mean,False,upper,VM7,3e+19,PAR3P,CSR,0.15,0.26,short-term_:_and long-term,2.512087
True,mean,False,upper,VM7,3e+19,PAR3P,MSSA,0.15,0.26,short-term_:_and long-term,2.538373
False,mean,False,mean,VM7,3e+19,PAR3P,GFZ,0.1,0.26,short-term_:_and long-term,2.552683
False,mean,False,mean,VM7,3e+19,PAR3P,JPL,0.1,0.26,short-term_:_and long-term,2.639593
False,mean,False,mean,VM7,3e+19,PAR3P,CSR,0.1,0.26,short-term_:_and long-term,2.577158
False,mean,False,mean,VM7,3e+19,PAR3P,MSSA,0.1,0.26,short-term_:_and long-term,2.604669
True,mean,False,mean,VM7,3e+19,PAR3P,GFZ,0.1,0.26,short-term_:_and long-term,2.540625
True,mean,False,mean,VM7,3e+19,PAR3P,JPL,0.1,0.26,short-term_:_and long-term,2.62858
True,mean,False,mean,VM7,3e+19,PAR3P,CSR,0.1,0.26,short-term_:_and long-term,2.566207
True,mean,False,mean,VM7,3e+19,PAR3P,MSSA,0.1,0.26,short-term_:_and long-term,2.59188
False,mean,False,lower,VM7,3e+19,PAR3P,GFZ,0.1,0.26,short-term_:_and long-term,2.568257
False,mean,False,lower,VM7,3e+19,PAR3P,JPL,0.1,0.26,short-term_:_and long-term,2.65449
False,mean,False,lower,VM7,3e+19,PAR3P,CSR,0.1,0.26,short-term_:_and long-term,2.593029
False,mean,False,lower,VM7,3e+19,PAR3P,MSSA,0.1,0.26,short-term_:_and long-term,2.623572
True,mean,False,lower,VM7,3e+19,PAR3P,GFZ,0.1,0.26,short-term_:_and long-term,2.554925
True,mean,False,lower,VM7,3e+19,PAR3P,JPL,0.1,0.26,short-term_:_and long-term,2.641364
True,mean,False,lower,VM7,3e+19,PAR3P,CSR,0.1,0.26,short-term_:_and long-term,2.580759
True,mean,False,lower,VM7,3e+19,PAR3P,MSSA,0.1,0.26,short-term_:_and long-term,2.607873
False,mean,False,upper,VM7,3e+19,PAR3P,GFZ,0.1,0.26,short-term_:_and long-term,2.536077
False,mean,False,upper,VM7,3e+19,PAR3P,JPL,0.1,0.26,short-term_:_and long-term,2.624307
False,mean,False,upper,VM7,3e+19,PAR3P,CSR,0.1,0.26,short-term_:_and long-term,2.561446
False,mean,False,upper,VM7,3e+19,PAR3P,MSSA,0.1,0.26,short-term_:_and long-term,2.586314
True,mean,False,upper,VM7,3e+19,PAR3P,GFZ,0.1,0.26,short-term_:_and long-term,2.526059
True,mean,False,upper,VM7,3e+19,PAR3P,JPL,0.1,0.26,short-term_:_and long-term,2.612576
True,mean,False,upper,VM7,3e+19,PAR3P,CSR,0.1,0.26,short-term_:_and long-term,2.548982
True,mean,False,upper,VM7,3e+19,PAR3P,MSSA,0.1,0.26,short-term_:_and long-term,2.575717
False,mean,False,mean,VM7,3e+19,PAR3P,GFZ,0.2,0.26,short-term_:_and long-term,2.483511
False,mean,False,mean,VM7,3e+19,PAR3P,JPL,0.2,0.26,short-term_:_and long-term,2.573963
False,mean,False,mean,VM7,3e+19,PAR3P,CSR,0.2,0.26,short-term_:_and long-term,2.504329
False,mean,False,mean,VM7,3e+19,PAR3P,MSSA,0.2,0.26,short-term_:_and long-term,2.533182
True,mean,False,mean,VM7,3e+19,PAR3P,GFZ,0.2,0.26,short-term_:_and long-term,2.474609
True,mean,False,mean,VM7,3e+19,PAR3P,JPL,0.2,0.26,short-term_:_and long-term,2.565268
True,mean,False,mean,VM7,3e+19,PAR3P,CSR,0.2,0.26,short-term_:_and long-term,2.495616
True,mean,False,mean,VM7,3e+19,PAR3P,MSSA,0.2,0.26,short-term_:_and long-term,2.521846
False,mean,False,lower,VM7,3e+19,PAR3P,GFZ,0.2,0.26,short-term_:_and long-term,2.48996
False,mean,False,lower,VM7,3e+19,PAR3P,JPL,0.2,0.26,short-term_:_and long-term,2.581153
False,mean,False,lower,VM7,3e+19,PAR3P,CSR,0.2,0.26,short-term_:_and long-term,2.513297
False,mean,False,lower,VM7,3e+19,PAR3P,MSSA,0.2,0.26,short-term_:_and long-term,2.542226
True,mean,False,lower,VM7,3e+19,PAR3P,GFZ,0.2,0.26,short-term_:_and long-term,2.481676
True,mean,False,lower,VM7,3e+19,PAR3P,JPL,0.2,0.26,short-term_:_and long-term,2.571916
True,mean,False,lower,VM7,3e+19,PAR3P,CSR,0.2,0.26,short-term_:_and long-term,2.502548
True,mean,False,lower,VM7,3e+19,PAR3P,MSSA,0.2,0.26,short-term_:_and long-term,2.531432
False,mean,False,upper,VM7,3e+19,PAR3P,GFZ,0.2,0.26,short-term_:_and long-term,2.474737
False,mean,False,upper,VM7,3e+19,PAR3P,JPL,0.2,0.26,short-term_:_and long-term,2.565489
False,mean,False,upper,VM7,3e+19,PAR3P,CSR,0.2,0.26,short-term_:_and long-term,2.49519
False,mean,False,upper,VM7,3e+19,PAR3P,MSSA,0.2,0.26,short-term_:_and long-term,2.522375
True,mean,False,upper,VM7,3e+19,PAR3P,GFZ,0.2,0.26,short-term_:_and long-term,2.465645
True,mean,False,upper,VM7,3e+19,PAR3P,JPL,0.2,0.26,short-term_:_and long-term,2.557541
True,mean,False,upper,VM7,3e+19,PAR3P,CSR,0.2,0.26,short-term_:_and long-term,2.487004
True,mean,False,upper,VM7,3e+19,PAR3P,MSSA,0.2,0.26,short-term_:_and long-term,2.512403
False,mean,False,mean,VM7,3e+19,PREM,GFZ,0.15,0.26,short-term_:_and long-term,2.542849
False,mean,False,mean,VM7,3e+19,PREM,JPL,0.15,0.26,short-term_:_and long-term,2.631445
False,mean,False,mean,VM7,3e+19,PREM,CSR,0.15,0.26,short-term_:_and long-term,2.56645
False,mean,False,mean,VM7,3e+19,PREM,MSSA,0.15,0.26,short-term_:_and long-term,2.597098
True,mean,False,mean,VM7,3e+19,PREM,GFZ,0.15,0.26,short-term_:_and long-term,2.531363
True,mean,False,mean,VM7,3e+19,PREM,JPL,0.15,0.26,short-term_:_and long-term,2.620383
True,mean,False,mean,VM7,3e+19,PREM,CSR,0.15,0.26,short-term_:_and long-term,2.555016
True,mean,False,mean,VM7,3e+19,PREM,MSSA,0.15,0.26,short-term_:_and long-term,2.586907
False,mean,False,lower,VM7,3e+19,PREM,GFZ,0.15,0.26,short-term_:_and long-term,2.556381
False,mean,False,lower,VM7,3e+19,PREM,JPL,0.15,0.26,short-term_:_and long-term,2.646031
False,mean,False,lower,VM7,3e+19,PREM,CSR,0.15,0.26,short-term_:_and long-term,2.580429
False,mean,False,lower,VM7,3e+19,PREM,MSSA,0.15,0.26,short-term_:_and long-term,2.613193
True,mean,False,lower,VM7,3e+19,PREM,GFZ,0.15,0.26,short-term_:_and long-term,2.544889
True,mean,False,lower,VM7,3e+19,PREM,JPL,0.15,0.26,short-term_:_and long-term,2.633512
True,mean,False,lower,VM7,3e+19,PREM,CSR,0.15,0.26,short-term_:_and long-term,2.568389
True,mean,False,lower,VM7,3e+19,PREM,MSSA,0.15,0.26,short-term_:_and long-term,2.600208
False,mean,False,upper,VM7,3e+19,PREM,GFZ,0.15,0.26,short-term_:_and long-term,2.526053
False,mean,False,upper,VM7,3e+19,PREM,JPL,0.15,0.26,short-term_:_and long-term,2.615121
False,mean,False,upper,VM7,3e+19,PREM,CSR,0.15,0.26,short-term_:_and long-term,2.549977
False,mean,False,upper,VM7,3e+19,PREM,MSSA,0.15,0.26,short-term_:_and long-term,2.580871
True,mean,False,upper,VM7,3e+19,PREM,GFZ,0.15,0.26,short-term_:_and long-term,2.516624
True,mean,False,upper,VM7,3e+19,PREM,JPL,0.15,0.26,short-term_:_and long-term,2.607458
True,mean,False,upper,VM7,3e+19,PREM,CSR,0.15,0.26,short-term_:_and long-term,2.539221
True,mean,False,upper,VM7,3e+19,PREM,MSSA,0.15,0.26,short-term_:_and long-term,2.569684
False,mean,False,mean,VM7,3e+19,PREM,GFZ,0.1,0.26,short-term_:_and long-term,2.582596
False,mean,False,mean,VM7,3e+19,PREM,JPL,0.1,0.26,short-term_:_and long-term,2.67182
False,mean,False,mean,VM7,3e+19,PREM,CSR,0.1,0.26,short-term_:_and long-term,2.609406
False,mean,False,mean,VM7,3e+19,PREM,MSSA,0.1,0.26,short-term_:_and long-term,2.639969
True,mean,False,mean,VM7,3e+19,PREM,GFZ,0.1,0.26,short-term_:_and long-term,2.57136
True,mean,False,mean,VM7,3e+19,PREM,JPL,0.1,0.26,short-term_:_and long-term,2.65851
True,mean,False,mean,VM7,3e+19,PREM,CSR,0.1,0.26,short-term_:_and long-term,2.596243
True,mean,False,mean,VM7,3e+19,PREM,MSSA,0.1,0.26,short-term_:_and long-term,2.62567
False,mean,False,lower,VM7,3e+19,PREM,GFZ,0.1,0.26,short-term_:_and long-term,2.599657
False,mean,False,lower,VM7,3e+19,PREM,JPL,0.1,0.26,short-term_:_and long-term,2.688169
False,mean,False,lower,VM7,3e+19,PREM,CSR,0.1,0.26,short-term_:_and long-term,2.627937
False,mean,False,lower,VM7,3e+19,PREM,MSSA,0.1,0.26,short-term_:_and long-term,2.660227
True,mean,False,lower,VM7,3e+19,PREM,GFZ,0.1,0.26,short-term_:_and long-term,2.585495
True,mean,False,lower,VM7,3e+19,PREM,JPL,0.1,0.26,short-term_:_and long-term,2.67555
True,mean,False,lower,VM7,3e+19,PREM,CSR,0.1,0.26,short-term_:_and long-term,2.61419
True,mean,False,lower,VM7,3e+19,PREM,MSSA,0.1,0.26,short-term_:_and long-term,2.645028
False,mean,False,upper,VM7,3e+19,PREM,GFZ,0.1,0.26,short-term_:_and long-term,2.56474
False,mean,False,upper,VM7,3e+19,PREM,JPL,0.1,0.26,short-term_:_and long-term,2.652191
False,mean,False,upper,VM7,3e+19,PREM,CSR,0.1,0.26,short-term_:_and long-term,2.589565
False,mean,False,upper,VM7,3e+19,PREM,MSSA,0.1,0.26,short-term_:_and long-term,2.618272
True,mean,False,upper,VM7,3e+19,PREM,GFZ,0.1,0.26,short-term_:_and long-term,2.55239
True,mean,False,upper,VM7,3e+19,PREM,JPL,0.1,0.26,short-term_:_and long-term,2.639462
True,mean,False,upper,VM7,3e+19,PREM,CSR,0.1,0.26,short-term_:_and long-term,2.57613
True,mean,False,upper,VM7,3e+19,PREM,MSSA,0.1,0.26,short-term_:_and long-term,2.604657
False,mean,False,mean,VM7,3e+19,PREM,GFZ,0.2,0.26,short-term_:_and long-term,2.511714
False,mean,False,mean,VM7,3e+19,PREM,JPL,0.2,0.26,short-term_:_and long-term,2.604188
False,mean,False,mean,VM7,3e+19,PREM,CSR,0.2,0.26,short-term_:_and long-term,2.534082
False,mean,False,mean,VM7,3e+19,PREM,MSSA,0.2,0.26,short-term_:_and long-term,2.566189
True,mean,False,mean,VM7,3e+19,PREM,GFZ,0.2,0.26,short-term_:_and long-term,2.504061
True,mean,False,mean,VM7,3e+19,PREM,JPL,0.2,0.26,short-term_:_and long-term,2.594876
True,mean,False,mean,VM7,3e+19,PREM,CSR,0.2,0.26,short-term_:_and long-term,2.526105
True,mean,False,mean,VM7,3e+19,PREM,MSSA,0.2,0.26,short-term_:_and long-term,2.556028
False,mean,False,lower,VM7,3e+19,PREM,GFZ,0.2,0.26,short-term_:_and long-term,2.52186
False,mean,False,lower,VM7,3e+19,PREM,JPL,0.2,0.26,short-term_:_and long-term,2.611709
False,mean,False,lower,VM7,3e+19,PREM,CSR,0.2,0.26,short-term_:_and long-term,2.544136
False,mean,False,lower,VM7,3e+19,PREM,MSSA,0.2,0.26,short-term_:_and long-term,2.578371
True,mean,False,lower,VM7,3e+19,PREM,GFZ,0.2,0.26,short-term_:_and long-term,2.513789
True,mean,False,lower,VM7,3e+19,PREM,JPL,0.2,0.26,short-term_:_and long-term,2.60539
True,mean,False,lower,VM7,3e+19,PREM,CSR,0.2,0.26,short-term_:_and long-term,2.536242
True,mean,False,lower,VM7,3e+19,PREM,MSSA,0.2,0.26,short-term_:_and long-term,2.56799
False,mean,False,upper,VM7,3e+19,PREM,GFZ,0.2,0.26,short-term_:_and long-term,2.501225
False,mean,False,upper,VM7,3e+19,PREM,JPL,0.2,0.26,short-term_:_and long-term,2.591585
False,mean,False,upper,VM7,3e+19,PREM,CSR,0.2,0.26,short-term_:_and long-term,2.522478
False,mean,False,upper,VM7,3e+19,PREM,MSSA,0.2,0.26,short-term_:_and long-term,2.552217
True,mean,False,upper,VM7,3e+19,PREM,GFZ,0.2,0.26,short-term_:_and long-term,2.493005
True,mean,False,upper,VM7,3e+19,PREM,JPL,0.2,0.26,short-term_:_and long-term,2.583805
True,mean,False,upper,VM7,3e+19,PREM,CSR,0.2,0.26,short-term_:_and long-term,2.515059
True,mean,False,upper,VM7,3e+19,PREM,MSSA,0.2,0.26,short-term_:_and long-term,2.543774
False,mean,False,mean,VM7,3e+19,QL6,GFZ,0.15,0.26,short-term_:_and long-term,2.501425
False,mean,False,mean,VM7,3e+19,QL6,JPL,0.15,0.26,short-term_:_and long-term,2.588787
False,mean,False,mean,VM7,3e+19,QL6,CSR,0.15,0.26,short-term_:_and long-term,2.524794
False,mean,False,mean,VM7,3e+19,QL6,MSSA,0.15,0.26,short-term_:_and long-term,2.554938
True,mean,False,mean,VM7,3e+19,QL6,GFZ,0.15,0.26,short-term_:_and long-term,2.490473
True,mean,False,mean,VM7,3e+19,QL6,JPL,0.15,0.26,short-term_:_and long-term,2.577089
True,mean,False,mean,VM7,3e+19,QL6,CSR,0.15,0.26,short-term_:_and long-term,2.51402
True,mean,False,mean,VM7,3e+19,QL6,MSSA,0.15,0.26,short-term_:_and long-term,2.544542
False,mean,False,lower,VM7,3e+19,QL6,GFZ,0.15,0.26,short-term_:_and long-term,2.515096
False,mean,False,lower,VM7,3e+19,QL6,JPL,0.15,0.26,short-term_:_and long-term,2.600862
False,mean,False,lower,VM7,3e+19,QL6,CSR,0.15,0.26,short-term_:_and long-term,2.53655
False,mean,False,lower,VM7,3e+19,QL6,MSSA,0.15,0.26,short-term_:_and long-term,2.568429
True,mean,False,lower,VM7,3e+19,QL6,GFZ,0.15,0.26,short-term_:_and long-term,2.501271
True,mean,False,lower,VM7,3e+19,QL6,JPL,0.15,0.26,short-term_:_and long-term,2.587416
True,mean,False,lower,VM7,3e+19,QL6,CSR,0.15,0.26,short-term_:_and long-term,2.524906
True,mean,False,lower,VM7,3e+19,QL6,MSSA,0.15,0.26,short-term_:_and long-term,2.556108
False,mean,False,upper,VM7,3e+19,QL6,GFZ,0.15,0.26,short-term_:_and long-term,2.488735
False,mean,False,upper,VM7,3e+19,QL6,JPL,0.15,0.26,short-term_:_and long-term,2.576198
False,mean,False,upper,VM7,3e+19,QL6,CSR,0.15,0.26,short-term_:_and long-term,2.510872
False,mean,False,upper,VM7,3e+19,QL6,MSSA,0.15,0.26,short-term_:_and long-term,2.541896
True,mean,False,upper,VM7,3e+19,QL6,GFZ,0.15,0.26,short-term_:_and long-term,2.477397
True,mean,False,upper,VM7,3e+19,QL6,JPL,0.15,0.26,short-term_:_and long-term,2.566863
True,mean,False,upper,VM7,3e+19,QL6,CSR,0.15,0.26,short-term_:_and long-term,2.498722
True,mean,False,upper,VM7,3e+19,QL6,MSSA,0.15,0.26,short-term_:_and long-term,2.528871
False,mean,False,mean,VM7,3e+19,QL6,GFZ,0.1,0.26,short-term_:_and long-term,2.536475
False,mean,False,mean,VM7,3e+19,QL6,JPL,0.1,0.26,short-term_:_and long-term,2.621301
False,mean,False,mean,VM7,3e+19,QL6,CSR,0.1,0.26,short-term_:_and long-term,2.559889
False,mean,False,mean,VM7,3e+19,QL6,MSSA,0.1,0.26,short-term_:_and long-term,2.587689
True,mean,False,mean,VM7,3e+19,QL6,GFZ,0.1,0.26,short-term_:_and long-term,2.524823
True,mean,False,mean,VM7,3e+19,QL6,JPL,0.1,0.26,short-term_:_and long-term,2.607911
True,mean,False,mean,VM7,3e+19,QL6,CSR,0.1,0.26,short-term_:_and long-term,2.545972
True,mean,False,mean,VM7,3e+19,QL6,MSSA,0.1,0.26,short-term_:_and long-term,2.572036
False,mean,False,lower,VM7,3e+19,QL6,GFZ,0.1,0.26,short-term_:_and long-term,2.549728
False,mean,False,lower,VM7,3e+19,QL6,JPL,0.1,0.26,short-term_:_and long-term,2.634952
False,mean,False,lower,VM7,3e+19,QL6,CSR,0.1,0.26,short-term_:_and long-term,2.577091
False,mean,False,lower,VM7,3e+19,QL6,MSSA,0.1,0.26,short-term_:_and long-term,2.604374
True,mean,False,lower,VM7,3e+19,QL6,GFZ,0.1,0.26,short-term_:_and long-term,2.536779
True,mean,False,lower,VM7,3e+19,QL6,JPL,0.1,0.26,short-term_:_and long-term,2.621721
True,mean,False,lower,VM7,3e+19,QL6,CSR,0.1,0.26,short-term_:_and long-term,2.560528
True,mean,False,lower,VM7,3e+19,QL6,MSSA,0.1,0.26,short-term_:_and long-term,2.588768
False,mean,False,upper,VM7,3e+19,QL6,GFZ,0.1,0.26,short-term_:_and long-term,2.521014
False,mean,False,upper,VM7,3e+19,QL6,JPL,0.1,0.26,short-term_:_and long-term,2.604848
False,mean,False,upper,VM7,3e+19,QL6,CSR,0.1,0.26,short-term_:_and long-term,2.542632
False,mean,False,upper,VM7,3e+19,QL6,MSSA,0.1,0.26,short-term_:_and long-term,2.56756
True,mean,False,upper,VM7,3e+19,QL6,GFZ,0.1,0.26,short-term_:_and long-term,2.508697
True,mean,False,upper,VM7,3e+19,QL6,JPL,0.1,0.26,short-term_:_and long-term,2.592751
True,mean,False,upper,VM7,3e+19,QL6,CSR,0.1,0.26,short-term_:_and long-term,2.530698
True,mean,False,upper,VM7,3e+19,QL6,MSSA,0.1,0.26,short-term_:_and long-term,2.556686
False,mean,False,mean,VM7,3e+19,QL6,GFZ,0.2,0.26,short-term_:_and long-term,2.474961
False,mean,False,mean,VM7,3e+19,QL6,JPL,0.2,0.26,short-term_:_and long-term,2.564422
False,mean,False,mean,VM7,3e+19,QL6,CSR,0.2,0.26,short-term_:_and long-term,2.495736
False,mean,False,mean,VM7,3e+19,QL6,MSSA,0.2,0.26,short-term_:_and long-term,2.526426
True,mean,False,mean,VM7,3e+19,QL6,GFZ,0.2,0.26,short-term_:_and long-term,2.467192
True,mean,False,mean,VM7,3e+19,QL6,JPL,0.2,0.26,short-term_:_and long-term,2.555414
True,mean,False,mean,VM7,3e+19,QL6,CSR,0.2,0.26,short-term_:_and long-term,2.486737
True,mean,False,mean,VM7,3e+19,QL6,MSSA,0.2,0.26,short-term_:_and long-term,2.515755
False,mean,False,lower,VM7,3e+19,QL6,GFZ,0.2,0.26,short-term_:_and long-term,2.482961
False,mean,False,lower,VM7,3e+19,QL6,JPL,0.2,0.26,short-term_:_and long-term,2.572214
False,mean,False,lower,VM7,3e+19,QL6,CSR,0.2,0.26,short-term_:_and long-term,2.50575
False,mean,False,lower,VM7,3e+19,QL6,MSSA,0.2,0.26,short-term_:_and long-term,2.538678
True,mean,False,lower,VM7,3e+19,QL6,GFZ,0.2,0.26,short-term_:_and long-term,2.475411
True,mean,False,lower,VM7,3e+19,QL6,JPL,0.2,0.26,short-term_:_and long-term,2.563609
True,mean,False,lower,VM7,3e+19,QL6,CSR,0.2,0.26,short-term_:_and long-term,2.494376
True,mean,False,lower,VM7,3e+19,QL6,MSSA,0.2,0.26,short-term_:_and long-term,2.52601
False,mean,False,upper,VM7,3e+19,QL6,GFZ,0.2,0.26,short-term_:_and long-term,2.46543
False,mean,False,upper,VM7,3e+19,QL6,JPL,0.2,0.26,short-term_:_and long-term,2.554309
False,mean,False,upper,VM7,3e+19,QL6,CSR,0.2,0.26,short-term_:_and long-term,2.48557
False,mean,False,upper,VM7,3e+19,QL6,MSSA,0.2,0.26,short-term_:_and long-term,2.514647
True,mean,False,upper,VM7,3e+19,QL6,GFZ,0.2,0.26,short-term_:_and long-term,2.456392
True,mean,False,upper,VM7,3e+19,QL6,JPL,0.2,0.26,short-term_:_and long-term,2.54552
True,mean,False,upper,VM7,3e+19,QL6,CSR,0.2,0.26,short-term_:_and long-term,2.478602
True,mean,False,upper,VM7,3e+19,QL6,MSSA,0.2,0.26,short-term_:_and long-term,2.504179
False,mean,False,mean,VM7,3e+19,QM1,GFZ,0.15,0.26,short-term_:_and long-term,2.536282
False,mean,False,mean,VM7,3e+19,QM1,JPL,0.15,0.26,short-term_:_and long-term,2.628038
False,mean,False,mean,VM7,3e+19,QM1,CSR,0.15,0.26,short-term_:_and long-term,2.561996
False,mean,False,mean,VM7,3e+19,QM1,MSSA,0.15,0.26,short-term_:_and long-term,2.585978
True,mean,False,mean,VM7,3e+19,QM1,GFZ,0.15,0.26,short-term_:_and long-term,2.526846
True,mean,False,mean,VM7,3e+19,QM1,JPL,0.15,0.26,short-term_:_and long-term,2.620089
True,mean,False,mean,VM7,3e+19,QM1,CSR,0.15,0.26,short-term_:_and long-term,2.551806
True,mean,False,mean,VM7,3e+19,QM1,MSSA,0.15,0.26,short-term_:_and long-term,2.576016
False,mean,False,lower,VM7,3e+19,QM1,GFZ,0.15,0.26,short-term_:_and long-term,2.551485
False,mean,False,lower,VM7,3e+19,QM1,JPL,0.15,0.26,short-term_:_and long-term,2.642219
False,mean,False,lower,VM7,3e+19,QM1,CSR,0.15,0.26,short-term_:_and long-term,2.576008
False,mean,False,lower,VM7,3e+19,QM1,MSSA,0.15,0.26,short-term_:_and long-term,2.600757
True,mean,False,lower,VM7,3e+19,QM1,GFZ,0.15,0.26,short-term_:_and long-term,2.538838
True,mean,False,lower,VM7,3e+19,QM1,JPL,0.15,0.26,short-term_:_and long-term,2.631289
True,mean,False,lower,VM7,3e+19,QM1,CSR,0.15,0.26,short-term_:_and long-term,2.565436
True,mean,False,lower,VM7,3e+19,QM1,MSSA,0.15,0.26,short-term_:_and long-term,2.588738
False,mean,False,upper,VM7,3e+19,QM1,GFZ,0.15,0.26,short-term_:_and long-term,2.520794
False,mean,False,upper,VM7,3e+19,QM1,JPL,0.15,0.26,short-term_:_and long-term,2.615049
False,mean,False,upper,VM7,3e+19,QM1,CSR,0.15,0.26,short-term_:_and long-term,2.546099
False,mean,False,upper,VM7,3e+19,QM1,MSSA,0.15,0.26,short-term_:_and long-term,2.569957
True,mean,False,upper,VM7,3e+19,QM1,GFZ,0.15,0.26,short-term_:_and long-term,2.512737
True,mean,False,upper,VM7,3e+19,QM1,JPL,0.15,0.26,short-term_:_and long-term,2.60696
True,mean,False,upper,VM7,3e+19,QM1,CSR,0.15,0.26,short-term_:_and long-term,2.536613
True,mean,False,upper,VM7,3e+19,QM1,MSSA,0.15,0.26,short-term_:_and long-term,2.558136
False,mean,False,mean,VM7,3e+19,QM1,GFZ,0.1,0.26,short-term_:_and long-term,2.571453
False,mean,False,mean,VM7,3e+19,QM1,JPL,0.1,0.26,short-term_:_and long-term,2.661128
False,mean,False,mean,VM7,3e+19,QM1,CSR,0.1,0.26,short-term_:_and long-term,2.596289
False,mean,False,mean,VM7,3e+19,QM1,MSSA,0.1,0.26,short-term_:_and long-term,2.620064
True,mean,False,mean,VM7,3e+19,QM1,GFZ,0.1,0.26,short-term_:_and long-term,2.55897
True,mean,False,mean,VM7,3e+19,QM1,JPL,0.1,0.26,short-term_:_and long-term,2.648132
True,mean,False,mean,VM7,3e+19,QM1,CSR,0.1,0.26,short-term_:_and long-term,2.584469
True,mean,False,mean,VM7,3e+19,QM1,MSSA,0.1,0.26,short-term_:_and long-term,2.605943
False,mean,False,lower,VM7,3e+19,QM1,GFZ,0.1,0.26,short-term_:_and long-term,2.58766
False,mean,False,lower,VM7,3e+19,QM1,JPL,0.1,0.26,short-term_:_and long-term,2.677576
False,mean,False,lower,VM7,3e+19,QM1,CSR,0.1,0.26,short-term_:_and long-term,2.614049
False,mean,False,lower,VM7,3e+19,QM1,MSSA,0.1,0.26,short-term_:_and long-term,2.636853
True,mean,False,lower,VM7,3e+19,QM1,GFZ,0.1,0.26,short-term_:_and long-term,2.574809
True,mean,False,lower,VM7,3e+19,QM1,JPL,0.1,0.26,short-term_:_and long-term,2.66365
True,mean,False,lower,VM7,3e+19,QM1,CSR,0.1,0.26,short-term_:_and long-term,2.600242
True,mean,False,lower,VM7,3e+19,QM1,MSSA,0.1,0.26,short-term_:_and long-term,2.622166
False,mean,False,upper,VM7,3e+19,QM1,GFZ,0.1,0.26,short-term_:_and long-term,2.554143
False,mean,False,upper,VM7,3e+19,QM1,JPL,0.1,0.26,short-term_:_and long-term,2.642263
False,mean,False,upper,VM7,3e+19,QM1,CSR,0.1,0.26,short-term_:_and long-term,2.577229
False,mean,False,upper,VM7,3e+19,QM1,MSSA,0.1,0.26,short-term_:_and long-term,2.600448
True,mean,False,upper,VM7,3e+19,QM1,GFZ,0.1,0.26,short-term_:_and long-term,2.541583
True,mean,False,upper,VM7,3e+19,QM1,JPL,0.1,0.26,short-term_:_and long-term,2.631476
True,mean,False,upper,VM7,3e+19,QM1,CSR,0.1,0.26,short-term_:_and long-term,2.56546
True,mean,False,upper,VM7,3e+19,QM1,MSSA,0.1,0.26,short-term_:_and long-term,2.588317
False,mean,False,mean,VM7,3e+19,QM1,GFZ,0.2,0.26,short-term_:_and long-term,2.511161
False,mean,False,mean,VM7,3e+19,QM1,JPL,0.2,0.26,short-term_:_and long-term,2.603827
False,mean,False,mean,VM7,3e+19,QM1,CSR,0.2,0.26,short-term_:_and long-term,2.53298
False,mean,False,mean,VM7,3e+19,QM1,MSSA,0.2,0.26,short-term_:_and long-term,2.557557
True,mean,False,mean,VM7,3e+19,QM1,GFZ,0.2,0.26,short-term_:_and long-term,2.503666
True,mean,False,mean,VM7,3e+19,QM1,JPL,0.2,0.26,short-term_:_and long-term,2.597984
True,mean,False,mean,VM7,3e+19,QM1,CSR,0.2,0.26,short-term_:_and long-term,2.527314
True,mean,False,mean,VM7,3e+19,QM1,MSSA,0.2,0.26,short-term_:_and long-term,2.547606
False,mean,False,lower,VM7,3e+19,QM1,GFZ,0.2,0.26,short-term_:_and long-term,2.520689
False,mean,False,lower,VM7,3e+19,QM1,JPL,0.2,0.26,short-term_:_and long-term,2.61301
False,mean,False,lower,VM7,3e+19,QM1,CSR,0.2,0.26,short-term_:_and long-term,2.543059
False,mean,False,lower,VM7,3e+19,QM1,MSSA,0.2,0.26,short-term_:_and long-term,2.569684
True,mean,False,lower,VM7,3e+19,QM1,GFZ,0.2,0.26,short-term_:_and long-term,2.51242
True,mean,False,lower,VM7,3e+19,QM1,JPL,0.2,0.26,short-term_:_and long-term,2.606016
True,mean,False,lower,VM7,3e+19,QM1,CSR,0.2,0.26,short-term_:_and long-term,2.535011
True,mean,False,lower,VM7,3e+19,QM1,MSSA,0.2,0.26,short-term_:_and long-term,2.558936
False,mean,False,upper,VM7,3e+19,QM1,GFZ,0.2,0.26,short-term_:_and long-term,2.499857
False,mean,False,upper,VM7,3e+19,QM1,JPL,0.2,0.26,short-term_:_and long-term,2.594039
False,mean,False,upper,VM7,3e+19,QM1,CSR,0.2,0.26,short-term_:_and long-term,2.522543
False,mean,False,upper,VM7,3e+19,QM1,MSSA,0.2,0.26,short-term_:_and long-term,2.544764
True,mean,False,upper,VM7,3e+19,QM1,GFZ,0.2,0.26,short-term_:_and long-term,2.492694
True,mean,False,upper,VM7,3e+19,QM1,JPL,0.2,0.26,short-term_:_and long-term,2.587013
True,mean,False,upper,VM7,3e+19,QM1,CSR,0.2,0.26,short-term_:_and long-term,2.516354
True,mean,False,upper,VM7,3e+19,QM1,MSSA,0.2,0.26,short-term_:_and long-term,2.535722
False,mean,False,mean,VM7,3e+19,Resovsky,GFZ,0.15,0.26,short-term_:_and long-term,2.503378
False,mean,False,mean,VM7,3e+19,Resovsky,JPL,0.15,0.26,short-term_:_and long-term,2.594763
False,mean,False,mean,VM7,3e+19,Resovsky,CSR,0.15,0.26,short-term_:_and long-term,2.527759
False,mean,False,mean,VM7,3e+19,Resovsky,MSSA,0.15,0.26,short-term_:_and long-term,2.554821
True,mean,False,mean,VM7,3e+19,Resovsky,GFZ,0.15,0.26,short-term_:_and long-term,2.494338
True,mean,False,mean,VM7,3e+19,Resovsky,JPL,0.15,0.26,short-term_:_and long-term,2.584738
True,mean,False,mean,VM7,3e+19,Resovsky,CSR,0.15,0.26,short-term_:_and long-term,2.515762
True,mean,False,mean,VM7,3e+19,Resovsky,MSSA,0.15,0.26,short-term_:_and long-term,2.541857
False,mean,False,lower,VM7,3e+19,Resovsky,GFZ,0.15,0.26,short-term_:_and long-term,2.515125
False,mean,False,lower,VM7,3e+19,Resovsky,JPL,0.15,0.26,short-term_:_and long-term,2.604878
False,mean,False,lower,VM7,3e+19,Resovsky,CSR,0.15,0.26,short-term_:_and long-term,2.539817
False,mean,False,lower,VM7,3e+19,Resovsky,MSSA,0.15,0.26,short-term_:_and long-term,2.569541
True,mean,False,lower,VM7,3e+19,Resovsky,GFZ,0.15,0.26,short-term_:_and long-term,2.503972
True,mean,False,lower,VM7,3e+19,Resovsky,JPL,0.15,0.26,short-term_:_and long-term,2.595368
True,mean,False,lower,VM7,3e+19,Resovsky,CSR,0.15,0.26,short-term_:_and long-term,2.527647
True,mean,False,lower,VM7,3e+19,Resovsky,MSSA,0.15,0.26,short-term_:_and long-term,2.554309
False,mean,False,upper,VM7,3e+19,Resovsky,GFZ,0.15,0.26,short-term_:_and long-term,2.491924
False,mean,False,upper,VM7,3e+19,Resovsky,JPL,0.15,0.26,short-term_:_and long-term,2.582664
False,mean,False,upper,VM7,3e+19,Resovsky,CSR,0.15,0.26,short-term_:_and long-term,2.514059
False,mean,False,upper,VM7,3e+19,Resovsky,MSSA,0.15,0.26,short-term_:_and long-term,2.538094
True,mean,False,upper,VM7,3e+19,Resovsky,GFZ,0.15,0.26,short-term_:_and long-term,2.482905
True,mean,False,upper,VM7,3e+19,Resovsky,JPL,0.15,0.26,short-term_:_and long-term,2.572629
True,mean,False,upper,VM7,3e+19,Resovsky,CSR,0.15,0.26,short-term_:_and long-term,2.504221
True,mean,False,upper,VM7,3e+19,Resovsky,MSSA,0.15,0.26,short-term_:_and long-term,2.528027
False,mean,False,mean,VM7,3e+19,Resovsky,GFZ,0.1,0.26,short-term_:_and long-term,2.531754
False,mean,False,mean,VM7,3e+19,Resovsky,JPL,0.1,0.26,short-term_:_and long-term,2.617734
False,mean,False,mean,VM7,3e+19,Resovsky,CSR,0.1,0.26,short-term_:_and long-term,2.55598
False,mean,False,mean,VM7,3e+19,Resovsky,MSSA,0.1,0.26,short-term_:_and long-term,2.579019
True,mean,False,mean,VM7,3e+19,Resovsky,GFZ,0.1,0.26,short-term_:_and long-term,2.51763
True,mean,False,mean,VM7,3e+19,Resovsky,JPL,0.1,0.26,short-term_:_and long-term,2.606531
True,mean,False,mean,VM7,3e+19,Resovsky,CSR,0.1,0.26,short-term_:_and long-term,2.54142
True,mean,False,mean,VM7,3e+19,Resovsky,MSSA,0.1,0.26,short-term_:_and long-term,2.563996
False,mean,False,lower,VM7,3e+19,Resovsky,GFZ,0.1,0.26,short-term_:_and long-term,2.547058
False,mean,False,lower,VM7,3e+19,Resovsky,JPL,0.1,0.26,short-term_:_and long-term,2.632578
False,mean,False,lower,VM7,3e+19,Resovsky,CSR,0.1,0.26,short-term_:_and long-term,2.570229
False,mean,False,lower,VM7,3e+19,Resovsky,MSSA,0.1,0.26,short-term_:_and long-term,2.594582
True,mean,False,lower,VM7,3e+19,Resovsky,GFZ,0.1,0.26,short-term_:_and long-term,2.531375
True,mean,False,lower,VM7,3e+19,Resovsky,JPL,0.1,0.26,short-term_:_and long-term,2.617939
True,mean,False,lower,VM7,3e+19,Resovsky,CSR,0.1,0.26,short-term_:_and long-term,2.555652
True,mean,False,lower,VM7,3e+19,Resovsky,MSSA,0.1,0.26,short-term_:_and long-term,2.579402
False,mean,False,upper,VM7,3e+19,Resovsky,GFZ,0.1,0.26,short-term_:_and long-term,2.516275
False,mean,False,upper,VM7,3e+19,Resovsky,JPL,0.1,0.26,short-term_:_and long-term,2.604695
False,mean,False,upper,VM7,3e+19,Resovsky,CSR,0.1,0.26,short-term_:_and long-term,2.538477
False,mean,False,upper,VM7,3e+19,Resovsky,MSSA,0.1,0.26,short-term_:_and long-term,2.561922
True,mean,False,upper,VM7,3e+19,Resovsky,GFZ,0.1,0.26,short-term_:_and long-term,2.502811
True,mean,False,upper,VM7,3e+19,Resovsky,JPL,0.1,0.26,short-term_:_and long-term,2.591911
True,mean,False,upper,VM7,3e+19,Resovsky,CSR,0.1,0.26,short-term_:_and long-term,2.527143
True,mean,False,upper,VM7,3e+19,Resovsky,MSSA,0.1,0.26,short-term_:_and long-term,2.551161
False,mean,False,mean,VM7,3e+19,Resovsky,GFZ,0.2,0.26,short-term_:_and long-term,2.482838
False,mean,False,mean,VM7,3e+19,Resovsky,JPL,0.2,0.26,short-term_:_and long-term,2.572539
False,mean,False,mean,VM7,3e+19,Resovsky,CSR,0.2,0.26,short-term_:_and long-term,2.505316
False,mean,False,mean,VM7,3e+19,Resovsky,MSSA,0.2,0.26,short-term_:_and long-term,2.530943
True,mean,False,mean,VM7,3e+19,Resovsky,GFZ,0.2,0.26,short-term_:_and long-term,2.474534
True,mean,False,mean,VM7,3e+19,Resovsky,JPL,0.2,0.26,short-term_:_and long-term,2.566216
True,mean,False,mean,VM7,3e+19,Resovsky,CSR,0.2,0.26,short-term_:_and long-term,2.497394
True,mean,False,mean,VM7,3e+19,Resovsky,MSSA,0.2,0.26,short-term_:_and long-term,2.52174
False,mean,False,lower,VM7,3e+19,Resovsky,GFZ,0.2,0.26,short-term_:_and long-term,2.491967
False,mean,False,lower,VM7,3e+19,Resovsky,JPL,0.2,0.26,short-term_:_and long-term,2.581852
False,mean,False,lower,VM7,3e+19,Resovsky,CSR,0.2,0.26,short-term_:_and long-term,2.512765
False,mean,False,lower,VM7,3e+19,Resovsky,MSSA,0.2,0.26,short-term_:_and long-term,2.542536
True,mean,False,lower,VM7,3e+19,Resovsky,GFZ,0.2,0.26,short-term_:_and long-term,2.482332
True,mean,False,lower,VM7,3e+19,Resovsky,JPL,0.2,0.26,short-term_:_and long-term,2.57302
True,mean,False,lower,VM7,3e+19,Resovsky,CSR,0.2,0.26,short-term_:_and long-term,2.505899
True,mean,False,lower,VM7,3e+19,Resovsky,MSSA,0.2,0.26,short-term_:_and long-term,2.530233
False,mean,False,upper,VM7,3e+19,Resovsky,GFZ,0.2,0.26,short-term_:_and long-term,2.472132
False,mean,False,upper,VM7,3e+19,Resovsky,JPL,0.2,0.26,short-term_:_and long-term,2.563428
False,mean,False,upper,VM7,3e+19,Resovsky,CSR,0.2,0.26,short-term_:_and long-term,2.494796
False,mean,False,upper,VM7,3e+19,Resovsky,MSSA,0.2,0.26,short-term_:_and long-term,2.519679
True,mean,False,upper,VM7,3e+19,Resovsky,GFZ,0.2,0.26,short-term_:_and long-term,2.464924
True,mean,False,upper,VM7,3e+19,Resovsky,JPL,0.2,0.26,short-term_:_and long-term,2.55515
True,mean,False,upper,VM7,3e+19,Resovsky,CSR,0.2,0.26,short-term_:_and long-term,2.48637
True,mean,False,upper,VM7,3e+19,Resovsky,MSSA,0.2,0.26,short-term_:_and long-term,2.509993
False,mean,False,mean,VM7,4.5e+20,,GFZ,,,long-term,2.130046
False,mean,False,mean,VM7,4.5e+20,,JPL,,,long-term,2.208742
False,mean,False,mean,VM7,4.5e+20,,CSR,,,long-term,2.145526
False,mean,False,mean,VM7,4.5e+20,,MSSA,,,long-term,2.174317
True,mean,False,mean,VM7,4.5e+20,,GFZ,,,long-term,2.127949
True,mean,False,mean,VM7,4.5e+20,,JPL,,,long-term,2.208261
True,mean,False,mean,VM7,4.5e+20,,CSR,,,long-term,2.143052
True,mean,False,mean,VM7,4.5e+20,,MSSA,,,long-term,2.170809
False,mean,False,lower,VM7,4.5e+20,,GFZ,,,long-term,2.117302
False,mean,False,lower,VM7,4.5e+20,,JPL,,,long-term,2.195325
False,mean,False,lower,VM7,4.5e+20,,CSR,,,long-term,2.131106
False,mean,False,lower,VM7,4.5e+20,,MSSA,,,long-term,2.163196
True,mean,False,lower,VM7,4.5e+20,,GFZ,,,long-term,2.114875
True,mean,False,lower,VM7,4.5e+20,,JPL,,,long-term,2.193556
True,mean,False,lower,VM7,4.5e+20,,CSR,,,long-term,2.128546
True,mean,False,lower,VM7,4.5e+20,,MSSA,,,long-term,2.158538
False,mean,False,upper,VM7,4.5e+20,,GFZ,,,long-term,2.140441
False,mean,False,upper,VM7,4.5e+20,,JPL,,,long-term,2.222455
False,mean,False,upper,VM7,4.5e+20,,CSR,,,long-term,2.156903
False,mean,False,upper,VM7,4.5e+20,,MSSA,,,long-term,2.183243
True,mean,False,upper,VM7,4.5e+20,,GFZ,,,long-term,2.139062
True,mean,False,upper,VM7,4.5e+20,,JPL,,,long-term,2.219682
True,mean,False,upper,VM7,4.5e+20,,CSR,,,long-term,2.154656
True,mean,False,upper,VM7,4.5e+20,,MSSA,,,long-term,2.179833
False,mean,False,mean,VM7,4.5e+20,PAR3P,GFZ,0.15,0.26,short-term_:_and long-term,2.488138
False,mean,False,mean,VM7,4.5e+20,PAR3P,JPL,0.15,0.26,short-term_:_and long-term,2.576786
False,mean,False,mean,VM7,4.5e+20,PAR3P,CSR,0.15,0.26,short-term_:_and long-term,2.507861
False,mean,False,mean,VM7,4.5e+20,PAR3P,MSSA,0.15,0.26,short-term_:_and long-term,2.539103
True,mean,False,mean,VM7,4.5e+20,PAR3P,GFZ,0.15,0.26,short-term_:_and long-term,2.480257
True,mean,False,mean,VM7,4.5e+20,PAR3P,JPL,0.15,0.26,short-term_:_and long-term,2.56997
True,mean,False,mean,VM7,4.5e+20,PAR3P,CSR,0.15,0.26,short-term_:_and long-term,2.500797
True,mean,False,mean,VM7,4.5e+20,PAR3P,MSSA,0.15,0.26,short-term_:_and long-term,2.530291
False,mean,False,lower,VM7,4.5e+20,PAR3P,GFZ,0.15,0.26,short-term_:_and long-term,2.49567
False,mean,False,lower,VM7,4.5e+20,PAR3P,JPL,0.15,0.26,short-term_:_and long-term,2.58292
False,mean,False,lower,VM7,4.5e+20,PAR3P,CSR,0.15,0.26,short-term_:_and long-term,2.516778
False,mean,False,lower,VM7,4.5e+20,PAR3P,MSSA,0.15,0.26,short-term_:_and long-term,2.548634
True,mean,False,lower,VM7,4.5e+20,PAR3P,GFZ,0.15,0.26,short-term_:_and long-term,2.488031
True,mean,False,lower,VM7,4.5e+20,PAR3P,JPL,0.15,0.26,short-term_:_and long-term,2.576057
True,mean,False,lower,VM7,4.5e+20,PAR3P,CSR,0.15,0.26,short-term_:_and long-term,2.508127
True,mean,False,lower,VM7,4.5e+20,PAR3P,MSSA,0.15,0.26,short-term_:_and long-term,2.53936
False,mean,False,upper,VM7,4.5e+20,PAR3P,GFZ,0.15,0.26,short-term_:_and long-term,2.478781
False,mean,False,upper,VM7,4.5e+20,PAR3P,JPL,0.15,0.26,short-term_:_and long-term,2.56822
False,mean,False,upper,VM7,4.5e+20,PAR3P,CSR,0.15,0.26,short-term_:_and long-term,2.497868
False,mean,False,upper,VM7,4.5e+20,PAR3P,MSSA,0.15,0.26,short-term_:_and long-term,2.527635
True,mean,False,upper,VM7,4.5e+20,PAR3P,GFZ,0.15,0.26,short-term_:_and long-term,2.470514
True,mean,False,upper,VM7,4.5e+20,PAR3P,JPL,0.15,0.26,short-term_:_and long-term,2.560668
True,mean,False,upper,VM7,4.5e+20,PAR3P,CSR,0.15,0.26,short-term_:_and long-term,2.491205
True,mean,False,upper,VM7,4.5e+20,PAR3P,MSSA,0.15,0.26,short-term_:_and long-term,2.520673
False,mean,False,mean,VM7,4.5e+20,PAR3P,GFZ,0.1,0.26,short-term_:_and long-term,2.532679
False,mean,False,mean,VM7,4.5e+20,PAR3P,JPL,0.1,0.26,short-term_:_and long-term,2.619505
False,mean,False,mean,VM7,4.5e+20,PAR3P,CSR,0.1,0.26,short-term_:_and long-term,2.553421
False,mean,False,mean,VM7,4.5e+20,PAR3P,MSSA,0.1,0.26,short-term_:_and long-term,2.588412
True,mean,False,mean,VM7,4.5e+20,PAR3P,GFZ,0.1,0.26,short-term_:_and long-term,2.522828
True,mean,False,mean,VM7,4.5e+20,PAR3P,JPL,0.1,0.26,short-term_:_and long-term,2.609643
True,mean,False,mean,VM7,4.5e+20,PAR3P,CSR,0.1,0.26,short-term_:_and long-term,2.544657
True,mean,False,mean,VM7,4.5e+20,PAR3P,MSSA,0.1,0.26,short-term_:_and long-term,2.577554
False,mean,False,lower,VM7,4.5e+20,PAR3P,GFZ,0.1,0.26,short-term_:_and long-term,2.546753
False,mean,False,lower,VM7,4.5e+20,PAR3P,JPL,0.1,0.26,short-term_:_and long-term,2.632985
False,mean,False,lower,VM7,4.5e+20,PAR3P,CSR,0.1,0.26,short-term_:_and long-term,2.569831
False,mean,False,lower,VM7,4.5e+20,PAR3P,MSSA,0.1,0.26,short-term_:_and long-term,2.603158
True,mean,False,lower,VM7,4.5e+20,PAR3P,GFZ,0.1,0.26,short-term_:_and long-term,2.535482
True,mean,False,lower,VM7,4.5e+20,PAR3P,JPL,0.1,0.26,short-term_:_and long-term,2.621194
True,mean,False,lower,VM7,4.5e+20,PAR3P,CSR,0.1,0.26,short-term_:_and long-term,2.558692
True,mean,False,lower,VM7,4.5e+20,PAR3P,MSSA,0.1,0.26,short-term_:_and long-term,2.591471
False,mean,False,upper,VM7,4.5e+20,PAR3P,GFZ,0.1,0.26,short-term_:_and long-term,2.516876
False,mean,False,upper,VM7,4.5e+20,PAR3P,JPL,0.1,0.26,short-term_:_and long-term,2.605691
False,mean,False,upper,VM7,4.5e+20,PAR3P,CSR,0.1,0.26,short-term_:_and long-term,2.537281
False,mean,False,upper,VM7,4.5e+20,PAR3P,MSSA,0.1,0.26,short-term_:_and long-term,2.570716
True,mean,False,upper,VM7,4.5e+20,PAR3P,GFZ,0.1,0.26,short-term_:_and long-term,2.507202
True,mean,False,upper,VM7,4.5e+20,PAR3P,JPL,0.1,0.26,short-term_:_and long-term,2.596744
True,mean,False,upper,VM7,4.5e+20,PAR3P,CSR,0.1,0.26,short-term_:_and long-term,2.528326
True,mean,False,upper,VM7,4.5e+20,PAR3P,MSSA,0.1,0.26,short-term_:_and long-term,2.559576
False,mean,False,mean,VM7,4.5e+20,PAR3P,GFZ,0.2,0.26,short-term_:_and long-term,2.457955
False,mean,False,mean,VM7,4.5e+20,PAR3P,JPL,0.2,0.26,short-term_:_and long-term,2.544391
False,mean,False,mean,VM7,4.5e+20,PAR3P,CSR,0.2,0.26,short-term_:_and long-term,2.478385
False,mean,False,mean,VM7,4.5e+20,PAR3P,MSSA,0.2,0.26,short-term_:_and long-term,2.509369
True,mean,False,mean,VM7,4.5e+20,PAR3P,GFZ,0.2,0.26,short-term_:_and long-term,2.452428
True,mean,False,mean,VM7,4.5e+20,PAR3P,JPL,0.2,0.26,short-term_:_and long-term,2.539154
True,mean,False,mean,VM7,4.5e+20,PAR3P,CSR,0.2,0.26,short-term_:_and long-term,2.473385
True,mean,False,mean,VM7,4.5e+20,PAR3P,MSSA,0.2,0.26,short-term_:_and long-term,2.501208
False,mean,False,lower,VM7,4.5e+20,PAR3P,GFZ,0.2,0.26,short-term_:_and long-term,2.46231
False,mean,False,lower,VM7,4.5e+20,PAR3P,JPL,0.2,0.26,short-term_:_and long-term,2.54804
False,mean,False,lower,VM7,4.5e+20,PAR3P,CSR,0.2,0.26,short-term_:_and long-term,2.483269
False,mean,False,lower,VM7,4.5e+20,PAR3P,MSSA,0.2,0.26,short-term_:_and long-term,2.515691
True,mean,False,lower,VM7,4.5e+20,PAR3P,GFZ,0.2,0.26,short-term_:_and long-term,2.455979
True,mean,False,lower,VM7,4.5e+20,PAR3P,JPL,0.2,0.26,short-term_:_and long-term,2.542242
True,mean,False,lower,VM7,4.5e+20,PAR3P,CSR,0.2,0.26,short-term_:_and long-term,2.476907
True,mean,False,lower,VM7,4.5e+20,PAR3P,MSSA,0.2,0.26,short-term_:_and long-term,2.507565
False,mean,False,upper,VM7,4.5e+20,PAR3P,GFZ,0.2,0.26,short-term_:_and long-term,2.452306
False,mean,False,upper,VM7,4.5e+20,PAR3P,JPL,0.2,0.26,short-term_:_and long-term,2.539081
False,mean,False,upper,VM7,4.5e+20,PAR3P,CSR,0.2,0.26,short-term_:_and long-term,2.473141
False,mean,False,upper,VM7,4.5e+20,PAR3P,MSSA,0.2,0.26,short-term_:_and long-term,2.501484
True,mean,False,upper,VM7,4.5e+20,PAR3P,GFZ,0.2,0.26,short-term_:_and long-term,2.446965
True,mean,False,upper,VM7,4.5e+20,PAR3P,JPL,0.2,0.26,short-term_:_and long-term,2.534115
True,mean,False,upper,VM7,4.5e+20,PAR3P,CSR,0.2,0.26,short-term_:_and long-term,2.467645
True,mean,False,upper,VM7,4.5e+20,PAR3P,MSSA,0.2,0.26,short-term_:_and long-term,2.493761
False,mean,False,mean,VM7,4.5e+20,PREM,GFZ,0.15,0.26,short-term_:_and long-term,2.517965
False,mean,False,mean,VM7,4.5e+20,PREM,JPL,0.15,0.26,short-term_:_and long-term,2.604628
False,mean,False,mean,VM7,4.5e+20,PREM,CSR,0.15,0.26,short-term_:_and long-term,2.538496
False,mean,False,mean,VM7,4.5e+20,PREM,MSSA,0.15,0.26,short-term_:_and long-term,2.573076
True,mean,False,mean,VM7,4.5e+20,PREM,GFZ,0.15,0.26,short-term_:_and long-term,2.51071
True,mean,False,mean,VM7,4.5e+20,PREM,JPL,0.15,0.26,short-term_:_and long-term,2.597979
True,mean,False,mean,VM7,4.5e+20,PREM,CSR,0.15,0.26,short-term_:_and long-term,2.529671
True,mean,False,mean,VM7,4.5e+20,PREM,MSSA,0.15,0.26,short-term_:_and long-term,2.563214
False,mean,False,lower,VM7,4.5e+20,PREM,GFZ,0.15,0.26,short-term_:_and long-term,2.529197
False,mean,False,lower,VM7,4.5e+20,PREM,JPL,0.15,0.26,short-term_:_and long-term,2.615908
False,mean,False,lower,VM7,4.5e+20,PREM,CSR,0.15,0.26,short-term_:_and long-term,2.550415
False,mean,False,lower,VM7,4.5e+20,PREM,MSSA,0.15,0.26,short-term_:_and long-term,2.586241
True,mean,False,lower,VM7,4.5e+20,PREM,GFZ,0.15,0.26,short-term_:_and long-term,2.521409
True,mean,False,lower,VM7,4.5e+20,PREM,JPL,0.15,0.26,short-term_:_and long-term,2.607432
True,mean,False,lower,VM7,4.5e+20,PREM,CSR,0.15,0.26,short-term_:_and long-term,2.541009
True,mean,False,lower,VM7,4.5e+20,PREM,MSSA,0.15,0.26,short-term_:_and long-term,2.576317
False,mean,False,upper,VM7,4.5e+20,PREM,GFZ,0.15,0.26,short-term_:_and long-term,2.505919
False,mean,False,upper,VM7,4.5e+20,PREM,JPL,0.15,0.26,short-term_:_and long-term,2.594199
False,mean,False,upper,VM7,4.5e+20,PREM,CSR,0.15,0.26,short-term_:_and long-term,2.525931
False,mean,False,upper,VM7,4.5e+20,PREM,MSSA,0.15,0.26,short-term_:_and long-term,2.559562
True,mean,False,upper,VM7,4.5e+20,PREM,GFZ,0.15,0.26,short-term_:_and long-term,2.498464
True,mean,False,upper,VM7,4.5e+20,PREM,JPL,0.15,0.26,short-term_:_and long-term,2.588558
True,mean,False,upper,VM7,4.5e+20,PREM,CSR,0.15,0.26,short-term_:_and long-term,2.518405
True,mean,False,upper,VM7,4.5e+20,PREM,MSSA,0.15,0.26,short-term_:_and long-term,2.550253
False,mean,False,mean,VM7,4.5e+20,PREM,GFZ,0.1,0.26,short-term_:_and long-term,2.562794
False,mean,False,mean,VM7,4.5e+20,PREM,JPL,0.1,0.26,short-term_:_and long-term,2.650365
False,mean,False,mean,VM7,4.5e+20,PREM,CSR,0.1,0.26,short-term_:_and long-term,2.583188
False,mean,False,mean,VM7,4.5e+20,PREM,MSSA,0.1,0.26,short-term_:_and long-term,2.621972
True,mean,False,mean,VM7,4.5e+20,PREM,GFZ,0.1,0.26,short-term_:_and long-term,2.551401
True,mean,False,mean,VM7,4.5e+20,PREM,JPL,0.1,0.26,short-term_:_and long-term,2.640155
True,mean,False,mean,VM7,4.5e+20,PREM,CSR,0.1,0.26,short-term_:_and long-term,2.573349
True,mean,False,mean,VM7,4.5e+20,PREM,MSSA,0.1,0.26,short-term_:_and long-term,2.609624
False,mean,False,lower,VM7,4.5e+20,PREM,GFZ,0.1,0.26,short-term_:_and long-term,2.580296
False,mean,False,lower,VM7,4.5e+20,PREM,JPL,0.1,0.26,short-term_:_and long-term,2.666535
False,mean,False,lower,VM7,4.5e+20,PREM,CSR,0.1,0.26,short-term_:_and long-term,2.599979
False,mean,False,lower,VM7,4.5e+20,PREM,MSSA,0.1,0.26,short-term_:_and long-term,2.640648
True,mean,False,lower,VM7,4.5e+20,PREM,GFZ,0.1,0.26,short-term_:_and long-term,2.567637
True,mean,False,lower,VM7,4.5e+20,PREM,JPL,0.1,0.26,short-term_:_and long-term,2.654191
True,mean,False,lower,VM7,4.5e+20,PREM,CSR,0.1,0.26,short-term_:_and long-term,2.588395
True,mean,False,lower,VM7,4.5e+20,PREM,MSSA,0.1,0.26,short-term_:_and long-term,2.626652
False,mean,False,upper,VM7,4.5e+20,PREM,GFZ,0.1,0.26,short-term_:_and long-term,2.543704
False,mean,False,upper,VM7,4.5e+20,PREM,JPL,0.1,0.26,short-term_:_and long-term,2.6343
False,mean,False,upper,VM7,4.5e+20,PREM,CSR,0.1,0.26,short-term_:_and long-term,2.565664
False,mean,False,upper,VM7,4.5e+20,PREM,MSSA,0.1,0.26,short-term_:_and long-term,2.601122
True,mean,False,upper,VM7,4.5e+20,PREM,GFZ,0.1,0.26,short-term_:_and long-term,2.53499
True,mean,False,upper,VM7,4.5e+20,PREM,JPL,0.1,0.26,short-term_:_and long-term,2.624715
True,mean,False,upper,VM7,4.5e+20,PREM,CSR,0.1,0.26,short-term_:_and long-term,2.555247
True,mean,False,upper,VM7,4.5e+20,PREM,MSSA,0.1,0.26,short-term_:_and long-term,2.588858
False,mean,False,mean,VM7,4.5e+20,PREM,GFZ,0.2,0.26,short-term_:_and long-term,2.486389
False,mean,False,mean,VM7,4.5e+20,PREM,JPL,0.2,0.26,short-term_:_and long-term,2.572112
False,mean,False,mean,VM7,4.5e+20,PREM,CSR,0.2,0.26,short-term_:_and long-term,2.506879
False,mean,False,mean,VM7,4.5e+20,PREM,MSSA,0.2,0.26,short-term_:_and long-term,2.539661
True,mean,False,mean,VM7,4.5e+20,PREM,GFZ,0.2,0.26,short-term_:_and long-term,2.480661
True,mean,False,mean,VM7,4.5e+20,PREM,JPL,0.2,0.26,short-term_:_and long-term,2.567925
True,mean,False,mean,VM7,4.5e+20,PREM,CSR,0.2,0.26,short-term_:_and long-term,2.501203
True,mean,False,mean,VM7,4.5e+20,PREM,MSSA,0.2,0.26,short-term_:_and long-term,2.532847
False,mean,False,lower,VM7,4.5e+20,PREM,GFZ,0.2,0.26,short-term_:_and long-term,2.492894
False,mean,False,lower,VM7,4.5e+20,PREM,JPL,0.2,0.26,short-term_:_and long-term,2.579444
False,mean,False,lower,VM7,4.5e+20,PREM,CSR,0.2,0.26,short-term_:_and long-term,2.513657
False,mean,False,lower,VM7,4.5e+20,PREM,MSSA,0.2,0.26,short-term_:_and long-term,2.54897
True,mean,False,lower,VM7,4.5e+20,PREM,GFZ,0.2,0.26,short-term_:_and long-term,2.48721
True,mean,False,lower,VM7,4.5e+20,PREM,JPL,0.2,0.26,short-term_:_and long-term,2.574073
True,mean,False,lower,VM7,4.5e+20,PREM,CSR,0.2,0.26,short-term_:_and long-term,2.507865
True,mean,False,lower,VM7,4.5e+20,PREM,MSSA,0.2,0.26,short-term_:_and long-term,2.541445
False,mean,False,upper,VM7,4.5e+20,PREM,GFZ,0.2,0.26,short-term_:_and long-term,2.477593
False,mean,False,upper,VM7,4.5e+20,PREM,JPL,0.2,0.26,short-term_:_and long-term,2.564387
False,mean,False,upper,VM7,4.5e+20,PREM,CSR,0.2,0.26,short-term_:_and long-term,2.498171
False,mean,False,upper,VM7,4.5e+20,PREM,MSSA,0.2,0.26,short-term_:_and long-term,2.529327
True,mean,False,upper,VM7,4.5e+20,PREM,GFZ,0.2,0.26,short-term_:_and long-term,2.471864
True,mean,False,upper,VM7,4.5e+20,PREM,JPL,0.2,0.26,short-term_:_and long-term,2.559056
True,mean,False,upper,VM7,4.5e+20,PREM,CSR,0.2,0.26,short-term_:_and long-term,2.493708
True,mean,False,upper,VM7,4.5e+20,PREM,MSSA,0.2,0.26,short-term_:_and long-term,2.522688
False,mean,False,mean,VM7,4.5e+20,QL6,GFZ,0.15,0.26,short-term_:_and long-term,2.473435
False,mean,False,mean,VM7,4.5e+20,QL6,JPL,0.15,0.26,short-term_:_and long-term,2.56052
False,mean,False,mean,VM7,4.5e+20,QL6,CSR,0.15,0.26,short-term_:_and long-term,2.492635
False,mean,False,mean,VM7,4.5e+20,QL6,MSSA,0.15,0.26,short-term_:_and long-term,2.526593
True,mean,False,mean,VM7,4.5e+20,QL6,GFZ,0.15,0.26,short-term_:_and long-term,2.465891
True,mean,False,mean,VM7,4.5e+20,QL6,JPL,0.15,0.26,short-term_:_and long-term,2.553886
True,mean,False,mean,VM7,4.5e+20,QL6,CSR,0.15,0.26,short-term_:_and long-term,2.485894
True,mean,False,mean,VM7,4.5e+20,QL6,MSSA,0.15,0.26,short-term_:_and long-term,2.517411
False,mean,False,lower,VM7,4.5e+20,QL6,GFZ,0.15,0.26,short-term_:_and long-term,2.481986
False,mean,False,lower,VM7,4.5e+20,QL6,JPL,0.15,0.26,short-term_:_and long-term,2.567551
False,mean,False,lower,VM7,4.5e+20,QL6,CSR,0.15,0.26,short-term_:_and long-term,2.500733
False,mean,False,lower,VM7,4.5e+20,QL6,MSSA,0.15,0.26,short-term_:_and long-term,2.536902
True,mean,False,lower,VM7,4.5e+20,QL6,GFZ,0.15,0.26,short-term_:_and long-term,2.473686
True,mean,False,lower,VM7,4.5e+20,QL6,JPL,0.15,0.26,short-term_:_and long-term,2.560069
True,mean,False,lower,VM7,4.5e+20,QL6,CSR,0.15,0.26,short-term_:_and long-term,2.492495
True,mean,False,lower,VM7,4.5e+20,QL6,MSSA,0.15,0.26,short-term_:_and long-term,2.526647
False,mean,False,upper,VM7,4.5e+20,QL6,GFZ,0.15,0.26,short-term_:_and long-term,2.463011
False,mean,False,upper,VM7,4.5e+20,QL6,JPL,0.15,0.26,short-term_:_and long-term,2.551832
False,mean,False,upper,VM7,4.5e+20,QL6,CSR,0.15,0.26,short-term_:_and long-term,2.482554
False,mean,False,upper,VM7,4.5e+20,QL6,MSSA,0.15,0.26,short-term_:_and long-term,2.514688
True,mean,False,upper,VM7,4.5e+20,QL6,GFZ,0.15,0.26,short-term_:_and long-term,2.456084
True,mean,False,upper,VM7,4.5e+20,QL6,JPL,0.15,0.26,short-term_:_and long-term,2.544839
True,mean,False,upper,VM7,4.5e+20,QL6,CSR,0.15,0.26,short-term_:_and long-term,2.475694
True,mean,False,upper,VM7,4.5e+20,QL6,MSSA,0.15,0.26,short-term_:_and long-term,2.5062
False,mean,False,mean,VM7,4.5e+20,QL6,GFZ,0.1,0.26,short-term_:_and long-term,2.509926
False,mean,False,mean,VM7,4.5e+20,QL6,JPL,0.1,0.26,short-term_:_and long-term,2.597162
False,mean,False,mean,VM7,4.5e+20,QL6,CSR,0.1,0.26,short-term_:_and long-term,2.531007
False,mean,False,mean,VM7,4.5e+20,QL6,MSSA,0.1,0.26,short-term_:_and long-term,2.566586
True,mean,False,mean,VM7,4.5e+20,QL6,GFZ,0.1,0.26,short-term_:_and long-term,2.499192
True,mean,False,mean,VM7,4.5e+20,QL6,JPL,0.1,0.26,short-term_:_and long-term,2.587239
True,mean,False,mean,VM7,4.5e+20,QL6,CSR,0.1,0.26,short-term_:_and long-term,2.520773
True,mean,False,mean,VM7,4.5e+20,QL6,MSSA,0.1,0.26,short-term_:_and long-term,2.554561
False,mean,False,lower,VM7,4.5e+20,QL6,GFZ,0.1,0.26,short-term_:_and long-term,2.523184
False,mean,False,lower,VM7,4.5e+20,QL6,JPL,0.1,0.26,short-term_:_and long-term,2.608928
False,mean,False,lower,VM7,4.5e+20,QL6,CSR,0.1,0.26,short-term_:_and long-term,2.54477
False,mean,False,lower,VM7,4.5e+20,QL6,MSSA,0.1,0.26,short-term_:_and long-term,2.581264
True,mean,False,lower,VM7,4.5e+20,QL6,GFZ,0.1,0.26,short-term_:_and long-term,2.510467
True,mean,False,lower,VM7,4.5e+20,QL6,JPL,0.1,0.26,short-term_:_and long-term,2.597787
True,mean,False,lower,VM7,4.5e+20,QL6,CSR,0.1,0.26,short-term_:_and long-term,2.534115
True,mean,False,lower,VM7,4.5e+20,QL6,MSSA,0.1,0.26,short-term_:_and long-term,2.56823
False,mean,False,upper,VM7,4.5e+20,QL6,GFZ,0.1,0.26,short-term_:_and long-term,2.495084
False,mean,False,upper,VM7,4.5e+20,QL6,JPL,0.1,0.26,short-term_:_and long-term,2.583882
False,mean,False,upper,VM7,4.5e+20,QL6,CSR,0.1,0.26,short-term_:_and long-term,2.515692
False,mean,False,upper,VM7,4.5e+20,QL6,MSSA,0.1,0.26,short-term_:_and long-term,2.548605
True,mean,False,upper,VM7,4.5e+20,QL6,GFZ,0.1,0.26,short-term_:_and long-term,2.485603
True,mean,False,upper,VM7,4.5e+20,QL6,JPL,0.1,0.26,short-term_:_and long-term,2.575377
True,mean,False,upper,VM7,4.5e+20,QL6,CSR,0.1,0.26,short-term_:_and long-term,2.507063
True,mean,False,upper,VM7,4.5e+20,QL6,MSSA,0.1,0.26,short-term_:_and long-term,2.538333
False,mean,False,mean,VM7,4.5e+20,QL6,GFZ,0.2,0.26,short-term_:_and long-term,2.444868
False,mean,False,mean,VM7,4.5e+20,QL6,JPL,0.2,0.26,short-term_:_and long-term,2.530342
False,mean,False,mean,VM7,4.5e+20,QL6,CSR,0.2,0.26,short-term_:_and long-term,2.465281
False,mean,False,mean,VM7,4.5e+20,QL6,MSSA,0.2,0.26,short-term_:_and long-term,2.497626
True,mean,False,mean,VM7,4.5e+20,QL6,GFZ,0.2,0.26,short-term_:_and long-term,2.438746
True,mean,False,mean,VM7,4.5e+20,QL6,JPL,0.2,0.26,short-term_:_and long-term,2.524975
True,mean,False,mean,VM7,4.5e+20,QL6,CSR,0.2,0.26,short-term_:_and long-term,2.459314
True,mean,False,mean,VM7,4.5e+20,QL6,MSSA,0.2,0.26,short-term_:_and long-term,2.488633
False,mean,False,lower,VM7,4.5e+20,QL6,GFZ,0.2,0.26,short-term_:_and long-term,2.45011
False,mean,False,lower,VM7,4.5e+20,QL6,JPL,0.2,0.26,short-term_:_and long-term,2.534976
False,mean,False,lower,VM7,4.5e+20,QL6,CSR,0.2,0.26,short-term_:_and long-term,2.469815
False,mean,False,lower,VM7,4.5e+20,QL6,MSSA,0.2,0.26,short-term_:_and long-term,2.505887
True,mean,False,lower,VM7,4.5e+20,QL6,GFZ,0.2,0.26,short-term_:_and long-term,2.443409
True,mean,False,lower,VM7,4.5e+20,QL6,JPL,0.2,0.26,short-term_:_and long-term,2.528653
True,mean,False,lower,VM7,4.5e+20,QL6,CSR,0.2,0.26,short-term_:_and long-term,2.464327
True,mean,False,lower,VM7,4.5e+20,QL6,MSSA,0.2,0.26,short-term_:_and long-term,2.497094
False,mean,False,upper,VM7,4.5e+20,QL6,GFZ,0.2,0.26,short-term_:_and long-term,2.438292
False,mean,False,upper,VM7,4.5e+20,QL6,JPL,0.2,0.26,short-term_:_and long-term,2.524448
False,mean,False,upper,VM7,4.5e+20,QL6,CSR,0.2,0.26,short-term_:_and long-term,2.458399
False,mean,False,upper,VM7,4.5e+20,QL6,MSSA,0.2,0.26,short-term_:_and long-term,2.486904
True,mean,False,upper,VM7,4.5e+20,QL6,GFZ,0.2,0.26,short-term_:_and long-term,2.432395
True,mean,False,upper,VM7,4.5e+20,QL6,JPL,0.2,0.26,short-term_:_and long-term,2.518812
True,mean,False,upper,VM7,4.5e+20,QL6,CSR,0.2,0.26,short-term_:_and long-term,2.452136
True,mean,False,upper,VM7,4.5e+20,QL6,MSSA,0.2,0.26,short-term_:_and long-term,2.479818
False,mean,False,mean,VM7,4.5e+20,QM1,GFZ,0.15,0.26,short-term_:_and long-term,2.515611
False,mean,False,mean,VM7,4.5e+20,QM1,JPL,0.15,0.26,short-term_:_and long-term,2.603248
False,mean,False,mean,VM7,4.5e+20,QM1,CSR,0.15,0.26,short-term_:_and long-term,2.535262
False,mean,False,mean,VM7,4.5e+20,QM1,MSSA,0.15,0.26,short-term_:_and long-term,2.563119
True,mean,False,mean,VM7,4.5e+20,QM1,GFZ,0.15,0.26,short-term_:_and long-term,2.508858
True,mean,False,mean,VM7,4.5e+20,QM1,JPL,0.15,0.26,short-term_:_and long-term,2.596684
True,mean,False,mean,VM7,4.5e+20,QM1,CSR,0.15,0.26,short-term_:_and long-term,2.528518
True,mean,False,mean,VM7,4.5e+20,QM1,MSSA,0.15,0.26,short-term_:_and long-term,2.554506
False,mean,False,lower,VM7,4.5e+20,QM1,GFZ,0.15,0.26,short-term_:_and long-term,2.525551
False,mean,False,lower,VM7,4.5e+20,QM1,JPL,0.15,0.26,short-term_:_and long-term,2.613709
False,mean,False,lower,VM7,4.5e+20,QM1,CSR,0.15,0.26,short-term_:_and long-term,2.545917
False,mean,False,lower,VM7,4.5e+20,QM1,MSSA,0.15,0.26,short-term_:_and long-term,2.575873
True,mean,False,lower,VM7,4.5e+20,QM1,GFZ,0.15,0.26,short-term_:_and long-term,2.517859
True,mean,False,lower,VM7,4.5e+20,QM1,JPL,0.15,0.26,short-term_:_and long-term,2.60685
True,mean,False,lower,VM7,4.5e+20,QM1,CSR,0.15,0.26,short-term_:_and long-term,2.538744
True,mean,False,lower,VM7,4.5e+20,QM1,MSSA,0.15,0.26,short-term_:_and long-term,2.565526
False,mean,False,upper,VM7,4.5e+20,QM1,GFZ,0.15,0.26,short-term_:_and long-term,2.504542
False,mean,False,upper,VM7,4.5e+20,QM1,JPL,0.15,0.26,short-term_:_and long-term,2.592114
False,mean,False,upper,VM7,4.5e+20,QM1,CSR,0.15,0.26,short-term_:_and long-term,2.523497
False,mean,False,upper,VM7,4.5e+20,QM1,MSSA,0.15,0.26,short-term_:_and long-term,2.55039
True,mean,False,upper,VM7,4.5e+20,QM1,GFZ,0.15,0.26,short-term_:_and long-term,2.497844
True,mean,False,upper,VM7,4.5e+20,QM1,JPL,0.15,0.26,short-term_:_and long-term,2.585774
True,mean,False,upper,VM7,4.5e+20,QM1,CSR,0.15,0.26,short-term_:_and long-term,2.516861
True,mean,False,upper,VM7,4.5e+20,QM1,MSSA,0.15,0.26,short-term_:_and long-term,2.541672
False,mean,False,mean,VM7,4.5e+20,QM1,GFZ,0.1,0.26,short-term_:_and long-term,2.549629
False,mean,False,mean,VM7,4.5e+20,QM1,JPL,0.1,0.26,short-term_:_and long-term,2.641588
False,mean,False,mean,VM7,4.5e+20,QM1,CSR,0.1,0.26,short-term_:_and long-term,2.572156
False,mean,False,mean,VM7,4.5e+20,QM1,MSSA,0.1,0.26,short-term_:_and long-term,2.600933
True,mean,False,mean,VM7,4.5e+20,QM1,GFZ,0.1,0.26,short-term_:_and long-term,2.539134
True,mean,False,mean,VM7,4.5e+20,QM1,JPL,0.1,0.26,short-term_:_and long-term,2.63167
True,mean,False,mean,VM7,4.5e+20,QM1,CSR,0.1,0.26,short-term_:_and long-term,2.562623
True,mean,False,mean,VM7,4.5e+20,QM1,MSSA,0.1,0.26,short-term_:_and long-term,2.588681
False,mean,False,lower,VM7,4.5e+20,QM1,GFZ,0.1,0.26,short-term_:_and long-term,2.566916
False,mean,False,lower,VM7,4.5e+20,QM1,JPL,0.1,0.26,short-term_:_and long-term,2.655035
False,mean,False,lower,VM7,4.5e+20,QM1,CSR,0.1,0.26,short-term_:_and long-term,2.587301
False,mean,False,lower,VM7,4.5e+20,QM1,MSSA,0.1,0.26,short-term_:_and long-term,2.621274
True,mean,False,lower,VM7,4.5e+20,QM1,GFZ,0.1,0.26,short-term_:_and long-term,2.555829
True,mean,False,lower,VM7,4.5e+20,QM1,JPL,0.1,0.26,short-term_:_and long-term,2.644588
True,mean,False,lower,VM7,4.5e+20,QM1,CSR,0.1,0.26,short-term_:_and long-term,2.575646
True,mean,False,lower,VM7,4.5e+20,QM1,MSSA,0.1,0.26,short-term_:_and long-term,2.607268
False,mean,False,upper,VM7,4.5e+20,QM1,GFZ,0.1,0.26,short-term_:_and long-term,2.532504
False,mean,False,upper,VM7,4.5e+20,QM1,JPL,0.1,0.26,short-term_:_and long-term,2.624788
False,mean,False,upper,VM7,4.5e+20,QM1,CSR,0.1,0.26,short-term_:_and long-term,2.554317
False,mean,False,upper,VM7,4.5e+20,QM1,MSSA,0.1,0.26,short-term_:_and long-term,2.582548
True,mean,False,upper,VM7,4.5e+20,QM1,GFZ,0.1,0.26,short-term_:_and long-term,2.522248
True,mean,False,upper,VM7,4.5e+20,QM1,JPL,0.1,0.26,short-term_:_and long-term,2.615059
True,mean,False,upper,VM7,4.5e+20,QM1,CSR,0.1,0.26,short-term_:_and long-term,2.544496
True,mean,False,upper,VM7,4.5e+20,QM1,MSSA,0.1,0.26,short-term_:_and long-term,2.570609
False,mean,False,mean,VM7,4.5e+20,QM1,GFZ,0.2,0.26,short-term_:_and long-term,2.486534
False,mean,False,mean,VM7,4.5e+20,QM1,JPL,0.2,0.26,short-term_:_and long-term,2.573735
False,mean,False,mean,VM7,4.5e+20,QM1,CSR,0.2,0.26,short-term_:_and long-term,2.50846
False,mean,False,mean,VM7,4.5e+20,QM1,MSSA,0.2,0.26,short-term_:_and long-term,2.536759
True,mean,False,mean,VM7,4.5e+20,QM1,GFZ,0.2,0.26,short-term_:_and long-term,2.481577
True,mean,False,mean,VM7,4.5e+20,QM1,JPL,0.2,0.26,short-term_:_and long-term,2.569103
True,mean,False,mean,VM7,4.5e+20,QM1,CSR,0.2,0.26,short-term_:_and long-term,2.503983
True,mean,False,mean,VM7,4.5e+20,QM1,MSSA,0.2,0.26,short-term_:_and long-term,2.529966
False,mean,False,lower,VM7,4.5e+20,QM1,GFZ,0.2,0.26,short-term_:_and long-term,2.493101
False,mean,False,lower,VM7,4.5e+20,QM1,JPL,0.2,0.26,short-term_:_and long-term,2.580192
False,mean,False,lower,VM7,4.5e+20,QM1,CSR,0.2,0.26,short-term_:_and long-term,2.515432
False,mean,False,lower,VM7,4.5e+20,QM1,MSSA,0.2,0.26,short-term_:_and long-term,2.544781
True,mean,False,lower,VM7,4.5e+20,QM1,GFZ,0.2,0.26,short-term_:_and long-term,2.48766
True,mean,False,lower,VM7,4.5e+20,QM1,JPL,0.2,0.26,short-term_:_and long-term,2.575171
True,mean,False,lower,VM7,4.5e+20,QM1,CSR,0.2,0.26,short-term_:_and long-term,2.510133
True,mean,False,lower,VM7,4.5e+20,QM1,MSSA,0.2,0.26,short-term_:_and long-term,2.537401
False,mean,False,upper,VM7,4.5e+20,QM1,GFZ,0.2,0.26,short-term_:_and long-term,2.479021
False,mean,False,upper,VM7,4.5e+20,QM1,JPL,0.2,0.26,short-term_:_and long-term,2.566407
False,mean,False,upper,VM7,4.5e+20,QM1,CSR,0.2,0.26,short-term_:_and long-term,2.500856
False,mean,False,upper,VM7,4.5e+20,QM1,MSSA,0.2,0.26,short-term_:_and long-term,2.527119
True,mean,False,upper,VM7,4.5e+20,QM1,GFZ,0.2,0.26,short-term_:_and long-term,2.473515
True,mean,False,upper,VM7,4.5e+20,QM1,JPL,0.2,0.26,short-term_:_and long-term,2.561529
True,mean,False,upper,VM7,4.5e+20,QM1,CSR,0.2,0.26,short-term_:_and long-term,2.495982
True,mean,False,upper,VM7,4.5e+20,QM1,MSSA,0.2,0.26,short-term_:_and long-term,2.52018
False,mean,False,mean,VM7,4.5e+20,Resovsky,GFZ,0.15,0.26,short-term_:_and long-term,2.482145
False,mean,False,mean,VM7,4.5e+20,Resovsky,JPL,0.15,0.26,short-term_:_and long-term,2.568879
False,mean,False,mean,VM7,4.5e+20,Resovsky,CSR,0.15,0.26,short-term_:_and long-term,2.502685
False,mean,False,mean,VM7,4.5e+20,Resovsky,MSSA,0.15,0.26,short-term_:_and long-term,2.532918
True,mean,False,mean,VM7,4.5e+20,Resovsky,GFZ,0.15,0.26,short-term_:_and long-term,2.474921
True,mean,False,mean,VM7,4.5e+20,Resovsky,JPL,0.15,0.26,short-term_:_and long-term,2.562412
True,mean,False,mean,VM7,4.5e+20,Resovsky,CSR,0.15,0.26,short-term_:_and long-term,2.496006
True,mean,False,mean,VM7,4.5e+20,Resovsky,MSSA,0.15,0.26,short-term_:_and long-term,2.522181
False,mean,False,lower,VM7,4.5e+20,Resovsky,GFZ,0.15,0.26,short-term_:_and long-term,2.490264
False,mean,False,lower,VM7,4.5e+20,Resovsky,JPL,0.15,0.26,short-term_:_and long-term,2.577481
False,mean,False,lower,VM7,4.5e+20,Resovsky,CSR,0.15,0.26,short-term_:_and long-term,2.511232
False,mean,False,lower,VM7,4.5e+20,Resovsky,MSSA,0.15,0.26,short-term_:_and long-term,2.54195
True,mean,False,lower,VM7,4.5e+20,Resovsky,GFZ,0.15,0.26,short-term_:_and long-term,2.482146
True,mean,False,lower,VM7,4.5e+20,Resovsky,JPL,0.15,0.26,short-term_:_and long-term,2.569362
True,mean,False,lower,VM7,4.5e+20,Resovsky,CSR,0.15,0.26,short-term_:_and long-term,2.50302
True,mean,False,lower,VM7,4.5e+20,Resovsky,MSSA,0.15,0.26,short-term_:_and long-term,2.531828
False,mean,False,upper,VM7,4.5e+20,Resovsky,GFZ,0.15,0.26,short-term_:_and long-term,2.472373
False,mean,False,upper,VM7,4.5e+20,Resovsky,JPL,0.15,0.26,short-term_:_and long-term,2.559885
False,mean,False,upper,VM7,4.5e+20,Resovsky,CSR,0.15,0.26,short-term_:_and long-term,2.493265
False,mean,False,upper,VM7,4.5e+20,Resovsky,MSSA,0.15,0.26,short-term_:_and long-term,2.519395
True,mean,False,upper,VM7,4.5e+20,Resovsky,GFZ,0.15,0.26,short-term_:_and long-term,2.464695
True,mean,False,upper,VM7,4.5e+20,Resovsky,JPL,0.15,0.26,short-term_:_and long-term,2.553684
True,mean,False,upper,VM7,4.5e+20,Resovsky,CSR,0.15,0.26,short-term_:_and long-term,2.486391
True,mean,False,upper,VM7,4.5e+20,Resovsky,MSSA,0.15,0.26,short-term_:_and long-term,2.509846
False,mean,False,mean,VM7,4.5e+20,Resovsky,GFZ,0.1,0.26,short-term_:_and long-term,2.51004
False,mean,False,mean,VM7,4.5e+20,Resovsky,JPL,0.1,0.26,short-term_:_and long-term,2.599979
False,mean,False,mean,VM7,4.5e+20,Resovsky,CSR,0.1,0.26,short-term_:_and long-term,2.531825
False,mean,False,mean,VM7,4.5e+20,Resovsky,MSSA,0.1,0.26,short-term_:_and long-term,2.561969
True,mean,False,mean,VM7,4.5e+20,Resovsky,GFZ,0.1,0.26,short-term_:_and long-term,2.499934
True,mean,False,mean,VM7,4.5e+20,Resovsky,JPL,0.1,0.26,short-term_:_and long-term,2.590953
True,mean,False,mean,VM7,4.5e+20,Resovsky,CSR,0.1,0.26,short-term_:_and long-term,2.52158
True,mean,False,mean,VM7,4.5e+20,Resovsky,MSSA,0.1,0.26,short-term_:_and long-term,2.550189
False,mean,False,lower,VM7,4.5e+20,Resovsky,GFZ,0.1,0.26,short-term_:_and long-term,2.520498
False,mean,False,lower,VM7,4.5e+20,Resovsky,JPL,0.1,0.26,short-term_:_and long-term,2.611036
False,mean,False,lower,VM7,4.5e+20,Resovsky,CSR,0.1,0.26,short-term_:_and long-term,2.542041
False,mean,False,lower,VM7,4.5e+20,Resovsky,MSSA,0.1,0.26,short-term_:_and long-term,2.576205
True,mean,False,lower,VM7,4.5e+20,Resovsky,GFZ,0.1,0.26,short-term_:_and long-term,2.509584
True,mean,False,lower,VM7,4.5e+20,Resovsky,JPL,0.1,0.26,short-term_:_and long-term,2.59959
True,mean,False,lower,VM7,4.5e+20,Resovsky,CSR,0.1,0.26,short-term_:_and long-term,2.531088
True,mean,False,lower,VM7,4.5e+20,Resovsky,MSSA,0.1,0.26,short-term_:_and long-term,2.5633
False,mean,False,upper,VM7,4.5e+20,Resovsky,GFZ,0.1,0.26,short-term_:_and long-term,2.497059
False,mean,False,upper,VM7,4.5e+20,Resovsky,JPL,0.1,0.26,short-term_:_and long-term,2.587571
False,mean,False,upper,VM7,4.5e+20,Resovsky,CSR,0.1,0.26,short-term_:_and long-term,2.518373
False,mean,False,upper,VM7,4.5e+20,Resovsky,MSSA,0.1,0.26,short-term_:_and long-term,2.547803
True,mean,False,upper,VM7,4.5e+20,Resovsky,GFZ,0.1,0.26,short-term_:_and long-term,2.487398
True,mean,False,upper,VM7,4.5e+20,Resovsky,JPL,0.1,0.26,short-term_:_and long-term,2.577725
True,mean,False,upper,VM7,4.5e+20,Resovsky,CSR,0.1,0.26,short-term_:_and long-term,2.508628
True,mean,False,upper,VM7,4.5e+20,Resovsky,MSSA,0.1,0.26,short-term_:_and long-term,2.535622
False,mean,False,mean,VM7,4.5e+20,Resovsky,GFZ,0.2,0.26,short-term_:_and long-term,2.456693
False,mean,False,mean,VM7,4.5e+20,Resovsky,JPL,0.2,0.26,short-term_:_and long-term,2.543274
False,mean,False,mean,VM7,4.5e+20,Resovsky,CSR,0.2,0.26,short-term_:_and long-term,2.479161
False,mean,False,mean,VM7,4.5e+20,Resovsky,MSSA,0.2,0.26,short-term_:_and long-term,2.507053
True,mean,False,mean,VM7,4.5e+20,Resovsky,GFZ,0.2,0.26,short-term_:_and long-term,2.451766
True,mean,False,mean,VM7,4.5e+20,Resovsky,JPL,0.2,0.26,short-term_:_and long-term,2.538086
True,mean,False,mean,VM7,4.5e+20,Resovsky,CSR,0.2,0.26,short-term_:_and long-term,2.472749
True,mean,False,mean,VM7,4.5e+20,Resovsky,MSSA,0.2,0.26,short-term_:_and long-term,2.49822
False,mean,False,lower,VM7,4.5e+20,Resovsky,GFZ,0.2,0.26,short-term_:_and long-term,2.46308
False,mean,False,lower,VM7,4.5e+20,Resovsky,JPL,0.2,0.26,short-term_:_and long-term,2.548463
False,mean,False,lower,VM7,4.5e+20,Resovsky,CSR,0.2,0.26,short-term_:_and long-term,2.484348
False,mean,False,lower,VM7,4.5e+20,Resovsky,MSSA,0.2,0.26,short-term_:_and long-term,2.513877
True,mean,False,lower,VM7,4.5e+20,Resovsky,GFZ,0.2,0.26,short-term_:_and long-term,2.456388
True,mean,False,lower,VM7,4.5e+20,Resovsky,JPL,0.2,0.26,short-term_:_and long-term,2.542004
True,mean,False,lower,VM7,4.5e+20,Resovsky,CSR,0.2,0.26,short-term_:_and long-term,2.478794
True,mean,False,lower,VM7,4.5e+20,Resovsky,MSSA,0.2,0.26,short-term_:_and long-term,2.505896
False,mean,False,upper,VM7,4.5e+20,Resovsky,GFZ,0.2,0.26,short-term_:_and long-term,2.449274
False,mean,False,upper,VM7,4.5e+20,Resovsky,JPL,0.2,0.26,short-term_:_and long-term,2.536144
False,mean,False,upper,VM7,4.5e+20,Resovsky,CSR,0.2,0.26,short-term_:_and long-term,2.471009
False,mean,False,upper,VM7,4.5e+20,Resovsky,MSSA,0.2,0.26,short-term_:_and long-term,2.496626
True,mean,False,upper,VM7,4.5e+20,Resovsky,GFZ,0.2,0.26,short-term_:_and long-term,2.443849
True,mean,False,upper,VM7,4.5e+20,Resovsky,JPL,0.2,0.26,short-term_:_and long-term,2.530899
True,mean,False,upper,VM7,4.5e+20,Resovsky,CSR,0.2,0.26,short-term_:_and long-term,2.465717
True,mean,False,upper,VM7,4.5e+20,Resovsky,MSSA,0.2,0.26,short-term_:_and long-term,2.489345
False,mean,False,mean,Lau,3e+19,,GFZ,,,long-term,2.167598
False,mean,False,mean,Lau,3e+19,,JPL,,,long-term,2.246041
False,mean,False,mean,Lau,3e+19,,CSR,,,long-term,2.18239
False,mean,False,mean,Lau,3e+19,,MSSA,,,long-term,2.205823
True,mean,False,mean,Lau,3e+19,,GFZ,,,long-term,2.163546
True,mean,False,mean,Lau,3e+19,,JPL,,,long-term,2.241513
True,mean,False,mean,Lau,3e+19,,CSR,,,long-term,2.177554
True,mean,False,mean,Lau,3e+19,,MSSA,,,long-term,2.200315
False,mean,False,lower,Lau,3e+19,,GFZ,,,long-term,2.158763
False,mean,False,lower,Lau,3e+19,,JPL,,,long-term,2.236617
False,mean,False,lower,Lau,3e+19,,CSR,,,long-term,2.17208
False,mean,False,lower,Lau,3e+19,,MSSA,,,long-term,2.198233
True,mean,False,lower,Lau,3e+19,,GFZ,,,long-term,2.152668
True,mean,False,lower,Lau,3e+19,,JPL,,,long-term,2.231089
True,mean,False,lower,Lau,3e+19,,CSR,,,long-term,2.166683
True,mean,False,lower,Lau,3e+19,,MSSA,,,long-term,2.190815
False,mean,False,upper,Lau,3e+19,,GFZ,,,long-term,2.174386
False,mean,False,upper,Lau,3e+19,,JPL,,,long-term,2.253357
False,mean,False,upper,Lau,3e+19,,CSR,,,long-term,2.190004
False,mean,False,upper,Lau,3e+19,,MSSA,,,long-term,2.212024
True,mean,False,upper,Lau,3e+19,,GFZ,,,long-term,2.17141
True,mean,False,upper,Lau,3e+19,,JPL,,,long-term,2.24855
True,mean,False,upper,Lau,3e+19,,CSR,,,long-term,2.184786
True,mean,False,upper,Lau,3e+19,,MSSA,,,long-term,2.206511
False,mean,False,mean,Lau,3e+19,PAR3P,GFZ,0.15,0.26,short-term_:_and long-term,2.512935
False,mean,False,mean,Lau,3e+19,PAR3P,JPL,0.15,0.26,short-term_:_and long-term,2.601129
False,mean,False,mean,Lau,3e+19,PAR3P,CSR,0.15,0.26,short-term_:_and long-term,2.536857
False,mean,False,mean,Lau,3e+19,PAR3P,MSSA,0.15,0.26,short-term_:_and long-term,2.566432
True,mean,False,mean,Lau,3e+19,PAR3P,GFZ,0.15,0.26,short-term_:_and long-term,2.502564
True,mean,False,mean,Lau,3e+19,PAR3P,JPL,0.15,0.26,short-term_:_and long-term,2.589271
True,mean,False,mean,Lau,3e+19,PAR3P,CSR,0.15,0.26,short-term_:_and long-term,2.524977
True,mean,False,mean,Lau,3e+19,PAR3P,MSSA,0.15,0.26,short-term_:_and long-term,2.553576
False,mean,False,lower,Lau,3e+19,PAR3P,GFZ,0.15,0.26,short-term_:_and long-term,2.526024
False,mean,False,lower,Lau,3e+19,PAR3P,JPL,0.15,0.26,short-term_:_and long-term,2.611281
False,mean,False,lower,Lau,3e+19,PAR3P,CSR,0.15,0.26,short-term_:_and long-term,2.549772
False,mean,False,lower,Lau,3e+19,PAR3P,MSSA,0.15,0.26,short-term_:_and long-term,2.578467
True,mean,False,lower,Lau,3e+19,PAR3P,GFZ,0.15,0.26,short-term_:_and long-term,2.512261
True,mean,False,lower,Lau,3e+19,PAR3P,JPL,0.15,0.26,short-term_:_and long-term,2.600241
True,mean,False,lower,Lau,3e+19,PAR3P,CSR,0.15,0.26,short-term_:_and long-term,2.537525
True,mean,False,lower,Lau,3e+19,PAR3P,MSSA,0.15,0.26,short-term_:_and long-term,2.565266
False,mean,False,upper,Lau,3e+19,PAR3P,GFZ,0.15,0.26,short-term_:_and long-term,2.499788
False,mean,False,upper,Lau,3e+19,PAR3P,JPL,0.15,0.26,short-term_:_and long-term,2.588184
False,mean,False,upper,Lau,3e+19,PAR3P,CSR,0.15,0.26,short-term_:_and long-term,2.523347
False,mean,False,upper,Lau,3e+19,PAR3P,MSSA,0.15,0.26,short-term_:_and long-term,2.551241
True,mean,False,upper,Lau,3e+19,PAR3P,GFZ,0.15,0.26,short-term_:_and long-term,2.489522
True,mean,False,upper,Lau,3e+19,PAR3P,JPL,0.15,0.26,short-term_:_and long-term,2.579497
True,mean,False,upper,Lau,3e+19,PAR3P,CSR,0.15,0.26,short-term_:_and long-term,2.512573
True,mean,False,upper,Lau,3e+19,PAR3P,MSSA,0.15,0.26,short-term_:_and long-term,2.53954
False,mean,False,mean,Lau,3e+19,PAR3P,GFZ,0.1,0.26,short-term_:_and long-term,2.553171
False,mean,False,mean,Lau,3e+19,PAR3P,JPL,0.1,0.26,short-term_:_and long-term,2.639086
False,mean,False,mean,Lau,3e+19,PAR3P,CSR,0.1,0.26,short-term_:_and long-term,2.578276
False,mean,False,mean,Lau,3e+19,PAR3P,MSSA,0.1,0.26,short-term_:_and long-term,2.605115
True,mean,False,mean,Lau,3e+19,PAR3P,GFZ,0.1,0.26,short-term_:_and long-term,2.541454
True,mean,False,mean,Lau,3e+19,PAR3P,JPL,0.1,0.26,short-term_:_and long-term,2.629222
True,mean,False,mean,Lau,3e+19,PAR3P,CSR,0.1,0.26,short-term_:_and long-term,2.567101
True,mean,False,mean,Lau,3e+19,PAR3P,MSSA,0.1,0.26,short-term_:_and long-term,2.590884
False,mean,False,lower,Lau,3e+19,PAR3P,GFZ,0.1,0.26,short-term_:_and long-term,2.56861
False,mean,False,lower,Lau,3e+19,PAR3P,JPL,0.1,0.26,short-term_:_and long-term,2.654597
False,mean,False,lower,Lau,3e+19,PAR3P,CSR,0.1,0.26,short-term_:_and long-term,2.593651
False,mean,False,lower,Lau,3e+19,PAR3P,MSSA,0.1,0.26,short-term_:_and long-term,2.622355
True,mean,False,lower,Lau,3e+19,PAR3P,GFZ,0.1,0.26,short-term_:_and long-term,2.554754
True,mean,False,lower,Lau,3e+19,PAR3P,JPL,0.1,0.26,short-term_:_and long-term,2.642174
True,mean,False,lower,Lau,3e+19,PAR3P,CSR,0.1,0.26,short-term_:_and long-term,2.580423
True,mean,False,lower,Lau,3e+19,PAR3P,MSSA,0.1,0.26,short-term_:_and long-term,2.60849
False,mean,False,upper,Lau,3e+19,PAR3P,GFZ,0.1,0.26,short-term_:_and long-term,2.537323
False,mean,False,upper,Lau,3e+19,PAR3P,JPL,0.1,0.26,short-term_:_and long-term,2.623878
False,mean,False,upper,Lau,3e+19,PAR3P,CSR,0.1,0.26,short-term_:_and long-term,2.562218
False,mean,False,upper,Lau,3e+19,PAR3P,MSSA,0.1,0.26,short-term_:_and long-term,2.588455
True,mean,False,upper,Lau,3e+19,PAR3P,GFZ,0.1,0.26,short-term_:_and long-term,2.526104
True,mean,False,upper,Lau,3e+19,PAR3P,JPL,0.1,0.26,short-term_:_and long-term,2.613516
True,mean,False,upper,Lau,3e+19,PAR3P,CSR,0.1,0.26,short-term_:_and long-term,2.549649
True,mean,False,upper,Lau,3e+19,PAR3P,MSSA,0.1,0.26,short-term_:_and long-term,2.575211
False,mean,False,mean,Lau,3e+19,PAR3P,GFZ,0.2,0.26,short-term_:_and long-term,2.484976
False,mean,False,mean,Lau,3e+19,PAR3P,JPL,0.2,0.26,short-term_:_and long-term,2.575823
False,mean,False,mean,Lau,3e+19,PAR3P,CSR,0.2,0.26,short-term_:_and long-term,2.507785
False,mean,False,mean,Lau,3e+19,PAR3P,MSSA,0.2,0.26,short-term_:_and long-term,2.534653
True,mean,False,mean,Lau,3e+19,PAR3P,GFZ,0.2,0.26,short-term_:_and long-term,2.47648
True,mean,False,mean,Lau,3e+19,PAR3P,JPL,0.2,0.26,short-term_:_and long-term,2.566425
True,mean,False,mean,Lau,3e+19,PAR3P,CSR,0.2,0.26,short-term_:_and long-term,2.497114
True,mean,False,mean,Lau,3e+19,PAR3P,MSSA,0.2,0.26,short-term_:_and long-term,2.522899
False,mean,False,lower,Lau,3e+19,PAR3P,GFZ,0.2,0.26,short-term_:_and long-term,2.491919
False,mean,False,lower,Lau,3e+19,PAR3P,JPL,0.2,0.26,short-term_:_and long-term,2.582111
False,mean,False,lower,Lau,3e+19,PAR3P,CSR,0.2,0.26,short-term_:_and long-term,2.5171
False,mean,False,lower,Lau,3e+19,PAR3P,MSSA,0.2,0.26,short-term_:_and long-term,2.544113
True,mean,False,lower,Lau,3e+19,PAR3P,GFZ,0.2,0.26,short-term_:_and long-term,2.483481
True,mean,False,lower,Lau,3e+19,PAR3P,JPL,0.2,0.26,short-term_:_and long-term,2.573807
True,mean,False,lower,Lau,3e+19,PAR3P,CSR,0.2,0.26,short-term_:_and long-term,2.504755
True,mean,False,lower,Lau,3e+19,PAR3P,MSSA,0.2,0.26,short-term_:_and long-term,2.532686
False,mean,False,upper,Lau,3e+19,PAR3P,GFZ,0.2,0.26,short-term_:_and long-term,2.476474
False,mean,False,upper,Lau,3e+19,PAR3P,JPL,0.2,0.26,short-term_:_and long-term,2.566787
False,mean,False,upper,Lau,3e+19,PAR3P,CSR,0.2,0.26,short-term_:_and long-term,2.497659
False,mean,False,upper,Lau,3e+19,PAR3P,MSSA,0.2,0.26,short-term_:_and long-term,2.523903
True,mean,False,upper,Lau,3e+19,PAR3P,GFZ,0.2,0.26,short-term_:_and long-term,2.467195
True,mean,False,upper,Lau,3e+19,PAR3P,JPL,0.2,0.26,short-term_:_and long-term,2.558526
True,mean,False,upper,Lau,3e+19,PAR3P,CSR,0.2,0.26,short-term_:_and long-term,2.488168
True,mean,False,upper,Lau,3e+19,PAR3P,MSSA,0.2,0.26,short-term_:_and long-term,2.513647
False,mean,False,mean,Lau,3e+19,PREM,GFZ,0.15,0.26,short-term_:_and long-term,2.544493
False,mean,False,mean,Lau,3e+19,PREM,JPL,0.15,0.26,short-term_:_and long-term,2.633491
False,mean,False,mean,Lau,3e+19,PREM,CSR,0.15,0.26,short-term_:_and long-term,2.568966
False,mean,False,mean,Lau,3e+19,PREM,MSSA,0.15,0.26,short-term_:_and long-term,2.59846
True,mean,False,mean,Lau,3e+19,PREM,GFZ,0.15,0.26,short-term_:_and long-term,2.534051
True,mean,False,mean,Lau,3e+19,PREM,JPL,0.15,0.26,short-term_:_and long-term,2.621647
True,mean,False,mean,Lau,3e+19,PREM,CSR,0.15,0.26,short-term_:_and long-term,2.556466
True,mean,False,mean,Lau,3e+19,PREM,MSSA,0.15,0.26,short-term_:_and long-term,2.5869
False,mean,False,lower,Lau,3e+19,PREM,GFZ,0.15,0.26,short-term_:_and long-term,2.559318
False,mean,False,lower,Lau,3e+19,PREM,JPL,0.15,0.26,short-term_:_and long-term,2.647128
False,mean,False,lower,Lau,3e+19,PREM,CSR,0.15,0.26,short-term_:_and long-term,2.583692
False,mean,False,lower,Lau,3e+19,PREM,MSSA,0.15,0.26,short-term_:_and long-term,2.615172
True,mean,False,lower,Lau,3e+19,PREM,GFZ,0.15,0.26,short-term_:_and long-term,2.546433
True,mean,False,lower,Lau,3e+19,PREM,JPL,0.15,0.26,short-term_:_and long-term,2.635055
True,mean,False,lower,Lau,3e+19,PREM,CSR,0.15,0.26,short-term_:_and long-term,2.570821
True,mean,False,lower,Lau,3e+19,PREM,MSSA,0.15,0.26,short-term_:_and long-term,2.602442
False,mean,False,upper,Lau,3e+19,PREM,GFZ,0.15,0.26,short-term_:_and long-term,2.529017
False,mean,False,upper,Lau,3e+19,PREM,JPL,0.15,0.26,short-term_:_and long-term,2.617779
False,mean,False,upper,Lau,3e+19,PREM,CSR,0.15,0.26,short-term_:_and long-term,2.552083
False,mean,False,upper,Lau,3e+19,PREM,MSSA,0.15,0.26,short-term_:_and long-term,2.582458
True,mean,False,upper,Lau,3e+19,PREM,GFZ,0.15,0.26,short-term_:_and long-term,2.517976
True,mean,False,upper,Lau,3e+19,PREM,JPL,0.15,0.26,short-term_:_and long-term,2.608638
True,mean,False,upper,Lau,3e+19,PREM,CSR,0.15,0.26,short-term_:_and long-term,2.540793
True,mean,False,upper,Lau,3e+19,PREM,MSSA,0.15,0.26,short-term_:_and long-term,2.570478
False,mean,False,mean,Lau,3e+19,PREM,GFZ,0.1,0.26,short-term_:_and long-term,2.583571
False,mean,False,mean,Lau,3e+19,PREM,JPL,0.1,0.26,short-term_:_and long-term,2.673138
False,mean,False,mean,Lau,3e+19,PREM,CSR,0.1,0.26,short-term_:_and long-term,2.610424
False,mean,False,mean,Lau,3e+19,PREM,MSSA,0.1,0.26,short-term_:_and long-term,2.641953
True,mean,False,mean,Lau,3e+19,PREM,GFZ,0.1,0.26,short-term_:_and long-term,2.571493
True,mean,False,mean,Lau,3e+19,PREM,JPL,0.1,0.26,short-term_:_and long-term,2.659395
True,mean,False,mean,Lau,3e+19,PREM,CSR,0.1,0.26,short-term_:_and long-term,2.598258
True,mean,False,mean,Lau,3e+19,PREM,MSSA,0.1,0.26,short-term_:_and long-term,2.626176
False,mean,False,lower,Lau,3e+19,PREM,GFZ,0.1,0.26,short-term_:_and long-term,2.602249
False,mean,False,lower,Lau,3e+19,PREM,JPL,0.1,0.26,short-term_:_and long-term,2.690831
False,mean,False,lower,Lau,3e+19,PREM,CSR,0.1,0.26,short-term_:_and long-term,2.628769
False,mean,False,lower,Lau,3e+19,PREM,MSSA,0.1,0.26,short-term_:_and long-term,2.661242
True,mean,False,lower,Lau,3e+19,PREM,GFZ,0.1,0.26,short-term_:_and long-term,2.586262
True,mean,False,lower,Lau,3e+19,PREM,JPL,0.1,0.26,short-term_:_and long-term,2.676152
True,mean,False,lower,Lau,3e+19,PREM,CSR,0.1,0.26,short-term_:_and long-term,2.61377
True,mean,False,lower,Lau,3e+19,PREM,MSSA,0.1,0.26,short-term_:_and long-term,2.646
False,mean,False,upper,Lau,3e+19,PREM,GFZ,0.1,0.26,short-term_:_and long-term,2.565717
False,mean,False,upper,Lau,3e+19,PREM,JPL,0.1,0.26,short-term_:_and long-term,2.653457
False,mean,False,upper,Lau,3e+19,PREM,CSR,0.1,0.26,short-term_:_and long-term,2.590948
False,mean,False,upper,Lau,3e+19,PREM,MSSA,0.1,0.26,short-term_:_and long-term,2.620195
True,mean,False,upper,Lau,3e+19,PREM,GFZ,0.1,0.26,short-term_:_and long-term,2.553292
True,mean,False,upper,Lau,3e+19,PREM,JPL,0.1,0.26,short-term_:_and long-term,2.640632
True,mean,False,upper,Lau,3e+19,PREM,CSR,0.1,0.26,short-term_:_and long-term,2.577014
True,mean,False,upper,Lau,3e+19,PREM,MSSA,0.1,0.26,short-term_:_and long-term,2.605533
False,mean,False,mean,Lau,3e+19,PREM,GFZ,0.2,0.26,short-term_:_and long-term,2.514429
False,mean,False,mean,Lau,3e+19,PREM,JPL,0.2,0.26,short-term_:_and long-term,2.605567
False,mean,False,mean,Lau,3e+19,PREM,CSR,0.2,0.26,short-term_:_and long-term,2.535854
False,mean,False,mean,Lau,3e+19,PREM,MSSA,0.2,0.26,short-term_:_and long-term,2.568751
True,mean,False,mean,Lau,3e+19,PREM,GFZ,0.2,0.26,short-term_:_and long-term,2.505931
True,mean,False,mean,Lau,3e+19,PREM,JPL,0.2,0.26,short-term_:_and long-term,2.598374
True,mean,False,mean,Lau,3e+19,PREM,CSR,0.2,0.26,short-term_:_and long-term,2.528252
True,mean,False,mean,Lau,3e+19,PREM,MSSA,0.2,0.26,short-term_:_and long-term,2.558242
False,mean,False,lower,Lau,3e+19,PREM,GFZ,0.2,0.26,short-term_:_and long-term,2.523995
False,mean,False,lower,Lau,3e+19,PREM,JPL,0.2,0.26,short-term_:_and long-term,2.614347
False,mean,False,lower,Lau,3e+19,PREM,CSR,0.2,0.26,short-term_:_and long-term,2.547456
False,mean,False,lower,Lau,3e+19,PREM,MSSA,0.2,0.26,short-term_:_and long-term,2.581194
True,mean,False,lower,Lau,3e+19,PREM,GFZ,0.2,0.26,short-term_:_and long-term,2.515812
True,mean,False,lower,Lau,3e+19,PREM,JPL,0.2,0.26,short-term_:_and long-term,2.607525
True,mean,False,lower,Lau,3e+19,PREM,CSR,0.2,0.26,short-term_:_and long-term,2.537379
True,mean,False,lower,Lau,3e+19,PREM,MSSA,0.2,0.26,short-term_:_and long-term,2.570327
False,mean,False,upper,Lau,3e+19,PREM,GFZ,0.2,0.26,short-term_:_and long-term,2.503425
False,mean,False,upper,Lau,3e+19,PREM,JPL,0.2,0.26,short-term_:_and long-term,2.594777
False,mean,False,upper,Lau,3e+19,PREM,CSR,0.2,0.26,short-term_:_and long-term,2.52441
False,mean,False,upper,Lau,3e+19,PREM,MSSA,0.2,0.26,short-term_:_and long-term,2.554341
True,mean,False,upper,Lau,3e+19,PREM,GFZ,0.2,0.26,short-term_:_and long-term,2.494136
True,mean,False,upper,Lau,3e+19,PREM,JPL,0.2,0.26,short-term_:_and long-term,2.585682
True,mean,False,upper,Lau,3e+19,PREM,CSR,0.2,0.26,short-term_:_and long-term,2.516461
True,mean,False,upper,Lau,3e+19,PREM,MSSA,0.2,0.26,short-term_:_and long-term,2.544149
False,mean,False,mean,Lau,3e+19,QL6,GFZ,0.15,0.26,short-term_:_and long-term,2.505703
False,mean,False,mean,Lau,3e+19,QL6,JPL,0.15,0.26,short-term_:_and long-term,2.592071
False,mean,False,mean,Lau,3e+19,QL6,CSR,0.15,0.26,short-term_:_and long-term,2.526874
False,mean,False,mean,Lau,3e+19,QL6,MSSA,0.15,0.26,short-term_:_and long-term,2.557076
True,mean,False,mean,Lau,3e+19,QL6,GFZ,0.15,0.26,short-term_:_and long-term,2.492862
True,mean,False,mean,Lau,3e+19,QL6,JPL,0.15,0.26,short-term_:_and long-term,2.579472
True,mean,False,mean,Lau,3e+19,QL6,CSR,0.15,0.26,short-term_:_and long-term,2.516161
True,mean,False,mean,Lau,3e+19,QL6,MSSA,0.15,0.26,short-term_:_and long-term,2.546447
False,mean,False,lower,Lau,3e+19,QL6,GFZ,0.15,0.26,short-term_:_and long-term,2.517802
False,mean,False,lower,Lau,3e+19,QL6,JPL,0.15,0.26,short-term_:_and long-term,2.603458
False,mean,False,lower,Lau,3e+19,QL6,CSR,0.15,0.26,short-term_:_and long-term,2.54078
False,mean,False,lower,Lau,3e+19,QL6,MSSA,0.15,0.26,short-term_:_and long-term,2.571428
True,mean,False,lower,Lau,3e+19,QL6,GFZ,0.15,0.26,short-term_:_and long-term,2.504474
True,mean,False,lower,Lau,3e+19,QL6,JPL,0.15,0.26,short-term_:_and long-term,2.589858
True,mean,False,lower,Lau,3e+19,QL6,CSR,0.15,0.26,short-term_:_and long-term,2.52647
True,mean,False,lower,Lau,3e+19,QL6,MSSA,0.15,0.26,short-term_:_and long-term,2.558103
False,mean,False,upper,Lau,3e+19,QL6,GFZ,0.15,0.26,short-term_:_and long-term,2.490534
False,mean,False,upper,Lau,3e+19,QL6,JPL,0.15,0.26,short-term_:_and long-term,2.577907
False,mean,False,upper,Lau,3e+19,QL6,CSR,0.15,0.26,short-term_:_and long-term,2.514364
False,mean,False,upper,Lau,3e+19,QL6,MSSA,0.15,0.26,short-term_:_and long-term,2.543762
True,mean,False,upper,Lau,3e+19,QL6,GFZ,0.15,0.26,short-term_:_and long-term,2.479244
True,mean,False,upper,Lau,3e+19,QL6,JPL,0.15,0.26,short-term_:_and long-term,2.56804
True,mean,False,upper,Lau,3e+19,QL6,CSR,0.15,0.26,short-term_:_and long-term,2.501358
True,mean,False,upper,Lau,3e+19,QL6,MSSA,0.15,0.26,short-term_:_and long-term,2.530968
False,mean,False,mean,Lau,3e+19,QL6,GFZ,0.1,0.26,short-term_:_and long-term,2.538882
False,mean,False,mean,Lau,3e+19,QL6,JPL,0.1,0.26,short-term_:_and long-term,2.623731
False,mean,False,mean,Lau,3e+19,QL6,CSR,0.1,0.26,short-term_:_and long-term,2.562319
False,mean,False,mean,Lau,3e+19,QL6,MSSA,0.1,0.26,short-term_:_and long-term,2.589434
True,mean,False,mean,Lau,3e+19,QL6,GFZ,0.1,0.26,short-term_:_and long-term,2.525547
True,mean,False,mean,Lau,3e+19,QL6,JPL,0.1,0.26,short-term_:_and long-term,2.609604
True,mean,False,mean,Lau,3e+19,QL6,CSR,0.1,0.26,short-term_:_and long-term,2.547637
True,mean,False,mean,Lau,3e+19,QL6,MSSA,0.1,0.26,short-term_:_and long-term,2.57301
False,mean,False,lower,Lau,3e+19,QL6,GFZ,0.1,0.26,short-term_:_and long-term,2.551166
False,mean,False,lower,Lau,3e+19,QL6,JPL,0.1,0.26,short-term_:_and long-term,2.637491
False,mean,False,lower,Lau,3e+19,QL6,CSR,0.1,0.26,short-term_:_and long-term,2.579422
False,mean,False,lower,Lau,3e+19,QL6,MSSA,0.1,0.26,short-term_:_and long-term,2.606951
True,mean,False,lower,Lau,3e+19,QL6,GFZ,0.1,0.26,short-term_:_and long-term,2.537704
True,mean,False,lower,Lau,3e+19,QL6,JPL,0.1,0.26,short-term_:_and long-term,2.623584
True,mean,False,lower,Lau,3e+19,QL6,CSR,0.1,0.26,short-term_:_and long-term,2.562649
True,mean,False,lower,Lau,3e+19,QL6,MSSA,0.1,0.26,short-term_:_and long-term,2.591078
False,mean,False,upper,Lau,3e+19,QL6,GFZ,0.1,0.26,short-term_:_and long-term,2.523362
False,mean,False,upper,Lau,3e+19,QL6,JPL,0.1,0.26,short-term_:_and long-term,2.606732
False,mean,False,upper,Lau,3e+19,QL6,CSR,0.1,0.26,short-term_:_and long-term,2.544962
False,mean,False,upper,Lau,3e+19,QL6,MSSA,0.1,0.26,short-term_:_and long-term,2.569942
True,mean,False,upper,Lau,3e+19,QL6,GFZ,0.1,0.26,short-term_:_and long-term,2.509587
True,mean,False,upper,Lau,3e+19,QL6,JPL,0.1,0.26,short-term_:_and long-term,2.594362
True,mean,False,upper,Lau,3e+19,QL6,CSR,0.1,0.26,short-term_:_and long-term,2.532316
True,mean,False,upper,Lau,3e+19,QL6,MSSA,0.1,0.26,short-term_:_and long-term,2.557455
False,mean,False,mean,Lau,3e+19,QL6,GFZ,0.2,0.26,short-term_:_and long-term,2.477258
False,mean,False,mean,Lau,3e+19,QL6,JPL,0.2,0.26,short-term_:_and long-term,2.56707
False,mean,False,mean,Lau,3e+19,QL6,CSR,0.2,0.26,short-term_:_and long-term,2.499765
False,mean,False,mean,Lau,3e+19,QL6,MSSA,0.2,0.26,short-term_:_and long-term,2.53033
True,mean,False,mean,Lau,3e+19,QL6,GFZ,0.2,0.26,short-term_:_and long-term,2.468975
True,mean,False,mean,Lau,3e+19,QL6,JPL,0.2,0.26,short-term_:_and long-term,2.557884
True,mean,False,mean,Lau,3e+19,QL6,CSR,0.2,0.26,short-term_:_and long-term,2.487986
True,mean,False,mean,Lau,3e+19,QL6,MSSA,0.2,0.26,short-term_:_and long-term,2.517753
False,mean,False,lower,Lau,3e+19,QL6,GFZ,0.2,0.26,short-term_:_and long-term,2.48699
False,mean,False,lower,Lau,3e+19,QL6,JPL,0.2,0.26,short-term_:_and long-term,2.575195
False,mean,False,lower,Lau,3e+19,QL6,CSR,0.2,0.26,short-term_:_and long-term,2.509708
False,mean,False,lower,Lau,3e+19,QL6,MSSA,0.2,0.26,short-term_:_and long-term,2.542133
True,mean,False,lower,Lau,3e+19,QL6,GFZ,0.2,0.26,short-term_:_and long-term,2.477676
True,mean,False,lower,Lau,3e+19,QL6,JPL,0.2,0.26,short-term_:_and long-term,2.565502
True,mean,False,lower,Lau,3e+19,QL6,CSR,0.2,0.26,short-term_:_and long-term,2.497582
True,mean,False,lower,Lau,3e+19,QL6,MSSA,0.2,0.26,short-term_:_and long-term,2.528304
False,mean,False,upper,Lau,3e+19,QL6,GFZ,0.2,0.26,short-term_:_and long-term,2.467882
False,mean,False,upper,Lau,3e+19,QL6,JPL,0.2,0.26,short-term_:_and long-term,2.55753
False,mean,False,upper,Lau,3e+19,QL6,CSR,0.2,0.26,short-term_:_and long-term,2.487592
False,mean,False,upper,Lau,3e+19,QL6,MSSA,0.2,0.26,short-term_:_and long-term,2.516444
True,mean,False,upper,Lau,3e+19,QL6,GFZ,0.2,0.26,short-term_:_and long-term,2.458867
True,mean,False,upper,Lau,3e+19,QL6,JPL,0.2,0.26,short-term_:_and long-term,2.547367
True,mean,False,upper,Lau,3e+19,QL6,CSR,0.2,0.26,short-term_:_and long-term,2.479001
True,mean,False,upper,Lau,3e+19,QL6,MSSA,0.2,0.26,short-term_:_and long-term,2.506717
False,mean,False,mean,Lau,3e+19,QM1,GFZ,0.15,0.26,short-term_:_and long-term,2.539396
False,mean,False,mean,Lau,3e+19,QM1,JPL,0.15,0.26,short-term_:_and long-term,2.62936
False,mean,False,mean,Lau,3e+19,QM1,CSR,0.15,0.26,short-term_:_and long-term,2.56364
False,mean,False,mean,Lau,3e+19,QM1,MSSA,0.15,0.26,short-term_:_and long-term,2.588881
True,mean,False,mean,Lau,3e+19,QM1,GFZ,0.15,0.26,short-term_:_and long-term,2.528547
True,mean,False,mean,Lau,3e+19,QM1,JPL,0.15,0.26,short-term_:_and long-term,2.620513
True,mean,False,mean,Lau,3e+19,QM1,CSR,0.15,0.26,short-term_:_and long-term,2.553509
True,mean,False,mean,Lau,3e+19,QM1,MSSA,0.15,0.26,short-term_:_and long-term,2.577004
False,mean,False,lower,Lau,3e+19,QM1,GFZ,0.15,0.26,short-term_:_and long-term,2.554547
False,mean,False,lower,Lau,3e+19,QM1,JPL,0.15,0.26,short-term_:_and long-term,2.644693
False,mean,False,lower,Lau,3e+19,QM1,CSR,0.15,0.26,short-term_:_and long-term,2.578227
False,mean,False,lower,Lau,3e+19,QM1,MSSA,0.15,0.26,short-term_:_and long-term,2.603688
True,mean,False,lower,Lau,3e+19,QM1,GFZ,0.15,0.26,short-term_:_and long-term,2.541242
True,mean,False,lower,Lau,3e+19,QM1,JPL,0.15,0.26,short-term_:_and long-term,2.633118
True,mean,False,lower,Lau,3e+19,QM1,CSR,0.15,0.26,short-term_:_and long-term,2.566517
True,mean,False,lower,Lau,3e+19,QM1,MSSA,0.15,0.26,short-term_:_and long-term,2.590664
False,mean,False,upper,Lau,3e+19,QM1,GFZ,0.15,0.26,short-term_:_and long-term,2.523849
False,mean,False,upper,Lau,3e+19,QM1,JPL,0.15,0.26,short-term_:_and long-term,2.615795
False,mean,False,upper,Lau,3e+19,QM1,CSR,0.15,0.26,short-term_:_and long-term,2.548237
False,mean,False,upper,Lau,3e+19,QM1,MSSA,0.15,0.26,short-term_:_and long-term,2.57199
True,mean,False,upper,Lau,3e+19,QM1,GFZ,0.15,0.26,short-term_:_and long-term,2.513759
True,mean,False,upper,Lau,3e+19,QM1,JPL,0.15,0.26,short-term_:_and long-term,2.608375
True,mean,False,upper,Lau,3e+19,QM1,CSR,0.15,0.26,short-term_:_and long-term,2.537212
True,mean,False,upper,Lau,3e+19,QM1,MSSA,0.15,0.26,short-term_:_and long-term,2.559687
False,mean,False,mean,Lau,3e+19,QM1,GFZ,0.1,0.26,short-term_:_and long-term,2.571912
False,mean,False,mean,Lau,3e+19,QM1,JPL,0.1,0.26,short-term_:_and long-term,2.661755
False,mean,False,mean,Lau,3e+19,QM1,CSR,0.1,0.26,short-term_:_and long-term,2.597446
False,mean,False,mean,Lau,3e+19,QM1,MSSA,0.1,0.26,short-term_:_and long-term,2.620817
True,mean,False,mean,Lau,3e+19,QM1,GFZ,0.1,0.26,short-term_:_and long-term,2.560523
True,mean,False,mean,Lau,3e+19,QM1,JPL,0.1,0.26,short-term_:_and long-term,2.649008
True,mean,False,mean,Lau,3e+19,QM1,CSR,0.1,0.26,short-term_:_and long-term,2.585389
True,mean,False,mean,Lau,3e+19,QM1,MSSA,0.1,0.26,short-term_:_and long-term,2.607634
False,mean,False,lower,Lau,3e+19,QM1,GFZ,0.1,0.26,short-term_:_and long-term,2.589045
False,mean,False,lower,Lau,3e+19,QM1,JPL,0.1,0.26,short-term_:_and long-term,2.678401
False,mean,False,lower,Lau,3e+19,QM1,CSR,0.1,0.26,short-term_:_and long-term,2.61402
False,mean,False,lower,Lau,3e+19,QM1,MSSA,0.1,0.26,short-term_:_and long-term,2.63829
True,mean,False,lower,Lau,3e+19,QM1,GFZ,0.1,0.26,short-term_:_and long-term,2.575205
True,mean,False,lower,Lau,3e+19,QM1,JPL,0.1,0.26,short-term_:_and long-term,2.664463
True,mean,False,lower,Lau,3e+19,QM1,CSR,0.1,0.26,short-term_:_and long-term,2.601863
True,mean,False,lower,Lau,3e+19,QM1,MSSA,0.1,0.26,short-term_:_and long-term,2.622773
False,mean,False,upper,Lau,3e+19,QM1,GFZ,0.1,0.26,short-term_:_and long-term,2.554694
False,mean,False,upper,Lau,3e+19,QM1,JPL,0.1,0.26,short-term_:_and long-term,2.643364
False,mean,False,upper,Lau,3e+19,QM1,CSR,0.1,0.26,short-term_:_and long-term,2.579059
False,mean,False,upper,Lau,3e+19,QM1,MSSA,0.1,0.26,short-term_:_and long-term,2.601804
True,mean,False,upper,Lau,3e+19,QM1,GFZ,0.1,0.26,short-term_:_and long-term,2.542418
True,mean,False,upper,Lau,3e+19,QM1,JPL,0.1,0.26,short-term_:_and long-term,2.631609
True,mean,False,upper,Lau,3e+19,QM1,CSR,0.1,0.26,short-term_:_and long-term,2.565351
True,mean,False,upper,Lau,3e+19,QM1,MSSA,0.1,0.26,short-term_:_and long-term,2.588979
False,mean,False,mean,Lau,3e+19,QM1,GFZ,0.2,0.26,short-term_:_and long-term,2.51366
False,mean,False,mean,Lau,3e+19,QM1,JPL,0.2,0.26,short-term_:_and long-term,2.606516
False,mean,False,mean,Lau,3e+19,QM1,CSR,0.2,0.26,short-term_:_and long-term,2.535881
False,mean,False,mean,Lau,3e+19,QM1,MSSA,0.2,0.26,short-term_:_and long-term,2.5607
True,mean,False,mean,Lau,3e+19,QM1,GFZ,0.2,0.26,short-term_:_and long-term,2.505103
True,mean,False,mean,Lau,3e+19,QM1,JPL,0.2,0.26,short-term_:_and long-term,2.599787
True,mean,False,mean,Lau,3e+19,QM1,CSR,0.2,0.26,short-term_:_and long-term,2.527989
True,mean,False,mean,Lau,3e+19,QM1,MSSA,0.2,0.26,short-term_:_and long-term,2.550618
False,mean,False,lower,Lau,3e+19,QM1,GFZ,0.2,0.26,short-term_:_and long-term,2.522586
False,mean,False,lower,Lau,3e+19,QM1,JPL,0.2,0.26,short-term_:_and long-term,2.61684
False,mean,False,lower,Lau,3e+19,QM1,CSR,0.2,0.26,short-term_:_and long-term,2.546747
False,mean,False,lower,Lau,3e+19,QM1,MSSA,0.2,0.26,short-term_:_and long-term,2.571845
True,mean,False,lower,Lau,3e+19,QM1,GFZ,0.2,0.26,short-term_:_and long-term,2.514538
True,mean,False,lower,Lau,3e+19,QM1,JPL,0.2,0.26,short-term_:_and long-term,2.607434
True,mean,False,lower,Lau,3e+19,QM1,CSR,0.2,0.26,short-term_:_and long-term,2.536569
True,mean,False,lower,Lau,3e+19,QM1,MSSA,0.2,0.26,short-term_:_and long-term,2.561864
False,mean,False,upper,Lau,3e+19,QM1,GFZ,0.2,0.26,short-term_:_and long-term,2.502026
False,mean,False,upper,Lau,3e+19,QM1,JPL,0.2,0.26,short-term_:_and long-term,2.595862
False,mean,False,upper,Lau,3e+19,QM1,CSR,0.2,0.26,short-term_:_and long-term,2.52431
False,mean,False,upper,Lau,3e+19,QM1,MSSA,0.2,0.26,short-term_:_and long-term,2.547896
True,mean,False,upper,Lau,3e+19,QM1,GFZ,0.2,0.26,short-term_:_and long-term,2.494368
True,mean,False,upper,Lau,3e+19,QM1,JPL,0.2,0.26,short-term_:_and long-term,2.588659
True,mean,False,upper,Lau,3e+19,QM1,CSR,0.2,0.26,short-term_:_and long-term,2.518334
True,mean,False,upper,Lau,3e+19,QM1,MSSA,0.2,0.26,short-term_:_and long-term,2.537356
False,mean,False,mean,Lau,3e+19,Resovsky,GFZ,0.15,0.26,short-term_:_and long-term,2.505943
False,mean,False,mean,Lau,3e+19,Resovsky,JPL,0.15,0.26,short-term_:_and long-term,2.596923
False,mean,False,mean,Lau,3e+19,Resovsky,CSR,0.15,0.26,short-term_:_and long-term,2.530292
False,mean,False,mean,Lau,3e+19,Resovsky,MSSA,0.15,0.26,short-term_:_and long-term,2.558135
True,mean,False,mean,Lau,3e+19,Resovsky,GFZ,0.15,0.26,short-term_:_and long-term,2.495661
True,mean,False,mean,Lau,3e+19,Resovsky,JPL,0.15,0.26,short-term_:_and long-term,2.586969
True,mean,False,mean,Lau,3e+19,Resovsky,CSR,0.15,0.26,short-term_:_and long-term,2.519051
True,mean,False,mean,Lau,3e+19,Resovsky,MSSA,0.15,0.26,short-term_:_and long-term,2.543653
False,mean,False,lower,Lau,3e+19,Resovsky,GFZ,0.15,0.26,short-term_:_and long-term,2.518067
False,mean,False,lower,Lau,3e+19,Resovsky,JPL,0.15,0.26,short-term_:_and long-term,2.606713
False,mean,False,lower,Lau,3e+19,Resovsky,CSR,0.15,0.26,short-term_:_and long-term,2.543093
False,mean,False,lower,Lau,3e+19,Resovsky,MSSA,0.15,0.26,short-term_:_and long-term,2.571637
True,mean,False,lower,Lau,3e+19,Resovsky,GFZ,0.15,0.26,short-term_:_and long-term,2.505464
True,mean,False,lower,Lau,3e+19,Resovsky,JPL,0.15,0.26,short-term_:_and long-term,2.597146
True,mean,False,lower,Lau,3e+19,Resovsky,CSR,0.15,0.26,short-term_:_and long-term,2.529477
True,mean,False,lower,Lau,3e+19,Resovsky,MSSA,0.15,0.26,short-term_:_and long-term,2.557212
False,mean,False,upper,Lau,3e+19,Resovsky,GFZ,0.15,0.26,short-term_:_and long-term,2.493237
False,mean,False,upper,Lau,3e+19,Resovsky,JPL,0.15,0.26,short-term_:_and long-term,2.584693
False,mean,False,upper,Lau,3e+19,Resovsky,CSR,0.15,0.26,short-term_:_and long-term,2.515698
False,mean,False,upper,Lau,3e+19,Resovsky,MSSA,0.15,0.26,short-term_:_and long-term,2.541282
True,mean,False,upper,Lau,3e+19,Resovsky,GFZ,0.15,0.26,short-term_:_and long-term,2.483738
True,mean,False,upper,Lau,3e+19,Resovsky,JPL,0.15,0.26,short-term_:_and long-term,2.574879
True,mean,False,upper,Lau,3e+19,Resovsky,CSR,0.15,0.26,short-term_:_and long-term,2.504739
True,mean,False,upper,Lau,3e+19,Resovsky,MSSA,0.15,0.26,short-term_:_and long-term,2.529383
False,mean,False,mean,Lau,3e+19,Resovsky,GFZ,0.1,0.26,short-term_:_and long-term,2.534452
False,mean,False,mean,Lau,3e+19,Resovsky,JPL,0.1,0.26,short-term_:_and long-term,2.620537
False,mean,False,mean,Lau,3e+19,Resovsky,CSR,0.1,0.26,short-term_:_and long-term,2.558499
False,mean,False,mean,Lau,3e+19,Resovsky,MSSA,0.1,0.26,short-term_:_and long-term,2.58153
True,mean,False,mean,Lau,3e+19,Resovsky,GFZ,0.1,0.26,short-term_:_and long-term,2.520298
True,mean,False,mean,Lau,3e+19,Resovsky,JPL,0.1,0.26,short-term_:_and long-term,2.608069
True,mean,False,mean,Lau,3e+19,Resovsky,CSR,0.1,0.26,short-term_:_and long-term,2.542806
True,mean,False,mean,Lau,3e+19,Resovsky,MSSA,0.1,0.26,short-term_:_and long-term,2.565824
False,mean,False,lower,Lau,3e+19,Resovsky,GFZ,0.1,0.26,short-term_:_and long-term,2.549503
False,mean,False,lower,Lau,3e+19,Resovsky,JPL,0.1,0.26,short-term_:_and long-term,2.634907
False,mean,False,lower,Lau,3e+19,Resovsky,CSR,0.1,0.26,short-term_:_and long-term,2.571542
False,mean,False,lower,Lau,3e+19,Resovsky,MSSA,0.1,0.26,short-term_:_and long-term,2.596663
True,mean,False,lower,Lau,3e+19,Resovsky,GFZ,0.1,0.26,short-term_:_and long-term,2.534161
True,mean,False,lower,Lau,3e+19,Resovsky,JPL,0.1,0.26,short-term_:_and long-term,2.620571
True,mean,False,lower,Lau,3e+19,Resovsky,CSR,0.1,0.26,short-term_:_and long-term,2.558028
True,mean,False,lower,Lau,3e+19,Resovsky,MSSA,0.1,0.26,short-term_:_and long-term,2.580612
False,mean,False,upper,Lau,3e+19,Resovsky,GFZ,0.1,0.26,short-term_:_and long-term,2.517838
False,mean,False,upper,Lau,3e+19,Resovsky,JPL,0.1,0.26,short-term_:_and long-term,2.605886
False,mean,False,upper,Lau,3e+19,Resovsky,CSR,0.1,0.26,short-term_:_and long-term,2.541807
False,mean,False,upper,Lau,3e+19,Resovsky,MSSA,0.1,0.26,short-term_:_and long-term,2.563553
True,mean,False,upper,Lau,3e+19,Resovsky,GFZ,0.1,0.26,short-term_:_and long-term,2.504311
True,mean,False,upper,Lau,3e+19,Resovsky,JPL,0.1,0.26,short-term_:_and long-term,2.592918
True,mean,False,upper,Lau,3e+19,Resovsky,CSR,0.1,0.26,short-term_:_and long-term,2.528231
True,mean,False,upper,Lau,3e+19,Resovsky,MSSA,0.1,0.26,short-term_:_and long-term,2.553294
False,mean,False,mean,Lau,3e+19,Resovsky,GFZ,0.2,0.26,short-term_:_and long-term,2.48569
False,mean,False,mean,Lau,3e+19,Resovsky,JPL,0.2,0.26,short-term_:_and long-term,2.57536
False,mean,False,mean,Lau,3e+19,Resovsky,CSR,0.2,0.26,short-term_:_and long-term,2.50675
False,mean,False,mean,Lau,3e+19,Resovsky,MSSA,0.2,0.26,short-term_:_and long-term,2.533909
True,mean,False,mean,Lau,3e+19,Resovsky,GFZ,0.2,0.26,short-term_:_and long-term,2.476535
True,mean,False,mean,Lau,3e+19,Resovsky,JPL,0.2,0.26,short-term_:_and long-term,2.567367
True,mean,False,mean,Lau,3e+19,Resovsky,CSR,0.2,0.26,short-term_:_and long-term,2.499676
True,mean,False,mean,Lau,3e+19,Resovsky,MSSA,0.2,0.26,short-term_:_and long-term,2.523676
False,mean,False,lower,Lau,3e+19,Resovsky,GFZ,0.2,0.26,short-term_:_and long-term,2.494496
False,mean,False,lower,Lau,3e+19,Resovsky,JPL,0.2,0.26,short-term_:_and long-term,2.585719
False,mean,False,lower,Lau,3e+19,Resovsky,CSR,0.2,0.26,short-term_:_and long-term,2.515208
False,mean,False,lower,Lau,3e+19,Resovsky,MSSA,0.2,0.26,short-term_:_and long-term,2.545892
True,mean,False,lower,Lau,3e+19,Resovsky,GFZ,0.2,0.26,short-term_:_and long-term,2.484636
True,mean,False,lower,Lau,3e+19,Resovsky,JPL,0.2,0.26,short-term_:_and long-term,2.575472
True,mean,False,lower,Lau,3e+19,Resovsky,CSR,0.2,0.26,short-term_:_and long-term,2.507072
True,mean,False,lower,Lau,3e+19,Resovsky,MSSA,0.2,0.26,short-term_:_and long-term,2.532839
False,mean,False,upper,Lau,3e+19,Resovsky,GFZ,0.2,0.26,short-term_:_and long-term,2.474299
False,mean,False,upper,Lau,3e+19,Resovsky,JPL,0.2,0.26,short-term_:_and long-term,2.565041
False,mean,False,upper,Lau,3e+19,Resovsky,CSR,0.2,0.26,short-term_:_and long-term,2.497069
False,mean,False,upper,Lau,3e+19,Resovsky,MSSA,0.2,0.26,short-term_:_and long-term,2.521771
True,mean,False,upper,Lau,3e+19,Resovsky,GFZ,0.2,0.26,short-term_:_and long-term,2.46659
True,mean,False,upper,Lau,3e+19,Resovsky,JPL,0.2,0.26,short-term_:_and long-term,2.55767
True,mean,False,upper,Lau,3e+19,Resovsky,CSR,0.2,0.26,short-term_:_and long-term,2.488436
True,mean,False,upper,Lau,3e+19,Resovsky,MSSA,0.2,0.26,short-term_:_and long-term,2.511546
False,mean,False,mean,Lau,3e+20,,GFZ,,,long-term,2.135583
False,mean,False,mean,Lau,3e+20,,JPL,,,long-term,2.21501
False,mean,False,mean,Lau,3e+20,,CSR,,,long-term,2.151918
False,mean,False,mean,Lau,3e+20,,MSSA,,,long-term,2.178995
True,mean,False,mean,Lau,3e+20,,GFZ,,,long-term,2.133191
True,mean,False,mean,Lau,3e+20,,JPL,,,long-term,2.212285
True,mean,False,mean,Lau,3e+20,,CSR,,,long-term,2.149056
True,mean,False,mean,Lau,3e+20,,MSSA,,,long-term,2.175007
False,mean,False,lower,Lau,3e+20,,GFZ,,,long-term,2.122998
False,mean,False,lower,Lau,3e+20,,JPL,,,long-term,2.201233
False,mean,False,lower,Lau,3e+20,,CSR,,,long-term,2.137483
False,mean,False,lower,Lau,3e+20,,MSSA,,,long-term,2.167322
True,mean,False,lower,Lau,3e+20,,GFZ,,,long-term,2.119707
True,mean,False,lower,Lau,3e+20,,JPL,,,long-term,2.19852
True,mean,False,lower,Lau,3e+20,,CSR,,,long-term,2.134048
True,mean,False,lower,Lau,3e+20,,MSSA,,,long-term,2.162451
False,mean,False,upper,Lau,3e+20,,GFZ,,,long-term,2.145437
False,mean,False,upper,Lau,3e+20,,JPL,,,long-term,2.225332
False,mean,False,upper,Lau,3e+20,,CSR,,,long-term,2.16316
False,mean,False,upper,Lau,3e+20,,MSSA,,,long-term,2.187654
True,mean,False,upper,Lau,3e+20,,GFZ,,,long-term,2.142667
True,mean,False,upper,Lau,3e+20,,JPL,,,long-term,2.223132
True,mean,False,upper,Lau,3e+20,,CSR,,,long-term,2.160538
True,mean,False,upper,Lau,3e+20,,MSSA,,,long-term,2.183647
False,mean,False,mean,Lau,3e+20,PAR3P,GFZ,0.15,0.26,short-term_:_and long-term,2.490027
False,mean,False,mean,Lau,3e+20,PAR3P,JPL,0.15,0.26,short-term_:_and long-term,2.578819
False,mean,False,mean,Lau,3e+20,PAR3P,CSR,0.15,0.26,short-term_:_and long-term,2.51057
False,mean,False,mean,Lau,3e+20,PAR3P,MSSA,0.15,0.26,short-term_:_and long-term,2.542645
True,mean,False,mean,Lau,3e+20,PAR3P,GFZ,0.15,0.26,short-term_:_and long-term,2.482437
True,mean,False,mean,Lau,3e+20,PAR3P,JPL,0.15,0.26,short-term_:_and long-term,2.570469
True,mean,False,mean,Lau,3e+20,PAR3P,CSR,0.15,0.26,short-term_:_and long-term,2.502125
True,mean,False,mean,Lau,3e+20,PAR3P,MSSA,0.15,0.26,short-term_:_and long-term,2.531994
False,mean,False,lower,Lau,3e+20,PAR3P,GFZ,0.15,0.26,short-term_:_and long-term,2.49815
False,mean,False,lower,Lau,3e+20,PAR3P,JPL,0.15,0.26,short-term_:_and long-term,2.586465
False,mean,False,lower,Lau,3e+20,PAR3P,CSR,0.15,0.26,short-term_:_and long-term,2.518751
False,mean,False,lower,Lau,3e+20,PAR3P,MSSA,0.15,0.26,short-term_:_and long-term,2.552286
True,mean,False,lower,Lau,3e+20,PAR3P,GFZ,0.15,0.26,short-term_:_and long-term,2.489458
True,mean,False,lower,Lau,3e+20,PAR3P,JPL,0.15,0.26,short-term_:_and long-term,2.578497
True,mean,False,lower,Lau,3e+20,PAR3P,CSR,0.15,0.26,short-term_:_and long-term,2.509735
True,mean,False,lower,Lau,3e+20,PAR3P,MSSA,0.15,0.26,short-term_:_and long-term,2.541609
False,mean,False,upper,Lau,3e+20,PAR3P,GFZ,0.15,0.26,short-term_:_and long-term,2.480633
False,mean,False,upper,Lau,3e+20,PAR3P,JPL,0.15,0.26,short-term_:_and long-term,2.569599
False,mean,False,upper,Lau,3e+20,PAR3P,CSR,0.15,0.26,short-term_:_and long-term,2.500871
False,mean,False,upper,Lau,3e+20,PAR3P,MSSA,0.15,0.26,short-term_:_and long-term,2.530667
True,mean,False,upper,Lau,3e+20,PAR3P,GFZ,0.15,0.26,short-term_:_and long-term,2.472683
True,mean,False,upper,Lau,3e+20,PAR3P,JPL,0.15,0.26,short-term_:_and long-term,2.562876
True,mean,False,upper,Lau,3e+20,PAR3P,CSR,0.15,0.26,short-term_:_and long-term,2.492703
True,mean,False,upper,Lau,3e+20,PAR3P,MSSA,0.15,0.26,short-term_:_and long-term,2.520428
False,mean,False,mean,Lau,3e+20,PAR3P,GFZ,0.1,0.26,short-term_:_and long-term,2.53486
False,mean,False,mean,Lau,3e+20,PAR3P,JPL,0.1,0.26,short-term_:_and long-term,2.620618
False,mean,False,mean,Lau,3e+20,PAR3P,CSR,0.1,0.26,short-term_:_and long-term,2.55724
False,mean,False,mean,Lau,3e+20,PAR3P,MSSA,0.1,0.26,short-term_:_and long-term,2.58913
True,mean,False,mean,Lau,3e+20,PAR3P,GFZ,0.1,0.26,short-term_:_and long-term,2.523906
True,mean,False,mean,Lau,3e+20,PAR3P,JPL,0.1,0.26,short-term_:_and long-term,2.610097
True,mean,False,mean,Lau,3e+20,PAR3P,CSR,0.1,0.26,short-term_:_and long-term,2.54682
True,mean,False,mean,Lau,3e+20,PAR3P,MSSA,0.1,0.26,short-term_:_and long-term,2.578149
False,mean,False,lower,Lau,3e+20,PAR3P,GFZ,0.1,0.26,short-term_:_and long-term,2.54889
False,mean,False,lower,Lau,3e+20,PAR3P,JPL,0.1,0.26,short-term_:_and long-term,2.634483
False,mean,False,lower,Lau,3e+20,PAR3P,CSR,0.1,0.26,short-term_:_and long-term,2.571405
False,mean,False,lower,Lau,3e+20,PAR3P,MSSA,0.1,0.26,short-term_:_and long-term,2.605504
True,mean,False,lower,Lau,3e+20,PAR3P,GFZ,0.1,0.26,short-term_:_and long-term,2.537496
True,mean,False,lower,Lau,3e+20,PAR3P,JPL,0.1,0.26,short-term_:_and long-term,2.623165
True,mean,False,lower,Lau,3e+20,PAR3P,CSR,0.1,0.26,short-term_:_and long-term,2.559951
True,mean,False,lower,Lau,3e+20,PAR3P,MSSA,0.1,0.26,short-term_:_and long-term,2.593336
False,mean,False,upper,Lau,3e+20,PAR3P,GFZ,0.1,0.26,short-term_:_and long-term,2.5182
False,mean,False,upper,Lau,3e+20,PAR3P,JPL,0.1,0.26,short-term_:_and long-term,2.605976
False,mean,False,upper,Lau,3e+20,PAR3P,CSR,0.1,0.26,short-term_:_and long-term,2.53952
False,mean,False,upper,Lau,3e+20,PAR3P,MSSA,0.1,0.26,short-term_:_and long-term,2.572633
True,mean,False,upper,Lau,3e+20,PAR3P,GFZ,0.1,0.26,short-term_:_and long-term,2.508294
True,mean,False,upper,Lau,3e+20,PAR3P,JPL,0.1,0.26,short-term_:_and long-term,2.596559
True,mean,False,upper,Lau,3e+20,PAR3P,CSR,0.1,0.26,short-term_:_and long-term,2.529844
True,mean,False,upper,Lau,3e+20,PAR3P,MSSA,0.1,0.26,short-term_:_and long-term,2.560735
False,mean,False,mean,Lau,3e+20,PAR3P,GFZ,0.2,0.26,short-term_:_and long-term,2.461465
False,mean,False,mean,Lau,3e+20,PAR3P,JPL,0.2,0.26,short-term_:_and long-term,2.548601
False,mean,False,mean,Lau,3e+20,PAR3P,CSR,0.2,0.26,short-term_:_and long-term,2.481859
False,mean,False,mean,Lau,3e+20,PAR3P,MSSA,0.2,0.26,short-term_:_and long-term,2.510707
True,mean,False,mean,Lau,3e+20,PAR3P,GFZ,0.2,0.26,short-term_:_and long-term,2.455408
True,mean,False,mean,Lau,3e+20,PAR3P,JPL,0.2,0.26,short-term_:_and long-term,2.541949
True,mean,False,mean,Lau,3e+20,PAR3P,CSR,0.2,0.26,short-term_:_and long-term,2.4749
True,mean,False,mean,Lau,3e+20,PAR3P,MSSA,0.2,0.26,short-term_:_and long-term,2.502549
False,mean,False,lower,Lau,3e+20,PAR3P,GFZ,0.2,0.26,short-term_:_and long-term,2.466098
False,mean,False,lower,Lau,3e+20,PAR3P,JPL,0.2,0.26,short-term_:_and long-term,2.5521
False,mean,False,lower,Lau,3e+20,PAR3P,CSR,0.2,0.26,short-term_:_and long-term,2.486593
False,mean,False,lower,Lau,3e+20,PAR3P,MSSA,0.2,0.26,short-term_:_and long-term,2.516818
True,mean,False,lower,Lau,3e+20,PAR3P,GFZ,0.2,0.26,short-term_:_and long-term,2.459153
True,mean,False,lower,Lau,3e+20,PAR3P,JPL,0.2,0.26,short-term_:_and long-term,2.545924
True,mean,False,lower,Lau,3e+20,PAR3P,CSR,0.2,0.26,short-term_:_and long-term,2.47858
True,mean,False,lower,Lau,3e+20,PAR3P,MSSA,0.2,0.26,short-term_:_and long-term,2.508834
False,mean,False,upper,Lau,3e+20,PAR3P,GFZ,0.2,0.26,short-term_:_and long-term,2.454984
False,mean,False,upper,Lau,3e+20,PAR3P,JPL,0.2,0.26,short-term_:_and long-term,2.54258
False,mean,False,upper,Lau,3e+20,PAR3P,CSR,0.2,0.26,short-term_:_and long-term,2.475159
False,mean,False,upper,Lau,3e+20,PAR3P,MSSA,0.2,0.26,short-term_:_and long-term,2.502783
True,mean,False,upper,Lau,3e+20,PAR3P,GFZ,0.2,0.26,short-term_:_and long-term,2.448646
True,mean,False,upper,Lau,3e+20,PAR3P,JPL,0.2,0.26,short-term_:_and long-term,2.535815
True,mean,False,upper,Lau,3e+20,PAR3P,CSR,0.2,0.26,short-term_:_and long-term,2.468869
True,mean,False,upper,Lau,3e+20,PAR3P,MSSA,0.2,0.26,short-term_:_and long-term,2.494467
False,mean,False,mean,Lau,3e+20,PREM,GFZ,0.15,0.26,short-term_:_and long-term,2.520884
False,mean,False,mean,Lau,3e+20,PREM,JPL,0.15,0.26,short-term_:_and long-term,2.609343
False,mean,False,mean,Lau,3e+20,PREM,CSR,0.15,0.26,short-term_:_and long-term,2.540741
False,mean,False,mean,Lau,3e+20,PREM,MSSA,0.15,0.26,short-term_:_and long-term,2.57648
True,mean,False,mean,Lau,3e+20,PREM,GFZ,0.15,0.26,short-term_:_and long-term,2.513044
True,mean,False,mean,Lau,3e+20,PREM,JPL,0.15,0.26,short-term_:_and long-term,2.601354
True,mean,False,mean,Lau,3e+20,PREM,CSR,0.15,0.26,short-term_:_and long-term,2.532449
True,mean,False,mean,Lau,3e+20,PREM,MSSA,0.15,0.26,short-term_:_and long-term,2.565152
False,mean,False,lower,Lau,3e+20,PREM,GFZ,0.15,0.26,short-term_:_and long-term,2.533291
False,mean,False,lower,Lau,3e+20,PREM,JPL,0.15,0.26,short-term_:_and long-term,2.619462
False,mean,False,lower,Lau,3e+20,PREM,CSR,0.15,0.26,short-term_:_and long-term,2.552646
False,mean,False,lower,Lau,3e+20,PREM,MSSA,0.15,0.26,short-term_:_and long-term,2.590886
True,mean,False,lower,Lau,3e+20,PREM,GFZ,0.15,0.26,short-term_:_and long-term,2.523425
True,mean,False,lower,Lau,3e+20,PREM,JPL,0.15,0.26,short-term_:_and long-term,2.611528
True,mean,False,lower,Lau,3e+20,PREM,CSR,0.15,0.26,short-term_:_and long-term,2.54289
True,mean,False,lower,Lau,3e+20,PREM,MSSA,0.15,0.26,short-term_:_and long-term,2.578154
False,mean,False,upper,Lau,3e+20,PREM,GFZ,0.15,0.26,short-term_:_and long-term,2.509096
False,mean,False,upper,Lau,3e+20,PREM,JPL,0.15,0.26,short-term_:_and long-term,2.596983
False,mean,False,upper,Lau,3e+20,PREM,CSR,0.15,0.26,short-term_:_and long-term,2.528195
False,mean,False,upper,Lau,3e+20,PREM,MSSA,0.15,0.26,short-term_:_and long-term,2.560606
True,mean,False,upper,Lau,3e+20,PREM,GFZ,0.15,0.26,short-term_:_and long-term,2.500854
True,mean,False,upper,Lau,3e+20,PREM,JPL,0.15,0.26,short-term_:_and long-term,2.589793
True,mean,False,upper,Lau,3e+20,PREM,CSR,0.15,0.26,short-term_:_and long-term,2.520525
True,mean,False,upper,Lau,3e+20,PREM,MSSA,0.15,0.26,short-term_:_and long-term,2.551087
False,mean,False,mean,Lau,3e+20,PREM,GFZ,0.1,0.26,short-term_:_and long-term,2.564987
False,mean,False,mean,Lau,3e+20,PREM,JPL,0.1,0.26,short-term_:_and long-term,2.652928
False,mean,False,mean,Lau,3e+20,PREM,CSR,0.1,0.26,short-term_:_and long-term,2.586474
False,mean,False,mean,Lau,3e+20,PREM,MSSA,0.1,0.26,short-term_:_and long-term,2.624619
True,mean,False,mean,Lau,3e+20,PREM,GFZ,0.1,0.26,short-term_:_and long-term,2.552584
True,mean,False,mean,Lau,3e+20,PREM,JPL,0.1,0.26,short-term_:_and long-term,2.640587
True,mean,False,mean,Lau,3e+20,PREM,CSR,0.1,0.26,short-term_:_and long-term,2.574766
True,mean,False,mean,Lau,3e+20,PREM,MSSA,0.1,0.26,short-term_:_and long-term,2.612005
False,mean,False,lower,Lau,3e+20,PREM,GFZ,0.1,0.26,short-term_:_and long-term,2.582229
False,mean,False,lower,Lau,3e+20,PREM,JPL,0.1,0.26,short-term_:_and long-term,2.668789
False,mean,False,lower,Lau,3e+20,PREM,CSR,0.1,0.26,short-term_:_and long-term,2.604035
False,mean,False,lower,Lau,3e+20,PREM,MSSA,0.1,0.26,short-term_:_and long-term,2.643258
True,mean,False,lower,Lau,3e+20,PREM,GFZ,0.1,0.26,short-term_:_and long-term,2.570236
True,mean,False,lower,Lau,3e+20,PREM,JPL,0.1,0.26,short-term_:_and long-term,2.656344
True,mean,False,lower,Lau,3e+20,PREM,CSR,0.1,0.26,short-term_:_and long-term,2.591745
True,mean,False,lower,Lau,3e+20,PREM,MSSA,0.1,0.26,short-term_:_and long-term,2.628145
False,mean,False,upper,Lau,3e+20,PREM,GFZ,0.1,0.26,short-term_:_and long-term,2.546782
False,mean,False,upper,Lau,3e+20,PREM,JPL,0.1,0.26,short-term_:_and long-term,2.636336
False,mean,False,upper,Lau,3e+20,PREM,CSR,0.1,0.26,short-term_:_and long-term,2.568416
False,mean,False,upper,Lau,3e+20,PREM,MSSA,0.1,0.26,short-term_:_and long-term,2.604153
True,mean,False,upper,Lau,3e+20,PREM,GFZ,0.1,0.26,short-term_:_and long-term,2.536305
True,mean,False,upper,Lau,3e+20,PREM,JPL,0.1,0.26,short-term_:_and long-term,2.625577
True,mean,False,upper,Lau,3e+20,PREM,CSR,0.1,0.26,short-term_:_and long-term,2.557134
True,mean,False,upper,Lau,3e+20,PREM,MSSA,0.1,0.26,short-term_:_and long-term,2.590591
False,mean,False,mean,Lau,3e+20,PREM,GFZ,0.2,0.26,short-term_:_and long-term,2.489505
False,mean,False,mean,Lau,3e+20,PREM,JPL,0.2,0.26,short-term_:_and long-term,2.576377
False,mean,False,mean,Lau,3e+20,PREM,CSR,0.2,0.26,short-term_:_and long-term,2.510941
False,mean,False,mean,Lau,3e+20,PREM,MSSA,0.2,0.26,short-term_:_and long-term,2.543546
True,mean,False,mean,Lau,3e+20,PREM,GFZ,0.2,0.26,short-term_:_and long-term,2.482898
True,mean,False,mean,Lau,3e+20,PREM,JPL,0.2,0.26,short-term_:_and long-term,2.569953
True,mean,False,mean,Lau,3e+20,PREM,CSR,0.2,0.26,short-term_:_and long-term,2.504191
True,mean,False,mean,Lau,3e+20,PREM,MSSA,0.2,0.26,short-term_:_and long-term,2.535513
False,mean,False,lower,Lau,3e+20,PREM,GFZ,0.2,0.26,short-term_:_and long-term,2.497097
False,mean,False,lower,Lau,3e+20,PREM,JPL,0.2,0.26,short-term_:_and long-term,2.582574
False,mean,False,lower,Lau,3e+20,PREM,CSR,0.2,0.26,short-term_:_and long-term,2.518932
False,mean,False,lower,Lau,3e+20,PREM,MSSA,0.2,0.26,short-term_:_and long-term,2.552292
True,mean,False,lower,Lau,3e+20,PREM,GFZ,0.2,0.26,short-term_:_and long-term,2.489093
True,mean,False,lower,Lau,3e+20,PREM,JPL,0.2,0.26,short-term_:_and long-term,2.576666
True,mean,False,lower,Lau,3e+20,PREM,CSR,0.2,0.26,short-term_:_and long-term,2.511904
True,mean,False,lower,Lau,3e+20,PREM,MSSA,0.2,0.26,short-term_:_and long-term,2.544284
False,mean,False,upper,Lau,3e+20,PREM,GFZ,0.2,0.26,short-term_:_and long-term,2.481222
False,mean,False,upper,Lau,3e+20,PREM,JPL,0.2,0.26,short-term_:_and long-term,2.568725
False,mean,False,upper,Lau,3e+20,PREM,CSR,0.2,0.26,short-term_:_and long-term,2.501979
False,mean,False,upper,Lau,3e+20,PREM,MSSA,0.2,0.26,short-term_:_and long-term,2.533385
True,mean,False,upper,Lau,3e+20,PREM,GFZ,0.2,0.26,short-term_:_and long-term,2.474671
True,mean,False,upper,Lau,3e+20,PREM,JPL,0.2,0.26,short-term_:_and long-term,2.562223
True,mean,False,upper,Lau,3e+20,PREM,CSR,0.2,0.26,short-term_:_and long-term,2.495943
True,mean,False,upper,Lau,3e+20,PREM,MSSA,0.2,0.26,short-term_:_and long-term,2.525561
False,mean,False,mean,Lau,3e+20,QL6,GFZ,0.15,0.26,short-term_:_and long-term,2.477413
False,mean,False,mean,Lau,3e+20,QL6,JPL,0.15,0.26,short-term_:_and long-term,2.564669
False,mean,False,mean,Lau,3e+20,QL6,CSR,0.15,0.26,short-term_:_and long-term,2.49702
False,mean,False,mean,Lau,3e+20,QL6,MSSA,0.15,0.26,short-term_:_and long-term,2.529887
True,mean,False,mean,Lau,3e+20,QL6,GFZ,0.15,0.26,short-term_:_and long-term,2.468508
True,mean,False,mean,Lau,3e+20,QL6,JPL,0.15,0.26,short-term_:_and long-term,2.557429
True,mean,False,mean,Lau,3e+20,QL6,CSR,0.15,0.26,short-term_:_and long-term,2.487773
True,mean,False,mean,Lau,3e+20,QL6,MSSA,0.15,0.26,short-term_:_and long-term,2.518963
False,mean,False,lower,Lau,3e+20,QL6,GFZ,0.15,0.26,short-term_:_and long-term,2.485643
False,mean,False,lower,Lau,3e+20,QL6,JPL,0.15,0.26,short-term_:_and long-term,2.572182
False,mean,False,lower,Lau,3e+20,QL6,CSR,0.15,0.26,short-term_:_and long-term,2.504864
False,mean,False,lower,Lau,3e+20,QL6,MSSA,0.15,0.26,short-term_:_and long-term,2.540576
True,mean,False,lower,Lau,3e+20,QL6,GFZ,0.15,0.26,short-term_:_and long-term,2.476423
True,mean,False,lower,Lau,3e+20,QL6,JPL,0.15,0.26,short-term_:_and long-term,2.56338
True,mean,False,lower,Lau,3e+20,QL6,CSR,0.15,0.26,short-term_:_and long-term,2.495118
True,mean,False,lower,Lau,3e+20,QL6,MSSA,0.15,0.26,short-term_:_and long-term,2.530005
False,mean,False,upper,Lau,3e+20,QL6,GFZ,0.15,0.26,short-term_:_and long-term,2.467032
False,mean,False,upper,Lau,3e+20,QL6,JPL,0.15,0.26,short-term_:_and long-term,2.555299
False,mean,False,upper,Lau,3e+20,QL6,CSR,0.15,0.26,short-term_:_and long-term,2.486228
False,mean,False,upper,Lau,3e+20,QL6,MSSA,0.15,0.26,short-term_:_and long-term,2.517159
True,mean,False,upper,Lau,3e+20,QL6,GFZ,0.15,0.26,short-term_:_and long-term,2.458363
True,mean,False,upper,Lau,3e+20,QL6,JPL,0.15,0.26,short-term_:_and long-term,2.547145
True,mean,False,upper,Lau,3e+20,QL6,CSR,0.15,0.26,short-term_:_and long-term,2.47797
True,mean,False,upper,Lau,3e+20,QL6,MSSA,0.15,0.26,short-term_:_and long-term,2.507028
False,mean,False,mean,Lau,3e+20,QL6,GFZ,0.1,0.26,short-term_:_and long-term,2.512211
False,mean,False,mean,Lau,3e+20,QL6,JPL,0.1,0.26,short-term_:_and long-term,2.600034
False,mean,False,mean,Lau,3e+20,QL6,CSR,0.1,0.26,short-term_:_and long-term,2.535481
False,mean,False,mean,Lau,3e+20,QL6,MSSA,0.1,0.26,short-term_:_and long-term,2.569589
True,mean,False,mean,Lau,3e+20,QL6,GFZ,0.1,0.26,short-term_:_and long-term,2.501183
True,mean,False,mean,Lau,3e+20,QL6,JPL,0.1,0.26,short-term_:_and long-term,2.589901
True,mean,False,mean,Lau,3e+20,QL6,CSR,0.1,0.26,short-term_:_and long-term,2.525151
True,mean,False,mean,Lau,3e+20,QL6,MSSA,0.1,0.26,short-term_:_and long-term,2.556614
False,mean,False,lower,Lau,3e+20,QL6,GFZ,0.1,0.26,short-term_:_and long-term,2.5253
False,mean,False,lower,Lau,3e+20,QL6,JPL,0.1,0.26,short-term_:_and long-term,2.61191
False,mean,False,lower,Lau,3e+20,QL6,CSR,0.1,0.26,short-term_:_and long-term,2.549024
False,mean,False,lower,Lau,3e+20,QL6,MSSA,0.1,0.26,short-term_:_and long-term,2.583611
True,mean,False,lower,Lau,3e+20,QL6,GFZ,0.1,0.26,short-term_:_and long-term,2.512598
True,mean,False,lower,Lau,3e+20,QL6,JPL,0.1,0.26,short-term_:_and long-term,2.599474
True,mean,False,lower,Lau,3e+20,QL6,CSR,0.1,0.26,short-term_:_and long-term,2.537003
True,mean,False,lower,Lau,3e+20,QL6,MSSA,0.1,0.26,short-term_:_and long-term,2.56987
False,mean,False,upper,Lau,3e+20,QL6,GFZ,0.1,0.26,short-term_:_and long-term,2.498268
False,mean,False,upper,Lau,3e+20,QL6,JPL,0.1,0.26,short-term_:_and long-term,2.586303
False,mean,False,upper,Lau,3e+20,QL6,CSR,0.1,0.26,short-term_:_and long-term,2.519006
False,mean,False,upper,Lau,3e+20,QL6,MSSA,0.1,0.26,short-term_:_and long-term,2.553426
True,mean,False,upper,Lau,3e+20,QL6,GFZ,0.1,0.26,short-term_:_and long-term,2.488054
True,mean,False,upper,Lau,3e+20,QL6,JPL,0.1,0.26,short-term_:_and long-term,2.576655
True,mean,False,upper,Lau,3e+20,QL6,CSR,0.1,0.26,short-term_:_and long-term,2.509188
True,mean,False,upper,Lau,3e+20,QL6,MSSA,0.1,0.26,short-term_:_and long-term,2.541148
False,mean,False,mean,Lau,3e+20,QL6,GFZ,0.2,0.26,short-term_:_and long-term,2.449139
False,mean,False,mean,Lau,3e+20,QL6,JPL,0.2,0.26,short-term_:_and long-term,2.535454
False,mean,False,mean,Lau,3e+20,QL6,CSR,0.2,0.26,short-term_:_and long-term,2.468437
False,mean,False,mean,Lau,3e+20,QL6,MSSA,0.2,0.26,short-term_:_and long-term,2.500785
True,mean,False,mean,Lau,3e+20,QL6,GFZ,0.2,0.26,short-term_:_and long-term,2.443091
True,mean,False,mean,Lau,3e+20,QL6,JPL,0.2,0.26,short-term_:_and long-term,2.528622
True,mean,False,mean,Lau,3e+20,QL6,CSR,0.2,0.26,short-term_:_and long-term,2.46238
True,mean,False,mean,Lau,3e+20,QL6,MSSA,0.2,0.26,short-term_:_and long-term,2.491867
False,mean,False,lower,Lau,3e+20,QL6,GFZ,0.2,0.26,short-term_:_and long-term,2.455107
False,mean,False,lower,Lau,3e+20,QL6,JPL,0.2,0.26,short-term_:_and long-term,2.539274
False,mean,False,lower,Lau,3e+20,QL6,CSR,0.2,0.26,short-term_:_and long-term,2.47416
False,mean,False,lower,Lau,3e+20,QL6,MSSA,0.2,0.26,short-term_:_and long-term,2.510187
True,mean,False,lower,Lau,3e+20,QL6,GFZ,0.2,0.26,short-term_:_and long-term,2.447442
True,mean,False,lower,Lau,3e+20,QL6,JPL,0.2,0.26,short-term_:_and long-term,2.532282
True,mean,False,lower,Lau,3e+20,QL6,CSR,0.2,0.26,short-term_:_and long-term,2.46699
True,mean,False,lower,Lau,3e+20,QL6,MSSA,0.2,0.26,short-term_:_and long-term,2.500048
False,mean,False,upper,Lau,3e+20,QL6,GFZ,0.2,0.26,short-term_:_and long-term,2.443018
False,mean,False,upper,Lau,3e+20,QL6,JPL,0.2,0.26,short-term_:_and long-term,2.528997
False,mean,False,upper,Lau,3e+20,QL6,CSR,0.2,0.26,short-term_:_and long-term,2.461872
False,mean,False,upper,Lau,3e+20,QL6,MSSA,0.2,0.26,short-term_:_and long-term,2.491234
True,mean,False,upper,Lau,3e+20,QL6,GFZ,0.2,0.26,short-term_:_and long-term,2.435855
True,mean,False,upper,Lau,3e+20,QL6,JPL,0.2,0.26,short-term_:_and long-term,2.522315
True,mean,False,upper,Lau,3e+20,QL6,CSR,0.2,0.26,short-term_:_and long-term,2.455098
True,mean,False,upper,Lau,3e+20,QL6,MSSA,0.2,0.26,short-term_:_and long-term,2.482572
False,mean,False,mean,Lau,3e+20,QM1,GFZ,0.15,0.26,short-term_:_and long-term,2.517621
False,mean,False,mean,Lau,3e+20,QM1,JPL,0.15,0.26,short-term_:_and long-term,2.60667
False,mean,False,mean,Lau,3e+20,QM1,CSR,0.15,0.26,short-term_:_and long-term,2.538602
False,mean,False,mean,Lau,3e+20,QM1,MSSA,0.15,0.26,short-term_:_and long-term,2.564482
True,mean,False,mean,Lau,3e+20,QM1,GFZ,0.15,0.26,short-term_:_and long-term,2.510203
True,mean,False,mean,Lau,3e+20,QM1,JPL,0.15,0.26,short-term_:_and long-term,2.599097
True,mean,False,mean,Lau,3e+20,QM1,CSR,0.15,0.26,short-term_:_and long-term,2.530301
True,mean,False,mean,Lau,3e+20,QM1,MSSA,0.15,0.26,short-term_:_and long-term,2.55483
False,mean,False,lower,Lau,3e+20,QM1,GFZ,0.15,0.26,short-term_:_and long-term,2.529788
False,mean,False,lower,Lau,3e+20,QM1,JPL,0.15,0.26,short-term_:_and long-term,2.617363
False,mean,False,lower,Lau,3e+20,QM1,CSR,0.15,0.26,short-term_:_and long-term,2.550565
False,mean,False,lower,Lau,3e+20,QM1,MSSA,0.15,0.26,short-term_:_and long-term,2.578571
True,mean,False,lower,Lau,3e+20,QM1,GFZ,0.15,0.26,short-term_:_and long-term,2.520148
True,mean,False,lower,Lau,3e+20,QM1,JPL,0.15,0.26,short-term_:_and long-term,2.609427
True,mean,False,lower,Lau,3e+20,QM1,CSR,0.15,0.26,short-term_:_and long-term,2.54171
True,mean,False,lower,Lau,3e+20,QM1,MSSA,0.15,0.26,short-term_:_and long-term,2.567034
False,mean,False,upper,Lau,3e+20,QM1,GFZ,0.15,0.26,short-term_:_and long-term,2.505696
False,mean,False,upper,Lau,3e+20,QM1,JPL,0.15,0.26,short-term_:_and long-term,2.594924
False,mean,False,upper,Lau,3e+20,QM1,CSR,0.15,0.26,short-term_:_and long-term,2.525509
False,mean,False,upper,Lau,3e+20,QM1,MSSA,0.15,0.26,short-term_:_and long-term,2.551678
True,mean,False,upper,Lau,3e+20,QM1,GFZ,0.15,0.26,short-term_:_and long-term,2.499147
True,mean,False,upper,Lau,3e+20,QM1,JPL,0.15,0.26,short-term_:_and long-term,2.587352
True,mean,False,upper,Lau,3e+20,QM1,CSR,0.15,0.26,short-term_:_and long-term,2.517912
True,mean,False,upper,Lau,3e+20,QM1,MSSA,0.15,0.26,short-term_:_and long-term,2.541983
False,mean,False,mean,Lau,3e+20,QM1,GFZ,0.1,0.26,short-term_:_and long-term,2.553618
False,mean,False,mean,Lau,3e+20,QM1,JPL,0.1,0.26,short-term_:_and long-term,2.642271
False,mean,False,mean,Lau,3e+20,QM1,CSR,0.1,0.26,short-term_:_and long-term,2.573824
False,mean,False,mean,Lau,3e+20,QM1,MSSA,0.1,0.26,short-term_:_and long-term,2.604955
True,mean,False,mean,Lau,3e+20,QM1,GFZ,0.1,0.26,short-term_:_and long-term,2.542205
True,mean,False,mean,Lau,3e+20,QM1,JPL,0.1,0.26,short-term_:_and long-term,2.633243
True,mean,False,mean,Lau,3e+20,QM1,CSR,0.1,0.26,short-term_:_and long-term,2.562936
True,mean,False,mean,Lau,3e+20,QM1,MSSA,0.1,0.26,short-term_:_and long-term,2.592251
False,mean,False,lower,Lau,3e+20,QM1,GFZ,0.1,0.26,short-term_:_and long-term,2.569436
False,mean,False,lower,Lau,3e+20,QM1,JPL,0.1,0.26,short-term_:_and long-term,2.65722
False,mean,False,lower,Lau,3e+20,QM1,CSR,0.1,0.26,short-term_:_and long-term,2.59047
False,mean,False,lower,Lau,3e+20,QM1,MSSA,0.1,0.26,short-term_:_and long-term,2.622735
True,mean,False,lower,Lau,3e+20,QM1,GFZ,0.1,0.26,short-term_:_and long-term,2.557416
True,mean,False,lower,Lau,3e+20,QM1,JPL,0.1,0.26,short-term_:_and long-term,2.645338
True,mean,False,lower,Lau,3e+20,QM1,CSR,0.1,0.26,short-term_:_and long-term,2.579141
True,mean,False,lower,Lau,3e+20,QM1,MSSA,0.1,0.26,short-term_:_and long-term,2.608012
False,mean,False,upper,Lau,3e+20,QM1,GFZ,0.1,0.26,short-term_:_and long-term,2.534451
False,mean,False,upper,Lau,3e+20,QM1,JPL,0.1,0.26,short-term_:_and long-term,2.627272
False,mean,False,upper,Lau,3e+20,QM1,CSR,0.1,0.26,short-term_:_and long-term,2.556902
False,mean,False,upper,Lau,3e+20,QM1,MSSA,0.1,0.26,short-term_:_and long-term,2.583218
True,mean,False,upper,Lau,3e+20,QM1,GFZ,0.1,0.26,short-term_:_and long-term,2.52337
True,mean,False,upper,Lau,3e+20,QM1,JPL,0.1,0.26,short-term_:_and long-term,2.617077
True,mean,False,upper,Lau,3e+20,QM1,CSR,0.1,0.26,short-term_:_and long-term,2.546716
True,mean,False,upper,Lau,3e+20,QM1,MSSA,0.1,0.26,short-term_:_and long-term,2.571906
False,mean,False,mean,Lau,3e+20,QM1,GFZ,0.2,0.26,short-term_:_and long-term,2.490807
False,mean,False,mean,Lau,3e+20,QM1,JPL,0.2,0.26,short-term_:_and long-term,2.577178
False,mean,False,mean,Lau,3e+20,QM1,CSR,0.2,0.26,short-term_:_and long-term,2.512842
False,mean,False,mean,Lau,3e+20,QM1,MSSA,0.2,0.26,short-term_:_and long-term,2.539623
True,mean,False,mean,Lau,3e+20,QM1,GFZ,0.2,0.26,short-term_:_and long-term,2.484399
True,mean,False,mean,Lau,3e+20,QM1,JPL,0.2,0.26,short-term_:_and long-term,2.572071
True,mean,False,mean,Lau,3e+20,QM1,CSR,0.2,0.26,short-term_:_and long-term,2.507267
True,mean,False,mean,Lau,3e+20,QM1,MSSA,0.2,0.26,short-term_:_and long-term,2.532305
False,mean,False,lower,Lau,3e+20,QM1,GFZ,0.2,0.26,short-term_:_and long-term,2.497427
False,mean,False,lower,Lau,3e+20,QM1,JPL,0.2,0.26,short-term_:_and long-term,2.582879
False,mean,False,lower,Lau,3e+20,QM1,CSR,0.2,0.26,short-term_:_and long-term,2.518326
False,mean,False,lower,Lau,3e+20,QM1,MSSA,0.2,0.26,short-term_:_and long-term,2.549602
True,mean,False,lower,Lau,3e+20,QM1,GFZ,0.2,0.26,short-term_:_and long-term,2.491306
True,mean,False,lower,Lau,3e+20,QM1,JPL,0.2,0.26,short-term_:_and long-term,2.576752
True,mean,False,lower,Lau,3e+20,QM1,CSR,0.2,0.26,short-term_:_and long-term,2.512966
True,mean,False,lower,Lau,3e+20,QM1,MSSA,0.2,0.26,short-term_:_and long-term,2.540563
False,mean,False,upper,Lau,3e+20,QM1,GFZ,0.2,0.26,short-term_:_and long-term,2.481479
False,mean,False,upper,Lau,3e+20,QM1,JPL,0.2,0.26,short-term_:_and long-term,2.569598
False,mean,False,upper,Lau,3e+20,QM1,CSR,0.2,0.26,short-term_:_and long-term,2.503722
False,mean,False,upper,Lau,3e+20,QM1,MSSA,0.2,0.26,short-term_:_and long-term,2.529287
True,mean,False,upper,Lau,3e+20,QM1,GFZ,0.2,0.26,short-term_:_and long-term,2.475194
True,mean,False,upper,Lau,3e+20,QM1,JPL,0.2,0.26,short-term_:_and long-term,2.564679
True,mean,False,upper,Lau,3e+20,QM1,CSR,0.2,0.26,short-term_:_and long-term,2.498495
True,mean,False,upper,Lau,3e+20,QM1,MSSA,0.2,0.26,short-term_:_and long-term,2.522236
False,mean,False,mean,Lau,3e+20,Resovsky,GFZ,0.15,0.26,short-term_:_and long-term,2.486215
False,mean,False,mean,Lau,3e+20,Resovsky,JPL,0.15,0.26,short-term_:_and long-term,2.572817
False,mean,False,mean,Lau,3e+20,Resovsky,CSR,0.15,0.26,short-term_:_and long-term,2.50527
False,mean,False,mean,Lau,3e+20,Resovsky,MSSA,0.15,0.26,short-term_:_and long-term,2.535316
True,mean,False,mean,Lau,3e+20,Resovsky,GFZ,0.15,0.26,short-term_:_and long-term,2.478065
True,mean,False,mean,Lau,3e+20,Resovsky,JPL,0.15,0.26,short-term_:_and long-term,2.565338
True,mean,False,mean,Lau,3e+20,Resovsky,CSR,0.15,0.26,short-term_:_and long-term,2.497326
True,mean,False,mean,Lau,3e+20,Resovsky,MSSA,0.15,0.26,short-term_:_and long-term,2.525103
False,mean,False,lower,Lau,3e+20,Resovsky,GFZ,0.15,0.26,short-term_:_and long-term,2.494514
False,mean,False,lower,Lau,3e+20,Resovsky,JPL,0.15,0.26,short-term_:_and long-term,2.581166
False,mean,False,lower,Lau,3e+20,Resovsky,CSR,0.15,0.26,short-term_:_and long-term,2.513886
False,mean,False,lower,Lau,3e+20,Resovsky,MSSA,0.15,0.26,short-term_:_and long-term,2.545459
True,mean,False,lower,Lau,3e+20,Resovsky,GFZ,0.15,0.26,short-term_:_and long-term,2.486476
True,mean,False,lower,Lau,3e+20,Resovsky,JPL,0.15,0.26,short-term_:_and long-term,2.572714
True,mean,False,lower,Lau,3e+20,Resovsky,CSR,0.15,0.26,short-term_:_and long-term,2.504675
True,mean,False,lower,Lau,3e+20,Resovsky,MSSA,0.15,0.26,short-term_:_and long-term,2.534397
False,mean,False,upper,Lau,3e+20,Resovsky,GFZ,0.15,0.26,short-term_:_and long-term,2.475185
False,mean,False,upper,Lau,3e+20,Resovsky,JPL,0.15,0.26,short-term_:_and long-term,2.563561
False,mean,False,upper,Lau,3e+20,Resovsky,CSR,0.15,0.26,short-term_:_and long-term,2.495695
False,mean,False,upper,Lau,3e+20,Resovsky,MSSA,0.15,0.26,short-term_:_and long-term,2.522438
True,mean,False,upper,Lau,3e+20,Resovsky,GFZ,0.15,0.26,short-term_:_and long-term,2.466747
True,mean,False,upper,Lau,3e+20,Resovsky,JPL,0.15,0.26,short-term_:_and long-term,2.555402
True,mean,False,upper,Lau,3e+20,Resovsky,CSR,0.15,0.26,short-term_:_and long-term,2.488197
True,mean,False,upper,Lau,3e+20,Resovsky,MSSA,0.15,0.26,short-term_:_and long-term,2.512793
False,mean,False,mean,Lau,3e+20,Resovsky,GFZ,0.1,0.26,short-term_:_and long-term,2.512774
False,mean,False,mean,Lau,3e+20,Resovsky,JPL,0.1,0.26,short-term_:_and long-term,2.602962
False,mean,False,mean,Lau,3e+20,Resovsky,CSR,0.1,0.26,short-term_:_and long-term,2.53402
False,mean,False,mean,Lau,3e+20,Resovsky,MSSA,0.1,0.26,short-term_:_and long-term,2.56522
True,mean,False,mean,Lau,3e+20,Resovsky,GFZ,0.1,0.26,short-term_:_and long-term,2.502735
True,mean,False,mean,Lau,3e+20,Resovsky,JPL,0.1,0.26,short-term_:_and long-term,2.593856
True,mean,False,mean,Lau,3e+20,Resovsky,CSR,0.1,0.26,short-term_:_and long-term,2.522482
True,mean,False,mean,Lau,3e+20,Resovsky,MSSA,0.1,0.26,short-term_:_and long-term,2.553029
False,mean,False,lower,Lau,3e+20,Resovsky,GFZ,0.1,0.26,short-term_:_and long-term,2.523922
False,mean,False,lower,Lau,3e+20,Resovsky,JPL,0.1,0.26,short-term_:_and long-term,2.613935
False,mean,False,lower,Lau,3e+20,Resovsky,CSR,0.1,0.26,short-term_:_and long-term,2.546302
False,mean,False,lower,Lau,3e+20,Resovsky,MSSA,0.1,0.26,short-term_:_and long-term,2.579183
True,mean,False,lower,Lau,3e+20,Resovsky,GFZ,0.1,0.26,short-term_:_and long-term,2.512855
True,mean,False,lower,Lau,3e+20,Resovsky,JPL,0.1,0.26,short-term_:_and long-term,2.602702
True,mean,False,lower,Lau,3e+20,Resovsky,CSR,0.1,0.26,short-term_:_and long-term,2.533885
True,mean,False,lower,Lau,3e+20,Resovsky,MSSA,0.1,0.26,short-term_:_and long-term,2.56516
False,mean,False,upper,Lau,3e+20,Resovsky,GFZ,0.1,0.26,short-term_:_and long-term,2.499927
False,mean,False,upper,Lau,3e+20,Resovsky,JPL,0.1,0.26,short-term_:_and long-term,2.590751
False,mean,False,upper,Lau,3e+20,Resovsky,CSR,0.1,0.26,short-term_:_and long-term,2.521266
False,mean,False,upper,Lau,3e+20,Resovsky,MSSA,0.1,0.26,short-term_:_and long-term,2.55015
True,mean,False,upper,Lau,3e+20,Resovsky,GFZ,0.1,0.26,short-term_:_and long-term,2.489379
True,mean,False,upper,Lau,3e+20,Resovsky,JPL,0.1,0.26,short-term_:_and long-term,2.579742
True,mean,False,upper,Lau,3e+20,Resovsky,CSR,0.1,0.26,short-term_:_and long-term,2.510543
True,mean,False,upper,Lau,3e+20,Resovsky,MSSA,0.1,0.26,short-term_:_and long-term,2.537019
False,mean,False,mean,Lau,3e+20,Resovsky,GFZ,0.2,0.26,short-term_:_and long-term,2.460208
False,mean,False,mean,Lau,3e+20,Resovsky,JPL,0.2,0.26,short-term_:_and long-term,2.547357
False,mean,False,mean,Lau,3e+20,Resovsky,CSR,0.2,0.26,short-term_:_and long-term,2.48263
False,mean,False,mean,Lau,3e+20,Resovsky,MSSA,0.2,0.26,short-term_:_and long-term,2.510603
True,mean,False,mean,Lau,3e+20,Resovsky,GFZ,0.2,0.26,short-term_:_and long-term,2.453302
True,mean,False,mean,Lau,3e+20,Resovsky,JPL,0.2,0.26,short-term_:_and long-term,2.540256
True,mean,False,mean,Lau,3e+20,Resovsky,CSR,0.2,0.26,short-term_:_and long-term,2.47543
True,mean,False,mean,Lau,3e+20,Resovsky,MSSA,0.2,0.26,short-term_:_and long-term,2.502108
False,mean,False,lower,Lau,3e+20,Resovsky,GFZ,0.2,0.26,short-term_:_and long-term,2.466878
False,mean,False,lower,Lau,3e+20,Resovsky,JPL,0.2,0.26,short-term_:_and long-term,2.552475
False,mean,False,lower,Lau,3e+20,Resovsky,CSR,0.2,0.26,short-term_:_and long-term,2.488731
False,mean,False,lower,Lau,3e+20,Resovsky,MSSA,0.2,0.26,short-term_:_and long-term,2.518626
True,mean,False,lower,Lau,3e+20,Resovsky,GFZ,0.2,0.26,short-term_:_and long-term,2.459678
True,mean,False,lower,Lau,3e+20,Resovsky,JPL,0.2,0.26,short-term_:_and long-term,2.545781
True,mean,False,lower,Lau,3e+20,Resovsky,CSR,0.2,0.26,short-term_:_and long-term,2.481475
True,mean,False,lower,Lau,3e+20,Resovsky,MSSA,0.2,0.26,short-term_:_and long-term,2.50988
False,mean,False,upper,Lau,3e+20,Resovsky,GFZ,0.2,0.26,short-term_:_and long-term,2.452237
False,mean,False,upper,Lau,3e+20,Resovsky,JPL,0.2,0.26,short-term_:_and long-term,2.539267
False,mean,False,upper,Lau,3e+20,Resovsky,CSR,0.2,0.26,short-term_:_and long-term,2.473987
False,mean,False,upper,Lau,3e+20,Resovsky,MSSA,0.2,0.26,short-term_:_and long-term,2.500166
True,mean,False,upper,Lau,3e+20,Resovsky,GFZ,0.2,0.26,short-term_:_and long-term,2.446199
True,mean,False,upper,Lau,3e+20,Resovsky,JPL,0.2,0.26,short-term_:_and long-term,2.533653
True,mean,False,upper,Lau,3e+20,Resovsky,CSR,0.2,0.26,short-term_:_and long-term,2.467956
True,mean,False,upper,Lau,3e+20,Resovsky,MSSA,0.2,0.26,short-term_:_and long-term,2.492667
