LIA,pole_:_time series,Uniform_:_continental load model,elastic mean_:_barystatic sea_:_level,viscosity_:_profile,Asthenosphere_:_viscosity,Q profile,GRACE_:_solution,relaxed shear_:_modulus ratio,alpha,Anelasticity,ocean_mean_trend_step_1,ocean_mean_trend_step_2,ocean_mean_trend_step_3,ocean_mean_trend_step_4,ocean_mean_trend_step_5
False,mean,False,mean,,,,GFZ,,,elastic,1.865566,1.919254,1.919254,1.864257,2.087014
False,mean,False,mean,,,,JPL,,,elastic,1.933507,1.987195,1.987195,1.938903,2.167613
False,mean,False,mean,,,,CSR,,,elastic,1.865404,1.919093,1.919093,1.873934,2.102583
False,mean,False,mean,,,,MSSA,,,elastic,1.955641,2.00933,2.00933,2.026719,2.12896
True,mean,False,mean,,,,GFZ,,,elastic,1.873194,1.926704,1.926704,1.872067,2.095985
True,mean,False,mean,,,,JPL,,,elastic,1.941407,1.994916,1.994916,1.946645,2.175944
True,mean,False,mean,,,,CSR,,,elastic,1.873032,1.926541,1.926541,1.881167,2.111752
True,mean,False,mean,,,,MSSA,,,elastic,1.963629,2.017139,2.017139,2.034234,2.135941
False,mean,False,lower,,,,GFZ,,,elastic,1.848995,1.902683,1.902683,1.848278,2.069433
False,mean,False,lower,,,,JPL,,,elastic,1.916332,1.970021,1.970021,1.922167,2.148643
False,mean,False,lower,,,,CSR,,,elastic,1.848834,1.902523,1.902523,1.857508,2.08368
False,mean,False,lower,,,,MSSA,,,elastic,1.93827,1.991959,1.991959,2.008898,2.112207
True,mean,False,lower,,,,GFZ,,,elastic,1.85713,1.910639,1.910639,1.856002,2.07769
True,mean,False,lower,,,,JPL,,,elastic,1.924758,1.978267,1.978267,1.930239,2.157182
True,mean,False,lower,,,,CSR,,,elastic,1.856969,1.910479,1.910479,1.865566,2.093281
True,mean,False,lower,,,,MSSA,,,elastic,1.94679,2.000299,2.000299,2.017603,2.119129
False,mean,False,upper,,,,GFZ,,,elastic,1.879769,1.933458,1.933458,1.878568,2.103156
False,mean,False,upper,,,,JPL,,,elastic,1.948227,2.001916,2.001916,1.953323,2.183919
False,mean,False,upper,,,,CSR,,,elastic,1.879606,1.933295,1.933295,1.888109,2.119227
False,mean,False,upper,,,,MSSA,,,elastic,1.970531,2.024219,2.024219,2.041219,2.14284
True,mean,False,upper,,,,GFZ,,,elastic,1.886454,1.939964,1.939964,1.884578,2.110298
True,mean,False,upper,,,,JPL,,,elastic,1.95515,2.00866,2.00866,1.959756,2.191595
True,mean,False,upper,,,,CSR,,,elastic,1.886291,1.939801,1.939801,1.89476,2.126892
True,mean,False,upper,,,,MSSA,,,elastic,1.97753,2.031039,2.031039,2.047624,2.149193
False,mean,False,mean,,,PAR3P,GFZ,0.15,0.26,short-term,1.865566,1.938243,2.150988,2.179908,2.448593
False,mean,False,mean,,,PAR3P,JPL,0.15,0.26,short-term,1.933507,2.006184,2.22757,2.265126,2.536809
False,mean,False,mean,,,PAR3P,CSR,0.15,0.26,short-term,1.865404,1.938082,2.155669,2.194615,2.46833
False,mean,False,mean,,,PAR3P,MSSA,0.15,0.26,short-term,1.955641,2.028319,2.28515,2.383468,2.495492
True,mean,False,mean,,,PAR3P,GFZ,0.15,0.26,short-term,1.873194,1.94558,2.155427,2.182665,2.450895
True,mean,False,mean,,,PAR3P,JPL,0.15,0.26,short-term,1.941407,2.013793,2.232132,2.268862,2.539555
True,mean,False,mean,,,PAR3P,CSR,0.15,0.26,short-term,1.873032,1.945418,2.160058,2.197589,2.470046
True,mean,False,mean,,,PAR3P,MSSA,0.15,0.26,short-term,1.963629,2.036015,2.28947,2.386637,2.495833
False,mean,False,lower,,,PAR3P,GFZ,0.15,0.26,short-term,1.848995,1.921672,2.148845,2.181569,2.452285
False,mean,False,lower,,,PAR3P,JPL,0.15,0.26,short-term,1.916332,1.98901,2.225231,2.267468,2.540472
False,mean,False,lower,,,PAR3P,CSR,0.15,0.26,short-term,1.848834,1.921512,2.153837,2.196513,2.472017
False,mean,False,lower,,,PAR3P,MSSA,0.15,0.26,short-term,1.93827,2.010948,2.285141,2.387422,2.501318
True,mean,False,lower,,,PAR3P,GFZ,0.15,0.26,short-term,1.85713,1.929516,2.15369,2.185237,2.454862
True,mean,False,lower,,,PAR3P,JPL,0.15,0.26,short-term,1.924758,1.997144,2.230219,2.271656,2.543786
True,mean,False,lower,,,PAR3P,CSR,0.15,0.26,short-term,1.856969,1.929355,2.158608,2.200014,2.473707
True,mean,False,lower,,,PAR3P,MSSA,0.15,0.26,short-term,1.94679,2.019176,2.289778,2.390898,2.503096
False,mean,False,upper,,,PAR3P,GFZ,0.15,0.26,short-term,1.879769,1.952447,2.151518,2.176095,2.442541
False,mean,False,upper,,,PAR3P,JPL,0.15,0.26,short-term,1.948227,2.020905,2.228231,2.261778,2.532634
False,mean,False,upper,,,PAR3P,CSR,0.15,0.26,short-term,1.879606,1.952284,2.155948,2.191098,2.4632
False,mean,False,upper,,,PAR3P,MSSA,0.15,0.26,short-term,1.970531,2.043208,2.283661,2.378689,2.488792
True,mean,False,upper,,,PAR3P,GFZ,0.15,0.26,short-term,1.886454,1.95884,2.155144,2.17838,2.444563
True,mean,False,upper,,,PAR3P,JPL,0.15,0.26,short-term,1.95515,2.027536,2.231929,2.264514,2.534129
True,mean,False,upper,,,PAR3P,CSR,0.15,0.26,short-term,1.886291,1.958677,2.159473,2.193542,2.464912
True,mean,False,upper,,,PAR3P,MSSA,0.15,0.26,short-term,1.97753,2.049916,2.287107,2.380903,2.488397
False,mean,False,mean,,,PAR3P,GFZ,0.1,0.26,short-term,1.865566,1.938139,2.195037,2.231295,2.491148
False,mean,False,mean,,,PAR3P,JPL,0.1,0.26,short-term,1.933507,2.006079,2.271937,2.31812,2.580613
False,mean,False,mean,,,PAR3P,CSR,0.1,0.26,short-term,1.865404,1.937977,2.200188,2.247581,2.51402
False,mean,False,mean,,,PAR3P,MSSA,0.1,0.26,short-term,1.955641,2.028214,2.340669,2.446963,2.542431
True,mean,False,mean,,,PAR3P,GFZ,0.1,0.26,short-term,1.873194,1.945474,2.198372,2.233736,2.491156
True,mean,False,mean,,,PAR3P,JPL,0.1,0.26,short-term,1.941407,2.013686,2.275346,2.31944,2.579874
True,mean,False,mean,,,PAR3P,CSR,0.1,0.26,short-term,1.873032,1.945311,2.203458,2.249145,2.5134
True,mean,False,mean,,,PAR3P,MSSA,0.1,0.26,short-term,1.963629,2.035909,2.343724,2.448864,2.542911
False,mean,False,lower,,,PAR3P,GFZ,0.1,0.26,short-term,1.848995,1.921567,2.198478,2.240579,2.500851
False,mean,False,lower,,,PAR3P,JPL,0.1,0.26,short-term,1.916332,1.988905,2.275208,2.325596,2.587512
False,mean,False,lower,,,PAR3P,CSR,0.1,0.26,short-term,1.848834,1.921407,2.204002,2.255982,2.522226
False,mean,False,lower,,,PAR3P,MSSA,0.1,0.26,short-term,1.93827,2.010843,2.347695,2.459337,2.556134
True,mean,False,lower,,,PAR3P,GFZ,0.1,0.26,short-term,1.85713,1.929409,2.202133,2.243013,2.501369
True,mean,False,lower,,,PAR3P,JPL,0.1,0.26,short-term,1.924758,1.997037,2.278954,2.327739,2.587342
True,mean,False,lower,,,PAR3P,CSR,0.1,0.26,short-term,1.856969,1.929249,2.207556,2.258124,2.522424
True,mean,False,lower,,,PAR3P,MSSA,0.1,0.26,short-term,1.94679,2.019069,2.350917,2.46129,2.555151
False,mean,False,upper,,,PAR3P,GFZ,0.1,0.26,short-term,1.879769,1.952342,2.190102,2.221043,2.480417
False,mean,False,upper,,,PAR3P,JPL,0.1,0.26,short-term,1.948227,2.0208,2.267121,2.308872,2.570663
False,mean,False,upper,,,PAR3P,CSR,0.1,0.26,short-term,1.879606,1.952179,2.194966,2.237163,2.502684
False,mean,False,upper,,,PAR3P,MSSA,0.1,0.26,short-term,1.970531,2.043103,2.332333,2.434781,2.528907
True,mean,False,upper,,,PAR3P,GFZ,0.1,0.26,short-term,1.886454,1.958734,2.192724,2.222245,2.479851
True,mean,False,upper,,,PAR3P,JPL,0.1,0.26,short-term,1.95515,2.02743,2.269758,2.309802,2.571021
True,mean,False,upper,,,PAR3P,CSR,0.1,0.26,short-term,1.886291,1.958571,2.197446,2.23871,2.502433
True,mean,False,upper,,,PAR3P,MSSA,0.1,0.26,short-term,1.97753,2.049809,2.334613,2.435331,2.527862
False,mean,False,mean,,,PAR3P,GFZ,0.2,0.26,short-term,1.865566,1.938316,2.123132,2.145402,2.417064
False,mean,False,mean,,,PAR3P,JPL,0.2,0.26,short-term,1.933507,2.006257,2.199321,2.230748,2.503873
False,mean,False,mean,,,PAR3P,CSR,0.2,0.26,short-term,1.865404,1.938154,2.127451,2.160554,2.438019
False,mean,False,mean,,,PAR3P,MSSA,0.2,0.26,short-term,1.955641,2.028392,2.250109,2.341264,2.462476
True,mean,False,mean,,,PAR3P,GFZ,0.2,0.26,short-term,1.873194,1.945655,2.128448,2.149511,2.421056
True,mean,False,mean,,,PAR3P,JPL,0.2,0.26,short-term,1.941407,2.013868,2.204806,2.235503,2.508739
True,mean,False,mean,,,PAR3P,CSR,0.2,0.26,short-term,1.873032,1.945493,2.132737,2.164172,2.441647
True,mean,False,mean,,,PAR3P,MSSA,0.2,0.26,short-term,1.963629,2.03609,2.255437,2.346024,2.466569
False,mean,False,lower,,,PAR3P,GFZ,0.2,0.26,short-term,1.848995,1.921745,2.11748,2.143524,2.417341
False,mean,False,lower,,,PAR3P,JPL,0.2,0.26,short-term,1.916332,1.989082,2.193445,2.228317,2.502723
False,mean,False,lower,,,PAR3P,CSR,0.2,0.26,short-term,1.848834,1.921584,2.122067,2.158882,2.438053
False,mean,False,lower,,,PAR3P,MSSA,0.2,0.26,short-term,1.93827,2.01102,2.245696,2.340818,2.463952
True,mean,False,lower,,,PAR3P,GFZ,0.2,0.26,short-term,1.85713,1.929591,2.123267,2.148463,2.421461
True,mean,False,lower,,,PAR3P,JPL,0.2,0.26,short-term,1.924758,1.997219,2.199422,2.233597,2.507827
True,mean,False,lower,,,PAR3P,CSR,0.2,0.26,short-term,1.856969,1.92943,2.127806,2.163219,2.441755
True,mean,False,lower,,,PAR3P,MSSA,0.2,0.26,short-term,1.94679,2.019251,2.251439,2.344885,2.468161
False,mean,False,upper,,,PAR3P,GFZ,0.2,0.26,short-term,1.879769,1.952519,2.127056,2.145854,2.416127
False,mean,False,upper,,,PAR3P,JPL,0.2,0.26,short-term,1.948227,2.020977,2.203399,2.231849,2.503467
False,mean,False,upper,,,PAR3P,CSR,0.2,0.26,short-term,1.879606,1.952356,2.131154,2.160378,2.436169
False,mean,False,upper,,,PAR3P,MSSA,0.2,0.26,short-term,1.970531,2.043281,2.252863,2.34126,2.460567
True,mean,False,upper,,,PAR3P,GFZ,0.2,0.26,short-term,1.886454,1.958915,2.13149,2.149319,2.418897
True,mean,False,upper,,,PAR3P,JPL,0.2,0.26,short-term,1.95515,2.027611,2.207953,2.235424,2.506449
True,mean,False,upper,,,PAR3P,CSR,0.2,0.26,short-term,1.886291,1.958752,2.135517,2.164129,2.439722
True,mean,False,upper,,,PAR3P,MSSA,0.2,0.26,short-term,1.97753,2.049991,2.257246,2.345365,2.464114
False,mean,False,mean,,,PREM,GFZ,0.15,0.26,short-term,1.865566,1.939649,2.165015,2.200435,2.479677
False,mean,False,mean,,,PREM,JPL,0.15,0.26,short-term,1.933507,2.00759,2.242126,2.285406,2.567558
False,mean,False,mean,,,PREM,CSR,0.15,0.26,short-term,1.865404,1.939488,2.169888,2.214087,2.50013
False,mean,False,mean,,,PREM,MSSA,0.15,0.26,short-term,1.955641,2.029725,2.302342,2.408321,2.531165
True,mean,False,mean,,,PREM,GFZ,0.15,0.26,short-term,1.873194,1.946975,2.169267,2.203638,2.481856
True,mean,False,mean,,,PREM,JPL,0.15,0.26,short-term,1.941407,2.015187,2.246498,2.288454,2.569478
True,mean,False,mean,,,PREM,CSR,0.15,0.26,short-term,1.873032,1.946812,2.174096,2.216744,2.500648
True,mean,False,mean,,,PREM,MSSA,0.15,0.26,short-term,1.963629,2.03741,2.306407,2.410783,2.5319
False,mean,False,lower,,,PREM,GFZ,0.15,0.26,short-term,1.848995,1.923078,2.164158,2.2039,2.486288
False,mean,False,lower,,,PREM,JPL,0.15,0.26,short-term,1.916332,1.990416,2.241119,2.289323,2.574633
False,mean,False,lower,,,PREM,CSR,0.15,0.26,short-term,1.848834,1.922918,2.169361,2.218242,2.506593
False,mean,False,lower,,,PREM,MSSA,0.15,0.26,short-term,1.93827,2.012353,2.303961,2.413825,2.538383
True,mean,False,lower,,,PREM,GFZ,0.15,0.26,short-term,1.85713,1.93091,2.168792,2.207008,2.48839
True,mean,False,lower,,,PREM,JPL,0.15,0.26,short-term,1.924758,1.998538,2.245893,2.292881,2.576346
True,mean,False,lower,,,PREM,CSR,0.15,0.26,short-term,1.856969,1.930749,2.173923,2.221068,2.507432
True,mean,False,lower,,,PREM,MSSA,0.15,0.26,short-term,1.94679,2.02057,2.308289,2.417068,2.538985
False,mean,False,upper,,,PREM,GFZ,0.15,0.26,short-term,1.879769,1.953853,2.164195,2.195618,2.472101
False,mean,False,upper,,,PREM,JPL,0.15,0.26,short-term,1.948227,2.022311,2.241401,2.280314,2.559892
False,mean,False,upper,,,PREM,CSR,0.15,0.26,short-term,1.879606,1.95369,2.168806,2.208625,2.492664
False,mean,False,upper,,,PREM,MSSA,0.15,0.26,short-term,1.970531,2.044614,2.299159,2.400593,2.520471
True,mean,False,upper,,,PREM,GFZ,0.15,0.26,short-term,1.886454,1.960235,2.167662,2.197577,2.47324
True,mean,False,upper,,,PREM,JPL,0.15,0.26,short-term,1.95515,2.028931,2.244934,2.282807,2.561226
True,mean,False,upper,,,PREM,CSR,0.15,0.26,short-term,1.886291,1.960072,2.172168,2.211118,2.493258
True,mean,False,upper,,,PREM,MSSA,0.15,0.26,short-term,1.97753,2.05131,2.302384,2.403011,2.520816
False,mean,False,mean,,,PREM,GFZ,0.1,0.26,short-term,1.865566,1.93946,2.208471,2.251383,2.523553
False,mean,False,mean,,,PREM,JPL,0.1,0.26,short-term,1.933507,2.007401,2.28592,2.338494,2.612676
False,mean,False,mean,,,PREM,CSR,0.1,0.26,short-term,1.865404,1.939298,2.213822,2.267062,2.543929
False,mean,False,mean,,,PREM,MSSA,0.1,0.26,short-term,1.955641,2.029536,2.357146,2.470687,2.578
True,mean,False,mean,,,PREM,GFZ,0.1,0.26,short-term,1.873194,1.946784,2.210911,2.252653,2.522802
True,mean,False,mean,,,PREM,JPL,0.1,0.26,short-term,1.941407,2.014996,2.28841,2.339052,2.611149
True,mean,False,mean,,,PREM,CSR,0.1,0.26,short-term,1.873032,1.946621,2.216196,2.267704,2.542597
True,mean,False,mean,,,PREM,MSSA,0.1,0.26,short-term,1.963629,2.037219,2.359034,2.470408,2.575711
False,mean,False,lower,,,PREM,GFZ,0.1,0.26,short-term,1.848995,1.922889,2.212691,2.261196,2.534577
False,mean,False,lower,,,PREM,JPL,0.1,0.26,short-term,1.916332,1.990226,2.290017,2.34886,2.624756
False,mean,False,lower,,,PREM,CSR,0.1,0.26,short-term,1.848834,1.922728,2.218431,2.277878,2.557467
False,mean,False,lower,,,PREM,MSSA,0.1,0.26,short-term,1.93827,2.012164,2.365158,2.484371,2.593046
True,mean,False,lower,,,PREM,GFZ,0.1,0.26,short-term,1.85713,1.930719,2.215354,2.263061,2.534423
True,mean,False,lower,,,PREM,JPL,0.1,0.26,short-term,1.924758,1.998347,2.292744,2.348652,2.622069
True,mean,False,lower,,,PREM,CSR,0.1,0.26,short-term,1.856969,1.930559,2.220987,2.278393,2.555831
True,mean,False,lower,,,PREM,MSSA,0.1,0.26,short-term,1.94679,2.020379,2.367066,2.484933,2.592413
False,mean,False,upper,,,PREM,GFZ,0.1,0.26,short-term,1.879769,1.953663,2.202708,2.239955,2.509533
False,mean,False,upper,,,PREM,JPL,0.1,0.26,short-term,1.948227,2.022122,2.280238,2.328159,2.600099
False,mean,False,upper,,,PREM,CSR,0.1,0.26,short-term,1.879606,1.9535,2.207763,2.25587,2.531968
False,mean,False,upper,,,PREM,MSSA,0.1,0.26,short-term,1.970531,2.044425,2.347775,2.456507,2.562274
True,mean,False,upper,,,PREM,GFZ,0.1,0.26,short-term,1.886454,1.960044,2.204535,2.240289,2.507813
True,mean,False,upper,,,PREM,JPL,0.1,0.26,short-term,1.95515,2.02874,2.282054,2.328229,2.598223
True,mean,False,upper,,,PREM,CSR,0.1,0.26,short-term,1.886291,1.959881,2.20944,2.255781,2.528844
True,mean,False,upper,,,PREM,MSSA,0.1,0.26,short-term,1.97753,2.051119,2.349014,2.455695,2.55886
False,mean,False,mean,,,PREM,GFZ,0.2,0.26,short-term,1.865566,1.939815,2.136402,2.165428,2.447182
False,mean,False,mean,,,PREM,JPL,0.2,0.26,short-term,1.933507,2.007755,2.21311,2.249341,2.534084
False,mean,False,mean,,,PREM,CSR,0.2,0.26,short-term,1.865404,1.939653,2.140902,2.180093,2.468748
False,mean,False,mean,,,PREM,MSSA,0.2,0.26,short-term,1.955641,2.02989,2.266301,2.36527,2.496875
True,mean,False,mean,,,PREM,GFZ,0.2,0.26,short-term,1.873194,1.947142,2.141871,2.169915,2.451798
True,mean,False,mean,,,PREM,JPL,0.2,0.26,short-term,1.941407,2.015354,2.218756,2.254092,2.538383
True,mean,False,mean,,,PREM,CSR,0.2,0.26,short-term,1.873032,1.946979,2.146346,2.184312,2.472792
True,mean,False,mean,,,PREM,MSSA,0.2,0.26,short-term,1.963629,2.037577,2.271818,2.369202,2.50006
False,mean,False,lower,,,PREM,GFZ,0.2,0.26,short-term,1.848995,1.923243,2.1322,2.164821,2.448889
False,mean,False,lower,,,PREM,JPL,0.2,0.26,short-term,1.916332,1.990581,2.208727,2.248802,2.535388
False,mean,False,lower,,,PREM,CSR,0.2,0.26,short-term,1.848834,1.923083,2.136987,2.180136,2.471438
False,mean,False,lower,,,PREM,MSSA,0.2,0.26,short-term,1.93827,2.012519,2.263724,2.366351,2.500186
True,mean,False,lower,,,PREM,GFZ,0.2,0.26,short-term,1.85713,1.931077,2.138154,2.169701,2.453355
True,mean,False,lower,,,PREM,JPL,0.2,0.26,short-term,1.924758,1.998705,2.214881,2.254016,2.540577
True,mean,False,lower,,,PREM,CSR,0.2,0.26,short-term,1.856969,1.930917,2.142897,2.185061,2.475974
True,mean,False,lower,,,PREM,MSSA,0.2,0.26,short-term,1.94679,2.020737,2.269656,2.371019,2.504929
False,mean,False,upper,,,PREM,GFZ,0.2,0.26,short-term,1.879769,1.954018,2.138846,2.164257,2.44302
False,mean,False,upper,,,PREM,JPL,0.2,0.26,short-term,1.948227,2.022476,2.215673,2.248091,2.529942
False,mean,False,upper,,,PREM,CSR,0.2,0.26,short-term,1.879606,1.953855,2.143112,2.178423,2.464255
False,mean,False,upper,,,PREM,MSSA,0.2,0.26,short-term,1.970531,2.044779,2.267193,2.36199,2.490294
True,mean,False,upper,,,PREM,GFZ,0.2,0.26,short-term,1.886454,1.960402,2.143422,2.167691,2.445866
True,mean,False,upper,,,PREM,JPL,0.2,0.26,short-term,1.95515,2.029098,2.220372,2.252102,2.533496
True,mean,False,upper,,,PREM,CSR,0.2,0.26,short-term,1.886291,1.960239,2.147615,2.182192,2.467622
True,mean,False,upper,,,PREM,MSSA,0.2,0.26,short-term,1.97753,2.051477,2.271748,2.365188,2.491819
False,mean,False,mean,,,QL6,GFZ,0.15,0.26,short-term,1.865566,1.936752,2.143572,2.167364,2.433976
False,mean,False,mean,,,QL6,JPL,0.15,0.26,short-term,1.933507,2.004693,2.219293,2.252688,2.52256
False,mean,False,mean,,,QL6,CSR,0.15,0.26,short-term,1.865404,1.93659,2.147852,2.181269,2.453273
False,mean,False,mean,,,QL6,MSSA,0.15,0.26,short-term,1.955641,2.026827,2.278273,2.373877,2.48175
True,mean,False,mean,,,QL6,GFZ,0.15,0.26,short-term,1.873194,1.944098,2.147989,2.170447,2.436242
True,mean,False,mean,,,QL6,JPL,0.15,0.26,short-term,1.941407,2.012311,2.223834,2.255517,2.523977
True,mean,False,mean,,,QL6,CSR,0.15,0.26,short-term,1.873032,1.943936,2.152222,2.18458,2.455342
True,mean,False,mean,,,QL6,MSSA,0.15,0.26,short-term,1.963629,2.034533,2.282566,2.377099,2.482859
False,mean,False,lower,,,QL6,GFZ,0.15,0.26,short-term,1.848995,1.920181,2.14129,2.169828,2.43823
False,mean,False,lower,,,QL6,JPL,0.15,0.26,short-term,1.916332,1.987518,2.216772,2.253843,2.525211
False,mean,False,lower,,,QL6,CSR,0.15,0.26,short-term,1.848834,1.92002,2.145859,2.183206,2.45662
False,mean,False,lower,,,QL6,MSSA,0.15,0.26,short-term,1.93827,2.009456,2.278268,2.377681,2.487671
True,mean,False,lower,,,QL6,GFZ,0.15,0.26,short-term,1.85713,1.928034,2.146071,2.172695,2.440254
True,mean,False,lower,,,QL6,JPL,0.15,0.26,short-term,1.924758,1.995662,2.221694,2.257499,2.527804
True,mean,False,lower,,,QL6,CSR,0.15,0.26,short-term,1.856969,1.927873,2.150565,2.186286,2.458561
True,mean,False,lower,,,QL6,MSSA,0.15,0.26,short-term,1.94679,2.017694,2.282808,2.381203,2.488419
False,mean,False,upper,,,QL6,GFZ,0.15,0.26,short-term,1.879769,1.950955,2.144021,2.163706,2.427496
False,mean,False,upper,,,QL6,JPL,0.15,0.26,short-term,1.948227,2.019413,2.219928,2.249013,2.516721
False,mean,False,upper,,,QL6,CSR,0.15,0.26,short-term,1.879606,1.950792,2.148078,2.177902,2.448123
False,mean,False,upper,,,QL6,MSSA,0.15,0.26,short-term,1.970531,2.041717,2.276523,2.36852,2.474529
True,mean,False,upper,,,QL6,GFZ,0.15,0.26,short-term,1.886454,1.957358,2.14767,2.166039,2.428952
True,mean,False,upper,,,QL6,JPL,0.15,0.26,short-term,1.95515,2.026054,2.223647,2.251295,2.517975
True,mean,False,upper,,,QL6,CSR,0.15,0.26,short-term,1.886291,1.957195,2.151621,2.180331,2.449585
True,mean,False,upper,,,QL6,MSSA,0.15,0.26,short-term,1.97753,2.048434,2.279993,2.370676,2.475251
False,mean,False,mean,,,QL6,GFZ,0.1,0.26,short-term,1.865566,1.936648,2.183147,2.21341,2.470602
False,mean,False,mean,,,QL6,JPL,0.1,0.26,short-term,1.933507,2.004589,2.25917,2.299768,2.559494
False,mean,False,mean,,,QL6,CSR,0.1,0.26,short-term,1.865404,1.936486,2.187877,2.228854,2.490729
False,mean,False,mean,,,QL6,MSSA,0.1,0.26,short-term,1.955641,2.026723,2.328398,2.430914,2.52129
True,mean,False,mean,,,QL6,GFZ,0.1,0.26,short-term,1.873194,1.943993,2.186358,2.214838,2.468742
True,mean,False,mean,,,QL6,JPL,0.1,0.26,short-term,1.941407,2.012206,2.262459,2.301045,2.558578
True,mean,False,mean,,,QL6,CSR,0.1,0.26,short-term,1.873032,1.94383,2.191026,2.23036,2.490504
True,mean,False,mean,,,QL6,MSSA,0.1,0.26,short-term,1.963629,2.034428,2.331248,2.432372,2.520493
False,mean,False,lower,,,QL6,GFZ,0.1,0.26,short-term,1.848995,1.920076,2.184936,2.219671,2.478072
False,mean,False,lower,,,QL6,JPL,0.1,0.26,short-term,1.916332,1.987414,2.260735,2.305596,2.56641
False,mean,False,lower,,,QL6,CSR,0.1,0.26,short-term,1.848834,1.919916,2.190002,2.235535,2.498074
False,mean,False,lower,,,QL6,MSSA,0.1,0.26,short-term,1.93827,2.009352,2.33354,2.440655,2.53208
True,mean,False,lower,,,QL6,GFZ,0.1,0.26,short-term,1.85713,1.927928,2.188414,2.221545,2.475887
True,mean,False,lower,,,QL6,JPL,0.1,0.26,short-term,1.924758,1.995557,2.264307,2.307445,2.565538
True,mean,False,lower,,,QL6,CSR,0.1,0.26,short-term,1.856969,1.927768,2.19338,2.237424,2.498784
True,mean,False,lower,,,QL6,MSSA,0.1,0.26,short-term,1.94679,2.017588,2.336479,2.441796,2.530795
False,mean,False,upper,,,QL6,GFZ,0.1,0.26,short-term,1.879769,1.950851,2.179666,2.205872,2.461406
False,mean,False,upper,,,QL6,JPL,0.1,0.26,short-term,1.948227,2.019309,2.255869,2.291936,2.549797
False,mean,False,upper,,,QL6,CSR,0.1,0.26,short-term,1.879606,1.950688,2.184146,2.220233,2.48069
False,mean,False,upper,,,QL6,MSSA,0.1,0.26,short-term,1.970531,2.041612,2.32171,2.419851,2.509322
True,mean,False,upper,,,QL6,GFZ,0.1,0.26,short-term,1.886454,1.957253,2.182217,2.206447,2.459882
True,mean,False,upper,,,QL6,JPL,0.1,0.26,short-term,1.95515,2.025949,2.258438,2.29259,2.548525
True,mean,False,upper,,,QL6,CSR,0.1,0.26,short-term,1.886291,1.95709,2.186556,2.221025,2.479493
True,mean,False,upper,,,QL6,MSSA,0.1,0.26,short-term,1.97753,2.048328,2.323854,2.419954,2.507391
False,mean,False,mean,,,QL6,GFZ,0.2,0.26,short-term,1.865566,1.936853,2.116082,2.134435,2.404119
False,mean,False,mean,,,QL6,JPL,0.2,0.26,short-term,1.933507,2.004794,2.191501,2.217711,2.489557
False,mean,False,mean,,,QL6,CSR,0.2,0.26,short-term,1.865404,1.936691,2.120029,2.148112,2.424572
False,mean,False,mean,,,QL6,MSSA,0.2,0.26,short-term,1.955641,2.026929,2.24347,2.332599,2.451493
True,mean,False,mean,,,QL6,GFZ,0.2,0.26,short-term,1.873194,1.9442,2.121394,2.138418,2.407763
True,mean,False,mean,,,QL6,JPL,0.2,0.26,short-term,1.941407,2.012413,2.196978,2.222403,2.493963
True,mean,False,mean,,,QL6,CSR,0.2,0.26,short-term,1.873032,1.944038,2.125307,2.152685,2.428529
True,mean,False,mean,,,QL6,MSSA,0.2,0.26,short-term,1.963629,2.034635,2.248821,2.336723,2.454404
False,mean,False,lower,,,QL6,GFZ,0.2,0.26,short-term,1.848995,1.920282,2.111004,2.133189,2.405293
False,mean,False,lower,,,QL6,JPL,0.2,0.26,short-term,1.916332,1.987619,2.186165,2.215525,2.488995
False,mean,False,lower,,,QL6,CSR,0.2,0.26,short-term,1.848834,1.920122,2.115204,2.147259,2.425449
False,mean,False,lower,,,QL6,MSSA,0.2,0.26,short-term,1.93827,2.009557,2.239936,2.33256,2.453789
True,mean,False,lower,,,QL6,GFZ,0.2,0.26,short-term,1.85713,1.928136,2.116753,2.137544,2.408582
True,mean,False,lower,,,QL6,JPL,0.2,0.26,short-term,1.924758,1.995764,2.192099,2.220751,2.49374
True,mean,False,lower,,,QL6,CSR,0.2,0.26,short-term,1.856969,1.927975,2.1209,2.151486,2.429251
True,mean,False,lower,,,QL6,MSSA,0.2,0.26,short-term,1.94679,2.017796,2.24565,2.336851,2.457498
False,mean,False,upper,,,QL6,GFZ,0.2,0.26,short-term,1.879769,1.951057,2.119266,2.134167,2.401647
False,mean,False,upper,,,QL6,JPL,0.2,0.26,short-term,1.948227,2.019515,2.19488,2.217564,2.487596
False,mean,False,upper,,,QL6,CSR,0.2,0.26,short-term,1.879606,1.950894,2.123009,2.148139,2.42293
False,mean,False,upper,,,QL6,MSSA,0.2,0.26,short-term,1.970531,2.041818,2.24515,2.331151,2.446665
True,mean,False,upper,,,QL6,GFZ,0.2,0.26,short-term,1.886454,1.957461,2.123728,2.137416,2.404681
True,mean,False,upper,,,QL6,JPL,0.2,0.26,short-term,1.95515,2.026156,2.199456,2.221412,2.491551
True,mean,False,upper,,,QL6,CSR,0.2,0.26,short-term,1.886291,1.957297,2.127393,2.151589,2.425891
True,mean,False,upper,,,QL6,MSSA,0.2,0.26,short-term,1.97753,2.048536,2.249591,2.334566,2.449576
False,mean,False,mean,,,QM1,GFZ,0.15,0.26,short-term,1.865566,1.941092,2.158424,2.196147,2.476382
False,mean,False,mean,,,QM1,JPL,0.15,0.26,short-term,1.933507,2.009033,2.235675,2.281613,2.564053
False,mean,False,mean,,,QM1,CSR,0.15,0.26,short-term,1.865404,1.94093,2.163573,2.210908,2.496123
False,mean,False,mean,,,QM1,MSSA,0.15,0.26,short-term,1.955641,2.031168,2.290199,2.395745,2.518996
True,mean,False,mean,,,QM1,GFZ,0.15,0.26,short-term,1.873194,1.948407,2.162873,2.199131,2.478619
True,mean,False,mean,,,QM1,JPL,0.15,0.26,short-term,1.941407,2.01662,2.240259,2.284775,2.565649
True,mean,False,mean,,,QM1,CSR,0.15,0.26,short-term,1.873032,1.948245,2.167987,2.21344,2.49808
True,mean,False,mean,,,QM1,MSSA,0.15,0.26,short-term,1.963629,2.038842,2.294477,2.398904,2.520601
False,mean,False,lower,,,QM1,GFZ,0.15,0.26,short-term,1.848995,1.924521,2.157571,2.199532,2.481898
False,mean,False,lower,,,QM1,JPL,0.15,0.26,short-term,1.916332,1.991858,2.234699,2.285339,2.569339
False,mean,False,lower,,,QM1,CSR,0.15,0.26,short-term,1.848834,1.92436,2.163082,2.214999,2.501973
False,mean,False,lower,,,QM1,MSSA,0.15,0.26,short-term,1.93827,2.013796,2.291578,2.401432,2.527058
True,mean,False,lower,,,QM1,GFZ,0.15,0.26,short-term,1.85713,1.932343,2.162427,2.202982,2.484167
True,mean,False,lower,,,QM1,JPL,0.15,0.26,short-term,1.924758,1.999971,2.23971,2.288984,2.571556
True,mean,False,lower,,,QM1,CSR,0.15,0.26,short-term,1.856969,1.932182,2.167876,2.218483,2.504847
True,mean,False,lower,,,QM1,MSSA,0.15,0.26,short-term,1.94679,2.022003,2.296148,2.405297,2.529318
False,mean,False,upper,,,QM1,GFZ,0.15,0.26,short-term,1.879769,1.955295,2.157707,2.190712,2.468298
False,mean,False,upper,,,QM1,JPL,0.15,0.26,short-term,1.948227,2.023754,2.235025,2.276958,2.557756
False,mean,False,upper,,,QM1,CSR,0.15,0.26,short-term,1.879606,1.955132,2.162563,2.205648,2.489035
False,mean,False,upper,,,QM1,MSSA,0.15,0.26,short-term,1.970531,2.046057,2.287377,2.388925,2.510964
True,mean,False,upper,,,QM1,GFZ,0.15,0.26,short-term,1.886454,1.961667,2.161348,2.193306,2.47011
True,mean,False,upper,,,QM1,JPL,0.15,0.26,short-term,1.95515,2.030363,2.238744,2.279408,2.558719
True,mean,False,upper,,,QM1,CSR,0.15,0.26,short-term,1.886291,1.961504,2.166107,2.20777,2.490803
True,mean,False,upper,,,QM1,MSSA,0.15,0.26,short-term,1.97753,2.052743,2.290793,2.390787,2.510842
False,mean,False,mean,,,QM1,GFZ,0.1,0.26,short-term,1.865566,1.940818,2.193568,2.236654,2.508771
False,mean,False,mean,,,QM1,JPL,0.1,0.26,short-term,1.933507,2.008759,2.271087,2.325795,2.601516
False,mean,False,mean,,,QM1,CSR,0.1,0.26,short-term,1.865404,1.940656,2.19916,2.253066,2.531203
False,mean,False,mean,,,QM1,MSSA,0.1,0.26,short-term,1.955641,2.030894,2.33401,2.446005,2.554819
True,mean,False,mean,,,QM1,GFZ,0.1,0.26,short-term,1.873194,1.948131,2.1964,2.237653,2.507385
True,mean,False,mean,,,QM1,JPL,0.1,0.26,short-term,1.941407,2.016344,2.273981,2.326683,2.600178
True,mean,False,mean,,,QM1,CSR,0.1,0.26,short-term,1.873032,1.947969,2.201929,2.254293,2.530904
True,mean,False,mean,,,QM1,MSSA,0.1,0.26,short-term,1.963629,2.038566,2.336412,2.446758,2.55344
False,mean,False,lower,,,QM1,GFZ,0.1,0.26,short-term,1.848995,1.924247,2.197496,2.246116,2.519161
False,mean,False,lower,,,QM1,JPL,0.1,0.26,short-term,1.916332,1.991584,2.274916,2.335463,2.611833
False,mean,False,lower,,,QM1,CSR,0.1,0.26,short-term,1.848834,1.924086,2.203512,2.262793,2.541948
False,mean,False,lower,,,QM1,MSSA,0.1,0.26,short-term,1.93827,2.013522,2.341348,2.458296,2.567211
True,mean,False,lower,,,QM1,GFZ,0.1,0.26,short-term,1.85713,1.932067,2.200585,2.247385,2.518247
True,mean,False,lower,,,QM1,JPL,0.1,0.26,short-term,1.924758,1.999695,2.278083,2.336929,2.611331
True,mean,False,lower,,,QM1,CSR,0.1,0.26,short-term,1.856969,1.931906,2.206498,2.264712,2.541907
True,mean,False,lower,,,QM1,MSSA,0.1,0.26,short-term,1.94679,2.021727,2.343823,2.458964,2.565905
False,mean,False,upper,,,QM1,GFZ,0.1,0.26,short-term,1.879769,1.955021,2.188138,2.225427,2.496699
False,mean,False,upper,,,QM1,JPL,0.1,0.26,short-term,1.948227,2.02348,2.265711,2.315114,2.590306
False,mean,False,upper,,,QM1,CSR,0.1,0.26,short-term,1.879606,1.954858,2.193398,2.24237,2.518406
False,mean,False,upper,,,QM1,MSSA,0.1,0.26,short-term,1.970531,2.045783,2.325344,2.432663,2.54213
True,mean,False,upper,,,QM1,GFZ,0.1,0.26,short-term,1.886454,1.961391,2.19032,2.226459,2.495484
True,mean,False,upper,,,QM1,JPL,0.1,0.26,short-term,1.95515,2.030087,2.267896,2.315812,2.589185
True,mean,False,upper,,,QM1,CSR,0.1,0.26,short-term,1.886291,1.961228,2.195435,2.242696,2.517187
True,mean,False,upper,,,QM1,MSSA,0.1,0.26,short-term,1.97753,2.052467,2.327054,2.432818,2.54062
False,mean,False,mean,,,QM1,GFZ,0.2,0.26,short-term,1.865566,1.941351,2.13403,2.165443,2.445881
False,mean,False,mean,,,QM1,JPL,0.2,0.26,short-term,1.933507,2.009292,2.210907,2.250623,2.533444
False,mean,False,mean,,,QM1,CSR,0.2,0.26,short-term,1.865404,1.941189,2.138802,2.180665,2.467934
False,mean,False,mean,,,QM1,MSSA,0.2,0.26,short-term,1.955641,2.031427,2.259911,2.360253,2.491254
True,mean,False,mean,,,QM1,GFZ,0.2,0.26,short-term,1.873194,1.948669,2.139559,2.170154,2.44945
True,mean,False,mean,,,QM1,JPL,0.2,0.26,short-term,1.941407,2.016882,2.216623,2.255785,2.538408
True,mean,False,mean,,,QM1,CSR,0.2,0.26,short-term,1.873032,1.948507,2.144316,2.185294,2.472411
True,mean,False,mean,,,QM1,MSSA,0.2,0.26,short-term,1.963629,2.039104,2.265452,2.365009,2.495774
False,mean,False,lower,,,QM1,GFZ,0.2,0.26,short-term,1.848995,1.92478,2.129851,2.164684,2.447953
False,mean,False,lower,,,QM1,JPL,0.2,0.26,short-term,1.916332,1.992117,2.206573,2.250218,2.535342
False,mean,False,lower,,,QM1,CSR,0.2,0.26,short-term,1.848834,1.92462,2.134937,2.180977,2.470938
False,mean,False,lower,,,QM1,MSSA,0.2,0.26,short-term,1.93827,2.014055,2.25717,2.360779,2.493604
True,mean,False,lower,,,QM1,GFZ,0.2,0.26,short-term,1.85713,1.932605,2.135879,2.169932,2.452311
True,mean,False,lower,,,QM1,JPL,0.2,0.26,short-term,1.924758,2.000233,2.212811,2.255594,2.540422
True,mean,False,lower,,,QM1,CSR,0.2,0.26,short-term,1.856969,1.932444,2.140931,2.185867,2.475807
True,mean,False,lower,,,QM1,MSSA,0.2,0.26,short-term,1.94679,2.022264,2.263136,2.365973,2.499059
False,mean,False,upper,,,QM1,GFZ,0.2,0.26,short-term,1.879769,1.955555,2.136524,2.16435,2.441388
False,mean,False,upper,,,QM1,JPL,0.2,0.26,short-term,1.948227,2.024013,2.213495,2.249848,2.530591
False,mean,False,upper,,,QM1,CSR,0.2,0.26,short-term,1.879606,1.955392,2.141039,2.179365,2.464133
False,mean,False,upper,,,QM1,MSSA,0.2,0.26,short-term,1.970531,2.046316,2.26105,2.358435,2.487182
True,mean,False,upper,,,QM1,GFZ,0.2,0.26,short-term,1.886454,1.961929,2.14115,2.168214,2.445675
True,mean,False,upper,,,QM1,JPL,0.2,0.26,short-term,1.95515,2.030625,2.218251,2.253487,2.534206
True,mean,False,upper,,,QM1,CSR,0.2,0.26,short-term,1.886291,1.961766,2.145598,2.182999,2.467426
True,mean,False,upper,,,QM1,MSSA,0.2,0.26,short-term,1.97753,2.053005,2.265624,2.362017,2.489798
False,mean,False,mean,,,Resovsky,GFZ,0.15,0.26,short-term,1.865566,1.938456,2.141206,2.168886,2.442792
False,mean,False,mean,,,Resovsky,JPL,0.15,0.26,short-term,1.933507,2.006397,2.217354,2.25347,2.530189
False,mean,False,mean,,,Resovsky,CSR,0.15,0.26,short-term,1.865404,1.938294,2.14577,2.18339,2.464428
False,mean,False,mean,,,Resovsky,MSSA,0.15,0.26,short-term,1.955641,2.028531,2.27212,2.369349,2.488223
True,mean,False,mean,,,Resovsky,GFZ,0.15,0.26,short-term,1.873194,1.945789,2.14553,2.172117,2.444476
True,mean,False,mean,,,Resovsky,JPL,0.15,0.26,short-term,1.941407,2.014002,2.221809,2.256575,2.531945
True,mean,False,mean,,,Resovsky,CSR,0.15,0.26,short-term,1.873032,1.945627,2.150053,2.186102,2.465697
True,mean,False,mean,,,Resovsky,MSSA,0.15,0.26,short-term,1.963629,2.036224,2.276281,2.372697,2.488997
False,mean,False,lower,,,Resovsky,GFZ,0.15,0.26,short-term,1.848995,1.921884,2.138329,2.170414,2.446358
False,mean,False,lower,,,Resovsky,JPL,0.15,0.26,short-term,1.916332,1.989222,2.214276,2.254749,2.533208
False,mean,False,lower,,,Resovsky,CSR,0.15,0.26,short-term,1.848834,1.921724,2.143204,2.184822,2.46788
False,mean,False,lower,,,Resovsky,MSSA,0.15,0.26,short-term,1.93827,2.01116,2.271153,2.372053,2.494332
True,mean,False,lower,,,Resovsky,GFZ,0.15,0.26,short-term,1.85713,1.929725,2.142994,2.173637,2.448096
True,mean,False,lower,,,Resovsky,JPL,0.15,0.26,short-term,1.924758,1.997353,2.219089,2.258247,2.53501
True,mean,False,lower,,,Resovsky,CSR,0.15,0.26,short-term,1.856969,1.929564,2.147798,2.187899,2.469607
True,mean,False,lower,,,Resovsky,MSSA,0.15,0.26,short-term,1.94679,2.019384,2.27553,2.375588,2.494379
False,mean,False,upper,,,Resovsky,GFZ,0.15,0.26,short-term,1.879769,1.952659,2.142192,2.166222,2.437756
False,mean,False,upper,,,Resovsky,JPL,0.15,0.26,short-term,1.948227,2.021117,2.218492,2.250074,2.524192
False,mean,False,upper,,,Resovsky,CSR,0.15,0.26,short-term,1.879606,1.952496,2.146514,2.180247,2.459042
False,mean,False,upper,,,Resovsky,MSSA,0.15,0.26,short-term,1.970531,2.04342,2.271252,2.365325,2.481285
True,mean,False,upper,,,Resovsky,GFZ,0.15,0.26,short-term,1.886454,1.959049,2.145771,2.168545,2.437916
True,mean,False,upper,,,Resovsky,JPL,0.15,0.26,short-term,1.95515,2.027745,2.222146,2.252731,2.525579
True,mean,False,upper,,,Resovsky,CSR,0.15,0.26,short-term,1.886291,1.958886,2.149991,2.182312,2.460566
True,mean,False,upper,,,Resovsky,MSSA,0.15,0.26,short-term,1.97753,2.050125,2.274622,2.367265,2.480479
False,mean,False,mean,,,Resovsky,GFZ,0.1,0.26,short-term,1.865566,1.938294,2.172414,2.20596,2.471051
False,mean,False,mean,,,Resovsky,JPL,0.1,0.26,short-term,1.933507,2.006235,2.24892,2.292553,2.561554
False,mean,False,mean,,,Resovsky,CSR,0.1,0.26,short-term,1.865404,1.938133,2.177384,2.220468,2.492588
False,mean,False,mean,,,Resovsky,MSSA,0.1,0.26,short-term,1.955641,2.02837,2.31144,2.415253,2.517927
True,mean,False,mean,,,Resovsky,GFZ,0.1,0.26,short-term,1.873194,1.945626,2.175155,2.206939,2.4696
True,mean,False,mean,,,Resovsky,JPL,0.1,0.26,short-term,1.941407,2.013839,2.251729,2.294068,2.560676
True,mean,False,mean,,,Resovsky,CSR,0.1,0.26,short-term,1.873032,1.945464,2.180056,2.221736,2.491551
True,mean,False,mean,,,Resovsky,MSSA,0.1,0.26,short-term,1.963629,2.036062,2.313719,2.416247,2.516382
False,mean,False,lower,,,Resovsky,GFZ,0.1,0.26,short-term,1.848995,1.921723,2.17236,2.210587,2.477274
False,mean,False,lower,,,Resovsky,JPL,0.1,0.26,short-term,1.916332,1.989061,2.248681,2.297439,2.56822
False,mean,False,lower,,,Resovsky,CSR,0.1,0.26,short-term,1.848834,1.921563,2.177676,2.225776,2.498588
False,mean,False,lower,,,Resovsky,MSSA,0.1,0.26,short-term,1.93827,2.010998,2.314003,2.422449,2.52659
True,mean,False,lower,,,Resovsky,GFZ,0.1,0.26,short-term,1.85713,1.929562,2.175299,2.211868,2.476112
True,mean,False,lower,,,Resovsky,JPL,0.1,0.26,short-term,1.924758,1.99719,2.251703,2.298715,2.566928
True,mean,False,lower,,,Resovsky,CSR,0.1,0.26,short-term,1.856969,1.929401,2.18051,2.22645,2.497151
True,mean,False,lower,,,Resovsky,MSSA,0.1,0.26,short-term,1.94679,2.019222,2.316299,2.422755,2.523918
False,mean,False,upper,,,Resovsky,GFZ,0.1,0.26,short-term,1.879769,1.952498,2.170669,2.199958,2.462435
False,mean,False,upper,,,Resovsky,JPL,0.1,0.26,short-term,1.948227,2.020956,2.247316,2.286102,2.552988
False,mean,False,upper,,,Resovsky,CSR,0.1,0.26,short-term,1.879606,1.952335,2.175374,2.214118,2.484133
False,mean,False,upper,,,Resovsky,MSSA,0.1,0.26,short-term,1.970531,2.043259,2.307178,2.407258,2.508203
True,mean,False,upper,,,Resovsky,GFZ,0.1,0.26,short-term,1.886454,1.958887,2.172813,2.200087,2.460659
True,mean,False,upper,,,Resovsky,JPL,0.1,0.26,short-term,1.95515,2.027583,2.249472,2.287693,2.552782
True,mean,False,upper,,,Resovsky,CSR,0.1,0.26,short-term,1.886291,1.958724,2.177378,2.214264,2.482317
True,mean,False,upper,,,Resovsky,MSSA,0.1,0.26,short-term,1.97753,2.049962,2.308833,2.407239,2.506248
False,mean,False,mean,,,Resovsky,GFZ,0.2,0.26,short-term,1.865566,1.938634,2.117914,2.141529,2.417781
False,mean,False,mean,,,Resovsky,JPL,0.2,0.26,short-term,1.933507,2.006575,2.193736,2.223929,2.502425
False,mean,False,mean,,,Resovsky,CSR,0.2,0.26,short-term,1.865404,1.938472,2.122157,2.155395,2.438185
False,mean,False,mean,,,Resovsky,MSSA,0.2,0.26,short-term,1.955641,2.028709,2.242874,2.334676,2.46042
True,mean,False,mean,,,Resovsky,GFZ,0.2,0.26,short-term,1.873194,1.945968,2.123308,2.145848,2.421993
True,mean,False,mean,,,Resovsky,JPL,0.2,0.26,short-term,1.941407,2.014181,2.199309,2.228544,2.507317
True,mean,False,mean,,,Resovsky,CSR,0.2,0.26,short-term,1.873032,1.945806,2.127528,2.159719,2.442841
True,mean,False,mean,,,Resovsky,MSSA,0.2,0.26,short-term,1.963629,2.036403,2.248292,2.33933,2.463986
False,mean,False,lower,,,Resovsky,GFZ,0.2,0.26,short-term,1.848995,1.922062,2.112864,2.140532,2.4189
False,mean,False,lower,,,Resovsky,JPL,0.2,0.26,short-term,1.916332,1.9894,2.188465,2.222334,2.502996
False,mean,False,lower,,,Resovsky,CSR,0.2,0.26,short-term,1.848834,1.921902,2.117386,2.153725,2.438903
False,mean,False,lower,,,Resovsky,MSSA,0.2,0.26,short-term,1.93827,2.011338,2.239203,2.33469,2.46377
True,mean,False,lower,,,Resovsky,GFZ,0.2,0.26,short-term,1.85713,1.929904,2.118696,2.144904,2.422899
True,mean,False,lower,,,Resovsky,JPL,0.2,0.26,short-term,1.924758,1.997532,2.194497,2.227229,2.507417
True,mean,False,lower,,,Resovsky,CSR,0.2,0.26,short-term,1.856969,1.929743,2.123174,2.158903,2.443319
True,mean,False,lower,,,Resovsky,MSSA,0.2,0.26,short-term,1.94679,2.019564,2.244974,2.339448,2.467552
False,mean,False,upper,,,Resovsky,GFZ,0.2,0.26,short-term,1.879769,1.952837,2.121032,2.141171,2.415295
False,mean,False,upper,,,Resovsky,JPL,0.2,0.26,short-term,1.948227,2.021295,2.197017,2.223962,2.501079
False,mean,False,upper,,,Resovsky,CSR,0.2,0.26,short-term,1.879606,1.952674,2.125051,2.154431,2.434569
False,mean,False,upper,,,Resovsky,MSSA,0.2,0.26,short-term,1.970531,2.043598,2.244642,2.333398,2.456295
True,mean,False,upper,,,Resovsky,GFZ,0.2,0.26,short-term,1.886454,1.959229,2.125578,2.144443,2.418174
True,mean,False,upper,,,Resovsky,JPL,0.2,0.26,short-term,1.95515,2.027924,2.201689,2.227692,2.504028
True,mean,False,upper,,,Resovsky,CSR,0.2,0.26,short-term,1.886291,1.959065,2.129524,2.158091,2.43826
True,mean,False,upper,,,Resovsky,MSSA,0.2,0.26,short-term,1.97753,2.050304,2.249156,2.336984,2.459407
False,mean,False,mean,Caron,3e+19,,GFZ,,,long-term,1.865566,1.919276,1.969588,1.925964,2.137877
False,mean,False,mean,Caron,3e+19,,JPL,,,long-term,1.933507,1.987217,2.037626,2.001476,2.215514
False,mean,False,mean,Caron,3e+19,,CSR,,,long-term,1.865404,1.919114,1.969956,1.936301,2.150439
False,mean,False,mean,Caron,3e+19,,MSSA,,,long-term,1.955641,2.009351,2.072741,2.099524,2.17288
True,mean,False,mean,Caron,3e+19,,GFZ,,,long-term,1.873194,1.926721,1.970777,1.925545,2.140471
True,mean,False,mean,Caron,3e+19,,JPL,,,long-term,1.941407,1.994934,2.039043,2.001407,2.218354
True,mean,False,mean,Caron,3e+19,,CSR,,,long-term,1.873032,1.926559,1.971073,1.936292,2.153139
True,mean,False,mean,Caron,3e+19,,MSSA,,,long-term,1.963629,2.017157,2.072866,2.098362,2.175783
False,mean,False,lower,Caron,3e+19,,GFZ,,,long-term,1.848995,1.902704,1.958903,1.917239,2.125185
False,mean,False,lower,Caron,3e+19,,JPL,,,long-term,1.916332,1.970042,2.026337,1.991048,2.200948
False,mean,False,lower,Caron,3e+19,,CSR,,,long-term,1.848834,1.902544,1.959338,1.92787,2.138731
False,mean,False,lower,Caron,3e+19,,MSSA,,,long-term,1.93827,1.99198,2.062792,2.090429,2.16109
True,mean,False,lower,Caron,3e+19,,GFZ,,,long-term,1.85713,1.910657,1.959977,1.916268,2.127158
True,mean,False,lower,Caron,3e+19,,JPL,,,long-term,1.924758,1.978285,2.027658,1.991001,2.203848
True,mean,False,lower,Caron,3e+19,,CSR,,,long-term,1.856969,1.910496,1.960321,1.926699,2.140581
True,mean,False,lower,Caron,3e+19,,MSSA,,,long-term,1.94679,2.000317,2.062626,2.089082,2.16481
False,mean,False,upper,Caron,3e+19,,GFZ,,,long-term,1.879769,1.933479,1.978073,1.932866,2.147744
False,mean,False,upper,Caron,3e+19,,JPL,,,long-term,1.948227,2.001937,2.046644,2.009271,2.226251
False,mean,False,upper,Caron,3e+19,,CSR,,,long-term,1.879606,1.933316,1.978403,1.944345,2.162661
False,mean,False,upper,Caron,3e+19,,MSSA,,,long-term,1.970531,2.02424,2.080463,2.10578,2.182231
True,mean,False,upper,Caron,3e+19,,GFZ,,,long-term,1.886454,1.939982,1.978941,1.932728,2.150753
True,mean,False,upper,Caron,3e+19,,JPL,,,long-term,1.95515,2.008677,2.047694,2.008722,2.228626
True,mean,False,upper,Caron,3e+19,,CSR,,,long-term,1.886291,1.939818,1.979176,1.943309,2.163906
True,mean,False,upper,Caron,3e+19,,MSSA,,,long-term,1.97753,2.031057,2.080345,2.105027,2.184469
False,mean,False,mean,Caron,3e+19,PAR3P,GFZ,0.15,0.26,short-term_:_and long-term,1.865566,1.938216,2.200407,2.23772,2.482402
False,mean,False,mean,Caron,3e+19,PAR3P,JPL,0.15,0.26,short-term_:_and long-term,1.933507,2.006157,2.277083,2.322987,2.573517
False,mean,False,mean,Caron,3e+19,PAR3P,CSR,0.15,0.26,short-term_:_and long-term,1.865404,1.938055,2.205618,2.253115,2.507355
False,mean,False,mean,Caron,3e+19,PAR3P,MSSA,0.15,0.26,short-term_:_and long-term,1.955641,2.028292,2.3471,2.454673,2.534363
True,mean,False,mean,Caron,3e+19,PAR3P,GFZ,0.15,0.26,short-term_:_and long-term,1.873194,1.945551,2.197103,2.232179,2.480248
True,mean,False,mean,Caron,3e+19,PAR3P,JPL,0.15,0.26,short-term_:_and long-term,1.941407,2.013764,2.273871,2.317211,2.568534
True,mean,False,mean,Caron,3e+19,PAR3P,CSR,0.15,0.26,short-term_:_and long-term,1.873032,1.945389,2.202191,2.246625,2.503004
True,mean,False,mean,Caron,3e+19,PAR3P,MSSA,0.15,0.26,short-term_:_and long-term,1.963629,2.035987,2.341794,2.446594,2.529124
False,mean,False,lower,Caron,3e+19,PAR3P,GFZ,0.15,0.26,short-term_:_and long-term,1.848995,1.921645,2.20393,2.246938,2.493222
False,mean,False,lower,Caron,3e+19,PAR3P,JPL,0.15,0.26,short-term_:_and long-term,1.916332,1.988983,2.280413,2.331554,2.579752
False,mean,False,lower,Caron,3e+19,PAR3P,CSR,0.15,0.26,short-term_:_and long-term,1.848834,1.921485,2.209518,2.26175,2.516584
False,mean,False,lower,Caron,3e+19,PAR3P,MSSA,0.15,0.26,short-term_:_and long-term,1.93827,2.010921,2.354199,2.467216,2.545372
True,mean,False,lower,Caron,3e+19,PAR3P,GFZ,0.15,0.26,short-term_:_and long-term,1.85713,1.929487,2.200255,2.240327,2.487564
True,mean,False,lower,Caron,3e+19,PAR3P,JPL,0.15,0.26,short-term_:_and long-term,1.924758,1.997115,2.276851,2.324953,2.576957
True,mean,False,lower,Caron,3e+19,PAR3P,CSR,0.15,0.26,short-term_:_and long-term,1.856969,1.929326,2.205676,2.255286,2.51134
True,mean,False,lower,Caron,3e+19,PAR3P,MSSA,0.15,0.26,short-term_:_and long-term,1.94679,2.019147,2.348184,2.458192,2.539303
False,mean,False,upper,Caron,3e+19,PAR3P,GFZ,0.15,0.26,short-term_:_and long-term,1.879769,1.95242,2.195437,2.228269,2.474618
False,mean,False,upper,Caron,3e+19,PAR3P,JPL,0.15,0.26,short-term_:_and long-term,1.948227,2.020878,2.272261,2.313255,2.563069
False,mean,False,upper,Caron,3e+19,PAR3P,CSR,0.15,0.26,short-term_:_and long-term,1.879606,1.952257,2.200363,2.24299,2.497462
False,mean,False,upper,Caron,3e+19,PAR3P,MSSA,0.15,0.26,short-term_:_and long-term,1.970531,2.043181,2.338757,2.441097,2.522756
True,mean,False,upper,Caron,3e+19,PAR3P,GFZ,0.15,0.26,short-term_:_and long-term,1.886454,1.958812,2.192096,2.221186,2.46954
True,mean,False,upper,Caron,3e+19,PAR3P,JPL,0.15,0.26,short-term_:_and long-term,1.95515,2.027507,2.268944,2.308399,2.560356
True,mean,False,upper,Caron,3e+19,PAR3P,CSR,0.15,0.26,short-term_:_and long-term,1.886291,1.958648,2.196824,2.236903,2.493343
True,mean,False,upper,Caron,3e+19,PAR3P,MSSA,0.15,0.26,short-term_:_and long-term,1.97753,2.049887,2.333522,2.433326,2.517734
False,mean,False,mean,Caron,3e+19,PAR3P,GFZ,0.1,0.26,short-term_:_and long-term,1.865566,1.938119,2.241809,2.285943,2.524727
False,mean,False,mean,Caron,3e+19,PAR3P,JPL,0.1,0.26,short-term_:_and long-term,1.933507,2.00606,2.318814,2.371212,2.611493
False,mean,False,mean,Caron,3e+19,PAR3P,CSR,0.1,0.26,short-term_:_and long-term,1.865404,1.937957,2.247469,2.302713,2.5492
False,mean,False,mean,Caron,3e+19,PAR3P,MSSA,0.1,0.26,short-term_:_and long-term,1.955641,2.028195,2.399154,2.515722,2.574026
True,mean,False,mean,Caron,3e+19,PAR3P,GFZ,0.1,0.26,short-term_:_and long-term,1.873194,1.945452,2.237415,2.27969,2.52065
True,mean,False,mean,Caron,3e+19,PAR3P,JPL,0.1,0.26,short-term_:_and long-term,1.941407,2.013664,2.314462,2.363817,2.605943
True,mean,False,mean,Caron,3e+19,PAR3P,CSR,0.1,0.26,short-term_:_and long-term,1.873032,1.945289,2.242933,2.295013,2.546048
True,mean,False,mean,Caron,3e+19,PAR3P,MSSA,0.1,0.26,short-term_:_and long-term,1.963629,2.035887,2.39262,2.506341,2.567975
False,mean,False,lower,Caron,3e+19,PAR3P,GFZ,0.1,0.26,short-term_:_and long-term,1.848995,1.921548,2.250584,2.300623,2.536717
False,mean,False,lower,Caron,3e+19,PAR3P,JPL,0.1,0.26,short-term_:_and long-term,1.916332,1.988885,2.327422,2.385781,2.622379
False,mean,False,lower,Caron,3e+19,PAR3P,CSR,0.1,0.26,short-term_:_and long-term,1.848834,1.921387,2.25668,2.317489,2.562535
False,mean,False,lower,Caron,3e+19,PAR3P,MSSA,0.1,0.26,short-term_:_and long-term,1.93827,2.010823,2.412855,2.533971,2.587129
True,mean,False,lower,Caron,3e+19,PAR3P,GFZ,0.1,0.26,short-term_:_and long-term,1.85713,1.929387,2.245734,2.293475,2.531943
True,mean,False,lower,Caron,3e+19,PAR3P,JPL,0.1,0.26,short-term_:_and long-term,1.924758,1.997016,2.322633,2.377515,2.617177
True,mean,False,lower,Caron,3e+19,PAR3P,CSR,0.1,0.26,short-term_:_and long-term,1.856969,1.929227,2.251632,2.309157,2.556052
True,mean,False,lower,Caron,3e+19,PAR3P,MSSA,0.1,0.26,short-term_:_and long-term,1.94679,2.019047,2.40547,2.522835,2.580165
False,mean,False,upper,Caron,3e+19,PAR3P,GFZ,0.1,0.26,short-term_:_and long-term,1.879769,1.952322,2.231706,2.271137,2.512154
False,mean,False,upper,Caron,3e+19,PAR3P,JPL,0.1,0.26,short-term_:_and long-term,1.948227,2.020781,2.308843,2.355408,2.597326
False,mean,False,upper,Caron,3e+19,PAR3P,CSR,0.1,0.26,short-term_:_and long-term,1.879606,1.952159,2.237044,2.285915,2.536445
False,mean,False,upper,Caron,3e+19,PAR3P,MSSA,0.1,0.26,short-term_:_and long-term,1.970531,2.043084,2.384392,2.495173,2.559283
True,mean,False,upper,Caron,3e+19,PAR3P,GFZ,0.1,0.26,short-term_:_and long-term,1.886454,1.958712,2.227371,2.264383,2.507217
True,mean,False,upper,Caron,3e+19,PAR3P,JPL,0.1,0.26,short-term_:_and long-term,1.95515,2.027408,2.304478,2.348954,2.592969
True,mean,False,upper,Caron,3e+19,PAR3P,CSR,0.1,0.26,short-term_:_and long-term,1.886291,1.958549,2.232471,2.278707,2.530278
True,mean,False,upper,Caron,3e+19,PAR3P,MSSA,0.1,0.26,short-term_:_and long-term,1.97753,2.049787,2.378023,2.486435,2.555104
False,mean,False,mean,Caron,3e+19,PAR3P,GFZ,0.2,0.26,short-term_:_and long-term,1.865566,1.938278,2.173917,2.206424,2.457896
False,mean,False,mean,Caron,3e+19,PAR3P,JPL,0.2,0.26,short-term_:_and long-term,1.933507,2.006218,2.250196,2.291903,2.546498
False,mean,False,mean,Caron,3e+19,PAR3P,CSR,0.2,0.26,short-term_:_and long-term,1.865404,1.938116,2.178786,2.220775,2.477956
False,mean,False,mean,Caron,3e+19,PAR3P,MSSA,0.2,0.26,short-term_:_and long-term,1.955641,2.028353,2.313829,2.415326,2.502246
True,mean,False,mean,Caron,3e+19,PAR3P,GFZ,0.2,0.26,short-term_:_and long-term,1.873194,1.945615,2.171534,2.20095,2.453713
True,mean,False,mean,Caron,3e+19,PAR3P,JPL,0.2,0.26,short-term_:_and long-term,1.941407,2.013828,2.247946,2.287563,2.545058
True,mean,False,mean,Caron,3e+19,PAR3P,CSR,0.2,0.26,short-term_:_and long-term,1.873032,1.945453,2.176295,2.21609,2.476014
True,mean,False,mean,Caron,3e+19,PAR3P,MSSA,0.2,0.26,short-term_:_and long-term,1.963629,2.03605,2.309586,2.409057,2.498558
False,mean,False,lower,Caron,3e+19,PAR3P,GFZ,0.2,0.26,short-term_:_and long-term,1.848995,1.921706,2.174135,2.210647,2.461407
False,mean,False,lower,Caron,3e+19,PAR3P,JPL,0.2,0.26,short-term_:_and long-term,1.916332,1.989044,2.250191,2.296585,2.550135
False,mean,False,lower,Caron,3e+19,PAR3P,CSR,0.2,0.26,short-term_:_and long-term,1.848834,1.921546,2.17934,2.225482,2.482891
False,mean,False,lower,Caron,3e+19,PAR3P,MSSA,0.2,0.26,short-term_:_and long-term,1.93827,2.010982,2.316787,2.422105,2.508506
True,mean,False,lower,Caron,3e+19,PAR3P,GFZ,0.2,0.26,short-term_:_and long-term,1.85713,1.929551,2.171449,2.204948,2.458052
True,mean,False,lower,Caron,3e+19,PAR3P,JPL,0.2,0.26,short-term_:_and long-term,1.924758,1.997179,2.247662,2.292164,2.549414
True,mean,False,lower,Caron,3e+19,PAR3P,CSR,0.2,0.26,short-term_:_and long-term,1.856969,1.92939,2.17651,2.22035,2.480087
True,mean,False,lower,Caron,3e+19,PAR3P,MSSA,0.2,0.26,short-term_:_and long-term,1.94679,2.019211,2.311938,2.415066,2.503849
False,mean,False,upper,Caron,3e+19,PAR3P,GFZ,0.2,0.26,short-term_:_and long-term,1.879769,1.952481,2.172136,2.199996,2.449989
False,mean,False,upper,Caron,3e+19,PAR3P,JPL,0.2,0.26,short-term_:_and long-term,1.948227,2.020939,2.248585,2.286117,2.541334
False,mean,False,upper,Caron,3e+19,PAR3P,CSR,0.2,0.26,short-term_:_and long-term,1.879606,1.952318,2.176746,2.214995,2.472096
False,mean,False,upper,Caron,3e+19,PAR3P,MSSA,0.2,0.26,short-term_:_and long-term,1.970531,2.043242,2.309463,2.407164,2.494224
True,mean,False,upper,Caron,3e+19,PAR3P,GFZ,0.2,0.26,short-term_:_and long-term,1.886454,1.958875,2.169641,2.194856,2.448941
True,mean,False,upper,Caron,3e+19,PAR3P,JPL,0.2,0.26,short-term_:_and long-term,1.95515,2.027571,2.24616,2.281076,2.538211
True,mean,False,upper,Caron,3e+19,PAR3P,CSR,0.2,0.26,short-term_:_and long-term,1.886291,1.958712,2.17408,2.209812,2.469324
True,mean,False,upper,Caron,3e+19,PAR3P,MSSA,0.2,0.26,short-term_:_and long-term,1.97753,2.049951,2.305215,2.400731,2.490559
False,mean,False,mean,Caron,3e+19,PREM,GFZ,0.15,0.26,short-term_:_and long-term,1.865566,1.939631,2.214496,2.257921,2.516523
False,mean,False,mean,Caron,3e+19,PREM,JPL,0.15,0.26,short-term_:_and long-term,1.933507,2.007572,2.291693,2.344502,2.605737
False,mean,False,mean,Caron,3e+19,PREM,CSR,0.15,0.26,short-term_:_and long-term,1.865404,1.939469,2.219885,2.274023,2.540986
False,mean,False,mean,Caron,3e+19,PREM,MSSA,0.15,0.26,short-term_:_and long-term,1.955641,2.029706,2.364391,2.479258,2.569708
True,mean,False,mean,Caron,3e+19,PREM,GFZ,0.15,0.26,short-term_:_and long-term,1.873194,1.946954,2.21088,2.250925,2.511207
True,mean,False,mean,Caron,3e+19,PREM,JPL,0.15,0.26,short-term_:_and long-term,1.941407,2.015167,2.288167,2.338492,2.601636
True,mean,False,mean,Caron,3e+19,PREM,CSR,0.15,0.26,short-term_:_and long-term,1.873032,1.946792,2.216152,2.267423,2.53503
True,mean,False,mean,Caron,3e+19,PREM,MSSA,0.15,0.26,short-term_:_and long-term,1.963629,2.037389,2.358677,2.470046,2.563279
False,mean,False,lower,Caron,3e+19,PREM,GFZ,0.15,0.26,short-term_:_and long-term,1.848995,1.923059,2.219324,2.270078,2.52857
False,mean,False,lower,Caron,3e+19,PREM,JPL,0.15,0.26,short-term_:_and long-term,1.916332,1.990397,2.296372,2.354088,2.615342
False,mean,False,lower,Caron,3e+19,PREM,CSR,0.15,0.26,short-term_:_and long-term,1.848834,1.922899,2.225108,2.284936,2.551578
False,mean,False,lower,Caron,3e+19,PREM,MSSA,0.15,0.26,short-term_:_and long-term,1.93827,2.012335,2.373146,2.493692,2.582546
True,mean,False,lower,Caron,3e+19,PREM,GFZ,0.15,0.26,short-term_:_and long-term,1.85713,1.93089,2.2153,2.261604,2.523009
True,mean,False,lower,Caron,3e+19,PREM,JPL,0.15,0.26,short-term_:_and long-term,1.924758,1.998518,2.29246,2.348165,2.611093
True,mean,False,lower,Caron,3e+19,PREM,CSR,0.15,0.26,short-term_:_and long-term,1.856969,1.930729,2.22092,2.27787,2.547208
True,mean,False,lower,Caron,3e+19,PREM,MSSA,0.15,0.26,short-term_:_and long-term,1.94679,2.02055,2.366653,2.483118,2.575181
False,mean,False,upper,Caron,3e+19,PREM,GFZ,0.15,0.26,short-term_:_and long-term,1.879769,1.953834,2.20816,2.245998,2.503389
False,mean,False,upper,Caron,3e+19,PREM,JPL,0.15,0.26,short-term_:_and long-term,1.948227,2.022292,2.285468,2.333436,2.594773
False,mean,False,upper,Caron,3e+19,PREM,CSR,0.15,0.26,short-term_:_and long-term,1.879606,1.953671,2.213254,2.261914,2.527448
False,mean,False,upper,Caron,3e+19,PREM,MSSA,0.15,0.26,short-term_:_and long-term,1.970531,2.044595,2.35433,2.463508,2.554872
True,mean,False,upper,Caron,3e+19,PREM,GFZ,0.15,0.26,short-term_:_and long-term,1.886454,1.960214,2.204548,2.23991,2.499447
True,mean,False,upper,Caron,3e+19,PREM,JPL,0.15,0.26,short-term_:_and long-term,1.95515,2.02891,2.281876,2.327485,2.590991
True,mean,False,upper,Caron,3e+19,PREM,CSR,0.15,0.26,short-term_:_and long-term,1.886291,1.960051,2.20944,2.255967,2.522393
True,mean,False,upper,Caron,3e+19,PREM,MSSA,0.15,0.26,short-term_:_and long-term,1.97753,2.05129,2.348735,2.455031,2.548355
False,mean,False,mean,Caron,3e+19,PREM,GFZ,0.1,0.26,short-term_:_and long-term,1.865566,1.939454,2.254818,2.306565,2.558251
False,mean,False,mean,Caron,3e+19,PREM,JPL,0.1,0.26,short-term_:_and long-term,1.933507,2.007395,2.332367,2.392355,2.646146
False,mean,False,mean,Caron,3e+19,PREM,CSR,0.1,0.26,short-term_:_and long-term,1.865404,1.939293,2.26066,2.322376,2.583243
False,mean,False,mean,Caron,3e+19,PREM,MSSA,0.1,0.26,short-term_:_and long-term,1.955641,2.02953,2.415144,2.537793,2.611209
True,mean,False,mean,Caron,3e+19,PREM,GFZ,0.1,0.26,short-term_:_and long-term,1.873194,1.946775,2.249456,2.298823,2.551973
True,mean,False,mean,Caron,3e+19,PREM,JPL,0.1,0.26,short-term_:_and long-term,1.941407,2.014988,2.327024,2.383924,2.638545
True,mean,False,mean,Caron,3e+19,PREM,CSR,0.1,0.26,short-term_:_and long-term,1.873032,1.946613,2.255157,2.31341,2.576065
True,mean,False,mean,Caron,3e+19,PREM,MSSA,0.1,0.26,short-term_:_and long-term,1.963629,2.037211,2.407345,2.527609,2.60241
False,mean,False,lower,Caron,3e+19,PREM,GFZ,0.1,0.26,short-term_:_and long-term,1.848995,1.922883,2.264345,2.322199,2.572442
False,mean,False,lower,Caron,3e+19,PREM,JPL,0.1,0.26,short-term_:_and long-term,1.916332,1.990221,2.341773,2.406237,2.659176
False,mean,False,lower,Caron,3e+19,PREM,CSR,0.1,0.26,short-term_:_and long-term,1.848834,1.922723,2.270638,2.338332,2.598561
False,mean,False,lower,Caron,3e+19,PREM,MSSA,0.1,0.26,short-term_:_and long-term,1.93827,2.012159,2.429803,2.559697,2.629555
True,mean,False,lower,Caron,3e+19,PREM,GFZ,0.1,0.26,short-term_:_and long-term,1.85713,1.930711,2.258421,2.313391,2.565075
True,mean,False,lower,Caron,3e+19,PREM,JPL,0.1,0.26,short-term_:_and long-term,1.924758,1.998339,2.335887,2.398363,2.653148
True,mean,False,lower,Caron,3e+19,PREM,CSR,0.1,0.26,short-term_:_and long-term,1.856969,1.93055,2.264513,2.328263,2.589682
True,mean,False,lower,Caron,3e+19,PREM,MSSA,0.1,0.26,short-term_:_and long-term,1.94679,2.020371,2.420996,2.546854,2.620132
False,mean,False,upper,Caron,3e+19,PREM,GFZ,0.1,0.26,short-term_:_and long-term,1.879769,1.953658,2.243911,2.290557,2.542376
False,mean,False,upper,Caron,3e+19,PREM,JPL,0.1,0.26,short-term_:_and long-term,1.948227,2.022116,2.321555,2.374845,2.628802
False,mean,False,upper,Caron,3e+19,PREM,CSR,0.1,0.26,short-term_:_and long-term,1.879606,1.953495,2.249426,2.305242,2.566123
False,mean,False,upper,Caron,3e+19,PREM,MSSA,0.1,0.26,short-term_:_and long-term,1.970531,2.044419,2.399373,2.516748,2.593909
True,mean,False,upper,Caron,3e+19,PREM,GFZ,0.1,0.26,short-term_:_and long-term,1.886454,1.960036,2.238716,2.282381,2.535501
True,mean,False,upper,Caron,3e+19,PREM,JPL,0.1,0.26,short-term_:_and long-term,1.95515,2.028732,2.316305,2.367506,2.622079
True,mean,False,upper,Caron,3e+19,PREM,CSR,0.1,0.26,short-term_:_and long-term,1.886291,1.959873,2.243985,2.296688,2.558302
True,mean,False,upper,Caron,3e+19,PREM,MSSA,0.1,0.26,short-term_:_and long-term,1.97753,2.051111,2.391875,2.506174,2.584868
False,mean,False,mean,Caron,3e+19,PREM,GFZ,0.2,0.26,short-term_:_and long-term,1.865566,1.939792,2.187408,2.225852,2.487472
False,mean,False,mean,Caron,3e+19,PREM,JPL,0.2,0.26,short-term_:_and long-term,1.933507,2.007733,2.264202,2.312695,2.578588
False,mean,False,mean,Caron,3e+19,PREM,CSR,0.2,0.26,short-term_:_and long-term,1.865404,1.93963,2.192438,2.240292,2.508047
False,mean,False,mean,Caron,3e+19,PREM,MSSA,0.2,0.26,short-term_:_and long-term,1.955641,2.029867,2.330357,2.438376,2.537325
True,mean,False,mean,Caron,3e+19,PREM,GFZ,0.2,0.26,short-term_:_and long-term,1.873194,1.947117,2.18512,2.220818,2.484531
True,mean,False,mean,Caron,3e+19,PREM,JPL,0.2,0.26,short-term_:_and long-term,1.941407,2.01533,2.262058,2.308663,2.576558
True,mean,False,mean,Caron,3e+19,PREM,CSR,0.2,0.26,short-term_:_and long-term,1.873032,1.946955,2.190053,2.235834,2.507906
True,mean,False,mean,Caron,3e+19,PREM,MSSA,0.2,0.26,short-term_:_and long-term,1.963629,2.037553,2.326224,2.432377,2.533367
False,mean,False,lower,Caron,3e+19,PREM,GFZ,0.2,0.26,short-term_:_and long-term,1.848995,1.92322,2.189096,2.232451,2.494428
False,mean,False,lower,Caron,3e+19,PREM,JPL,0.2,0.26,short-term_:_and long-term,1.916332,1.990558,2.265709,2.319237,2.585946
False,mean,False,lower,Caron,3e+19,PREM,CSR,0.2,0.26,short-term_:_and long-term,1.848834,1.92306,2.194481,2.247465,2.515724
False,mean,False,lower,Caron,3e+19,PREM,MSSA,0.2,0.26,short-term_:_and long-term,1.93827,2.012496,2.335183,2.447585,2.545944
True,mean,False,lower,Caron,3e+19,PREM,GFZ,0.2,0.26,short-term_:_and long-term,1.85713,1.931053,2.186514,2.227204,2.492508
True,mean,False,lower,Caron,3e+19,PREM,JPL,0.2,0.26,short-term_:_and long-term,1.924758,1.998681,2.263297,2.314685,2.583959
True,mean,False,lower,Caron,3e+19,PREM,CSR,0.2,0.26,short-term_:_and long-term,1.856969,1.930892,2.191761,2.24204,2.513212
True,mean,False,lower,Caron,3e+19,PREM,MSSA,0.2,0.26,short-term_:_and long-term,1.94679,2.020713,2.330435,2.440732,2.54362
False,mean,False,upper,Caron,3e+19,PREM,GFZ,0.2,0.26,short-term_:_and long-term,1.879769,1.953995,2.184131,2.217391,2.477774
False,mean,False,upper,Caron,3e+19,PREM,JPL,0.2,0.26,short-term_:_and long-term,1.948227,2.022453,2.261061,2.304877,2.570061
False,mean,False,upper,Caron,3e+19,PREM,CSR,0.2,0.26,short-term_:_and long-term,1.879606,1.953832,2.188893,2.232398,2.500288
False,mean,False,upper,Caron,3e+19,PREM,MSSA,0.2,0.26,short-term_:_and long-term,1.970531,2.044756,2.324104,2.427838,2.526173
True,mean,False,upper,Caron,3e+19,PREM,GFZ,0.2,0.26,short-term_:_and long-term,1.886454,1.960378,2.181727,2.212666,2.47566
True,mean,False,upper,Caron,3e+19,PREM,JPL,0.2,0.26,short-term_:_and long-term,1.95515,2.029073,2.258732,2.300086,2.567986
True,mean,False,upper,Caron,3e+19,PREM,CSR,0.2,0.26,short-term_:_and long-term,1.886291,1.960214,2.186318,2.227395,2.498841
True,mean,False,upper,Caron,3e+19,PREM,MSSA,0.2,0.26,short-term_:_and long-term,1.97753,2.051453,2.319955,2.421934,2.522747
False,mean,False,mean,Caron,3e+19,QL6,GFZ,0.15,0.26,short-term_:_and long-term,1.865566,1.936733,2.199309,2.232986,2.47519
False,mean,False,mean,Caron,3e+19,QL6,JPL,0.15,0.26,short-term_:_and long-term,1.933507,2.004674,2.275087,2.317688,2.565238
False,mean,False,mean,Caron,3e+19,QL6,CSR,0.15,0.26,short-term_:_and long-term,1.865404,1.936571,2.204183,2.248719,2.500212
False,mean,False,mean,Caron,3e+19,QL6,MSSA,0.15,0.26,short-term_:_and long-term,1.955641,2.026809,2.348218,2.453728,2.527009
True,mean,False,mean,Caron,3e+19,QL6,GFZ,0.15,0.26,short-term_:_and long-term,1.873194,1.944077,2.194799,2.22564,2.47057
True,mean,False,mean,Caron,3e+19,QL6,JPL,0.15,0.26,short-term_:_and long-term,1.941407,2.01229,2.27067,2.310952,2.559479
True,mean,False,mean,Caron,3e+19,QL6,CSR,0.15,0.26,short-term_:_and long-term,1.873032,1.943915,2.199544,2.240681,2.4944
True,mean,False,mean,Caron,3e+19,QL6,MSSA,0.15,0.26,short-term_:_and long-term,1.963629,2.034512,2.341366,2.444341,2.523007
False,mean,False,lower,Caron,3e+19,QL6,GFZ,0.15,0.26,short-term_:_and long-term,1.848995,1.920162,2.203459,2.243025,2.486097
False,mean,False,lower,Caron,3e+19,QL6,JPL,0.15,0.26,short-term_:_and long-term,1.916332,1.987499,2.278997,2.32647,2.572456
False,mean,False,lower,Caron,3e+19,QL6,CSR,0.15,0.26,short-term_:_and long-term,1.848834,1.920001,2.208697,2.25746,2.508651
False,mean,False,lower,Caron,3e+19,QL6,MSSA,0.15,0.26,short-term_:_and long-term,1.93827,2.009437,2.356296,2.465841,2.536132
True,mean,False,lower,Caron,3e+19,QL6,GFZ,0.15,0.26,short-term_:_and long-term,1.85713,1.928013,2.198415,2.234523,2.479316
True,mean,False,lower,Caron,3e+19,QL6,JPL,0.15,0.26,short-term_:_and long-term,1.924758,1.995641,2.274066,2.318896,2.566267
True,mean,False,lower,Caron,3e+19,QL6,CSR,0.15,0.26,short-term_:_and long-term,1.856969,1.927852,2.203473,2.250294,2.503675
True,mean,False,lower,Caron,3e+19,QL6,MSSA,0.15,0.26,short-term_:_and long-term,1.94679,2.017672,2.348502,2.455792,2.531975
False,mean,False,upper,Caron,3e+19,QL6,GFZ,0.15,0.26,short-term_:_and long-term,1.879769,1.950936,2.193517,2.222007,2.465198
False,mean,False,upper,Caron,3e+19,QL6,JPL,0.15,0.26,short-term_:_and long-term,1.948227,2.019395,2.269501,2.307544,2.554168
False,mean,False,upper,Caron,3e+19,QL6,CSR,0.15,0.26,short-term_:_and long-term,1.879606,1.950773,2.198128,2.237396,2.489015
False,mean,False,upper,Caron,3e+19,QL6,MSSA,0.15,0.26,short-term_:_and long-term,1.970531,2.041698,2.338676,2.439147,2.514689
True,mean,False,upper,Caron,3e+19,QL6,GFZ,0.15,0.26,short-term_:_and long-term,1.886454,1.957337,2.189133,2.214776,2.459881
True,mean,False,upper,Caron,3e+19,QL6,JPL,0.15,0.26,short-term_:_and long-term,1.95515,2.026033,2.26514,2.300891,2.54883
True,mean,False,upper,Caron,3e+19,QL6,CSR,0.15,0.26,short-term_:_and long-term,1.886291,1.957174,2.19353,2.22997,2.482397
True,mean,False,upper,Caron,3e+19,QL6,MSSA,0.15,0.26,short-term_:_and long-term,1.97753,2.048413,2.332097,2.429573,2.50951
False,mean,False,mean,Caron,3e+19,QL6,GFZ,0.1,0.26,short-term_:_and long-term,1.865566,1.936637,2.236569,2.277014,2.511088
False,mean,False,mean,Caron,3e+19,QL6,JPL,0.1,0.26,short-term_:_and long-term,1.933507,2.004578,2.312653,2.360828,2.596273
False,mean,False,mean,Caron,3e+19,QL6,CSR,0.1,0.26,short-term_:_and long-term,1.865404,1.936476,2.241871,2.292752,2.535315
False,mean,False,mean,Caron,3e+19,QL6,MSSA,0.1,0.26,short-term_:_and long-term,1.955641,2.026713,2.395365,2.507663,2.558294
True,mean,False,mean,Caron,3e+19,QL6,GFZ,0.1,0.26,short-term_:_and long-term,1.873194,1.94398,2.230129,2.26702,2.503224
True,mean,False,mean,Caron,3e+19,QL6,JPL,0.1,0.26,short-term_:_and long-term,1.941407,2.012193,2.306264,2.351348,2.589227
True,mean,False,mean,Caron,3e+19,QL6,CSR,0.1,0.26,short-term_:_and long-term,1.873032,1.943818,2.235278,2.282918,2.526544
True,mean,False,mean,Caron,3e+19,QL6,MSSA,0.1,0.26,short-term_:_and long-term,1.963629,2.034415,2.386166,2.495171,2.550376
False,mean,False,lower,Caron,3e+19,QL6,GFZ,0.1,0.26,short-term_:_and long-term,1.848995,1.920066,2.24451,2.289841,2.521157
False,mean,False,lower,Caron,3e+19,QL6,JPL,0.1,0.26,short-term_:_and long-term,1.916332,1.987404,2.32037,2.372729,2.605845
False,mean,False,lower,Caron,3e+19,QL6,CSR,0.1,0.26,short-term_:_and long-term,1.848834,1.919906,2.250221,2.306381,2.547187
False,mean,False,lower,Caron,3e+19,QL6,MSSA,0.1,0.26,short-term_:_and long-term,1.93827,2.009342,2.408229,2.525675,2.571156
True,mean,False,lower,Caron,3e+19,QL6,GFZ,0.1,0.26,short-term_:_and long-term,1.85713,1.927916,2.237363,2.28004,2.515172
True,mean,False,lower,Caron,3e+19,QL6,JPL,0.1,0.26,short-term_:_and long-term,1.924758,1.995544,2.313293,2.363227,2.599484
True,mean,False,lower,Caron,3e+19,QL6,CSR,0.1,0.26,short-term_:_and long-term,1.856969,1.927755,2.24286,2.295947,2.539663
True,mean,False,lower,Caron,3e+19,QL6,MSSA,0.1,0.26,short-term_:_and long-term,1.94679,2.017576,2.397839,2.512491,2.563972
False,mean,False,upper,Caron,3e+19,QL6,GFZ,0.1,0.26,short-term_:_and long-term,1.879769,1.950841,2.227122,2.262216,2.497342
False,mean,False,upper,Caron,3e+19,QL6,JPL,0.1,0.26,short-term_:_and long-term,1.948227,2.019299,2.303406,2.345847,2.583261
False,mean,False,upper,Caron,3e+19,QL6,CSR,0.1,0.26,short-term_:_and long-term,1.879606,1.950678,2.232137,2.277683,2.520902
False,mean,False,upper,Caron,3e+19,QL6,MSSA,0.1,0.26,short-term_:_and long-term,1.970531,2.041602,2.381238,2.488456,2.544305
True,mean,False,upper,Caron,3e+19,QL6,GFZ,0.1,0.26,short-term_:_and long-term,1.886454,1.95724,2.220989,2.252933,2.490385
True,mean,False,upper,Caron,3e+19,QL6,JPL,0.1,0.26,short-term_:_and long-term,1.95515,2.025936,2.297247,2.336969,2.575234
True,mean,False,upper,Caron,3e+19,QL6,CSR,0.1,0.26,short-term_:_and long-term,1.886291,1.957077,2.225748,2.267634,2.51346
True,mean,False,upper,Caron,3e+19,QL6,MSSA,0.1,0.26,short-term_:_and long-term,1.97753,2.048316,2.372519,2.477281,2.538068
False,mean,False,mean,Caron,3e+19,QL6,GFZ,0.2,0.26,short-term_:_and long-term,1.865566,1.93683,2.17286,2.201773,2.450043
False,mean,False,mean,Caron,3e+19,QL6,JPL,0.2,0.26,short-term_:_and long-term,1.933507,2.004771,2.248341,2.286181,2.538294
False,mean,False,mean,Caron,3e+19,QL6,CSR,0.2,0.26,short-term_:_and long-term,1.865404,1.936669,2.177408,2.216374,2.470856
False,mean,False,mean,Caron,3e+19,QL6,MSSA,0.2,0.26,short-term_:_and long-term,1.955641,2.026906,2.314812,2.413469,2.497856
True,mean,False,mean,Caron,3e+19,QL6,GFZ,0.2,0.26,short-term_:_and long-term,1.873194,1.944175,2.169767,2.195747,2.446512
True,mean,False,mean,Caron,3e+19,QL6,JPL,0.2,0.26,short-term_:_and long-term,1.941407,2.012388,2.24538,2.281285,2.535401
True,mean,False,mean,Caron,3e+19,QL6,CSR,0.2,0.26,short-term_:_and long-term,1.873032,1.944013,2.174205,2.210599,2.467765
True,mean,False,mean,Caron,3e+19,QL6,MSSA,0.2,0.26,short-term_:_and long-term,1.963629,2.03461,2.309673,2.406553,2.493651
False,mean,False,lower,Caron,3e+19,QL6,GFZ,0.2,0.26,short-term_:_and long-term,1.848995,1.920259,2.17435,2.207308,2.454474
False,mean,False,lower,Caron,3e+19,QL6,JPL,0.2,0.26,short-term_:_and long-term,1.916332,1.987597,2.249573,2.292652,2.543994
False,mean,False,lower,Caron,3e+19,QL6,CSR,0.2,0.26,short-term_:_and long-term,1.848834,1.920099,2.179228,2.2225,2.476687
False,mean,False,lower,Caron,3e+19,QL6,MSSA,0.2,0.26,short-term_:_and long-term,1.93827,2.009534,2.319543,2.422959,2.506488
True,mean,False,lower,Caron,3e+19,QL6,GFZ,0.2,0.26,short-term_:_and long-term,1.85713,1.928111,2.170851,2.201938,2.45292
True,mean,False,lower,Caron,3e+19,QL6,JPL,0.2,0.26,short-term_:_and long-term,1.924758,1.995739,2.246229,2.286391,2.541273
True,mean,False,lower,Caron,3e+19,QL6,CSR,0.2,0.26,short-term_:_and long-term,1.856969,1.92795,2.175577,2.216547,2.472838
True,mean,False,lower,Caron,3e+19,QL6,MSSA,0.2,0.26,short-term_:_and long-term,1.94679,2.017771,2.313644,2.414355,2.501236
False,mean,False,upper,Caron,3e+19,QL6,GFZ,0.2,0.26,short-term_:_and long-term,1.879769,1.951034,2.169664,2.194084,2.442461
False,mean,False,upper,Caron,3e+19,QL6,JPL,0.2,0.26,short-term_:_and long-term,1.948227,2.019492,2.245361,2.278874,2.531562
False,mean,False,upper,Caron,3e+19,QL6,CSR,0.2,0.26,short-term_:_and long-term,1.879606,1.950871,2.173969,2.208263,2.462334
False,mean,False,upper,Caron,3e+19,QL6,MSSA,0.2,0.26,short-term_:_and long-term,1.970531,2.041795,2.308519,2.40304,2.487373
True,mean,False,upper,Caron,3e+19,QL6,GFZ,0.2,0.26,short-term_:_and long-term,1.886454,1.957435,2.166564,2.188343,2.439555
True,mean,False,upper,Caron,3e+19,QL6,JPL,0.2,0.26,short-term_:_and long-term,1.95515,2.026131,2.242326,2.273543,2.528299
True,mean,False,upper,Caron,3e+19,QL6,CSR,0.2,0.26,short-term_:_and long-term,1.886291,1.957272,2.170686,2.20263,2.459725
True,mean,False,upper,Caron,3e+19,QL6,MSSA,0.2,0.26,short-term_:_and long-term,1.97753,2.048511,2.303499,2.396361,2.483576
False,mean,False,mean,Caron,3e+19,QM1,GFZ,0.15,0.26,short-term_:_and long-term,1.865566,1.941079,2.207104,2.253288,2.510572
False,mean,False,mean,Caron,3e+19,QM1,JPL,0.15,0.26,short-term_:_and long-term,1.933507,2.00902,2.284445,2.33973,2.601042
False,mean,False,mean,Caron,3e+19,QM1,CSR,0.15,0.26,short-term_:_and long-term,1.865404,1.940918,2.212764,2.269226,2.534614
False,mean,False,mean,Caron,3e+19,QM1,MSSA,0.15,0.26,short-term_:_and long-term,1.955641,2.031155,2.351277,2.465449,2.556352
True,mean,False,mean,Caron,3e+19,QM1,GFZ,0.15,0.26,short-term_:_and long-term,1.873194,1.948393,2.204355,2.24718,2.505813
True,mean,False,mean,Caron,3e+19,QM1,JPL,0.15,0.26,short-term_:_and long-term,1.941407,2.016605,2.281802,2.334936,2.598911
True,mean,False,mean,Caron,3e+19,QM1,CSR,0.15,0.26,short-term_:_and long-term,1.873032,1.94823,2.209911,2.263249,2.530175
True,mean,False,mean,Caron,3e+19,QM1,MSSA,0.15,0.26,short-term_:_and long-term,1.963629,2.038828,2.346632,2.457692,2.550979
False,mean,False,lower,Caron,3e+19,QM1,GFZ,0.15,0.26,short-term_:_and long-term,1.848995,1.924508,2.211817,2.263514,2.521062
False,mean,False,lower,Caron,3e+19,QM1,JPL,0.15,0.26,short-term_:_and long-term,1.916332,1.991846,2.289036,2.349987,2.61239
False,mean,False,lower,Caron,3e+19,QM1,CSR,0.15,0.26,short-term_:_and long-term,1.848834,1.924348,2.217902,2.279638,2.545233
False,mean,False,lower,Caron,3e+19,QM1,MSSA,0.15,0.26,short-term_:_and long-term,1.93827,2.013784,2.359643,2.478823,2.566353
True,mean,False,lower,Caron,3e+19,QM1,GFZ,0.15,0.26,short-term_:_and long-term,1.85713,1.932328,2.208753,2.257797,2.517089
True,mean,False,lower,Caron,3e+19,QM1,JPL,0.15,0.26,short-term_:_and long-term,1.924758,1.999956,2.286102,2.344714,2.608116
True,mean,False,lower,Caron,3e+19,QM1,CSR,0.15,0.26,short-term_:_and long-term,1.856969,1.932168,2.21469,2.273177,2.540715
True,mean,False,lower,Caron,3e+19,QM1,MSSA,0.15,0.26,short-term_:_and long-term,1.94679,2.021988,2.354338,2.471738,2.563837
False,mean,False,upper,Caron,3e+19,QM1,GFZ,0.15,0.26,short-term_:_and long-term,1.879769,1.955283,2.20099,2.241109,2.497872
False,mean,False,upper,Caron,3e+19,QM1,JPL,0.15,0.26,short-term_:_and long-term,1.948227,2.023741,2.278413,2.329087,2.59173
False,mean,False,upper,Caron,3e+19,QM1,CSR,0.15,0.26,short-term_:_and long-term,1.879606,1.95512,2.206323,2.256761,2.522097
False,mean,False,upper,Caron,3e+19,QM1,MSSA,0.15,0.26,short-term_:_and long-term,1.970531,2.046044,2.341723,2.44988,2.541377
True,mean,False,upper,Caron,3e+19,QM1,GFZ,0.15,0.26,short-term_:_and long-term,1.886454,1.961653,2.198153,2.236161,2.495657
True,mean,False,upper,Caron,3e+19,QM1,JPL,0.15,0.26,short-term_:_and long-term,1.95515,2.030349,2.275611,2.323805,2.588873
True,mean,False,upper,Caron,3e+19,QM1,CSR,0.15,0.26,short-term_:_and long-term,1.886291,1.96149,2.203298,2.251833,2.518182
True,mean,False,upper,Caron,3e+19,QM1,MSSA,0.15,0.26,short-term_:_and long-term,1.97753,2.052728,2.337089,2.442886,2.537112
False,mean,False,mean,Caron,3e+19,QM1,GFZ,0.1,0.26,short-term_:_and long-term,1.865566,1.940821,2.239699,2.29218,2.543059
False,mean,False,mean,Caron,3e+19,QM1,JPL,0.1,0.26,short-term_:_and long-term,1.933507,2.008762,2.317324,2.378076,2.632458
False,mean,False,mean,Caron,3e+19,QM1,CSR,0.1,0.26,short-term_:_and long-term,1.865404,1.940659,2.245784,2.308267,2.568992
False,mean,False,mean,Caron,3e+19,QM1,MSSA,0.1,0.26,short-term_:_and long-term,1.955641,2.030896,2.391759,2.513809,2.589976
True,mean,False,mean,Caron,3e+19,QM1,GFZ,0.1,0.26,short-term_:_and long-term,1.873194,1.948131,2.235329,2.28492,2.538507
True,mean,False,mean,Caron,3e+19,QM1,JPL,0.1,0.26,short-term_:_and long-term,1.941407,2.016344,2.312988,2.371109,2.626889
True,mean,False,mean,Caron,3e+19,QM1,CSR,0.1,0.26,short-term_:_and long-term,1.873032,1.947969,2.241279,2.300666,2.562803
True,mean,False,mean,Caron,3e+19,QM1,MSSA,0.1,0.26,short-term_:_and long-term,1.963629,2.038566,2.385242,2.503621,2.582477
False,mean,False,lower,Caron,3e+19,QM1,GFZ,0.1,0.26,short-term_:_and long-term,1.848995,1.924249,2.248881,2.307955,2.557516
False,mean,False,lower,Caron,3e+19,QM1,JPL,0.1,0.26,short-term_:_and long-term,1.916332,1.991587,2.32641,2.393932,2.647024
False,mean,False,lower,Caron,3e+19,QM1,CSR,0.1,0.26,short-term_:_and long-term,1.848834,1.924089,2.255451,2.323796,2.583536
False,mean,False,lower,Caron,3e+19,QM1,MSSA,0.1,0.26,short-term_:_and long-term,1.93827,2.013525,2.405681,2.533264,2.603178
True,mean,False,lower,Caron,3e+19,QM1,GFZ,0.1,0.26,short-term_:_and long-term,1.85713,1.932067,2.244045,2.299338,2.5509
True,mean,False,lower,Caron,3e+19,QM1,JPL,0.1,0.26,short-term_:_and long-term,1.924758,1.999695,2.321628,2.386104,2.640268
True,mean,False,lower,Caron,3e+19,QM1,CSR,0.1,0.26,short-term_:_and long-term,1.856969,1.931906,2.250424,2.315801,2.576607
True,mean,False,lower,Caron,3e+19,QM1,MSSA,0.1,0.26,short-term_:_and long-term,1.94679,2.021727,2.398288,2.522853,2.596938
False,mean,False,upper,Caron,3e+19,QM1,GFZ,0.1,0.26,short-term_:_and long-term,1.879769,1.955024,2.229184,2.27625,2.529115
False,mean,False,upper,Caron,3e+19,QM1,JPL,0.1,0.26,short-term_:_and long-term,1.948227,2.023482,2.306876,2.362238,2.61811
False,mean,False,upper,Caron,3e+19,QM1,CSR,0.1,0.26,short-term_:_and long-term,1.879606,1.954861,2.234904,2.291536,2.553376
False,mean,False,upper,Caron,3e+19,QM1,MSSA,0.1,0.26,short-term_:_and long-term,1.970531,2.045785,2.376763,2.492968,2.574876
True,mean,False,upper,Caron,3e+19,QM1,GFZ,0.1,0.26,short-term_:_and long-term,1.886454,1.961391,2.224882,2.269136,2.523039
True,mean,False,upper,Caron,3e+19,QM1,JPL,0.1,0.26,short-term_:_and long-term,1.95515,2.030087,2.302535,2.35499,2.611191
True,mean,False,upper,Caron,3e+19,QM1,CSR,0.1,0.26,short-term_:_and long-term,1.886291,1.961228,2.230367,2.2838,2.545641
True,mean,False,upper,Caron,3e+19,QM1,MSSA,0.1,0.26,short-term_:_and long-term,1.97753,2.052467,2.370425,2.48351,2.567965
False,mean,False,mean,Caron,3e+19,QM1,GFZ,0.2,0.26,short-term_:_and long-term,1.865566,1.941333,2.183887,2.22429,2.484169
False,mean,False,mean,Caron,3e+19,QM1,JPL,0.2,0.26,short-term_:_and long-term,1.933507,2.009274,2.26085,2.311993,2.578118
False,mean,False,mean,Caron,3e+19,QM1,CSR,0.2,0.26,short-term_:_and long-term,1.865404,1.941171,2.189182,2.240114,2.506693
False,mean,False,mean,Caron,3e+19,QM1,MSSA,0.2,0.26,short-term_:_and long-term,1.955641,2.031408,2.322525,2.430789,2.526545
True,mean,False,mean,Caron,3e+19,QM1,GFZ,0.2,0.26,short-term_:_and long-term,1.873194,1.948648,2.182298,2.220289,2.48286
True,mean,False,mean,Caron,3e+19,QM1,JPL,0.2,0.26,short-term_:_and long-term,1.941407,2.016861,2.259417,2.308274,2.576198
True,mean,False,mean,Caron,3e+19,QM1,CSR,0.2,0.26,short-term_:_and long-term,1.873032,1.948486,2.18751,2.236295,2.506705
True,mean,False,mean,Caron,3e+19,QM1,MSSA,0.2,0.26,short-term_:_and long-term,1.963629,2.039084,2.319243,2.425547,2.525485
False,mean,False,lower,Caron,3e+19,QM1,GFZ,0.2,0.26,short-term_:_and long-term,1.848995,1.924761,2.18545,2.23081,2.491005
False,mean,False,lower,Caron,3e+19,QM1,JPL,0.2,0.26,short-term_:_and long-term,1.916332,1.992099,2.262258,2.318619,2.585121
False,mean,False,lower,Caron,3e+19,QM1,CSR,0.2,0.26,short-term_:_and long-term,1.848834,1.924601,2.191124,2.246806,2.514333
False,mean,False,lower,Caron,3e+19,QM1,MSSA,0.2,0.26,short-term_:_and long-term,1.93827,2.014037,2.327,2.439932,2.535441
True,mean,False,lower,Caron,3e+19,QM1,GFZ,0.2,0.26,short-term_:_and long-term,1.85713,1.932584,2.183647,2.226566,2.489344
True,mean,False,lower,Caron,3e+19,QM1,JPL,0.2,0.26,short-term_:_and long-term,1.924758,2.000212,2.260636,2.313897,2.583248
True,mean,False,lower,Caron,3e+19,QM1,CSR,0.2,0.26,short-term_:_and long-term,1.856969,1.932423,2.189199,2.242603,2.513172
True,mean,False,lower,Caron,3e+19,QM1,MSSA,0.2,0.26,short-term_:_and long-term,1.94679,2.022244,2.323199,2.433915,2.533523
False,mean,False,upper,Caron,3e+19,QM1,GFZ,0.2,0.26,short-term_:_and long-term,1.879769,1.955536,2.180804,2.216268,2.475472
False,mean,False,upper,Caron,3e+19,QM1,JPL,0.2,0.26,short-term_:_and long-term,1.948227,2.023994,2.257877,2.304223,2.569018
False,mean,False,upper,Caron,3e+19,QM1,CSR,0.2,0.26,short-term_:_and long-term,1.879606,1.955373,2.185806,2.232199,2.498904
False,mean,False,upper,Caron,3e+19,QM1,MSSA,0.2,0.26,short-term_:_and long-term,1.970531,2.046297,2.316699,2.421164,2.517676
True,mean,False,upper,Caron,3e+19,QM1,GFZ,0.2,0.26,short-term_:_and long-term,1.886454,1.961909,2.179023,2.212056,2.474596
True,mean,False,upper,Caron,3e+19,QM1,JPL,0.2,0.26,short-term_:_and long-term,1.95515,2.030604,2.256182,2.301048,2.568393
True,mean,False,upper,Caron,3e+19,QM1,CSR,0.2,0.26,short-term_:_and long-term,1.886291,1.961746,2.183868,2.228,2.497539
True,mean,False,upper,Caron,3e+19,QM1,MSSA,0.2,0.26,short-term_:_and long-term,1.97753,2.052984,2.313313,2.41643,2.517019
False,mean,False,mean,Caron,3e+19,Resovsky,GFZ,0.15,0.26,short-term_:_and long-term,1.865566,1.93845,2.189552,2.226031,2.478029
False,mean,False,mean,Caron,3e+19,Resovsky,JPL,0.15,0.26,short-term_:_and long-term,1.933507,2.00639,2.265786,2.312492,2.568379
False,mean,False,mean,Caron,3e+19,Resovsky,CSR,0.15,0.26,short-term_:_and long-term,1.865404,1.938288,2.19464,2.24108,2.501792
False,mean,False,mean,Caron,3e+19,Resovsky,MSSA,0.15,0.26,short-term_:_and long-term,1.955641,2.028525,2.332741,2.437777,2.524647
True,mean,False,mean,Caron,3e+19,Resovsky,GFZ,0.15,0.26,short-term_:_and long-term,1.873194,1.945781,2.186073,2.220302,2.475238
True,mean,False,mean,Caron,3e+19,Resovsky,JPL,0.15,0.26,short-term_:_and long-term,1.941407,2.013993,2.262406,2.306265,2.565503
True,mean,False,mean,Caron,3e+19,Resovsky,CSR,0.15,0.26,short-term_:_and long-term,1.873032,1.945618,2.19104,2.234107,2.495553
True,mean,False,mean,Caron,3e+19,Resovsky,MSSA,0.15,0.26,short-term_:_and long-term,1.963629,2.036216,2.327214,2.430263,2.520611
False,mean,False,lower,Caron,3e+19,Resovsky,GFZ,0.15,0.26,short-term_:_and long-term,1.848995,1.921878,2.192253,2.234126,2.486837
False,mean,False,lower,Caron,3e+19,Resovsky,JPL,0.15,0.26,short-term_:_and long-term,1.916332,1.989216,2.268286,2.31933,2.575828
False,mean,False,lower,Caron,3e+19,Resovsky,CSR,0.15,0.26,short-term_:_and long-term,1.848834,1.921718,2.197715,2.250035,2.510682
False,mean,False,lower,Caron,3e+19,Resovsky,MSSA,0.15,0.26,short-term_:_and long-term,1.93827,2.011154,2.338776,2.449103,2.535613
True,mean,False,lower,Caron,3e+19,Resovsky,GFZ,0.15,0.26,short-term_:_and long-term,1.85713,1.929716,2.188329,2.227194,2.482572
True,mean,False,lower,Caron,3e+19,Resovsky,JPL,0.15,0.26,short-term_:_and long-term,1.924758,1.997344,2.264483,2.313554,2.572892
True,mean,False,lower,Caron,3e+19,Resovsky,CSR,0.15,0.26,short-term_:_and long-term,1.856969,1.929555,2.193623,2.242211,2.504349
True,mean,False,lower,Caron,3e+19,Resovsky,MSSA,0.15,0.26,short-term_:_and long-term,1.94679,2.019376,2.332433,2.439942,2.530044
False,mean,False,upper,Caron,3e+19,Resovsky,GFZ,0.15,0.26,short-term_:_and long-term,1.879769,1.952653,2.185128,2.217543,2.469919
False,mean,False,upper,Caron,3e+19,Resovsky,JPL,0.15,0.26,short-term_:_and long-term,1.948227,2.021111,2.261528,2.303456,2.55932
False,mean,False,upper,Caron,3e+19,Resovsky,CSR,0.15,0.26,short-term_:_and long-term,1.879606,1.95249,2.189938,2.23119,2.491202
False,mean,False,upper,Caron,3e+19,Resovsky,MSSA,0.15,0.26,short-term_:_and long-term,1.970531,2.043414,2.325125,2.42523,2.513337
True,mean,False,upper,Caron,3e+19,Resovsky,GFZ,0.15,0.26,short-term_:_and long-term,1.886454,1.959041,2.181684,2.211142,2.465147
True,mean,False,upper,Caron,3e+19,Resovsky,JPL,0.15,0.26,short-term_:_and long-term,1.95515,2.027737,2.258114,2.29769,2.556195
True,mean,False,upper,Caron,3e+19,Resovsky,CSR,0.15,0.26,short-term_:_and long-term,1.886291,1.958878,2.186292,2.224646,2.485718
True,mean,False,upper,Caron,3e+19,Resovsky,MSSA,0.15,0.26,short-term_:_and long-term,1.97753,2.050116,2.319757,2.418009,2.508361
False,mean,False,mean,Caron,3e+19,Resovsky,GFZ,0.1,0.26,short-term_:_and long-term,1.865566,1.938298,2.217855,2.25989,2.50525
False,mean,False,mean,Caron,3e+19,Resovsky,JPL,0.1,0.26,short-term_:_and long-term,1.933507,2.006239,2.294451,2.344966,2.592503
False,mean,False,mean,Caron,3e+19,Resovsky,CSR,0.1,0.26,short-term_:_and long-term,1.865404,1.938136,2.223321,2.275714,2.528658
False,mean,False,mean,Caron,3e+19,Resovsky,MSSA,0.1,0.26,short-term_:_and long-term,1.955641,2.028373,2.368312,2.479711,2.54877
True,mean,False,mean,Caron,3e+19,Resovsky,GFZ,0.1,0.26,short-term_:_and long-term,1.873194,1.945627,2.212706,2.251802,2.497722
True,mean,False,mean,Caron,3e+19,Resovsky,JPL,0.1,0.26,short-term_:_and long-term,1.941407,2.01384,2.289342,2.337054,2.586294
True,mean,False,mean,Caron,3e+19,Resovsky,CSR,0.1,0.26,short-term_:_and long-term,1.873032,1.945465,2.218021,2.26715,2.521367
True,mean,False,mean,Caron,3e+19,Resovsky,MSSA,0.1,0.26,short-term_:_and long-term,1.963629,2.036063,2.360806,2.469316,2.54408
False,mean,False,lower,Caron,3e+19,Resovsky,GFZ,0.1,0.26,short-term_:_and long-term,1.848995,1.921727,2.223042,2.271014,2.516859
False,mean,False,lower,Caron,3e+19,Resovsky,JPL,0.1,0.26,short-term_:_and long-term,1.916332,1.989064,2.299456,2.355496,2.602599
False,mean,False,lower,Caron,3e+19,Resovsky,CSR,0.1,0.26,short-term_:_and long-term,1.848834,1.921566,2.228916,2.28716,2.541516
False,mean,False,lower,Caron,3e+19,Resovsky,MSSA,0.1,0.26,short-term_:_and long-term,1.93827,2.011002,2.377441,2.493954,2.561571
True,mean,False,lower,Caron,3e+19,Resovsky,GFZ,0.1,0.26,short-term_:_and long-term,1.85713,1.929563,2.217296,2.261646,2.508681
True,mean,False,lower,Caron,3e+19,Resovsky,JPL,0.1,0.26,short-term_:_and long-term,1.924758,1.997191,2.293768,2.346443,2.596049
True,mean,False,lower,Caron,3e+19,Resovsky,CSR,0.1,0.26,short-term_:_and long-term,1.856969,1.929402,2.222964,2.27766,2.532352
True,mean,False,lower,Caron,3e+19,Resovsky,MSSA,0.1,0.26,short-term_:_and long-term,1.94679,2.019223,2.368915,2.482533,2.554726
False,mean,False,upper,Caron,3e+19,Resovsky,GFZ,0.1,0.26,short-term_:_and long-term,1.879769,1.952501,2.211027,2.247601,2.491991
False,mean,False,upper,Caron,3e+19,Resovsky,JPL,0.1,0.26,short-term_:_and long-term,1.948227,2.020959,2.287778,2.333253,2.580796
False,mean,False,upper,Caron,3e+19,Resovsky,CSR,0.1,0.26,short-term_:_and long-term,1.879606,1.952338,2.216195,2.263113,2.515948
False,mean,False,upper,Caron,3e+19,Resovsky,MSSA,0.1,0.26,short-term_:_and long-term,1.970531,2.043263,2.357721,2.464043,2.538115
True,mean,False,upper,Caron,3e+19,Resovsky,GFZ,0.1,0.26,short-term_:_and long-term,1.886454,1.958888,2.206069,2.239821,2.48576
True,mean,False,upper,Caron,3e+19,Resovsky,JPL,0.1,0.26,short-term_:_and long-term,1.95515,2.027583,2.28279,2.325183,2.573614
True,mean,False,upper,Caron,3e+19,Resovsky,CSR,0.1,0.26,short-term_:_and long-term,1.886291,1.958724,2.210995,2.254939,2.508338
True,mean,False,upper,Caron,3e+19,Resovsky,MSSA,0.1,0.26,short-term_:_and long-term,1.97753,2.049963,2.350552,2.454036,2.530502
False,mean,False,mean,Caron,3e+19,Resovsky,GFZ,0.2,0.26,short-term_:_and long-term,1.865566,1.93863,2.168437,2.200885,2.457408
False,mean,False,mean,Caron,3e+19,Resovsky,JPL,0.2,0.26,short-term_:_and long-term,1.933507,2.006571,2.244343,2.286576,2.547667
False,mean,False,mean,Caron,3e+19,Resovsky,CSR,0.2,0.26,short-term_:_and long-term,1.865404,1.938469,2.173214,2.214721,2.478971
False,mean,False,mean,Caron,3e+19,Resovsky,MSSA,0.2,0.26,short-term_:_and long-term,1.955641,2.028706,2.306298,2.408399,2.50185
True,mean,False,mean,Caron,3e+19,Resovsky,GFZ,0.2,0.26,short-term_:_and long-term,1.873194,1.945963,2.166088,2.195769,2.455028
True,mean,False,mean,Caron,3e+19,Resovsky,JPL,0.2,0.26,short-term_:_and long-term,1.941407,2.014175,2.24214,2.282283,2.545755
True,mean,False,mean,Caron,3e+19,Resovsky,CSR,0.2,0.26,short-term_:_and long-term,1.873032,1.9458,2.170768,2.209636,2.477126
True,mean,False,mean,Caron,3e+19,Resovsky,MSSA,0.2,0.26,short-term_:_and long-term,1.963629,2.036398,2.302093,2.401651,2.499365
False,mean,False,lower,Caron,3e+19,Resovsky,GFZ,0.2,0.26,short-term_:_and long-term,1.848995,1.922059,2.16922,2.206423,2.463106
False,mean,False,lower,Caron,3e+19,Resovsky,JPL,0.2,0.26,short-term_:_and long-term,1.916332,1.989397,2.244905,2.292052,2.553306
False,mean,False,lower,Caron,3e+19,Resovsky,CSR,0.2,0.26,short-term_:_and long-term,1.848834,1.921899,2.174343,2.221031,2.484062
False,mean,False,lower,Caron,3e+19,Resovsky,MSSA,0.2,0.26,short-term_:_and long-term,1.93827,2.011334,2.309959,2.415872,2.509105
True,mean,False,lower,Caron,3e+19,Resovsky,GFZ,0.2,0.26,short-term_:_and long-term,1.85713,1.929898,2.166531,2.200674,2.459994
True,mean,False,lower,Caron,3e+19,Resovsky,JPL,0.2,0.26,short-term_:_and long-term,1.924758,1.997526,2.242386,2.2874,2.551496
True,mean,False,lower,Caron,3e+19,Resovsky,CSR,0.2,0.26,short-term_:_and long-term,1.856969,1.929738,2.171516,2.214743,2.481904
True,mean,False,lower,Caron,3e+19,Resovsky,MSSA,0.2,0.26,short-term_:_and long-term,1.94679,2.019558,2.30508,2.409281,2.506553
False,mean,False,upper,Caron,3e+19,Resovsky,GFZ,0.2,0.26,short-term_:_and long-term,1.879769,1.952834,2.165895,2.194239,2.450892
False,mean,False,upper,Caron,3e+19,Resovsky,JPL,0.2,0.26,short-term_:_and long-term,1.948227,2.021292,2.241981,2.279478,2.540148
False,mean,False,upper,Caron,3e+19,Resovsky,CSR,0.2,0.26,short-term_:_and long-term,1.879606,1.952671,2.170413,2.2075,2.470741
False,mean,False,upper,Caron,3e+19,Resovsky,MSSA,0.2,0.26,short-term_:_and long-term,1.970531,2.043595,2.300997,2.398746,2.492849
True,mean,False,upper,Caron,3e+19,Resovsky,GFZ,0.2,0.26,short-term_:_and long-term,1.886454,1.959223,2.163473,2.189206,2.448016
True,mean,False,upper,Caron,3e+19,Resovsky,JPL,0.2,0.26,short-term_:_and long-term,1.95515,2.027919,2.239637,2.274338,2.537311
True,mean,False,upper,Caron,3e+19,Resovsky,CSR,0.2,0.26,short-term_:_and long-term,1.886291,1.95906,2.167821,2.202914,2.469104
True,mean,False,upper,Caron,3e+19,Resovsky,MSSA,0.2,0.26,short-term_:_and long-term,1.97753,2.050298,2.29683,2.39272,2.491452
False,mean,False,mean,Caron,6e+20,,GFZ,,,long-term,1.865566,1.919178,1.931508,1.880322,2.105164
False,mean,False,mean,Caron,6e+20,,JPL,,,long-term,1.933507,1.987119,1.999568,1.954542,2.184102
False,mean,False,mean,Caron,6e+20,,CSR,,,long-term,1.865404,1.919016,1.931512,1.889934,2.120259
False,mean,False,mean,Caron,6e+20,,MSSA,,,long-term,1.955641,2.009254,2.024615,2.044651,2.145827
True,mean,False,mean,Caron,6e+20,,GFZ,,,long-term,1.873194,1.926625,1.936004,1.883899,2.109562
True,mean,False,mean,Caron,6e+20,,JPL,,,long-term,1.941407,1.994838,2.004298,1.958067,2.188356
True,mean,False,mean,Caron,6e+20,,CSR,,,long-term,1.873032,1.926463,1.935969,1.893784,2.12489
True,mean,False,mean,Caron,6e+20,,MSSA,,,long-term,1.963629,2.01706,2.028769,2.048131,2.149212
False,mean,False,lower,Caron,6e+20,,GFZ,,,long-term,1.848995,1.902607,1.916364,1.865688,2.088665
False,mean,False,lower,Caron,6e+20,,JPL,,,long-term,1.916332,1.969944,1.983833,1.94003,2.167637
False,mean,False,lower,Caron,6e+20,,CSR,,,long-term,1.848834,1.902447,1.91639,1.874876,2.102188
False,mean,False,lower,Caron,6e+20,,MSSA,,,long-term,1.93827,1.991882,2.009026,2.028746,2.129994
True,mean,False,lower,Caron,6e+20,,GFZ,,,long-term,1.85713,1.910561,1.921067,1.86938,2.092956
True,mean,False,lower,Caron,6e+20,,JPL,,,long-term,1.924758,1.978189,1.988787,1.944082,2.172308
True,mean,False,lower,Caron,6e+20,,CSR,,,long-term,1.856969,1.9104,1.921047,1.878733,2.107254
True,mean,False,lower,Caron,6e+20,,MSSA,,,long-term,1.94679,2.000221,2.013326,2.032503,2.134348
False,mean,False,upper,Caron,6e+20,,GFZ,,,long-term,1.879769,1.933382,1.944327,1.892293,2.119292
False,mean,False,upper,Caron,6e+20,,JPL,,,long-term,1.948227,2.00184,2.012896,1.967268,2.198788
False,mean,False,upper,Caron,6e+20,,CSR,,,long-term,1.879606,1.933219,1.944316,1.90213,2.134523
False,mean,False,upper,Caron,6e+20,,MSSA,,,long-term,1.970531,2.024143,2.037787,2.056965,2.158482
True,mean,False,upper,Caron,6e+20,,GFZ,,,long-term,1.886454,1.939886,1.948176,1.895312,2.122882
True,mean,False,upper,Caron,6e+20,,JPL,,,long-term,1.95515,2.008581,2.016944,1.970392,2.202726
True,mean,False,upper,Caron,6e+20,,CSR,,,long-term,1.886291,1.939722,1.948123,1.90499,2.138618
True,mean,False,upper,Caron,6e+20,,MSSA,,,long-term,1.97753,2.030961,2.041314,2.05971,2.161401
False,mean,False,mean,Caron,6e+20,PAR3P,GFZ,0.15,0.26,short-term_:_and long-term,1.865566,1.938216,2.161449,2.191961,2.460967
False,mean,False,mean,Caron,6e+20,PAR3P,JPL,0.15,0.26,short-term_:_and long-term,1.933507,2.006157,2.238148,2.279398,2.55155
False,mean,False,mean,Caron,6e+20,PAR3P,CSR,0.15,0.26,short-term_:_and long-term,1.865404,1.938054,2.166261,2.207196,2.481176
False,mean,False,mean,Caron,6e+20,PAR3P,MSSA,0.15,0.26,short-term_:_and long-term,1.955641,2.028292,2.298219,2.399472,2.508981
True,mean,False,mean,Caron,6e+20,PAR3P,GFZ,0.15,0.26,short-term_:_and long-term,1.873194,1.945551,2.163098,2.191661,2.459764
True,mean,False,mean,Caron,6e+20,PAR3P,JPL,0.15,0.26,short-term_:_and long-term,1.941407,2.013764,2.239893,2.27869,2.549663
True,mean,False,mean,Caron,6e+20,PAR3P,CSR,0.15,0.26,short-term_:_and long-term,1.873032,1.945389,2.167835,2.206863,2.479731
True,mean,False,mean,Caron,6e+20,PAR3P,MSSA,0.15,0.26,short-term_:_and long-term,1.963629,2.035986,2.299036,2.398439,2.506522
False,mean,False,lower,Caron,6e+20,PAR3P,GFZ,0.15,0.26,short-term_:_and long-term,1.848995,1.921645,2.160518,2.195544,2.466532
False,mean,False,lower,Caron,6e+20,PAR3P,JPL,0.15,0.26,short-term_:_and long-term,1.916332,1.988982,2.237034,2.28288,2.556615
False,mean,False,lower,Caron,6e+20,PAR3P,CSR,0.15,0.26,short-term_:_and long-term,1.848834,1.921484,2.165657,2.210899,2.486758
False,mean,False,lower,Caron,6e+20,PAR3P,MSSA,0.15,0.26,short-term_:_and long-term,1.93827,2.01092,2.299724,2.404943,2.516007
True,mean,False,lower,Caron,6e+20,PAR3P,GFZ,0.15,0.26,short-term_:_and long-term,1.85713,1.929487,2.162291,2.195327,2.46535
True,mean,False,lower,Caron,6e+20,PAR3P,JPL,0.15,0.26,short-term_:_and long-term,1.924758,1.997115,2.238919,2.282037,2.554803
True,mean,False,lower,Caron,6e+20,PAR3P,CSR,0.15,0.26,short-term_:_and long-term,1.856969,1.929326,2.167325,2.210666,2.485007
True,mean,False,lower,Caron,6e+20,PAR3P,MSSA,0.15,0.26,short-term_:_and long-term,1.94679,2.019147,2.30049,2.403866,2.512984
False,mean,False,upper,Caron,6e+20,PAR3P,GFZ,0.15,0.26,short-term_:_and long-term,1.879769,1.952419,2.160804,2.187529,2.455258
False,mean,False,upper,Caron,6e+20,PAR3P,JPL,0.15,0.26,short-term_:_and long-term,1.948227,2.020877,2.237626,2.27367,2.543577
False,mean,False,upper,Caron,6e+20,PAR3P,CSR,0.15,0.26,short-term_:_and long-term,1.879606,1.952256,2.165356,2.202233,2.474507
False,mean,False,upper,Caron,6e+20,PAR3P,MSSA,0.15,0.26,short-term_:_and long-term,1.970531,2.043181,2.295274,2.392422,2.500369
True,mean,False,upper,Caron,6e+20,PAR3P,GFZ,0.15,0.26,short-term_:_and long-term,1.886454,1.958812,2.161921,2.186694,2.453605
True,mean,False,upper,Caron,6e+20,PAR3P,JPL,0.15,0.26,short-term_:_and long-term,1.95515,2.027507,2.238785,2.273029,2.542314
True,mean,False,upper,Caron,6e+20,PAR3P,CSR,0.15,0.26,short-term_:_and long-term,1.886291,1.958648,2.166341,2.201428,2.472394
True,mean,False,upper,Caron,6e+20,PAR3P,MSSA,0.15,0.26,short-term_:_and long-term,1.97753,2.049887,2.295564,2.391034,2.497783
False,mean,False,mean,Caron,6e+20,PAR3P,GFZ,0.1,0.26,short-term_:_and long-term,1.865566,1.938116,2.205101,2.2445,2.504435
False,mean,False,mean,Caron,6e+20,PAR3P,JPL,0.1,0.26,short-term_:_and long-term,1.933507,2.006057,2.282115,2.329303,2.591455
False,mean,False,mean,Caron,6e+20,PAR3P,CSR,0.1,0.26,short-term_:_and long-term,1.865404,1.937955,2.210376,2.259716,2.52573
False,mean,False,mean,Caron,6e+20,PAR3P,MSSA,0.1,0.26,short-term_:_and long-term,1.955641,2.028192,2.353208,2.462196,2.557262
True,mean,False,mean,Caron,6e+20,PAR3P,GFZ,0.1,0.26,short-term_:_and long-term,1.873194,1.945449,2.205803,2.243149,2.50102
True,mean,False,mean,Caron,6e+20,PAR3P,JPL,0.1,0.26,short-term_:_and long-term,1.941407,2.013662,2.282864,2.327584,2.586979
True,mean,False,mean,Caron,6e+20,PAR3P,CSR,0.1,0.26,short-term_:_and long-term,1.873032,1.945287,2.21099,2.258248,2.522773
True,mean,False,mean,Caron,6e+20,PAR3P,MSSA,0.1,0.26,short-term_:_and long-term,1.963629,2.035885,2.352959,2.459958,2.553523
False,mean,False,lower,Caron,6e+20,PAR3P,GFZ,0.1,0.26,short-term_:_and long-term,1.848995,1.921545,2.209711,2.254025,2.514965
False,mean,False,lower,Caron,6e+20,PAR3P,JPL,0.1,0.26,short-term_:_and long-term,1.916332,1.988883,2.286566,2.339222,2.600905
False,mean,False,lower,Caron,6e+20,PAR3P,CSR,0.1,0.26,short-term_:_and long-term,1.848834,1.921385,2.215374,2.270768,2.538338
False,mean,False,lower,Caron,6e+20,PAR3P,MSSA,0.1,0.26,short-term_:_and long-term,1.93827,2.01082,2.36169,2.47562,2.571028
True,mean,False,lower,Caron,6e+20,PAR3P,GFZ,0.1,0.26,short-term_:_and long-term,1.85713,1.929385,2.210466,2.252868,2.511843
True,mean,False,lower,Caron,6e+20,PAR3P,JPL,0.1,0.26,short-term_:_and long-term,1.924758,1.997013,2.287384,2.338418,2.598276
True,mean,False,lower,Caron,6e+20,PAR3P,CSR,0.1,0.26,short-term_:_and long-term,1.856969,1.929224,2.215999,2.268996,2.534742
True,mean,False,lower,Caron,6e+20,PAR3P,MSSA,0.1,0.26,short-term_:_and long-term,1.94679,2.019045,2.361259,2.473075,2.566312
False,mean,False,upper,Caron,6e+20,PAR3P,GFZ,0.1,0.26,short-term_:_and long-term,1.879769,1.95232,2.199034,2.232622,2.492246
False,mean,False,upper,Caron,6e+20,PAR3P,JPL,0.1,0.26,short-term_:_and long-term,1.948227,2.020778,2.27616,2.319355,2.580886
False,mean,False,upper,Caron,6e+20,PAR3P,CSR,0.1,0.26,short-term_:_and long-term,1.879606,1.952157,2.204012,2.248379,2.513659
False,mean,False,upper,Caron,6e+20,PAR3P,MSSA,0.1,0.26,short-term_:_and long-term,1.970531,2.043081,2.343472,2.447488,2.54246
True,mean,False,upper,Caron,6e+20,PAR3P,GFZ,0.1,0.26,short-term_:_and long-term,1.886454,1.95871,2.199287,2.231361,2.488626
True,mean,False,upper,Caron,6e+20,PAR3P,JPL,0.1,0.26,short-term_:_and long-term,1.95515,2.027406,2.276399,2.317583,2.578011
True,mean,False,upper,Caron,6e+20,PAR3P,CSR,0.1,0.26,short-term_:_and long-term,1.886291,1.958547,2.204097,2.246979,2.511027
True,mean,False,upper,Caron,6e+20,PAR3P,MSSA,0.1,0.26,short-term_:_and long-term,1.97753,2.049785,2.342774,2.44499,2.53857
False,mean,False,mean,Caron,6e+20,PAR3P,GFZ,0.2,0.26,short-term_:_and long-term,1.865566,1.938283,2.133886,2.15888,2.43151
False,mean,False,mean,Caron,6e+20,PAR3P,JPL,0.2,0.26,short-term_:_and long-term,1.933507,2.006224,2.210188,2.24426,2.518829
False,mean,False,mean,Caron,6e+20,PAR3P,CSR,0.2,0.26,short-term_:_and long-term,1.865404,1.938121,2.138339,2.173106,2.451147
False,mean,False,mean,Caron,6e+20,PAR3P,MSSA,0.2,0.26,short-term_:_and long-term,1.955641,2.028358,2.263547,2.357484,2.47797
True,mean,False,mean,Caron,6e+20,PAR3P,GFZ,0.2,0.26,short-term_:_and long-term,1.873194,1.94562,2.136309,2.159726,2.431608
True,mean,False,mean,Caron,6e+20,PAR3P,JPL,0.2,0.26,short-term_:_and long-term,1.941407,2.013833,2.212748,2.245271,2.519179
True,mean,False,mean,Caron,6e+20,PAR3P,CSR,0.2,0.26,short-term_:_and long-term,1.873032,1.945458,2.140701,2.174164,2.451735
True,mean,False,mean,Caron,6e+20,PAR3P,MSSA,0.2,0.26,short-term_:_and long-term,1.963629,2.036055,2.265246,2.358127,2.477785
False,mean,False,lower,Caron,6e+20,PAR3P,GFZ,0.2,0.26,short-term_:_and long-term,1.848995,1.921711,2.129481,2.158181,2.432384
False,mean,False,lower,Caron,6e+20,PAR3P,JPL,0.2,0.26,short-term_:_and long-term,1.916332,1.989049,2.205571,2.243398,2.518965
False,mean,False,lower,Caron,6e+20,PAR3P,CSR,0.2,0.26,short-term_:_and long-term,1.848834,1.921551,2.134219,2.173339,2.453879
False,mean,False,lower,Caron,6e+20,PAR3P,MSSA,0.2,0.26,short-term_:_and long-term,1.93827,2.010987,2.260692,2.358627,2.481672
True,mean,False,lower,Caron,6e+20,PAR3P,GFZ,0.2,0.26,short-term_:_and long-term,1.85713,1.929556,2.13208,2.159116,2.432836
True,mean,False,lower,Caron,6e+20,PAR3P,JPL,0.2,0.26,short-term_:_and long-term,1.924758,1.997184,2.208327,2.244637,2.519779
True,mean,False,lower,Caron,6e+20,PAR3P,CSR,0.2,0.26,short-term_:_and long-term,1.856969,1.929395,2.136734,2.173917,2.453457
True,mean,False,lower,Caron,6e+20,PAR3P,MSSA,0.2,0.26,short-term_:_and long-term,1.94679,2.019216,2.262424,2.358772,2.480253
False,mean,False,upper,Caron,6e+20,PAR3P,GFZ,0.2,0.26,short-term_:_and long-term,1.879769,1.952486,2.136601,2.157879,2.42837
False,mean,False,upper,Caron,6e+20,PAR3P,JPL,0.2,0.26,short-term_:_and long-term,1.948227,2.020944,2.21305,2.243545,2.516478
False,mean,False,upper,Caron,6e+20,PAR3P,CSR,0.2,0.26,short-term_:_and long-term,1.879606,1.952323,2.140824,2.172224,2.448926
False,mean,False,upper,Caron,6e+20,PAR3P,MSSA,0.2,0.26,short-term_:_and long-term,1.970531,2.043247,2.264801,2.356398,2.474434
True,mean,False,upper,Caron,6e+20,PAR3P,GFZ,0.2,0.26,short-term_:_and long-term,1.886454,1.958881,2.138432,2.158335,2.428216
True,mean,False,upper,Caron,6e+20,PAR3P,JPL,0.2,0.26,short-term_:_and long-term,1.95515,2.027576,2.214967,2.244161,2.516361
True,mean,False,upper,Caron,6e+20,PAR3P,CSR,0.2,0.26,short-term_:_and long-term,1.886291,1.958717,2.142549,2.17245,2.448739
True,mean,False,upper,Caron,6e+20,PAR3P,MSSA,0.2,0.26,short-term_:_and long-term,1.97753,2.049956,2.265915,2.355779,2.473145
False,mean,False,mean,Caron,6e+20,PREM,GFZ,0.15,0.26,short-term_:_and long-term,1.865566,1.939628,2.175662,2.213153,2.493039
False,mean,False,mean,Caron,6e+20,PREM,JPL,0.15,0.26,short-term_:_and long-term,1.933507,2.007569,2.252887,2.299964,2.583014
False,mean,False,mean,Caron,6e+20,PREM,CSR,0.15,0.26,short-term_:_and long-term,1.865404,1.939466,2.180664,2.227213,2.512971
False,mean,False,mean,Caron,6e+20,PREM,MSSA,0.15,0.26,short-term_:_and long-term,1.955641,2.029703,2.315637,2.424303,2.544703
True,mean,False,mean,Caron,6e+20,PREM,GFZ,0.15,0.26,short-term_:_and long-term,1.873194,1.946951,2.177029,2.212623,2.491057
True,mean,False,mean,Caron,6e+20,PREM,JPL,0.15,0.26,short-term_:_and long-term,1.941407,2.015164,2.254345,2.29969,2.581176
True,mean,False,mean,Caron,6e+20,PREM,CSR,0.15,0.26,short-term_:_and long-term,1.873032,1.946789,2.181958,2.226641,2.511183
True,mean,False,mean,Caron,6e+20,PREM,MSSA,0.15,0.26,short-term_:_and long-term,1.963629,2.037387,2.316081,2.422959,2.541744
False,mean,False,lower,Caron,6e+20,PREM,GFZ,0.15,0.26,short-term_:_and long-term,1.848995,1.923056,2.17604,2.21846,2.502052
False,mean,False,lower,Caron,6e+20,PREM,JPL,0.15,0.26,short-term_:_and long-term,1.916332,1.990394,2.253127,2.304272,2.58938
False,mean,False,lower,Caron,6e+20,PREM,CSR,0.15,0.26,short-term_:_and long-term,1.848834,1.922896,2.181388,2.232545,2.520758
False,mean,False,lower,Caron,6e+20,PREM,MSSA,0.15,0.26,short-term_:_and long-term,1.93827,2.012332,2.318798,2.431729,2.555095
True,mean,False,lower,Caron,6e+20,PREM,GFZ,0.15,0.26,short-term_:_and long-term,1.85713,1.930887,2.177496,2.217921,2.499873
True,mean,False,lower,Caron,6e+20,PREM,JPL,0.15,0.26,short-term_:_and long-term,1.924758,1.998515,2.254692,2.303903,2.587456
True,mean,False,lower,Caron,6e+20,PREM,CSR,0.15,0.26,short-term_:_and long-term,1.856969,1.930726,2.182739,2.232161,2.518698
True,mean,False,lower,Caron,6e+20,PREM,MSSA,0.15,0.26,short-term_:_and long-term,1.94679,2.020547,2.319125,2.430169,2.551372
False,mean,False,upper,Caron,6e+20,PREM,GFZ,0.15,0.26,short-term_:_and long-term,1.879769,1.953831,2.173644,2.20693,2.484383
False,mean,False,upper,Caron,6e+20,PREM,JPL,0.15,0.26,short-term_:_and long-term,1.948227,2.022289,2.250957,2.292852,2.573091
False,mean,False,upper,Caron,6e+20,PREM,CSR,0.15,0.26,short-term_:_and long-term,1.879606,1.953668,2.178375,2.220395,2.5033
False,mean,False,upper,Caron,6e+20,PREM,MSSA,0.15,0.26,short-term_:_and long-term,1.970531,2.044592,2.310969,2.415509,2.533764
True,mean,False,upper,Caron,6e+20,PREM,GFZ,0.15,0.26,short-term_:_and long-term,1.886454,1.960212,2.174517,2.205816,2.482386
True,mean,False,upper,Caron,6e+20,PREM,JPL,0.15,0.26,short-term_:_and long-term,1.95515,2.028907,2.251864,2.292289,2.571196
True,mean,False,upper,Caron,6e+20,PREM,CSR,0.15,0.26,short-term_:_and long-term,1.886291,1.960048,2.17911,2.219375,2.501504
True,mean,False,upper,Caron,6e+20,PREM,MSSA,0.15,0.26,short-term_:_and long-term,1.97753,2.051287,2.310932,2.41397,2.531271
False,mean,False,mean,Caron,6e+20,PREM,GFZ,0.1,0.26,short-term_:_and long-term,1.865566,1.939438,2.218591,2.264454,2.536293
False,mean,False,mean,Caron,6e+20,PREM,JPL,0.1,0.26,short-term_:_and long-term,1.933507,2.007379,2.296152,2.35082,2.625181
False,mean,False,mean,Caron,6e+20,PREM,CSR,0.1,0.26,short-term_:_and long-term,1.865404,1.939276,2.224069,2.28028,2.558275
False,mean,False,mean,Caron,6e+20,PREM,MSSA,0.1,0.26,short-term_:_and long-term,1.955641,2.029514,2.369758,2.486309,2.59399
True,mean,False,mean,Caron,6e+20,PREM,GFZ,0.1,0.26,short-term_:_and long-term,1.873194,1.94676,2.218356,2.262132,2.532261
True,mean,False,mean,Caron,6e+20,PREM,JPL,0.1,0.26,short-term_:_and long-term,1.941407,2.014973,2.29594,2.347689,2.619622
True,mean,False,mean,Caron,6e+20,PREM,CSR,0.1,0.26,short-term_:_and long-term,1.873032,1.946598,2.223742,2.277309,2.553085
True,mean,False,mean,Caron,6e+20,PREM,MSSA,0.1,0.26,short-term_:_and long-term,1.963629,2.037195,2.368292,2.482375,2.587278
False,mean,False,lower,Caron,6e+20,PREM,GFZ,0.1,0.26,short-term_:_and long-term,1.848995,1.922867,2.223989,2.276035,2.551444
False,mean,False,lower,Caron,6e+20,PREM,JPL,0.1,0.26,short-term_:_and long-term,1.916332,1.990204,2.301438,2.361872,2.637579
False,mean,False,lower,Caron,6e+20,PREM,CSR,0.1,0.26,short-term_:_and long-term,1.848834,1.922706,2.229872,2.291597,2.571628
False,mean,False,lower,Caron,6e+20,PREM,MSSA,0.1,0.26,short-term_:_and long-term,1.93827,2.012142,2.379237,2.501308,2.609304
True,mean,False,lower,Caron,6e+20,PREM,GFZ,0.1,0.26,short-term_:_and long-term,1.85713,1.930696,2.223706,2.272964,2.545315
True,mean,False,lower,Caron,6e+20,PREM,JPL,0.1,0.26,short-term_:_and long-term,1.924758,1.998324,2.301191,2.359236,2.633039
True,mean,False,lower,Caron,6e+20,PREM,CSR,0.1,0.26,short-term_:_and long-term,1.856969,1.930535,2.229451,2.288981,2.566488
True,mean,False,lower,Caron,6e+20,PREM,MSSA,0.1,0.26,short-term_:_and long-term,1.94679,2.020356,2.377439,2.497008,2.602016
False,mean,False,upper,Caron,6e+20,PREM,GFZ,0.1,0.26,short-term_:_and long-term,1.879769,1.953641,2.211686,2.251773,2.522758
False,mean,False,upper,Caron,6e+20,PREM,JPL,0.1,0.26,short-term_:_and long-term,1.948227,2.0221,2.28932,2.338515,2.611155
False,mean,False,upper,Caron,6e+20,PREM,CSR,0.1,0.26,short-term_:_and long-term,1.879606,1.953478,2.21686,2.266936,2.541941
False,mean,False,upper,Caron,6e+20,PREM,MSSA,0.1,0.26,short-term_:_and long-term,1.970531,2.044403,2.358975,2.469141,2.575092
True,mean,False,upper,Caron,6e+20,PREM,GFZ,0.1,0.26,short-term_:_and long-term,1.886454,1.96002,2.211107,2.249164,2.518173
True,mean,False,upper,Caron,6e+20,PREM,JPL,0.1,0.26,short-term_:_and long-term,1.95515,2.028716,2.288702,2.335861,2.60668
True,mean,False,upper,Caron,6e+20,PREM,CSR,0.1,0.26,short-term_:_and long-term,1.886291,1.959857,2.2161,2.263851,2.536793
True,mean,False,upper,Caron,6e+20,PREM,MSSA,0.1,0.26,short-term_:_and long-term,1.97753,2.051096,2.357192,2.465957,2.569294
False,mean,False,mean,Caron,6e+20,PREM,GFZ,0.2,0.26,short-term_:_and long-term,1.865566,1.939786,2.147319,2.178495,2.461042
False,mean,False,mean,Caron,6e+20,PREM,JPL,0.2,0.26,short-term_:_and long-term,1.933507,2.007727,2.224145,2.262801,2.547494
False,mean,False,mean,Caron,6e+20,PREM,CSR,0.2,0.26,short-term_:_and long-term,1.865404,1.939624,2.151952,2.193658,2.483222
False,mean,False,mean,Caron,6e+20,PREM,MSSA,0.2,0.26,short-term_:_and long-term,1.955641,2.029861,2.279973,2.38147,2.512857
True,mean,False,mean,Caron,6e+20,PREM,GFZ,0.2,0.26,short-term_:_and long-term,1.873194,1.947111,2.14984,2.179514,2.461744
True,mean,False,mean,Caron,6e+20,PREM,JPL,0.2,0.26,short-term_:_and long-term,1.941407,2.015324,2.226813,2.263826,2.548196
True,mean,False,mean,Caron,6e+20,PREM,CSR,0.2,0.26,short-term_:_and long-term,1.873032,1.946949,2.154419,2.194627,2.483873
True,mean,False,mean,Caron,6e+20,PREM,MSSA,0.2,0.26,short-term_:_and long-term,1.963629,2.037546,2.28179,2.381722,2.511637
False,mean,False,lower,Caron,6e+20,PREM,GFZ,0.2,0.26,short-term_:_and long-term,1.848995,1.923214,2.144383,2.179953,2.46574
False,mean,False,lower,Caron,6e+20,PREM,JPL,0.2,0.26,short-term_:_and long-term,1.916332,1.990552,2.221041,2.264024,2.55096
False,mean,False,lower,Caron,6e+20,PREM,CSR,0.2,0.26,short-term_:_and long-term,1.848834,1.923054,2.149321,2.195401,2.486988
False,mean,False,lower,Caron,6e+20,PREM,MSSA,0.2,0.26,short-term_:_and long-term,1.93827,2.01249,2.278981,2.384108,2.519384
True,mean,False,lower,Caron,6e+20,PREM,GFZ,0.2,0.26,short-term_:_and long-term,1.85713,1.931047,2.14709,2.180908,2.46611
True,mean,False,lower,Caron,6e+20,PREM,JPL,0.2,0.26,short-term_:_and long-term,1.924758,1.998675,2.223915,2.265101,2.551612
True,mean,False,lower,Caron,6e+20,PREM,CSR,0.2,0.26,short-term_:_and long-term,1.856969,1.930886,2.151947,2.196069,2.487185
True,mean,False,lower,Caron,6e+20,PREM,MSSA,0.2,0.26,short-term_:_and long-term,1.94679,2.020707,2.280823,2.384319,2.518091
False,mean,False,upper,Caron,6e+20,PREM,GFZ,0.2,0.26,short-term_:_and long-term,1.879769,1.953989,2.148535,2.175635,2.455392
False,mean,False,upper,Caron,6e+20,PREM,JPL,0.2,0.26,short-term_:_and long-term,1.948227,2.022447,2.225473,2.260478,2.542632
False,mean,False,upper,Caron,6e+20,PREM,CSR,0.2,0.26,short-term_:_and long-term,1.879606,1.953826,2.152926,2.1902,2.476926
False,mean,False,upper,Caron,6e+20,PREM,MSSA,0.2,0.26,short-term_:_and long-term,1.970531,2.04475,2.279339,2.376964,2.505452
True,mean,False,upper,Caron,6e+20,PREM,GFZ,0.2,0.26,short-term_:_and long-term,1.886454,1.960371,2.15046,2.176017,2.45511
True,mean,False,upper,Caron,6e+20,PREM,JPL,0.2,0.26,short-term_:_and long-term,1.95515,2.029067,2.227488,2.26103,2.542726
True,mean,False,upper,Caron,6e+20,PREM,CSR,0.2,0.26,short-term_:_and long-term,1.886291,1.960208,2.154743,2.190349,2.476649
True,mean,False,upper,Caron,6e+20,PREM,MSSA,0.2,0.26,short-term_:_and long-term,1.97753,2.051447,2.280561,2.376793,2.504731
False,mean,False,mean,Caron,6e+20,QL6,GFZ,0.15,0.26,short-term_:_and long-term,1.865566,1.936727,2.154839,2.180775,2.448325
False,mean,False,mean,Caron,6e+20,QL6,JPL,0.15,0.26,short-term_:_and long-term,1.933507,2.004668,2.230677,2.265999,2.535846
False,mean,False,mean,Caron,6e+20,QL6,CSR,0.15,0.26,short-term_:_and long-term,1.865404,1.936565,2.159262,2.195315,2.467281
False,mean,False,mean,Caron,6e+20,QL6,MSSA,0.15,0.26,short-term_:_and long-term,1.955641,2.026802,2.292333,2.390818,2.497108
True,mean,False,mean,Caron,6e+20,QL6,GFZ,0.15,0.26,short-term_:_and long-term,1.873194,1.944071,2.15626,2.180415,2.446104
True,mean,False,mean,Caron,6e+20,QL6,JPL,0.15,0.26,short-term_:_and long-term,1.941407,2.012284,2.232193,2.265907,2.53457
True,mean,False,mean,Caron,6e+20,QL6,CSR,0.15,0.26,short-term_:_and long-term,1.873032,1.943909,2.160606,2.194961,2.465584
True,mean,False,mean,Caron,6e+20,QL6,MSSA,0.15,0.26,short-term_:_and long-term,1.963629,2.034506,2.292864,2.389803,2.49509
False,mean,False,lower,Caron,6e+20,QL6,GFZ,0.15,0.26,short-term_:_and long-term,1.848995,1.920155,2.153868,2.184011,2.452992
False,mean,False,lower,Caron,6e+20,QL6,JPL,0.15,0.26,short-term_:_and long-term,1.916332,1.987493,2.229478,2.269989,2.541638
False,mean,False,lower,Caron,6e+20,QL6,CSR,0.15,0.26,short-term_:_and long-term,1.848834,1.919995,2.158597,2.198549,2.472365
False,mean,False,lower,Caron,6e+20,QL6,MSSA,0.15,0.26,short-term_:_and long-term,1.93827,2.009431,2.293964,2.396518,2.504938
True,mean,False,lower,Caron,6e+20,QL6,GFZ,0.15,0.26,short-term_:_and long-term,1.85713,1.928007,2.155349,2.18348,2.450642
True,mean,False,lower,Caron,6e+20,QL6,JPL,0.15,0.26,short-term_:_and long-term,1.924758,1.995635,2.23107,2.269524,2.540178
True,mean,False,lower,Caron,6e+20,QL6,CSR,0.15,0.26,short-term_:_and long-term,1.856969,1.927846,2.159967,2.198195,2.470006
True,mean,False,lower,Caron,6e+20,QL6,MSSA,0.15,0.26,short-term_:_and long-term,1.94679,2.017666,2.294347,2.395189,2.501471
False,mean,False,upper,Caron,6e+20,QL6,GFZ,0.15,0.26,short-term_:_and long-term,1.879769,1.95093,2.154017,2.175977,2.441426
False,mean,False,upper,Caron,6e+20,QL6,JPL,0.15,0.26,short-term_:_and long-term,1.948227,2.019388,2.230033,2.261117,2.529935
False,mean,False,upper,Caron,6e+20,QL6,CSR,0.15,0.26,short-term_:_and long-term,1.879606,1.950767,2.158206,2.190225,2.46118
False,mean,False,upper,Caron,6e+20,QL6,MSSA,0.15,0.26,short-term_:_and long-term,1.970531,2.041691,2.289008,2.38327,2.488748
True,mean,False,upper,Caron,6e+20,QL6,GFZ,0.15,0.26,short-term_:_and long-term,1.886454,1.957331,2.154971,2.17535,2.439663
True,mean,False,upper,Caron,6e+20,QL6,JPL,0.15,0.26,short-term_:_and long-term,1.95515,2.026027,2.231025,2.260445,2.527465
True,mean,False,upper,Caron,6e+20,QL6,CSR,0.15,0.26,short-term_:_and long-term,1.886291,1.957168,2.159021,2.189512,2.459028
True,mean,False,upper,Caron,6e+20,QL6,MSSA,0.15,0.26,short-term_:_and long-term,1.97753,2.048407,2.289088,2.381469,2.485112
False,mean,False,mean,Caron,6e+20,QL6,GFZ,0.1,0.26,short-term_:_and long-term,1.865566,1.936625,2.194199,2.226727,2.482492
False,mean,False,mean,Caron,6e+20,QL6,JPL,0.1,0.26,short-term_:_and long-term,1.933507,2.004566,2.270334,2.312589,2.572105
False,mean,False,mean,Caron,6e+20,QL6,CSR,0.1,0.26,short-term_:_and long-term,1.865404,1.936463,2.199066,2.242264,2.504648
False,mean,False,mean,Caron,6e+20,QL6,MSSA,0.1,0.26,short-term_:_and long-term,1.955641,2.026701,2.342158,2.44736,2.537418
True,mean,False,mean,Caron,6e+20,QL6,GFZ,0.1,0.26,short-term_:_and long-term,1.873194,1.943968,2.194537,2.224768,2.4777
True,mean,False,mean,Caron,6e+20,QL6,JPL,0.1,0.26,short-term_:_and long-term,1.941407,2.012181,2.270722,2.310943,2.567381
True,mean,False,mean,Caron,6e+20,QL6,CSR,0.1,0.26,short-term_:_and long-term,1.873032,1.943806,2.199314,2.240308,2.501584
True,mean,False,mean,Caron,6e+20,QL6,MSSA,0.1,0.26,short-term_:_and long-term,1.963629,2.034404,2.341406,2.444392,2.532692
False,mean,False,lower,Caron,6e+20,QL6,GFZ,0.1,0.26,short-term_:_and long-term,1.848995,1.920054,2.197277,2.235717,2.491988
False,mean,False,lower,Caron,6e+20,QL6,JPL,0.1,0.26,short-term_:_and long-term,1.916332,1.987391,2.273199,2.320491,2.580205
False,mean,False,lower,Caron,6e+20,QL6,CSR,0.1,0.26,short-term_:_and long-term,1.848834,1.919893,2.202497,2.251148,2.515882
False,mean,False,lower,Caron,6e+20,QL6,MSSA,0.1,0.26,short-term_:_and long-term,1.93827,2.009329,2.348904,2.458738,2.549709
True,mean,False,lower,Caron,6e+20,QL6,GFZ,0.1,0.26,short-term_:_and long-term,1.85713,1.927904,2.19759,2.233709,2.487254
True,mean,False,lower,Caron,6e+20,QL6,JPL,0.1,0.26,short-term_:_and long-term,1.924758,1.995532,2.273577,2.319058,2.576325
True,mean,False,lower,Caron,6e+20,QL6,CSR,0.1,0.26,short-term_:_and long-term,1.856969,1.927743,2.202676,2.249015,2.51128
True,mean,False,lower,Caron,6e+20,QL6,MSSA,0.1,0.26,short-term_:_and long-term,1.94679,2.017564,2.347863,2.455662,2.544002
False,mean,False,upper,Caron,6e+20,QL6,GFZ,0.1,0.26,short-term_:_and long-term,1.879769,1.950828,2.189468,2.217163,2.473398
False,mean,False,upper,Caron,6e+20,QL6,JPL,0.1,0.26,short-term_:_and long-term,1.948227,2.019286,2.265775,2.303473,2.561556
False,mean,False,upper,Caron,6e+20,QL6,CSR,0.1,0.26,short-term_:_and long-term,1.879606,1.950665,2.194075,2.232365,2.49325
False,mean,False,upper,Caron,6e+20,QL6,MSSA,0.1,0.26,short-term_:_and long-term,1.970531,2.04159,2.333922,2.434019,2.523216
True,mean,False,upper,Caron,6e+20,QL6,GFZ,0.1,0.26,short-term_:_and long-term,1.886454,1.957229,2.189433,2.214888,2.467971
True,mean,False,upper,Caron,6e+20,QL6,JPL,0.1,0.26,short-term_:_and long-term,1.95515,2.025924,2.26573,2.301554,2.55813
True,mean,False,upper,Caron,6e+20,QL6,CSR,0.1,0.26,short-term_:_and long-term,1.886291,1.957065,2.193868,2.230264,2.489623
True,mean,False,upper,Caron,6e+20,QL6,MSSA,0.1,0.26,short-term_:_and long-term,1.97753,2.048304,2.332821,2.43082,2.518093
False,mean,False,mean,Caron,6e+20,QL6,GFZ,0.2,0.26,short-term_:_and long-term,1.865566,1.936822,2.127512,2.148309,2.419487
False,mean,False,mean,Caron,6e+20,QL6,JPL,0.2,0.26,short-term_:_and long-term,1.933507,2.004763,2.203051,2.232302,2.505504
False,mean,False,mean,Caron,6e+20,QL6,CSR,0.2,0.26,short-term_:_and long-term,1.865404,1.936661,2.131602,2.16242,2.439693
False,mean,False,mean,Caron,6e+20,QL6,MSSA,0.2,0.26,short-term_:_and long-term,1.955641,2.026898,2.25778,2.348762,2.46783
True,mean,False,mean,Caron,6e+20,QL6,GFZ,0.2,0.26,short-term_:_and long-term,1.873194,1.944168,2.129788,2.148739,2.419274
True,mean,False,mean,Caron,6e+20,QL6,JPL,0.2,0.26,short-term_:_and long-term,1.941407,2.01238,2.20546,2.233209,2.505904
True,mean,False,mean,Caron,6e+20,QL6,CSR,0.2,0.26,short-term_:_and long-term,1.873032,1.944005,2.133813,2.162865,2.439284
True,mean,False,mean,Caron,6e+20,QL6,MSSA,0.2,0.26,short-term_:_and long-term,1.963629,2.034603,2.259316,2.34898,2.466847
False,mean,False,lower,Caron,6e+20,QL6,GFZ,0.2,0.26,short-term_:_and long-term,1.848995,1.920251,2.123761,2.148196,2.421475
False,mean,False,lower,Caron,6e+20,QL6,JPL,0.2,0.26,short-term_:_and long-term,1.916332,1.987589,2.199055,2.232294,2.506451
False,mean,False,lower,Caron,6e+20,QL6,CSR,0.2,0.26,short-term_:_and long-term,1.848834,1.920091,2.128123,2.162588,2.441803
False,mean,False,lower,Caron,6e+20,QL6,MSSA,0.2,0.26,short-term_:_and long-term,1.93827,2.009526,2.255907,2.350432,2.473025
True,mean,False,lower,Caron,6e+20,QL6,GFZ,0.2,0.26,short-term_:_and long-term,1.85713,1.928103,2.126166,2.149071,2.421535
True,mean,False,lower,Caron,6e+20,QL6,JPL,0.2,0.26,short-term_:_and long-term,1.924758,1.995732,2.201612,2.233211,2.507062
True,mean,False,lower,Caron,6e+20,QL6,CSR,0.2,0.26,short-term_:_and long-term,1.856969,1.927943,2.130437,2.163087,2.441484
True,mean,False,lower,Caron,6e+20,QL6,MSSA,0.2,0.26,short-term_:_and long-term,1.94679,2.017763,2.257407,2.350153,2.471122
False,mean,False,upper,Caron,6e+20,QL6,GFZ,0.2,0.26,short-term_:_and long-term,1.879769,1.951026,2.129409,2.146244,2.415443
False,mean,False,upper,Caron,6e+20,QL6,JPL,0.2,0.26,short-term_:_and long-term,1.948227,2.019484,2.205135,2.230758,2.502236
False,mean,False,upper,Caron,6e+20,QL6,CSR,0.2,0.26,short-term_:_and long-term,1.879606,1.950863,2.133286,2.160518,2.435729
False,mean,False,upper,Caron,6e+20,QL6,MSSA,0.2,0.26,short-term_:_and long-term,1.970531,2.041787,2.25786,2.346062,2.462294
True,mean,False,upper,Caron,6e+20,QL6,GFZ,0.2,0.26,short-term_:_and long-term,1.886454,1.957428,2.13114,2.146682,2.415269
True,mean,False,upper,Caron,6e+20,QL6,JPL,0.2,0.26,short-term_:_and long-term,1.95515,2.026124,2.206947,2.230815,2.501441
True,mean,False,upper,Caron,6e+20,QL6,CSR,0.2,0.26,short-term_:_and long-term,1.886291,1.957265,2.134902,2.160579,2.435063
True,mean,False,upper,Caron,6e+20,QL6,MSSA,0.2,0.26,short-term_:_and long-term,1.97753,2.048503,2.258864,2.345792,2.461251
False,mean,False,mean,Caron,6e+20,QM1,GFZ,0.15,0.26,short-term_:_and long-term,1.865566,1.941076,2.16896,2.208549,2.49014
False,mean,False,mean,Caron,6e+20,QM1,JPL,0.15,0.26,short-term_:_and long-term,1.933507,2.009017,2.246327,2.295018,2.577465
False,mean,False,mean,Caron,6e+20,QM1,CSR,0.15,0.26,short-term_:_and long-term,1.865404,1.940914,2.174232,2.22436,2.510998
False,mean,False,mean,Caron,6e+20,QM1,MSSA,0.15,0.26,short-term_:_and long-term,1.955641,2.031151,2.303369,2.412329,2.535127
True,mean,False,mean,Caron,6e+20,QM1,GFZ,0.15,0.26,short-term_:_and long-term,1.873194,1.948389,2.170702,2.208158,2.488131
True,mean,False,mean,Caron,6e+20,QM1,JPL,0.15,0.26,short-term_:_and long-term,1.941407,2.016602,2.248174,2.295023,2.576756
True,mean,False,mean,Caron,6e+20,QM1,CSR,0.15,0.26,short-term_:_and long-term,1.873032,1.948227,2.175912,2.224027,2.509436
True,mean,False,mean,Caron,6e+20,QM1,MSSA,0.15,0.26,short-term_:_and long-term,1.963629,2.038824,2.304253,2.411174,2.531472
False,mean,False,lower,Caron,6e+20,QM1,GFZ,0.15,0.26,short-term_:_and long-term,1.848995,1.924504,2.169334,2.21326,2.496914
False,mean,False,lower,Caron,6e+20,QM1,JPL,0.15,0.26,short-term_:_and long-term,1.916332,1.991842,2.246589,2.300312,2.584952
False,mean,False,lower,Caron,6e+20,QM1,CSR,0.15,0.26,short-term_:_and long-term,1.848834,1.924344,2.174983,2.229761,2.5179
False,mean,False,lower,Caron,6e+20,QM1,MSSA,0.15,0.26,short-term_:_and long-term,1.93827,2.01378,2.306282,2.419375,2.544387
True,mean,False,lower,Caron,6e+20,QM1,GFZ,0.15,0.26,short-term_:_and long-term,1.85713,1.932325,2.171207,2.213554,2.495621
True,mean,False,lower,Caron,6e+20,QM1,JPL,0.15,0.26,short-term_:_and long-term,1.924758,1.999953,2.248588,2.300249,2.583852
True,mean,False,lower,Caron,6e+20,QM1,CSR,0.15,0.26,short-term_:_and long-term,1.856969,1.932164,2.176764,2.229732,2.516991
True,mean,False,lower,Caron,6e+20,QM1,MSSA,0.15,0.26,short-term_:_and long-term,1.94679,2.021985,2.3071,2.418684,2.54161
False,mean,False,upper,Caron,6e+20,QM1,GFZ,0.15,0.26,short-term_:_and long-term,1.879769,1.955279,2.167054,2.202029,2.480663
False,mean,False,upper,Caron,6e+20,QM1,JPL,0.15,0.26,short-term_:_and long-term,1.948227,2.023737,2.24448,2.288381,2.568775
False,mean,False,upper,Caron,6e+20,QM1,CSR,0.15,0.26,short-term_:_and long-term,1.879606,1.955116,2.172025,2.217493,2.501467
False,mean,False,upper,Caron,6e+20,QM1,MSSA,0.15,0.26,short-term_:_and long-term,1.970531,2.04604,2.299072,2.402521,2.522646
True,mean,False,upper,Caron,6e+20,QM1,GFZ,0.15,0.26,short-term_:_and long-term,1.886454,1.961649,2.168259,2.20137,2.479236
True,mean,False,upper,Caron,6e+20,QM1,JPL,0.15,0.26,short-term_:_and long-term,1.95515,2.030345,2.245732,2.288004,2.567769
True,mean,False,upper,Caron,6e+20,QM1,CSR,0.15,0.26,short-term_:_and long-term,1.886291,1.961486,2.173103,2.216616,2.499601
True,mean,False,upper,Caron,6e+20,QM1,MSSA,0.15,0.26,short-term_:_and long-term,1.97753,2.052725,2.299428,2.401391,2.519999
False,mean,False,mean,Caron,6e+20,QM1,GFZ,0.1,0.26,short-term_:_and long-term,1.865566,1.940809,2.203936,2.249383,2.521505
False,mean,False,mean,Caron,6e+20,QM1,JPL,0.1,0.26,short-term_:_and long-term,1.933507,2.00875,2.281568,2.338794,2.614214
False,mean,False,mean,Caron,6e+20,QM1,CSR,0.1,0.26,short-term_:_and long-term,1.865404,1.940648,2.20965,2.266006,2.544625
False,mean,False,mean,Caron,6e+20,QM1,MSSA,0.1,0.26,short-term_:_and long-term,1.955641,2.030885,2.346953,2.461456,2.570272
True,mean,False,mean,Caron,6e+20,QM1,GFZ,0.1,0.26,short-term_:_and long-term,1.873194,1.94812,2.204204,2.247567,2.517385
True,mean,False,mean,Caron,6e+20,QM1,JPL,0.1,0.26,short-term_:_and long-term,1.941407,2.016333,2.281872,2.336704,2.610124
True,mean,False,mean,Caron,6e+20,QM1,CSR,0.1,0.26,short-term_:_and long-term,1.873032,1.947958,2.209832,2.263965,2.540422
True,mean,False,mean,Caron,6e+20,QM1,MSSA,0.1,0.26,short-term_:_and long-term,1.963629,2.038556,2.346138,2.458383,2.564798
False,mean,False,lower,Caron,6e+20,QM1,GFZ,0.1,0.26,short-term_:_and long-term,1.848995,1.924238,2.209072,2.261102,2.53411
False,mean,False,lower,Caron,6e+20,QM1,JPL,0.1,0.26,short-term_:_and long-term,1.916332,1.991576,2.286617,2.349445,2.626011
False,mean,False,lower,Caron,6e+20,QM1,CSR,0.1,0.26,short-term_:_and long-term,1.848834,1.924078,2.215225,2.277939,2.557232
False,mean,False,lower,Caron,6e+20,QM1,MSSA,0.1,0.26,short-term_:_and long-term,1.93827,2.013513,2.355799,2.475423,2.58538
True,mean,False,lower,Caron,6e+20,QM1,GFZ,0.1,0.26,short-term_:_and long-term,1.85713,1.932056,2.209336,2.258573,2.530111
True,mean,False,lower,Caron,6e+20,QM1,JPL,0.1,0.26,short-term_:_and long-term,1.924758,1.999684,2.286932,2.347456,2.621391
True,mean,False,lower,Caron,6e+20,QM1,CSR,0.1,0.26,short-term_:_and long-term,1.856969,1.931895,2.21536,2.275945,2.553662
True,mean,False,lower,Caron,6e+20,QM1,MSSA,0.1,0.26,short-term_:_and long-term,1.94679,2.021716,2.354719,2.472186,2.579078
False,mean,False,upper,Caron,6e+20,QM1,GFZ,0.1,0.26,short-term_:_and long-term,1.879769,1.955013,2.197334,2.236875,2.507551
False,mean,False,upper,Caron,6e+20,QM1,JPL,0.1,0.26,short-term_:_and long-term,1.948227,2.023471,2.275013,2.326047,2.600297
False,mean,False,upper,Caron,6e+20,QM1,CSR,0.1,0.26,short-term_:_and long-term,1.879606,1.95485,2.202708,2.253332,2.529791
False,mean,False,upper,Caron,6e+20,QM1,MSSA,0.1,0.26,short-term_:_and long-term,1.970531,2.045774,2.336835,2.446265,2.554888
True,mean,False,upper,Caron,6e+20,QM1,GFZ,0.1,0.26,short-term_:_and long-term,1.886454,1.961381,2.197209,2.234854,2.503418
True,mean,False,upper,Caron,6e+20,QM1,JPL,0.1,0.26,short-term_:_and long-term,1.95515,2.030076,2.274863,2.323753,2.596231
True,mean,False,upper,Caron,6e+20,QM1,CSR,0.1,0.26,short-term_:_and long-term,1.886291,1.961218,2.202412,2.251705,2.526838
True,mean,False,upper,Caron,6e+20,QM1,MSSA,0.1,0.26,short-term_:_and long-term,1.97753,2.052456,2.335645,2.443105,2.549657
False,mean,False,mean,Caron,6e+20,QM1,GFZ,0.2,0.26,short-term_:_and long-term,1.865566,1.941328,2.144892,2.178483,2.460041
False,mean,False,mean,Caron,6e+20,QM1,JPL,0.2,0.26,short-term_:_and long-term,1.933507,2.009269,2.221885,2.264477,2.547714
False,mean,False,mean,Caron,6e+20,QM1,CSR,0.2,0.26,short-term_:_and long-term,1.865404,1.941167,2.149792,2.19416,2.482075
False,mean,False,mean,Caron,6e+20,QM1,MSSA,0.2,0.26,short-term_:_and long-term,1.955641,2.031404,2.273508,2.376461,2.507208
True,mean,False,mean,Caron,6e+20,QM1,GFZ,0.2,0.26,short-term_:_and long-term,1.873194,1.948644,2.1476,2.179634,2.460901
True,mean,False,mean,Caron,6e+20,QM1,JPL,0.2,0.26,short-term_:_and long-term,1.941407,2.016857,2.224749,2.266117,2.549012
True,mean,False,mean,Caron,6e+20,QM1,CSR,0.2,0.26,short-term_:_and long-term,1.873032,1.948482,2.152458,2.19513,2.482528
True,mean,False,mean,Caron,6e+20,QM1,MSSA,0.2,0.26,short-term_:_and long-term,1.963629,2.03908,2.275515,2.37726,2.507278
False,mean,False,lower,Caron,6e+20,QM1,GFZ,0.2,0.26,short-term_:_and long-term,1.848995,1.924757,2.141977,2.180215,2.464921
False,mean,False,lower,Caron,6e+20,QM1,JPL,0.2,0.26,short-term_:_and long-term,1.916332,1.992095,2.218827,2.265736,2.551297
False,mean,False,lower,Caron,6e+20,QM1,CSR,0.2,0.26,short-term_:_and long-term,1.848834,1.924597,2.147207,2.196095,2.48681
False,mean,False,lower,Caron,6e+20,QM1,MSSA,0.2,0.26,short-term_:_and long-term,1.93827,2.014032,2.272349,2.379202,2.512481
True,mean,False,lower,Caron,6e+20,QM1,GFZ,0.2,0.26,short-term_:_and long-term,1.85713,1.93258,2.144896,2.18127,2.465442
True,mean,False,lower,Caron,6e+20,QM1,JPL,0.2,0.26,short-term_:_and long-term,1.924758,2.000208,2.221925,2.267289,2.552412
True,mean,False,lower,Caron,6e+20,QM1,CSR,0.2,0.26,short-term_:_and long-term,1.856969,1.932419,2.15006,2.197222,2.487552
True,mean,False,lower,Caron,6e+20,QM1,MSSA,0.2,0.26,short-term_:_and long-term,1.94679,2.02224,2.274408,2.379771,2.511815
False,mean,False,upper,Caron,6e+20,QM1,GFZ,0.2,0.26,short-term_:_and long-term,1.879769,1.955532,2.146161,2.17577,2.454472
False,mean,False,upper,Caron,6e+20,QM1,JPL,0.2,0.26,short-term_:_and long-term,1.948227,2.02399,2.223241,2.261982,2.542504
False,mean,False,upper,Caron,6e+20,QM1,CSR,0.2,0.26,short-term_:_and long-term,1.879606,1.955369,2.150795,2.191319,2.476829
False,mean,False,upper,Caron,6e+20,QM1,MSSA,0.2,0.26,short-term_:_and long-term,1.970531,2.046293,2.273124,2.372361,2.500256
True,mean,False,upper,Caron,6e+20,QM1,GFZ,0.2,0.26,short-term_:_and long-term,1.886454,1.961905,2.148248,2.176884,2.455358
True,mean,False,upper,Caron,6e+20,QM1,JPL,0.2,0.26,short-term_:_and long-term,1.95515,2.0306,2.225427,2.262583,2.54331
True,mean,False,upper,Caron,6e+20,QM1,CSR,0.2,0.26,short-term_:_and long-term,1.886291,1.961741,2.152785,2.19219,2.476931
True,mean,False,upper,Caron,6e+20,QM1,MSSA,0.2,0.26,short-term_:_and long-term,1.97753,2.05298,2.274513,2.372272,2.499244
False,mean,False,mean,Caron,6e+20,Resovsky,GFZ,0.15,0.26,short-term_:_and long-term,1.865566,1.938438,2.152065,2.183049,2.457421
False,mean,False,mean,Caron,6e+20,Resovsky,JPL,0.15,0.26,short-term_:_and long-term,1.933507,2.006379,2.228332,2.267155,2.54362
False,mean,False,mean,Caron,6e+20,Resovsky,CSR,0.15,0.26,short-term_:_and long-term,1.865404,1.938276,2.15677,2.196637,2.477887
False,mean,False,mean,Caron,6e+20,Resovsky,MSSA,0.15,0.26,short-term_:_and long-term,1.955641,2.028514,2.285692,2.385907,2.502446
True,mean,False,mean,Caron,6e+20,Resovsky,GFZ,0.15,0.26,short-term_:_and long-term,1.873194,1.94577,2.153569,2.182445,2.454638
True,mean,False,mean,Caron,6e+20,Resovsky,JPL,0.15,0.26,short-term_:_and long-term,1.941407,2.013982,2.229937,2.267011,2.542397
True,mean,False,mean,Caron,6e+20,Resovsky,CSR,0.15,0.26,short-term_:_and long-term,1.873032,1.945607,2.158203,2.196303,2.476206
True,mean,False,mean,Caron,6e+20,Resovsky,MSSA,0.15,0.26,short-term_:_and long-term,1.963629,2.036205,2.286312,2.38473,2.4994
False,mean,False,lower,Caron,6e+20,Resovsky,GFZ,0.15,0.26,short-term_:_and long-term,1.848995,1.921867,2.150454,2.185953,2.462643
False,mean,False,lower,Caron,6e+20,Resovsky,JPL,0.15,0.26,short-term_:_and long-term,1.916332,1.989204,2.226531,2.270127,2.549497
False,mean,False,lower,Caron,6e+20,Resovsky,CSR,0.15,0.26,short-term_:_and long-term,1.848834,1.921707,2.155486,2.199416,2.483139
False,mean,False,lower,Caron,6e+20,Resovsky,MSSA,0.15,0.26,short-term_:_and long-term,1.93827,2.011142,2.286305,2.390671,2.509583
True,mean,False,lower,Caron,6e+20,Resovsky,GFZ,0.15,0.26,short-term_:_and long-term,1.85713,1.929705,2.152011,2.185402,2.460494
True,mean,False,lower,Caron,6e+20,Resovsky,JPL,0.15,0.26,short-term_:_and long-term,1.924758,1.997333,2.228206,2.269931,2.547932
True,mean,False,lower,Caron,6e+20,Resovsky,CSR,0.15,0.26,short-term_:_and long-term,1.856969,1.929545,2.156938,2.199116,2.481401
True,mean,False,lower,Caron,6e+20,Resovsky,MSSA,0.15,0.26,short-term_:_and long-term,1.94679,2.019365,2.286769,2.389575,2.506944
False,mean,False,upper,Caron,6e+20,Resovsky,GFZ,0.15,0.26,short-term_:_and long-term,1.879769,1.952641,2.151825,2.17857,2.450488
False,mean,False,upper,Caron,6e+20,Resovsky,JPL,0.15,0.26,short-term_:_and long-term,1.948227,2.0211,2.228235,2.262574,2.536951
False,mean,False,upper,Caron,6e+20,Resovsky,CSR,0.15,0.26,short-term_:_and long-term,1.879606,1.952478,2.156277,2.191726,2.47043
False,mean,False,upper,Caron,6e+20,Resovsky,MSSA,0.15,0.26,short-term_:_and long-term,1.970531,2.043403,2.283301,2.379791,2.493649
True,mean,False,upper,Caron,6e+20,Resovsky,GFZ,0.15,0.26,short-term_:_and long-term,1.886454,1.95903,2.152866,2.177796,2.447251
True,mean,False,upper,Caron,6e+20,Resovsky,JPL,0.15,0.26,short-term_:_and long-term,1.95515,2.027726,2.229321,2.262132,2.535873
True,mean,False,upper,Caron,6e+20,Resovsky,CSR,0.15,0.26,short-term_:_and long-term,1.886291,1.958867,2.157183,2.191063,2.468451
True,mean,False,upper,Caron,6e+20,Resovsky,MSSA,0.15,0.26,short-term_:_and long-term,1.97753,2.050105,2.28348,2.378738,2.49052
False,mean,False,mean,Caron,6e+20,Resovsky,GFZ,0.1,0.26,short-term_:_and long-term,1.865566,1.938282,2.183131,2.219052,2.483926
False,mean,False,mean,Caron,6e+20,Resovsky,JPL,0.1,0.26,short-term_:_and long-term,1.933507,2.006223,2.259752,2.306616,2.574482
False,mean,False,mean,Caron,6e+20,Resovsky,CSR,0.1,0.26,short-term_:_and long-term,1.865404,1.938121,2.188236,2.234102,2.505241
False,mean,False,mean,Caron,6e+20,Resovsky,MSSA,0.1,0.26,short-term_:_and long-term,1.955641,2.028358,2.324803,2.431384,2.5334
True,mean,False,mean,Caron,6e+20,Resovsky,GFZ,0.1,0.26,short-term_:_and long-term,1.873194,1.945613,2.183204,2.216906,2.479795
True,mean,False,mean,Caron,6e+20,Resovsky,JPL,0.1,0.26,short-term_:_and long-term,1.941407,2.013826,2.259867,2.304198,2.569934
True,mean,False,mean,Caron,6e+20,Resovsky,CSR,0.1,0.26,short-term_:_and long-term,1.873032,1.945451,2.188214,2.232139,2.500649
True,mean,False,mean,Caron,6e+20,Resovsky,MSSA,0.1,0.26,short-term_:_and long-term,1.963629,2.036048,2.323739,2.427929,2.527653
False,mean,False,lower,Caron,6e+20,Resovsky,GFZ,0.1,0.26,short-term_:_and long-term,1.848995,1.921711,2.184328,2.225217,2.492905
False,mean,False,lower,Caron,6e+20,Resovsky,JPL,0.1,0.26,short-term_:_and long-term,1.916332,1.989049,2.260776,2.312642,2.583417
False,mean,False,lower,Caron,6e+20,Resovsky,CSR,0.1,0.26,short-term_:_and long-term,1.848834,1.921551,2.189796,2.241142,2.514949
False,mean,False,lower,Caron,6e+20,Resovsky,MSSA,0.1,0.26,short-term_:_and long-term,1.93827,2.010986,2.328926,2.440045,2.54426
True,mean,False,lower,Caron,6e+20,Resovsky,GFZ,0.1,0.26,short-term_:_and long-term,1.85713,1.929549,2.184327,2.222767,2.488097
True,mean,False,lower,Caron,6e+20,Resovsky,JPL,0.1,0.26,short-term_:_and long-term,1.924758,1.997177,2.260832,2.310285,2.578262
True,mean,False,lower,Caron,6e+20,Resovsky,CSR,0.1,0.26,short-term_:_and long-term,1.856969,1.929388,2.18966,2.238722,2.509824
True,mean,False,lower,Caron,6e+20,Resovsky,MSSA,0.1,0.26,short-term_:_and long-term,1.94679,2.019208,2.327528,2.435829,2.536687
False,mean,False,upper,Caron,6e+20,Resovsky,GFZ,0.1,0.26,short-term_:_and long-term,1.879769,1.952486,2.180172,2.211401,2.473677
False,mean,False,upper,Caron,6e+20,Resovsky,JPL,0.1,0.26,short-term_:_and long-term,1.948227,2.020944,2.256926,2.298488,2.565004
False,mean,False,upper,Caron,6e+20,Resovsky,CSR,0.1,0.26,short-term_:_and long-term,1.879606,1.952323,2.185003,2.22633,2.4956
False,mean,False,upper,Caron,6e+20,Resovsky,MSSA,0.1,0.26,short-term_:_and long-term,1.970531,2.043247,2.319036,2.421059,2.521585
True,mean,False,upper,Caron,6e+20,Resovsky,GFZ,0.1,0.26,short-term_:_and long-term,1.886454,1.958873,2.179915,2.208766,2.469249
True,mean,False,upper,Caron,6e+20,Resovsky,JPL,0.1,0.26,short-term_:_and long-term,1.95515,2.027569,2.256654,2.296308,2.561241
True,mean,False,upper,Caron,6e+20,Resovsky,CSR,0.1,0.26,short-term_:_and long-term,1.886291,1.95871,2.184575,2.223608,2.491587
True,mean,False,upper,Caron,6e+20,Resovsky,MSSA,0.1,0.26,short-term_:_and long-term,1.97753,2.049949,2.317679,2.417227,2.515758
False,mean,False,mean,Caron,6e+20,Resovsky,GFZ,0.2,0.26,short-term_:_and long-term,1.865566,1.93861,2.128972,2.154933,2.432124
False,mean,False,mean,Caron,6e+20,Resovsky,JPL,0.2,0.26,short-term_:_and long-term,1.933507,2.006551,2.204914,2.23796,2.517528
False,mean,False,mean,Caron,6e+20,Resovsky,CSR,0.2,0.26,short-term_:_and long-term,1.865404,1.938448,2.133354,2.169303,2.453402
False,mean,False,mean,Caron,6e+20,Resovsky,MSSA,0.2,0.26,short-term_:_and long-term,1.955641,2.028686,2.256717,2.351293,2.477805
True,mean,False,mean,Caron,6e+20,Resovsky,GFZ,0.2,0.26,short-term_:_and long-term,1.873194,1.945943,2.131454,2.155619,2.431861
True,mean,False,mean,Caron,6e+20,Resovsky,JPL,0.2,0.26,short-term_:_and long-term,1.941407,2.014155,2.207544,2.239444,2.518664
True,mean,False,mean,Caron,6e+20,Resovsky,CSR,0.2,0.26,short-term_:_and long-term,1.873032,1.94578,2.135782,2.170117,2.453788
True,mean,False,mean,Caron,6e+20,Resovsky,MSSA,0.2,0.26,short-term_:_and long-term,1.963629,2.036378,2.258481,2.351377,2.47719
False,mean,False,lower,Caron,6e+20,Resovsky,GFZ,0.2,0.26,short-term_:_and long-term,1.848995,1.922039,2.125209,2.155107,2.435167
False,mean,False,lower,Caron,6e+20,Resovsky,JPL,0.2,0.26,short-term_:_and long-term,1.916332,1.989376,2.200942,2.237773,2.518914
False,mean,False,lower,Caron,6e+20,Resovsky,CSR,0.2,0.26,short-term_:_and long-term,1.848834,1.921878,2.129887,2.169542,2.455388
False,mean,False,lower,Caron,6e+20,Resovsky,MSSA,0.2,0.26,short-term_:_and long-term,1.93827,2.011314,2.254656,2.353746,2.482584
True,mean,False,lower,Caron,6e+20,Resovsky,GFZ,0.2,0.26,short-term_:_and long-term,1.85713,1.929878,2.127832,2.156052,2.434885
True,mean,False,lower,Caron,6e+20,Resovsky,JPL,0.2,0.26,short-term_:_and long-term,1.924758,1.997506,2.203733,2.23922,2.519837
True,mean,False,lower,Caron,6e+20,Resovsky,CSR,0.2,0.26,short-term_:_and long-term,1.856969,1.929718,2.132429,2.17043,2.455709
True,mean,False,lower,Caron,6e+20,Resovsky,MSSA,0.2,0.26,short-term_:_and long-term,1.94679,2.019538,2.256389,2.353554,2.481992
False,mean,False,upper,Caron,6e+20,Resovsky,GFZ,0.2,0.26,short-term_:_and long-term,1.879769,1.952813,2.130843,2.152717,2.426851
False,mean,False,upper,Caron,6e+20,Resovsky,JPL,0.2,0.26,short-term_:_and long-term,1.948227,2.021271,2.206941,2.236434,2.513857
False,mean,False,upper,Caron,6e+20,Resovsky,CSR,0.2,0.26,short-term_:_and long-term,1.879606,1.95265,2.134991,2.16707,2.448511
False,mean,False,upper,Caron,6e+20,Resovsky,MSSA,0.2,0.26,short-term_:_and long-term,1.970531,2.043575,2.256935,2.347457,2.471147
True,mean,False,upper,Caron,6e+20,Resovsky,GFZ,0.2,0.26,short-term_:_and long-term,1.886454,1.959203,2.132769,2.153279,2.426991
True,mean,False,upper,Caron,6e+20,Resovsky,JPL,0.2,0.26,short-term_:_and long-term,1.95515,2.027899,2.208959,2.237039,2.513887
True,mean,False,upper,Caron,6e+20,Resovsky,CSR,0.2,0.26,short-term_:_and long-term,1.886291,1.95904,2.136809,2.16735,2.448412
True,mean,False,upper,Caron,6e+20,Resovsky,MSSA,0.2,0.26,short-term_:_and long-term,1.97753,2.050278,2.258156,2.347633,2.470634
False,mean,False,mean,Lambeck_2017,3e+19,,GFZ,,,long-term,1.865566,1.919227,1.972646,1.929977,2.142741
False,mean,False,mean,Lambeck_2017,3e+19,,JPL,,,long-term,1.933507,1.987168,2.040771,2.005783,2.220658
False,mean,False,mean,Lambeck_2017,3e+19,,CSR,,,long-term,1.865404,1.919066,1.973087,1.940783,2.156007
False,mean,False,mean,Lambeck_2017,3e+19,,MSSA,,,long-term,1.955641,2.009303,2.076381,2.103923,2.17821
True,mean,False,mean,Lambeck_2017,3e+19,,GFZ,,,long-term,1.873194,1.926672,1.973086,1.928545,2.144423
True,mean,False,mean,Lambeck_2017,3e+19,,JPL,,,long-term,1.941407,1.994885,2.041415,2.004355,2.222117
True,mean,False,mean,Lambeck_2017,3e+19,,CSR,,,long-term,1.873032,1.92651,1.973436,1.939337,2.157228
True,mean,False,mean,Lambeck_2017,3e+19,,MSSA,,,long-term,1.963629,2.017107,2.075626,2.101649,2.179555
False,mean,False,lower,Lambeck_2017,3e+19,,GFZ,,,long-term,1.848995,1.902656,1.962322,1.92164,2.131133
False,mean,False,lower,Lambeck_2017,3e+19,,JPL,,,long-term,1.916332,1.969994,2.029853,1.995976,2.207163
False,mean,False,lower,Lambeck_2017,3e+19,,CSR,,,long-term,1.848834,1.902496,1.96284,1.932284,2.144044
False,mean,False,lower,Lambeck_2017,3e+19,,MSSA,,,long-term,1.93827,1.991932,2.066861,2.095556,2.165896
True,mean,False,lower,Lambeck_2017,3e+19,,GFZ,,,long-term,1.85713,1.910608,1.962571,1.919839,2.131923
True,mean,False,lower,Lambeck_2017,3e+19,,JPL,,,long-term,1.924758,1.978236,2.030324,1.994603,2.208787
True,mean,False,lower,Lambeck_2017,3e+19,,CSR,,,long-term,1.856969,1.910447,1.962977,1.930149,2.145119
True,mean,False,lower,Lambeck_2017,3e+19,,MSSA,,,long-term,1.94679,2.000268,2.065724,2.092799,2.169189
False,mean,False,upper,Lambeck_2017,3e+19,,GFZ,,,long-term,1.879769,1.933431,1.980778,1.936556,2.152076
False,mean,False,upper,Lambeck_2017,3e+19,,JPL,,,long-term,1.948227,2.001889,2.049429,2.012874,2.230861
False,mean,False,upper,Lambeck_2017,3e+19,,CSR,,,long-term,1.879606,1.933268,1.981175,1.94792,2.167391
False,mean,False,upper,Lambeck_2017,3e+19,,MSSA,,,long-term,1.970531,2.024192,2.083687,2.110362,2.187508
True,mean,False,upper,Lambeck_2017,3e+19,,GFZ,,,long-term,1.886454,1.939932,1.980972,1.935248,2.154388
True,mean,False,upper,Lambeck_2017,3e+19,,JPL,,,long-term,1.95515,2.008628,2.049782,2.011416,2.23212
True,mean,False,upper,Lambeck_2017,3e+19,,CSR,,,long-term,1.886291,1.939769,1.981256,1.946294,2.167657
True,mean,False,upper,Lambeck_2017,3e+19,,MSSA,,,long-term,1.97753,2.031008,2.082776,2.108031,2.188056
False,mean,False,mean,Lambeck_2017,3e+19,PAR3P,GFZ,0.15,0.26,short-term_:_and long-term,1.865566,1.938198,2.202955,2.241458,2.488134
False,mean,False,mean,Lambeck_2017,3e+19,PAR3P,JPL,0.15,0.26,short-term_:_and long-term,1.933507,2.006139,2.279704,2.326309,2.577417
False,mean,False,mean,Lambeck_2017,3e+19,PAR3P,CSR,0.15,0.26,short-term_:_and long-term,1.865404,1.938037,2.208217,2.256609,2.511803
False,mean,False,mean,Lambeck_2017,3e+19,PAR3P,MSSA,0.15,0.26,short-term_:_and long-term,1.955641,2.028274,2.350175,2.45863,2.539561
True,mean,False,mean,Lambeck_2017,3e+19,PAR3P,GFZ,0.15,0.26,short-term_:_and long-term,1.873194,1.945532,2.198975,2.234584,2.483323
True,mean,False,mean,Lambeck_2017,3e+19,PAR3P,JPL,0.15,0.26,short-term_:_and long-term,1.941407,2.013745,2.275799,2.319633,2.57203
True,mean,False,mean,Lambeck_2017,3e+19,PAR3P,CSR,0.15,0.26,short-term_:_and long-term,1.873032,1.94537,2.204105,2.249432,2.507007
True,mean,False,mean,Lambeck_2017,3e+19,PAR3P,MSSA,0.15,0.26,short-term_:_and long-term,1.963629,2.035968,2.34404,2.44935,2.532153
False,mean,False,lower,Lambeck_2017,3e+19,PAR3P,GFZ,0.15,0.26,short-term_:_and long-term,1.848995,1.921627,2.20678,2.250479,2.497427
False,mean,False,lower,Lambeck_2017,3e+19,PAR3P,JPL,0.15,0.26,short-term_:_and long-term,1.916332,1.988965,2.283343,2.335552,2.584783
False,mean,False,lower,Lambeck_2017,3e+19,PAR3P,CSR,0.15,0.26,short-term_:_and long-term,1.848834,1.921467,2.212425,2.265654,2.52163
False,mean,False,lower,Lambeck_2017,3e+19,PAR3P,MSSA,0.15,0.26,short-term_:_and long-term,1.93827,2.010903,2.357638,2.471433,2.549981
True,mean,False,lower,Lambeck_2017,3e+19,PAR3P,GFZ,0.15,0.26,short-term_:_and long-term,1.85713,1.929468,2.20236,2.243316,2.491718
True,mean,False,lower,Lambeck_2017,3e+19,PAR3P,JPL,0.15,0.26,short-term_:_and long-term,1.924758,1.997096,2.279019,2.327839,2.580804
True,mean,False,lower,Lambeck_2017,3e+19,PAR3P,CSR,0.15,0.26,short-term_:_and long-term,1.856969,1.929307,2.207828,2.258255,2.515468
True,mean,False,lower,Lambeck_2017,3e+19,PAR3P,MSSA,0.15,0.26,short-term_:_and long-term,1.94679,2.019128,2.350706,2.4614,2.543886
False,mean,False,upper,Lambeck_2017,3e+19,PAR3P,GFZ,0.15,0.26,short-term_:_and long-term,1.879769,1.952402,2.197693,2.231197,2.478535
False,mean,False,upper,Lambeck_2017,3e+19,PAR3P,JPL,0.15,0.26,short-term_:_and long-term,1.948227,2.02086,2.274581,2.316377,2.567033
False,mean,False,upper,Lambeck_2017,3e+19,PAR3P,CSR,0.15,0.26,short-term_:_and long-term,1.879606,1.952239,2.202665,2.245789,2.500999
False,mean,False,upper,Lambeck_2017,3e+19,PAR3P,MSSA,0.15,0.26,short-term_:_and long-term,1.970531,2.043163,2.341483,2.4447,2.526657
True,mean,False,upper,Lambeck_2017,3e+19,PAR3P,GFZ,0.15,0.26,short-term_:_and long-term,1.886454,1.958793,2.193743,2.223383,2.472596
True,mean,False,upper,Lambeck_2017,3e+19,PAR3P,JPL,0.15,0.26,short-term_:_and long-term,1.95515,2.027488,2.270641,2.310558,2.563252
True,mean,False,upper,Lambeck_2017,3e+19,PAR3P,CSR,0.15,0.26,short-term_:_and long-term,1.886291,1.958629,2.198507,2.239354,2.496216
True,mean,False,upper,Lambeck_2017,3e+19,PAR3P,MSSA,0.15,0.26,short-term_:_and long-term,1.97753,2.049868,2.3355,2.435885,2.52073
False,mean,False,mean,Lambeck_2017,3e+19,PAR3P,GFZ,0.1,0.26,short-term_:_and long-term,1.865566,1.938102,2.244307,2.28952,2.528881
False,mean,False,mean,Lambeck_2017,3e+19,PAR3P,JPL,0.1,0.26,short-term_:_and long-term,1.933507,2.006043,2.321384,2.374391,2.615333
False,mean,False,mean,Lambeck_2017,3e+19,PAR3P,CSR,0.1,0.26,short-term_:_and long-term,1.865404,1.93794,2.250017,2.305601,2.553426
False,mean,False,mean,Lambeck_2017,3e+19,PAR3P,MSSA,0.1,0.26,short-term_:_and long-term,1.955641,2.028178,2.402167,2.519434,2.578806
True,mean,False,mean,Lambeck_2017,3e+19,PAR3P,GFZ,0.1,0.26,short-term_:_and long-term,1.873194,1.945434,2.239251,2.282233,2.523694
True,mean,False,mean,Lambeck_2017,3e+19,PAR3P,JPL,0.1,0.26,short-term_:_and long-term,1.941407,2.013647,2.316355,2.36648,2.60913
True,mean,False,mean,Lambeck_2017,3e+19,PAR3P,CSR,0.1,0.26,short-term_:_and long-term,1.873032,1.945272,2.244811,2.297608,2.54936
True,mean,False,mean,Lambeck_2017,3e+19,PAR3P,MSSA,0.1,0.26,short-term_:_and long-term,1.963629,2.035869,2.394819,2.508753,2.571602
False,mean,False,lower,Lambeck_2017,3e+19,PAR3P,GFZ,0.1,0.26,short-term_:_and long-term,1.848995,1.921531,2.253379,2.304339,2.541419
False,mean,False,lower,Lambeck_2017,3e+19,PAR3P,JPL,0.1,0.26,short-term_:_and long-term,1.916332,1.988868,2.330297,2.389364,2.626942
False,mean,False,lower,Lambeck_2017,3e+19,PAR3P,CSR,0.1,0.26,short-term_:_and long-term,1.848834,1.921371,2.259531,2.320888,2.566881
False,mean,False,lower,Lambeck_2017,3e+19,PAR3P,MSSA,0.1,0.26,short-term_:_and long-term,1.93827,2.010806,2.416225,2.538087,2.592225
True,mean,False,lower,Lambeck_2017,3e+19,PAR3P,GFZ,0.1,0.26,short-term_:_and long-term,1.85713,1.92937,2.247799,2.296514,2.535675
True,mean,False,lower,Lambeck_2017,3e+19,PAR3P,JPL,0.1,0.26,short-term_:_and long-term,1.924758,1.996998,2.324762,2.380367,2.621164
True,mean,False,lower,Lambeck_2017,3e+19,PAR3P,CSR,0.1,0.26,short-term_:_and long-term,1.856969,1.929209,2.253744,2.311855,2.559487
True,mean,False,lower,Lambeck_2017,3e+19,PAR3P,MSSA,0.1,0.26,short-term_:_and long-term,1.94679,2.019029,2.407939,2.526343,2.584824
False,mean,False,upper,Lambeck_2017,3e+19,PAR3P,GFZ,0.1,0.26,short-term_:_and long-term,1.879769,1.952306,2.233916,2.274528,2.516422
False,mean,False,upper,Lambeck_2017,3e+19,PAR3P,JPL,0.1,0.26,short-term_:_and long-term,1.948227,2.020764,2.311119,2.358458,2.601414
False,mean,False,upper,Lambeck_2017,3e+19,PAR3P,CSR,0.1,0.26,short-term_:_and long-term,1.879606,1.952143,2.2393,2.28888,2.540208
False,mean,False,upper,Lambeck_2017,3e+19,PAR3P,MSSA,0.1,0.26,short-term_:_and long-term,1.970531,2.043067,2.387061,2.49851,2.563171
True,mean,False,upper,Lambeck_2017,3e+19,PAR3P,GFZ,0.1,0.26,short-term_:_and long-term,1.886454,1.958694,2.228986,2.266755,2.51011
True,mean,False,upper,Lambeck_2017,3e+19,PAR3P,JPL,0.1,0.26,short-term_:_and long-term,1.95515,2.02739,2.306143,2.35127,2.596505
True,mean,False,upper,Lambeck_2017,3e+19,PAR3P,CSR,0.1,0.26,short-term_:_and long-term,1.886291,1.958531,2.234122,2.280835,2.53316
True,mean,False,upper,Lambeck_2017,3e+19,PAR3P,MSSA,0.1,0.26,short-term_:_and long-term,1.97753,2.04977,2.379958,2.488985,2.5579
False,mean,False,mean,Lambeck_2017,3e+19,PAR3P,GFZ,0.2,0.26,short-term_:_and long-term,1.865566,1.938258,2.176494,2.209725,2.462034
False,mean,False,mean,Lambeck_2017,3e+19,PAR3P,JPL,0.2,0.26,short-term_:_and long-term,1.933507,2.006199,2.252846,2.295471,2.551339
False,mean,False,mean,Lambeck_2017,3e+19,PAR3P,CSR,0.2,0.26,short-term_:_and long-term,1.865404,1.938096,2.181415,2.223902,2.482277
False,mean,False,mean,Lambeck_2017,3e+19,PAR3P,MSSA,0.2,0.26,short-term_:_and long-term,1.955641,2.028334,2.316942,2.419179,2.506903
True,mean,False,mean,Lambeck_2017,3e+19,PAR3P,GFZ,0.2,0.26,short-term_:_and long-term,1.873194,1.945595,2.173426,2.20334,2.457004
True,mean,False,mean,Lambeck_2017,3e+19,PAR3P,JPL,0.2,0.26,short-term_:_and long-term,1.941407,2.013807,2.249895,2.290073,2.548363
True,mean,False,mean,Lambeck_2017,3e+19,PAR3P,CSR,0.2,0.26,short-term_:_and long-term,1.873032,1.945432,2.17823,2.218654,2.479442
True,mean,False,mean,Lambeck_2017,3e+19,PAR3P,MSSA,0.2,0.26,short-term_:_and long-term,1.963629,2.03603,2.311863,2.411802,2.502376
False,mean,False,lower,Lambeck_2017,3e+19,PAR3P,GFZ,0.2,0.26,short-term_:_and long-term,1.848995,1.921687,2.177017,2.214363,2.466261
False,mean,False,lower,Lambeck_2017,3e+19,PAR3P,JPL,0.2,0.26,short-term_:_and long-term,1.916332,1.989024,2.253154,2.30026,2.554683
False,mean,False,lower,Lambeck_2017,3e+19,PAR3P,CSR,0.2,0.26,short-term_:_and long-term,1.848834,1.921526,2.182281,2.22965,2.487518
False,mean,False,lower,Lambeck_2017,3e+19,PAR3P,MSSA,0.2,0.26,short-term_:_and long-term,1.93827,2.010962,2.320268,2.426784,2.514256
True,mean,False,lower,Lambeck_2017,3e+19,PAR3P,GFZ,0.2,0.26,short-term_:_and long-term,1.85713,1.92953,2.173577,2.208334,2.462176
True,mean,False,lower,Lambeck_2017,3e+19,PAR3P,JPL,0.2,0.26,short-term_:_and long-term,1.924758,1.997158,2.249854,2.294951,2.55307
True,mean,False,lower,Lambeck_2017,3e+19,PAR3P,CSR,0.2,0.26,short-term_:_and long-term,1.856969,1.92937,2.178685,2.223185,2.483206
True,mean,False,lower,Lambeck_2017,3e+19,PAR3P,MSSA,0.2,0.26,short-term_:_and long-term,1.94679,2.01919,2.314495,2.418011,2.508194
False,mean,False,upper,Lambeck_2017,3e+19,PAR3P,GFZ,0.2,0.26,short-term_:_and long-term,1.879769,1.952461,2.174417,2.203238,2.454152
False,mean,False,upper,Lambeck_2017,3e+19,PAR3P,JPL,0.2,0.26,short-term_:_and long-term,1.948227,2.02092,2.250933,2.289343,2.545361
False,mean,False,upper,Lambeck_2017,3e+19,PAR3P,CSR,0.2,0.26,short-term_:_and long-term,1.879606,1.952298,2.179075,2.218009,2.475977
False,mean,False,upper,Lambeck_2017,3e+19,PAR3P,MSSA,0.2,0.26,short-term_:_and long-term,1.970531,2.043223,2.312223,2.410626,2.499493
True,mean,False,upper,Lambeck_2017,3e+19,PAR3P,GFZ,0.2,0.26,short-term_:_and long-term,1.886454,1.958855,2.171306,2.197026,2.451326
True,mean,False,upper,Lambeck_2017,3e+19,PAR3P,JPL,0.2,0.26,short-term_:_and long-term,1.95515,2.027551,2.247876,2.283763,2.54173
True,mean,False,upper,Lambeck_2017,3e+19,PAR3P,CSR,0.2,0.26,short-term_:_and long-term,1.886291,1.958692,2.175782,2.212054,2.472233
True,mean,False,upper,Lambeck_2017,3e+19,PAR3P,MSSA,0.2,0.26,short-term_:_and long-term,1.97753,2.04993,2.307221,2.402898,2.493179
False,mean,False,mean,Lambeck_2017,3e+19,PREM,GFZ,0.15,0.26,short-term_:_and long-term,1.865566,1.939616,2.217063,2.261901,2.521243
False,mean,False,mean,Lambeck_2017,3e+19,PREM,JPL,0.15,0.26,short-term_:_and long-term,1.933507,2.007557,2.294333,2.347731,2.609542
False,mean,False,mean,Lambeck_2017,3e+19,PREM,CSR,0.15,0.26,short-term_:_and long-term,1.865404,1.939454,2.222504,2.27759,2.545352
False,mean,False,mean,Lambeck_2017,3e+19,PREM,MSSA,0.15,0.26,short-term_:_and long-term,1.955641,2.029691,2.367494,2.483044,2.574097
True,mean,False,mean,Lambeck_2017,3e+19,PREM,GFZ,0.15,0.26,short-term_:_and long-term,1.873194,1.946938,2.212773,2.254058,2.515067
True,mean,False,mean,Lambeck_2017,3e+19,PREM,JPL,0.15,0.26,short-term_:_and long-term,1.941407,2.015151,2.290117,2.340861,2.604598
True,mean,False,mean,Lambeck_2017,3e+19,PREM,CSR,0.15,0.26,short-term_:_and long-term,1.873032,1.946776,2.218087,2.270066,2.538501
True,mean,False,mean,Lambeck_2017,3e+19,PREM,MSSA,0.15,0.26,short-term_:_and long-term,1.963629,2.037373,2.360954,2.473476,2.567479
False,mean,False,lower,Lambeck_2017,3e+19,PREM,GFZ,0.15,0.26,short-term_:_and long-term,1.848995,1.923044,2.222196,2.273665,2.533716
False,mean,False,lower,Lambeck_2017,3e+19,PREM,JPL,0.15,0.26,short-term_:_and long-term,1.916332,1.990382,2.299324,2.358382,2.620596
False,mean,False,lower,Lambeck_2017,3e+19,PREM,CSR,0.15,0.26,short-term_:_and long-term,1.848834,1.922884,2.228037,2.288649,2.555771
False,mean,False,lower,Lambeck_2017,3e+19,PREM,MSSA,0.15,0.26,short-term_:_and long-term,1.93827,2.01232,2.376616,2.497702,2.585939
True,mean,False,lower,Lambeck_2017,3e+19,PREM,GFZ,0.15,0.26,short-term_:_and long-term,1.85713,1.930874,2.217429,2.265071,2.527534
True,mean,False,lower,Lambeck_2017,3e+19,PREM,JPL,0.15,0.26,short-term_:_and long-term,1.924758,1.998502,2.294653,2.351079,2.614916
True,mean,False,lower,Lambeck_2017,3e+19,PREM,CSR,0.15,0.26,short-term_:_and long-term,1.856969,1.930713,2.223095,2.280582,2.551096
True,mean,False,lower,Lambeck_2017,3e+19,PREM,MSSA,0.15,0.26,short-term_:_and long-term,1.94679,2.020534,2.369211,2.486495,2.579004
False,mean,False,upper,Lambeck_2017,3e+19,PREM,GFZ,0.15,0.26,short-term_:_and long-term,1.879769,1.953819,2.210432,2.249058,2.507664
False,mean,False,upper,Lambeck_2017,3e+19,PREM,JPL,0.15,0.26,short-term_:_and long-term,1.948227,2.022277,2.287806,2.336596,2.598142
False,mean,False,upper,Lambeck_2017,3e+19,PREM,CSR,0.15,0.26,short-term_:_and long-term,1.879606,1.953656,2.215573,2.265314,2.531691
False,mean,False,upper,Lambeck_2017,3e+19,PREM,MSSA,0.15,0.26,short-term_:_and long-term,1.970531,2.04458,2.357079,2.467092,2.559208
True,mean,False,upper,Lambeck_2017,3e+19,PREM,GFZ,0.15,0.26,short-term_:_and long-term,1.886454,1.960198,2.206213,2.242173,2.502315
True,mean,False,upper,Lambeck_2017,3e+19,PREM,JPL,0.15,0.26,short-term_:_and long-term,1.95515,2.028894,2.283591,2.329775,2.593844
True,mean,False,upper,Lambeck_2017,3e+19,PREM,CSR,0.15,0.26,short-term_:_and long-term,1.886291,1.960035,2.211141,2.25809,2.525435
True,mean,False,upper,Lambeck_2017,3e+19,PREM,MSSA,0.15,0.26,short-term_:_and long-term,1.97753,2.051274,2.350739,2.457549,2.551099
False,mean,False,mean,Lambeck_2017,3e+19,PREM,GFZ,0.1,0.26,short-term_:_and long-term,1.865566,1.939441,2.25734,2.309701,2.561803
False,mean,False,mean,Lambeck_2017,3e+19,PREM,JPL,0.1,0.26,short-term_:_and long-term,1.933507,2.007381,2.33496,2.395532,2.650386
False,mean,False,mean,Lambeck_2017,3e+19,PREM,CSR,0.1,0.26,short-term_:_and long-term,1.865404,1.939279,2.263233,2.325281,2.586222
False,mean,False,mean,Lambeck_2017,3e+19,PREM,MSSA,0.1,0.26,short-term_:_and long-term,1.955641,2.029516,2.418192,2.541884,2.616553
True,mean,False,mean,Lambeck_2017,3e+19,PREM,GFZ,0.1,0.26,short-term_:_and long-term,1.873194,1.94676,2.25132,2.301194,2.55538
True,mean,False,mean,Lambeck_2017,3e+19,PREM,JPL,0.1,0.26,short-term_:_and long-term,1.941407,2.014973,2.328946,2.386578,2.641927
True,mean,False,mean,Lambeck_2017,3e+19,PREM,CSR,0.1,0.26,short-term_:_and long-term,1.873032,1.946598,2.257063,2.31608,2.579607
True,mean,False,mean,Lambeck_2017,3e+19,PREM,MSSA,0.1,0.26,short-term_:_and long-term,1.963629,2.037196,2.409582,2.530415,2.606036
False,mean,False,lower,Lambeck_2017,3e+19,PREM,GFZ,0.1,0.26,short-term_:_and long-term,1.848995,1.922869,2.267168,2.32577,2.576886
False,mean,False,lower,Lambeck_2017,3e+19,PREM,JPL,0.1,0.26,short-term_:_and long-term,1.916332,1.990207,2.344675,2.410269,2.664352
False,mean,False,lower,Lambeck_2017,3e+19,PREM,CSR,0.1,0.26,short-term_:_and long-term,1.848834,1.922709,2.273516,2.341842,2.602815
False,mean,False,lower,Lambeck_2017,3e+19,PREM,MSSA,0.1,0.26,short-term_:_and long-term,1.93827,2.012145,2.433212,2.563994,2.634368
True,mean,False,lower,Lambeck_2017,3e+19,PREM,GFZ,0.1,0.26,short-term_:_and long-term,1.85713,1.930696,2.260519,2.315981,2.568219
True,mean,False,lower,Lambeck_2017,3e+19,PREM,JPL,0.1,0.26,short-term_:_and long-term,1.924758,1.998324,2.338048,2.401289,2.656635
True,mean,False,lower,Lambeck_2017,3e+19,PREM,CSR,0.1,0.26,short-term_:_and long-term,1.856969,1.930535,2.266657,2.331408,2.593685
True,mean,False,lower,Lambeck_2017,3e+19,PREM,MSSA,0.1,0.26,short-term_:_and long-term,1.94679,2.020356,2.423509,2.550108,2.623681
False,mean,False,upper,Lambeck_2017,3e+19,PREM,GFZ,0.1,0.26,short-term_:_and long-term,1.879769,1.953644,2.246142,2.293385,2.546011
False,mean,False,upper,Lambeck_2017,3e+19,PREM,JPL,0.1,0.26,short-term_:_and long-term,1.948227,2.022102,2.32385,2.378275,2.633059
False,mean,False,upper,Lambeck_2017,3e+19,PREM,CSR,0.1,0.26,short-term_:_and long-term,1.879606,1.953481,2.251703,2.308199,2.569969
False,mean,False,upper,Lambeck_2017,3e+19,PREM,MSSA,0.1,0.26,short-term_:_and long-term,1.970531,2.044405,2.402072,2.519937,2.597406
True,mean,False,upper,Lambeck_2017,3e+19,PREM,GFZ,0.1,0.26,short-term_:_and long-term,1.886454,1.960021,2.240355,2.284591,2.538199
True,mean,False,upper,Lambeck_2017,3e+19,PREM,JPL,0.1,0.26,short-term_:_and long-term,1.95515,2.028717,2.317995,2.369676,2.624987
True,mean,False,upper,Lambeck_2017,3e+19,PREM,CSR,0.1,0.26,short-term_:_and long-term,1.886291,1.959858,2.24566,2.299042,2.561933
True,mean,False,upper,Lambeck_2017,3e+19,PREM,MSSA,0.1,0.26,short-term_:_and long-term,1.97753,2.051096,2.393844,2.508821,2.588289
False,mean,False,mean,Lambeck_2017,3e+19,PREM,GFZ,0.2,0.26,short-term_:_and long-term,1.865566,1.939774,2.190026,2.229308,2.492022
False,mean,False,mean,Lambeck_2017,3e+19,PREM,JPL,0.2,0.26,short-term_:_and long-term,1.933507,2.007715,2.266893,2.316241,2.583213
False,mean,False,mean,Lambeck_2017,3e+19,PREM,CSR,0.2,0.26,short-term_:_and long-term,1.865404,1.939613,2.195106,2.243852,2.512302
False,mean,False,mean,Lambeck_2017,3e+19,PREM,MSSA,0.2,0.26,short-term_:_and long-term,1.955641,2.02985,2.333529,2.44219,2.542314
True,mean,False,mean,Lambeck_2017,3e+19,PREM,GFZ,0.2,0.26,short-term_:_and long-term,1.873194,1.947099,2.187046,2.22337,2.488083
True,mean,False,mean,Lambeck_2017,3e+19,PREM,JPL,0.2,0.26,short-term_:_and long-term,1.941407,2.015312,2.264039,2.311166,2.579947
True,mean,False,mean,Lambeck_2017,3e+19,PREM,CSR,0.2,0.26,short-term_:_and long-term,1.873032,1.946937,2.192019,2.238429,2.510759
True,mean,False,mean,Lambeck_2017,3e+19,PREM,MSSA,0.2,0.26,short-term_:_and long-term,1.963629,2.037534,2.328544,2.435128,2.537224
False,mean,False,lower,Lambeck_2017,3e+19,PREM,GFZ,0.2,0.26,short-term_:_and long-term,1.848995,1.923203,2.192024,2.236038,2.498662
False,mean,False,lower,Lambeck_2017,3e+19,PREM,JPL,0.2,0.26,short-term_:_and long-term,1.916332,1.990541,2.268718,2.322939,2.591056
False,mean,False,lower,Lambeck_2017,3e+19,PREM,CSR,0.2,0.26,short-term_:_and long-term,1.848834,1.923043,2.197464,2.251356,2.520551
False,mean,False,lower,Lambeck_2017,3e+19,PREM,MSSA,0.2,0.26,short-term_:_and long-term,1.93827,2.012478,2.338729,2.45217,2.551305
True,mean,False,lower,Lambeck_2017,3e+19,PREM,GFZ,0.2,0.26,short-term_:_and long-term,1.85713,1.931035,2.188679,2.229848,2.496174
True,mean,False,lower,Lambeck_2017,3e+19,PREM,JPL,0.2,0.26,short-term_:_and long-term,1.924758,1.998663,2.265525,2.317726,2.587921
True,mean,False,lower,Lambeck_2017,3e+19,PREM,CSR,0.2,0.26,short-term_:_and long-term,1.856969,1.930874,2.193971,2.244841,2.5168
True,mean,False,lower,Lambeck_2017,3e+19,PREM,MSSA,0.2,0.26,short-term_:_and long-term,1.94679,2.020695,2.333041,2.443636,2.546867
False,mean,False,upper,Lambeck_2017,3e+19,PREM,GFZ,0.2,0.26,short-term_:_and long-term,1.879769,1.953978,2.186449,2.220602,2.481891
False,mean,False,upper,Lambeck_2017,3e+19,PREM,JPL,0.2,0.26,short-term_:_and long-term,1.948227,2.022436,2.263444,2.307971,2.573617
False,mean,False,upper,Lambeck_2017,3e+19,PREM,CSR,0.2,0.26,short-term_:_and long-term,1.879606,1.953815,2.191256,2.235427,2.504341
False,mean,False,upper,Lambeck_2017,3e+19,PREM,MSSA,0.2,0.26,short-term_:_and long-term,1.970531,2.044739,2.326915,2.431475,2.530713
True,mean,False,upper,Lambeck_2017,3e+19,PREM,GFZ,0.2,0.26,short-term_:_and long-term,1.886454,1.960359,2.183421,2.214984,2.478298
True,mean,False,upper,Lambeck_2017,3e+19,PREM,JPL,0.2,0.26,short-term_:_and long-term,1.95515,2.029055,2.260475,2.3023,2.570864
True,mean,False,upper,Lambeck_2017,3e+19,PREM,CSR,0.2,0.26,short-term_:_and long-term,1.886291,1.960196,2.188048,2.22971,2.501733
True,mean,False,upper,Lambeck_2017,3e+19,PREM,MSSA,0.2,0.26,short-term_:_and long-term,1.97753,2.051435,2.322,2.424491,2.525684
False,mean,False,mean,Lambeck_2017,3e+19,QL6,GFZ,0.15,0.26,short-term_:_and long-term,1.865566,1.936713,2.20197,2.236564,2.479965
False,mean,False,mean,Lambeck_2017,3e+19,QL6,JPL,0.15,0.26,short-term_:_and long-term,1.933507,2.004654,2.277823,2.320962,2.568833
False,mean,False,mean,Lambeck_2017,3e+19,QL6,CSR,0.15,0.26,short-term_:_and long-term,1.865404,1.936551,2.206898,2.252269,2.504742
False,mean,False,mean,Lambeck_2017,3e+19,QL6,MSSA,0.15,0.26,short-term_:_and long-term,1.955641,2.026788,2.351432,2.457419,2.531103
True,mean,False,mean,Lambeck_2017,3e+19,QL6,GFZ,0.15,0.26,short-term_:_and long-term,1.873194,1.944056,2.196754,2.228121,2.473711
True,mean,False,mean,Lambeck_2017,3e+19,QL6,JPL,0.15,0.26,short-term_:_and long-term,1.941407,2.012268,2.272685,2.313718,2.56299
True,mean,False,mean,Lambeck_2017,3e+19,QL6,CSR,0.15,0.26,short-term_:_and long-term,1.873032,1.943893,2.201544,2.243443,2.497822
True,mean,False,mean,Lambeck_2017,3e+19,QL6,MSSA,0.15,0.26,short-term_:_and long-term,1.963629,2.034491,2.343714,2.44741,2.526793
False,mean,False,lower,Lambeck_2017,3e+19,QL6,GFZ,0.15,0.26,short-term_:_and long-term,1.848995,1.920142,2.206436,2.246993,2.491201
False,mean,False,lower,Lambeck_2017,3e+19,QL6,JPL,0.15,0.26,short-term_:_and long-term,1.916332,1.987479,2.282057,2.330169,2.577023
False,mean,False,lower,Lambeck_2017,3e+19,QL6,CSR,0.15,0.26,short-term_:_and long-term,1.848834,1.919981,2.211735,2.261411,2.513573
False,mean,False,lower,Lambeck_2017,3e+19,QL6,MSSA,0.15,0.26,short-term_:_and long-term,1.93827,2.009417,2.359891,2.470504,2.542185
True,mean,False,lower,Lambeck_2017,3e+19,QL6,GFZ,0.15,0.26,short-term_:_and long-term,1.85713,1.927991,2.200615,2.237725,2.48341
True,mean,False,lower,Lambeck_2017,3e+19,QL6,JPL,0.15,0.26,short-term_:_and long-term,1.924758,1.995619,2.276332,2.32163,2.570431
True,mean,False,lower,Lambeck_2017,3e+19,QL6,CSR,0.15,0.26,short-term_:_and long-term,1.856969,1.927831,2.205722,2.25317,2.507691
True,mean,False,lower,Lambeck_2017,3e+19,QL6,MSSA,0.15,0.26,short-term_:_and long-term,1.94679,2.017651,2.351141,2.459276,2.536
False,mean,False,upper,Lambeck_2017,3e+19,QL6,GFZ,0.15,0.26,short-term_:_and long-term,1.879769,1.950916,2.195872,2.225511,2.469514
False,mean,False,upper,Lambeck_2017,3e+19,QL6,JPL,0.15,0.26,short-term_:_and long-term,1.948227,2.019374,2.271924,2.310773,2.558205
False,mean,False,upper,Lambeck_2017,3e+19,QL6,CSR,0.15,0.26,short-term_:_and long-term,1.879606,1.950753,2.200533,2.240635,2.493017
False,mean,False,upper,Lambeck_2017,3e+19,QL6,MSSA,0.15,0.26,short-term_:_and long-term,1.970531,2.041678,2.341524,2.442812,2.518991
True,mean,False,upper,Lambeck_2017,3e+19,QL6,GFZ,0.15,0.26,short-term_:_and long-term,1.886454,1.957316,2.190853,2.2173,2.463078
True,mean,False,upper,Lambeck_2017,3e+19,QL6,JPL,0.15,0.26,short-term_:_and long-term,1.95515,2.026012,2.266912,2.303066,2.551705
True,mean,False,upper,Lambeck_2017,3e+19,QL6,CSR,0.15,0.26,short-term_:_and long-term,1.886291,1.957153,2.19529,2.232212,2.485501
True,mean,False,upper,Lambeck_2017,3e+19,QL6,MSSA,0.15,0.26,short-term_:_and long-term,1.97753,2.048391,2.334165,2.432463,2.513011
False,mean,False,mean,Lambeck_2017,3e+19,QL6,GFZ,0.1,0.26,short-term_:_and long-term,1.865566,1.936618,2.239212,2.280515,2.515504
False,mean,False,mean,Lambeck_2017,3e+19,QL6,JPL,0.1,0.26,short-term_:_and long-term,1.933507,2.004559,2.315372,2.364266,2.600248
False,mean,False,mean,Lambeck_2017,3e+19,QL6,CSR,0.1,0.26,short-term_:_and long-term,1.865404,1.936457,2.244569,2.296128,2.539664
False,mean,False,mean,Lambeck_2017,3e+19,QL6,MSSA,0.1,0.26,short-term_:_and long-term,1.955641,2.026694,2.398557,2.511675,2.563135
True,mean,False,mean,Lambeck_2017,3e+19,QL6,GFZ,0.1,0.26,short-term_:_and long-term,1.873194,1.94396,2.232079,2.269826,2.506895
True,mean,False,mean,Lambeck_2017,3e+19,QL6,JPL,0.1,0.26,short-term_:_and long-term,1.941407,2.012173,2.308273,2.354094,2.592495
True,mean,False,mean,Lambeck_2017,3e+19,QL6,CSR,0.1,0.26,short-term_:_and long-term,1.873032,1.943798,2.237274,2.285662,2.530288
True,mean,False,mean,Lambeck_2017,3e+19,QL6,MSSA,0.1,0.26,short-term_:_and long-term,1.963629,2.034395,2.388504,2.498114,2.553158
False,mean,False,lower,Lambeck_2017,3e+19,QL6,GFZ,0.1,0.26,short-term_:_and long-term,1.848995,1.920047,2.247468,2.294199,2.526324
False,mean,False,lower,Lambeck_2017,3e+19,QL6,JPL,0.1,0.26,short-term_:_and long-term,1.916332,1.987385,2.32341,2.376793,2.610998
False,mean,False,lower,Lambeck_2017,3e+19,QL6,CSR,0.1,0.26,short-term_:_and long-term,1.848834,1.919887,2.253239,2.310273,2.552169
False,mean,False,lower,Lambeck_2017,3e+19,QL6,MSSA,0.1,0.26,short-term_:_and long-term,1.93827,2.009322,2.411799,2.530083,2.576505
True,mean,False,lower,Lambeck_2017,3e+19,QL6,GFZ,0.1,0.26,short-term_:_and long-term,1.85713,1.927896,2.239556,2.282942,2.518383
True,mean,False,lower,Lambeck_2017,3e+19,QL6,JPL,0.1,0.26,short-term_:_and long-term,1.924758,1.995524,2.315553,2.366182,2.603498
True,mean,False,lower,Lambeck_2017,3e+19,QL6,CSR,0.1,0.26,short-term_:_and long-term,1.856969,1.927735,2.245104,2.298698,2.543472
True,mean,False,lower,Lambeck_2017,3e+19,QL6,MSSA,0.1,0.26,short-term_:_and long-term,1.94679,2.017555,2.400466,2.515992,2.568244
False,mean,False,upper,Lambeck_2017,3e+19,QL6,GFZ,0.1,0.26,short-term_:_and long-term,1.879769,1.950822,2.229461,2.265461,2.501667
False,mean,False,upper,Lambeck_2017,3e+19,QL6,JPL,0.1,0.26,short-term_:_and long-term,1.948227,2.01928,2.305812,2.34909,2.586967
False,mean,False,upper,Lambeck_2017,3e+19,QL6,CSR,0.1,0.26,short-term_:_and long-term,1.879606,1.950659,2.234525,2.280854,2.524694
False,mean,False,upper,Lambeck_2017,3e+19,QL6,MSSA,0.1,0.26,short-term_:_and long-term,1.970531,2.041583,2.384065,2.492142,2.547371
True,mean,False,upper,Lambeck_2017,3e+19,QL6,GFZ,0.1,0.26,short-term_:_and long-term,1.886454,1.95722,2.222704,2.255333,2.493507
True,mean,False,upper,Lambeck_2017,3e+19,QL6,JPL,0.1,0.26,short-term_:_and long-term,1.95515,2.025916,2.299014,2.339212,2.578206
True,mean,False,upper,Lambeck_2017,3e+19,QL6,CSR,0.1,0.26,short-term_:_and long-term,1.886291,1.957057,2.227503,2.270068,2.515997
True,mean,False,upper,Lambeck_2017,3e+19,QL6,MSSA,0.1,0.26,short-term_:_and long-term,1.97753,2.048296,2.374577,2.479904,2.541134
False,mean,False,mean,Lambeck_2017,3e+19,QL6,GFZ,0.2,0.26,short-term_:_and long-term,1.865566,1.936809,2.175538,2.205463,2.454383
False,mean,False,mean,Lambeck_2017,3e+19,QL6,JPL,0.2,0.26,short-term_:_and long-term,1.933507,2.00475,2.251094,2.289966,2.54326
False,mean,False,mean,Lambeck_2017,3e+19,QL6,CSR,0.2,0.26,short-term_:_and long-term,1.865404,1.936647,2.180139,2.219527,2.475066
False,mean,False,mean,Lambeck_2017,3e+19,QL6,MSSA,0.2,0.26,short-term_:_and long-term,1.955641,2.026884,2.318045,2.417271,2.502688
True,mean,False,mean,Lambeck_2017,3e+19,QL6,GFZ,0.2,0.26,short-term_:_and long-term,1.873194,1.944152,2.171736,2.198469,2.449999
True,mean,False,mean,Lambeck_2017,3e+19,QL6,JPL,0.2,0.26,short-term_:_and long-term,1.941407,2.012365,2.247408,2.284031,2.538804
True,mean,False,mean,Lambeck_2017,3e+19,QL6,CSR,0.2,0.26,short-term_:_and long-term,1.873032,1.94399,2.176219,2.212954,2.471006
True,mean,False,mean,Lambeck_2017,3e+19,QL6,MSSA,0.2,0.26,short-term_:_and long-term,1.963629,2.034588,2.31204,2.409362,2.497097
False,mean,False,lower,Lambeck_2017,3e+19,QL6,GFZ,0.2,0.26,short-term_:_and long-term,1.848995,1.920237,2.177346,2.211359,2.460014
False,mean,False,lower,Lambeck_2017,3e+19,QL6,JPL,0.2,0.26,short-term_:_and long-term,1.916332,1.987575,2.252651,2.296707,2.548542
False,mean,False,lower,Lambeck_2017,3e+19,QL6,CSR,0.2,0.26,short-term_:_and long-term,1.848834,1.920077,2.182284,2.226516,2.481902
False,mean,False,lower,Lambeck_2017,3e+19,QL6,MSSA,0.2,0.26,short-term_:_and long-term,1.93827,2.009513,2.323158,2.427269,2.512096
True,mean,False,lower,Lambeck_2017,3e+19,QL6,GFZ,0.2,0.26,short-term_:_and long-term,1.85713,1.928088,2.173066,2.204534,2.456489
True,mean,False,lower,Lambeck_2017,3e+19,QL6,JPL,0.2,0.26,short-term_:_and long-term,1.924758,1.995716,2.248509,2.289441,2.545333
True,mean,False,lower,Lambeck_2017,3e+19,QL6,CSR,0.2,0.26,short-term_:_and long-term,1.856969,1.927927,2.177841,2.219504,2.476743
True,mean,False,lower,Lambeck_2017,3e+19,QL6,MSSA,0.2,0.26,short-term_:_and long-term,1.94679,2.017748,2.316302,2.417842,2.50553
False,mean,False,upper,Lambeck_2017,3e+19,QL6,GFZ,0.2,0.26,short-term_:_and long-term,1.879769,1.951012,2.172034,2.197287,2.446707
False,mean,False,upper,Lambeck_2017,3e+19,QL6,JPL,0.2,0.26,short-term_:_and long-term,1.948227,2.01947,2.247799,2.282243,2.535669
False,mean,False,upper,Lambeck_2017,3e+19,QL6,CSR,0.2,0.26,short-term_:_and long-term,1.879606,1.950849,2.176388,2.211135,2.466247
False,mean,False,upper,Lambeck_2017,3e+19,QL6,MSSA,0.2,0.26,short-term_:_and long-term,1.970531,2.041773,2.311384,2.406482,2.491855
True,mean,False,upper,Lambeck_2017,3e+19,QL6,GFZ,0.2,0.26,short-term_:_and long-term,1.886454,1.957413,2.168297,2.190824,2.443179
True,mean,False,upper,Lambeck_2017,3e+19,QL6,JPL,0.2,0.26,short-term_:_and long-term,1.95515,2.026109,2.24411,2.276047,2.531448
True,mean,False,upper,Lambeck_2017,3e+19,QL6,CSR,0.2,0.26,short-term_:_and long-term,1.886291,1.95725,2.172458,2.204895,2.462963
True,mean,False,upper,Lambeck_2017,3e+19,QL6,MSSA,0.2,0.26,short-term_:_and long-term,1.97753,2.048488,2.305584,2.398791,2.486749
False,mean,False,mean,Lambeck_2017,3e+19,QM1,GFZ,0.15,0.26,short-term_:_and long-term,1.865566,1.941068,2.20968,2.256655,2.51525
False,mean,False,mean,Lambeck_2017,3e+19,QM1,JPL,0.15,0.26,short-term_:_and long-term,1.933507,2.009009,2.28709,2.34327,2.605584
False,mean,False,mean,Lambeck_2017,3e+19,QM1,CSR,0.15,0.26,short-term_:_and long-term,1.865404,1.940906,2.215386,2.272547,2.539165
False,mean,False,mean,Lambeck_2017,3e+19,QM1,MSSA,0.15,0.26,short-term_:_and long-term,1.955641,2.031144,2.354407,2.46978,2.56122
True,mean,False,mean,Lambeck_2017,3e+19,QM1,GFZ,0.15,0.26,short-term_:_and long-term,1.873194,1.94838,2.206263,2.249749,2.509077
True,mean,False,mean,Lambeck_2017,3e+19,QM1,JPL,0.15,0.26,short-term_:_and long-term,1.941407,2.016593,2.283765,2.337712,2.602312
True,mean,False,mean,Lambeck_2017,3e+19,QM1,CSR,0.15,0.26,short-term_:_and long-term,1.873032,1.948218,2.211858,2.265796,2.53358
True,mean,False,mean,Lambeck_2017,3e+19,QM1,MSSA,0.15,0.26,short-term_:_and long-term,1.963629,2.038816,2.348942,2.460861,2.555073
False,mean,False,lower,Lambeck_2017,3e+19,QM1,GFZ,0.15,0.26,short-term_:_and long-term,1.848995,1.924497,2.214698,2.266961,2.525684
False,mean,False,lower,Lambeck_2017,3e+19,QM1,JPL,0.15,0.26,short-term_:_and long-term,1.916332,1.991834,2.291994,2.353941,2.617217
False,mean,False,lower,Lambeck_2017,3e+19,QM1,CSR,0.15,0.26,short-term_:_and long-term,1.848834,1.924337,2.220836,2.283655,2.550064
False,mean,False,lower,Lambeck_2017,3e+19,QM1,MSSA,0.15,0.26,short-term_:_and long-term,1.93827,2.013772,2.363144,2.483259,2.571704
True,mean,False,lower,Lambeck_2017,3e+19,QM1,GFZ,0.15,0.26,short-term_:_and long-term,1.85713,1.932316,2.210899,2.260417,2.520973
True,mean,False,lower,Lambeck_2017,3e+19,QM1,JPL,0.15,0.26,short-term_:_and long-term,1.924758,1.999944,2.288309,2.347319,2.611645
True,mean,False,lower,Lambeck_2017,3e+19,QM1,CSR,0.15,0.26,short-term_:_and long-term,1.856969,1.932155,2.216878,2.276012,2.544442
True,mean,False,lower,Lambeck_2017,3e+19,QM1,MSSA,0.15,0.26,short-term_:_and long-term,1.94679,2.021976,2.356932,2.474987,2.567917
False,mean,False,upper,Lambeck_2017,3e+19,QM1,GFZ,0.15,0.26,short-term_:_and long-term,1.879769,1.955272,2.203269,2.244191,2.501793
False,mean,False,upper,Lambeck_2017,3e+19,QM1,JPL,0.15,0.26,short-term_:_and long-term,1.948227,2.02373,2.280755,2.332126,2.594784
False,mean,False,upper,Lambeck_2017,3e+19,QM1,CSR,0.15,0.26,short-term_:_and long-term,1.879606,1.955109,2.208646,2.259777,2.525449
False,mean,False,upper,Lambeck_2017,3e+19,QM1,MSSA,0.15,0.26,short-term_:_and long-term,1.970531,2.046033,2.344497,2.453535,2.545862
True,mean,False,upper,Lambeck_2017,3e+19,QM1,GFZ,0.15,0.26,short-term_:_and long-term,1.886454,1.961641,2.199831,2.238266,2.498318
True,mean,False,upper,Lambeck_2017,3e+19,QM1,JPL,0.15,0.26,short-term_:_and long-term,1.95515,2.030336,2.277338,2.326395,2.592243
True,mean,False,upper,Lambeck_2017,3e+19,QM1,CSR,0.15,0.26,short-term_:_and long-term,1.886291,1.961478,2.20501,2.253918,2.521022
True,mean,False,upper,Lambeck_2017,3e+19,QM1,MSSA,0.15,0.26,short-term_:_and long-term,1.97753,2.052716,2.339123,2.445469,2.540341
False,mean,False,mean,Lambeck_2017,3e+19,QM1,GFZ,0.1,0.26,short-term_:_and long-term,1.865566,1.940811,2.242226,2.295559,2.54779
False,mean,False,mean,Lambeck_2017,3e+19,QM1,JPL,0.1,0.26,short-term_:_and long-term,1.933507,2.008752,2.319919,2.381691,2.637137
False,mean,False,mean,Lambeck_2017,3e+19,QM1,CSR,0.1,0.26,short-term_:_and long-term,1.865404,1.940649,2.248358,2.311534,2.572982
False,mean,False,mean,Lambeck_2017,3e+19,QM1,MSSA,0.1,0.26,short-term_:_and long-term,1.955641,2.030887,2.394824,2.517351,2.594171
True,mean,False,mean,Lambeck_2017,3e+19,QM1,GFZ,0.1,0.26,short-term_:_and long-term,1.873194,1.948121,2.237213,2.287413,2.541696
True,mean,False,mean,Lambeck_2017,3e+19,QM1,JPL,0.1,0.26,short-term_:_and long-term,1.941407,2.016333,2.314927,2.373477,2.629981
True,mean,False,mean,Lambeck_2017,3e+19,QM1,CSR,0.1,0.26,short-term_:_and long-term,1.873032,1.947958,2.243203,2.303564,2.566499
True,mean,False,mean,Lambeck_2017,3e+19,QM1,MSSA,0.1,0.26,short-term_:_and long-term,1.963629,2.038556,2.387514,2.506604,2.585272
False,mean,False,lower,Lambeck_2017,3e+19,QM1,GFZ,0.1,0.26,short-term_:_and long-term,1.848995,1.92424,2.251709,2.311995,2.562605
False,mean,False,lower,Lambeck_2017,3e+19,QM1,JPL,0.1,0.26,short-term_:_and long-term,1.916332,1.991577,2.329314,2.397068,2.651014
False,mean,False,lower,Lambeck_2017,3e+19,QM1,CSR,0.1,0.26,short-term_:_and long-term,1.848834,1.92408,2.258331,2.327502,2.587784
False,mean,False,lower,Lambeck_2017,3e+19,QM1,MSSA,0.1,0.26,short-term_:_and long-term,1.93827,2.013515,2.409109,2.537364,2.607935
True,mean,False,lower,Lambeck_2017,3e+19,QM1,GFZ,0.1,0.26,short-term_:_and long-term,1.85713,1.932056,2.246165,2.302176,2.555033
True,mean,False,lower,Lambeck_2017,3e+19,QM1,JPL,0.1,0.26,short-term_:_and long-term,1.924758,1.999684,2.323809,2.389052,2.643636
True,mean,False,lower,Lambeck_2017,3e+19,QM1,CSR,0.1,0.26,short-term_:_and long-term,1.856969,1.931896,2.252588,2.318513,2.579816
True,mean,False,lower,Lambeck_2017,3e+19,QM1,MSSA,0.1,0.26,short-term_:_and long-term,1.94679,2.021716,2.400841,2.526344,2.600295
False,mean,False,upper,Lambeck_2017,3e+19,QM1,GFZ,0.1,0.26,short-term_:_and long-term,1.879769,1.955015,2.231418,2.279257,2.533385
False,mean,False,upper,Lambeck_2017,3e+19,QM1,JPL,0.1,0.26,short-term_:_and long-term,1.948227,2.023473,2.309173,2.365223,2.621855
False,mean,False,upper,Lambeck_2017,3e+19,QM1,CSR,0.1,0.26,short-term_:_and long-term,1.879606,1.954852,2.237182,2.294423,2.556658
False,mean,False,upper,Lambeck_2017,3e+19,QM1,MSSA,0.1,0.26,short-term_:_and long-term,1.970531,2.045776,2.379477,2.496331,2.578412
True,mean,False,upper,Lambeck_2017,3e+19,QM1,GFZ,0.1,0.26,short-term_:_and long-term,1.886454,1.961381,2.226538,2.271415,2.525924
True,mean,False,upper,Lambeck_2017,3e+19,QM1,JPL,0.1,0.26,short-term_:_and long-term,1.95515,2.030077,2.304241,2.35763,2.61458
True,mean,False,upper,Lambeck_2017,3e+19,QM1,CSR,0.1,0.26,short-term_:_and long-term,1.886291,1.961218,2.232058,2.285902,2.549163
True,mean,False,upper,Lambeck_2017,3e+19,QM1,MSSA,0.1,0.26,short-term_:_and long-term,1.97753,2.052456,2.372425,2.486283,2.571157
False,mean,False,mean,Lambeck_2017,3e+19,QM1,GFZ,0.2,0.26,short-term_:_and long-term,1.865566,1.941319,2.186487,2.227354,2.488246
False,mean,False,mean,Lambeck_2017,3e+19,QM1,JPL,0.2,0.26,short-term_:_and long-term,1.933507,2.00926,2.26352,2.315275,2.582447
False,mean,False,mean,Lambeck_2017,3e+19,QM1,CSR,0.2,0.26,short-term_:_and long-term,1.865404,1.941157,2.191831,2.243416,2.511088
False,mean,False,mean,Lambeck_2017,3e+19,QM1,MSSA,0.2,0.26,short-term_:_and long-term,1.955641,2.031394,2.325679,2.43462,2.531455
True,mean,False,mean,Lambeck_2017,3e+19,QM1,GFZ,0.2,0.26,short-term_:_and long-term,1.873194,1.948633,2.184219,2.22292,2.486546
True,mean,False,mean,Lambeck_2017,3e+19,QM1,JPL,0.2,0.26,short-term_:_and long-term,1.941407,2.016846,2.261391,2.310674,2.579633
True,mean,False,mean,Lambeck_2017,3e+19,QM1,CSR,0.2,0.26,short-term_:_and long-term,1.873032,1.948471,2.18947,2.238766,2.509929
True,mean,False,mean,Lambeck_2017,3e+19,QM1,MSSA,0.2,0.26,short-term_:_and long-term,1.963629,2.039069,2.321566,2.42838,2.529237
False,mean,False,lower,Lambeck_2017,3e+19,QM1,GFZ,0.2,0.26,short-term_:_and long-term,1.848995,1.924747,2.188359,2.234338,2.495606
False,mean,False,lower,Lambeck_2017,3e+19,QM1,JPL,0.2,0.26,short-term_:_and long-term,1.916332,1.992085,2.265244,2.322681,2.589655
False,mean,False,lower,Lambeck_2017,3e+19,QM1,CSR,0.2,0.26,short-term_:_and long-term,1.848834,1.924587,2.194088,2.250756,2.519617
False,mean,False,lower,Lambeck_2017,3e+19,QM1,MSSA,0.2,0.26,short-term_:_and long-term,1.93827,2.014023,2.330527,2.443995,2.540417
True,mean,False,lower,Lambeck_2017,3e+19,QM1,GFZ,0.2,0.26,short-term_:_and long-term,1.85713,1.932569,2.185806,2.229277,2.492921
True,mean,False,lower,Lambeck_2017,3e+19,QM1,JPL,0.2,0.26,short-term_:_and long-term,1.924758,2.000197,2.262857,2.316878,2.586995
True,mean,False,lower,Lambeck_2017,3e+19,QM1,CSR,0.2,0.26,short-term_:_and long-term,1.856969,1.932408,2.191403,2.245641,2.516731
True,mean,False,lower,Lambeck_2017,3e+19,QM1,MSSA,0.2,0.26,short-term_:_and long-term,1.94679,2.022229,2.325808,2.437174,2.537552
False,mean,False,upper,Lambeck_2017,3e+19,QM1,GFZ,0.2,0.26,short-term_:_and long-term,1.879769,1.955522,2.183105,2.219345,2.479279
False,mean,False,upper,Lambeck_2017,3e+19,QM1,JPL,0.2,0.26,short-term_:_and long-term,1.948227,2.02398,2.260242,2.307558,2.57356
False,mean,False,upper,Lambeck_2017,3e+19,QM1,CSR,0.2,0.26,short-term_:_and long-term,1.879606,1.955359,2.188153,2.235451,2.50319
False,mean,False,upper,Lambeck_2017,3e+19,QM1,MSSA,0.2,0.26,short-term_:_and long-term,1.970531,2.046283,2.319494,2.424344,2.521854
True,mean,False,upper,Lambeck_2017,3e+19,QM1,GFZ,0.2,0.26,short-term_:_and long-term,1.886454,1.961894,2.180712,2.214242,2.47738
True,mean,False,upper,Lambeck_2017,3e+19,QM1,JPL,0.2,0.26,short-term_:_and long-term,1.95515,2.030589,2.25792,2.303319,2.571415
True,mean,False,upper,Lambeck_2017,3e+19,QM1,CSR,0.2,0.26,short-term_:_and long-term,1.886291,1.96173,2.185592,2.230282,2.500475
True,mean,False,upper,Lambeck_2017,3e+19,QM1,MSSA,0.2,0.26,short-term_:_and long-term,1.97753,2.052969,2.315359,2.418896,2.520122
False,mean,False,mean,Lambeck_2017,3e+19,Resovsky,GFZ,0.15,0.26,short-term_:_and long-term,1.865566,1.938434,2.192186,2.229371,2.482401
False,mean,False,mean,Lambeck_2017,3e+19,Resovsky,JPL,0.15,0.26,short-term_:_and long-term,1.933507,2.006375,2.268492,2.315743,2.572642
False,mean,False,mean,Lambeck_2017,3e+19,Resovsky,CSR,0.15,0.26,short-term_:_and long-term,1.865404,1.938272,2.197326,2.244531,2.505595
False,mean,False,mean,Lambeck_2017,3e+19,Resovsky,MSSA,0.15,0.26,short-term_:_and long-term,1.955641,2.02851,2.335929,2.441971,2.529977
True,mean,False,mean,Lambeck_2017,3e+19,Resovsky,GFZ,0.15,0.26,short-term_:_and long-term,1.873194,1.945764,2.188026,2.222704,2.47844
True,mean,False,mean,Lambeck_2017,3e+19,Resovsky,JPL,0.15,0.26,short-term_:_and long-term,1.941407,2.013977,2.264416,2.309084,2.569382
True,mean,False,mean,Lambeck_2017,3e+19,Resovsky,CSR,0.15,0.26,short-term_:_and long-term,1.873032,1.945602,2.193036,2.23666,2.49916
True,mean,False,mean,Lambeck_2017,3e+19,Resovsky,MSSA,0.15,0.26,short-term_:_and long-term,1.963629,2.036199,2.329566,2.432951,2.52388
False,mean,False,lower,Lambeck_2017,3e+19,Resovsky,GFZ,0.15,0.26,short-term_:_and long-term,1.848995,1.921863,2.1952,2.237833,2.491536
False,mean,False,lower,Lambeck_2017,3e+19,Resovsky,JPL,0.15,0.26,short-term_:_and long-term,1.916332,1.9892,2.271313,2.323498,2.580883
False,mean,False,lower,Lambeck_2017,3e+19,Resovsky,CSR,0.15,0.26,short-term_:_and long-term,1.848834,1.921703,2.20072,2.253539,2.515324
False,mean,False,lower,Lambeck_2017,3e+19,Resovsky,MSSA,0.15,0.26,short-term_:_and long-term,1.93827,2.011138,2.342341,2.454112,2.541598
True,mean,False,lower,Lambeck_2017,3e+19,Resovsky,GFZ,0.15,0.26,short-term_:_and long-term,1.85713,1.9297,2.190526,2.229763,2.486012
True,mean,False,lower,Lambeck_2017,3e+19,Resovsky,JPL,0.15,0.26,short-term_:_and long-term,1.924758,1.997328,2.266743,2.316591,2.576534
True,mean,False,lower,Lambeck_2017,3e+19,Resovsky,CSR,0.15,0.26,short-term_:_and long-term,1.856969,1.929539,2.195868,2.245415,2.508369
True,mean,False,lower,Lambeck_2017,3e+19,Resovsky,MSSA,0.15,0.26,short-term_:_and long-term,1.94679,2.01936,2.335075,2.443263,2.533579
False,mean,False,upper,Lambeck_2017,3e+19,Resovsky,GFZ,0.15,0.26,short-term_:_and long-term,1.879769,1.952637,2.187459,2.220509,2.473731
False,mean,False,upper,Lambeck_2017,3e+19,Resovsky,JPL,0.15,0.26,short-term_:_and long-term,1.948227,2.021096,2.263924,2.306577,2.563241
False,mean,False,upper,Lambeck_2017,3e+19,Resovsky,CSR,0.15,0.26,short-term_:_and long-term,1.879606,1.952474,2.192316,2.234449,2.495463
False,mean,False,upper,Lambeck_2017,3e+19,Resovsky,MSSA,0.15,0.26,short-term_:_and long-term,1.970531,2.043399,2.327949,2.428796,2.517148
True,mean,False,upper,Lambeck_2017,3e+19,Resovsky,GFZ,0.15,0.26,short-term_:_and long-term,1.886454,1.959024,2.183402,2.213408,2.468299
True,mean,False,upper,Lambeck_2017,3e+19,Resovsky,JPL,0.15,0.26,short-term_:_and long-term,1.95515,2.02772,2.259883,2.300342,2.559062
True,mean,False,upper,Lambeck_2017,3e+19,Resovsky,CSR,0.15,0.26,short-term_:_and long-term,1.886291,1.958861,2.188048,2.226953,2.488851
True,mean,False,upper,Lambeck_2017,3e+19,Resovsky,MSSA,0.15,0.26,short-term_:_and long-term,1.97753,2.0501,2.321828,2.420882,2.511893
False,mean,False,mean,Lambeck_2017,3e+19,Resovsky,GFZ,0.1,0.26,short-term_:_and long-term,1.865566,1.938284,2.220471,2.263281,2.509782
False,mean,False,mean,Lambeck_2017,3e+19,Resovsky,JPL,0.1,0.26,short-term_:_and long-term,1.933507,2.006225,2.297139,2.348568,2.59705
False,mean,False,mean,Lambeck_2017,3e+19,Resovsky,CSR,0.1,0.26,short-term_:_and long-term,1.865404,1.938122,2.225989,2.279101,2.533435
False,mean,False,mean,Lambeck_2017,3e+19,Resovsky,MSSA,0.1,0.26,short-term_:_and long-term,1.955641,2.02836,2.371476,2.483869,2.55394
True,mean,False,mean,Lambeck_2017,3e+19,Resovsky,GFZ,0.1,0.26,short-term_:_and long-term,1.873194,1.945613,2.214672,2.254754,2.501262
True,mean,False,mean,Lambeck_2017,3e+19,Resovsky,JPL,0.1,0.26,short-term_:_and long-term,1.941407,2.013826,2.291365,2.339886,2.590296
True,mean,False,mean,Lambeck_2017,3e+19,Resovsky,CSR,0.1,0.26,short-term_:_and long-term,1.873032,1.94545,2.220031,2.269841,2.524859
True,mean,False,mean,Lambeck_2017,3e+19,Resovsky,MSSA,0.1,0.26,short-term_:_and long-term,1.963629,2.036048,2.36317,2.472191,2.547396
False,mean,False,lower,Lambeck_2017,3e+19,Resovsky,GFZ,0.1,0.26,short-term_:_and long-term,1.848995,1.921713,2.225969,2.275041,2.522464
False,mean,False,lower,Lambeck_2017,3e+19,Resovsky,JPL,0.1,0.26,short-term_:_and long-term,1.916332,1.98905,2.302462,2.359241,2.607365
False,mean,False,lower,Lambeck_2017,3e+19,Resovsky,CSR,0.1,0.26,short-term_:_and long-term,1.848834,1.921552,2.231901,2.290836,2.546207
False,mean,False,lower,Lambeck_2017,3e+19,Resovsky,MSSA,0.1,0.26,short-term_:_and long-term,1.93827,2.010988,2.38098,2.498316,2.566643
True,mean,False,lower,Lambeck_2017,3e+19,Resovsky,GFZ,0.1,0.26,short-term_:_and long-term,1.85713,1.929548,2.219508,2.264513,2.5125
True,mean,False,lower,Lambeck_2017,3e+19,Resovsky,JPL,0.1,0.26,short-term_:_and long-term,1.924758,1.997177,2.296043,2.349463,2.599937
True,mean,False,lower,Lambeck_2017,3e+19,Resovsky,CSR,0.1,0.26,short-term_:_and long-term,1.856969,1.929388,2.225224,2.280436,2.536399
True,mean,False,lower,Lambeck_2017,3e+19,Resovsky,MSSA,0.1,0.26,short-term_:_and long-term,1.94679,2.019208,2.37157,2.485922,2.557863
False,mean,False,upper,Lambeck_2017,3e+19,Resovsky,GFZ,0.1,0.26,short-term_:_and long-term,1.879769,1.952487,2.213341,2.250582,2.495878
False,mean,False,upper,Lambeck_2017,3e+19,Resovsky,JPL,0.1,0.26,short-term_:_and long-term,1.948227,2.020945,2.290157,2.336385,2.584862
False,mean,False,upper,Lambeck_2017,3e+19,Resovsky,CSR,0.1,0.26,short-term_:_and long-term,1.879606,1.952324,2.218556,2.266136,2.519702
False,mean,False,upper,Lambeck_2017,3e+19,Resovsky,MSSA,0.1,0.26,short-term_:_and long-term,1.970531,2.043249,2.360523,2.467542,2.541965
True,mean,False,upper,Lambeck_2017,3e+19,Resovsky,GFZ,0.1,0.26,short-term_:_and long-term,1.886454,1.958873,2.207798,2.242241,2.489002
True,mean,False,upper,Lambeck_2017,3e+19,Resovsky,JPL,0.1,0.26,short-term_:_and long-term,1.95515,2.027569,2.28457,2.327318,2.576432
True,mean,False,upper,Lambeck_2017,3e+19,Resovsky,CSR,0.1,0.26,short-term_:_and long-term,1.886291,1.95871,2.212762,2.257183,2.511187
True,mean,False,upper,Lambeck_2017,3e+19,Resovsky,MSSA,0.1,0.26,short-term_:_and long-term,1.97753,2.049948,2.352633,2.457145,2.534398
False,mean,False,mean,Lambeck_2017,3e+19,Resovsky,GFZ,0.2,0.26,short-term_:_and long-term,1.865566,1.938613,2.171116,2.204349,2.46207
False,mean,False,mean,Lambeck_2017,3e+19,Resovsky,JPL,0.2,0.26,short-term_:_and long-term,1.933507,2.006554,2.247096,2.290023,2.552068
False,mean,False,mean,Lambeck_2017,3e+19,Resovsky,CSR,0.2,0.26,short-term_:_and long-term,1.865404,1.938451,2.175947,2.21836,2.483088
False,mean,False,mean,Lambeck_2017,3e+19,Resovsky,MSSA,0.2,0.26,short-term_:_and long-term,1.955641,2.028689,2.309542,2.41207,2.506194
True,mean,False,mean,Lambeck_2017,3e+19,Resovsky,GFZ,0.2,0.26,short-term_:_and long-term,1.873194,1.945944,2.168074,2.198306,2.457851
True,mean,False,mean,Lambeck_2017,3e+19,Resovsky,JPL,0.2,0.26,short-term_:_and long-term,1.941407,2.014157,2.244182,2.284689,2.54916
True,mean,False,mean,Lambeck_2017,3e+19,Resovsky,CSR,0.2,0.26,short-term_:_and long-term,1.873032,1.945782,2.172797,2.212244,2.480418
True,mean,False,mean,Lambeck_2017,3e+19,Resovsky,MSSA,0.2,0.26,short-term_:_and long-term,1.963629,2.03638,2.304488,2.404981,2.50333
False,mean,False,lower,Lambeck_2017,3e+19,Resovsky,GFZ,0.2,0.26,short-term_:_and long-term,1.848995,1.922042,2.172217,2.210426,2.468275
False,mean,False,lower,Lambeck_2017,3e+19,Resovsky,JPL,0.2,0.26,short-term_:_and long-term,1.916332,1.989379,2.247984,2.296183,2.558715
False,mean,False,lower,Lambeck_2017,3e+19,Resovsky,CSR,0.2,0.26,short-term_:_and long-term,1.848834,1.921882,2.177399,2.225083,2.489151
False,mean,False,lower,Lambeck_2017,3e+19,Resovsky,MSSA,0.2,0.26,short-term_:_and long-term,1.93827,2.011317,2.313586,2.420394,2.514415
True,mean,False,lower,Lambeck_2017,3e+19,Resovsky,GFZ,0.2,0.26,short-term_:_and long-term,1.85713,1.92988,2.168763,2.203516,2.463529
True,mean,False,lower,Lambeck_2017,3e+19,Resovsky,JPL,0.2,0.26,short-term_:_and long-term,1.924758,1.997508,2.244683,2.290468,2.555599
True,mean,False,lower,Lambeck_2017,3e+19,Resovsky,CSR,0.2,0.26,short-term_:_and long-term,1.856969,1.929719,2.173796,2.218255,2.486505
True,mean,False,lower,Lambeck_2017,3e+19,Resovsky,MSSA,0.2,0.26,short-term_:_and long-term,1.94679,2.01954,2.307769,2.41253,2.510518
False,mean,False,upper,Lambeck_2017,3e+19,Resovsky,GFZ,0.2,0.26,short-term_:_and long-term,1.879769,1.952817,2.168267,2.196879,2.453864
False,mean,False,upper,Lambeck_2017,3e+19,Resovsky,JPL,0.2,0.26,short-term_:_and long-term,1.948227,2.021275,2.24442,2.282959,2.544743
False,mean,False,upper,Lambeck_2017,3e+19,Resovsky,CSR,0.2,0.26,short-term_:_and long-term,1.879606,1.952653,2.172834,2.210439,2.474484
False,mean,False,upper,Lambeck_2017,3e+19,Resovsky,MSSA,0.2,0.26,short-term_:_and long-term,1.970531,2.043578,2.303872,2.40249,2.49698
True,mean,False,upper,Lambeck_2017,3e+19,Resovsky,GFZ,0.2,0.26,short-term_:_and long-term,1.886454,1.959205,2.16522,2.191516,2.451071
True,mean,False,upper,Lambeck_2017,3e+19,Resovsky,JPL,0.2,0.26,short-term_:_and long-term,1.95515,2.0279,2.241435,2.276701,2.540228
True,mean,False,upper,Lambeck_2017,3e+19,Resovsky,CSR,0.2,0.26,short-term_:_and long-term,1.886291,1.959041,2.169606,2.205026,2.471889
True,mean,False,upper,Lambeck_2017,3e+19,Resovsky,MSSA,0.2,0.26,short-term_:_and long-term,1.97753,2.05028,2.298941,2.395445,2.494594
False,mean,False,mean,Lambeck_2017,5e+20,,GFZ,,,long-term,1.865566,1.919134,1.934808,1.88457,2.110599
False,mean,False,mean,Lambeck_2017,5e+20,,JPL,,,long-term,1.933507,1.987075,2.002951,1.959062,2.189428
False,mean,False,mean,Lambeck_2017,5e+20,,CSR,,,long-term,1.865404,1.918972,1.934884,1.89412,2.12531
False,mean,False,mean,Lambeck_2017,5e+20,,MSSA,,,long-term,1.955641,2.00921,2.028573,2.049234,2.150941
True,mean,False,mean,Lambeck_2017,5e+20,,GFZ,,,long-term,1.873194,1.92658,1.938517,1.887074,2.113709
True,mean,False,mean,Lambeck_2017,5e+20,,JPL,,,long-term,1.941407,1.994792,2.006871,1.9618,2.193155
True,mean,False,mean,Lambeck_2017,5e+20,,CSR,,,long-term,1.873032,1.926417,1.938536,1.896534,2.128403
True,mean,False,mean,Lambeck_2017,5e+20,,MSSA,,,long-term,1.963629,2.017015,2.031793,2.051517,2.153392
False,mean,False,lower,Lambeck_2017,5e+20,,GFZ,,,long-term,1.848995,1.902563,1.920055,1.87061,2.095182
False,mean,False,lower,Lambeck_2017,5e+20,,JPL,,,long-term,1.916332,1.9699,1.987617,1.944877,2.174149
False,mean,False,lower,Lambeck_2017,5e+20,,CSR,,,long-term,1.848834,1.902402,1.920161,1.879928,2.108446
False,mean,False,lower,Lambeck_2017,5e+20,,MSSA,,,long-term,1.93827,1.991838,2.013452,2.034112,2.135669
True,mean,False,lower,Lambeck_2017,5e+20,,GFZ,,,long-term,1.85713,1.910515,1.923891,1.873062,2.097848
True,mean,False,lower,Lambeck_2017,5e+20,,JPL,,,long-term,1.924758,1.978143,1.991679,1.947919,2.177397
True,mean,False,lower,Lambeck_2017,5e+20,,CSR,,,long-term,1.856969,1.910355,1.923932,1.882478,2.111439
True,mean,False,lower,Lambeck_2017,5e+20,,MSSA,,,long-term,1.94679,2.000175,2.01672,2.0369,2.138722
False,mean,False,upper,Lambeck_2017,5e+20,,GFZ,,,long-term,1.879769,1.933337,1.947247,1.895937,2.123801
False,mean,False,upper,Lambeck_2017,5e+20,,JPL,,,long-term,1.948227,2.001795,2.015892,1.971259,2.203548
False,mean,False,upper,Lambeck_2017,5e+20,,CSR,,,long-term,1.879606,1.933174,1.947302,1.906145,2.139809
False,mean,False,upper,Lambeck_2017,5e+20,,MSSA,,,long-term,1.970531,2.024099,2.041292,2.060986,2.163163
True,mean,False,upper,Lambeck_2017,5e+20,,GFZ,,,long-term,1.886454,1.93984,1.950388,1.898323,2.126691
True,mean,False,upper,Lambeck_2017,5e+20,,JPL,,,long-term,1.95515,2.008536,2.019209,1.973479,2.206105
True,mean,False,upper,Lambeck_2017,5e+20,,CSR,,,long-term,1.886291,1.939677,1.950383,1.908363,2.143201
True,mean,False,upper,Lambeck_2017,5e+20,,MSSA,,,long-term,1.97753,2.030915,2.043978,2.063362,2.164748
False,mean,False,mean,Lambeck_2017,5e+20,PAR3P,GFZ,0.15,0.26,short-term_:_and long-term,1.865566,1.938198,2.164351,2.195761,2.466059
False,mean,False,mean,Lambeck_2017,5e+20,PAR3P,JPL,0.15,0.26,short-term_:_and long-term,1.933507,2.006139,2.241122,2.282648,2.555639
False,mean,False,mean,Lambeck_2017,5e+20,PAR3P,CSR,0.15,0.26,short-term_:_and long-term,1.865404,1.938036,2.169218,2.210769,2.485763
False,mean,False,mean,Lambeck_2017,5e+20,PAR3P,MSSA,0.15,0.26,short-term_:_and long-term,1.955641,2.028274,2.301742,2.403797,2.513922
True,mean,False,mean,Lambeck_2017,5e+20,PAR3P,GFZ,0.15,0.26,short-term_:_and long-term,1.873194,1.945532,2.165277,2.194481,2.463589
True,mean,False,mean,Lambeck_2017,5e+20,PAR3P,JPL,0.15,0.26,short-term_:_and long-term,1.941407,2.013745,2.242127,2.281533,2.553357
True,mean,False,mean,Lambeck_2017,5e+20,PAR3P,CSR,0.15,0.26,short-term_:_and long-term,1.873032,1.94537,2.170059,2.209741,2.483171
True,mean,False,mean,Lambeck_2017,5e+20,PAR3P,MSSA,0.15,0.26,short-term_:_and long-term,1.963629,2.035967,2.301667,2.401766,2.510164
False,mean,False,lower,Lambeck_2017,5e+20,PAR3P,GFZ,0.15,0.26,short-term_:_and long-term,1.848995,1.921627,2.163762,2.199659,2.471462
False,mean,False,lower,Lambeck_2017,5e+20,PAR3P,JPL,0.15,0.26,short-term_:_and long-term,1.916332,1.988964,2.240358,2.286393,2.56068
False,mean,False,lower,Lambeck_2017,5e+20,PAR3P,CSR,0.15,0.26,short-term_:_and long-term,1.848834,1.921466,2.168963,2.215216,2.491514
False,mean,False,lower,Lambeck_2017,5e+20,PAR3P,MSSA,0.15,0.26,short-term_:_and long-term,1.93827,2.010902,2.303661,2.409994,2.521057
True,mean,False,lower,Lambeck_2017,5e+20,PAR3P,GFZ,0.15,0.26,short-term_:_and long-term,1.85713,1.929468,2.164738,2.198265,2.468974
True,mean,False,lower,Lambeck_2017,5e+20,PAR3P,JPL,0.15,0.26,short-term_:_and long-term,1.924758,1.997096,2.24143,2.285412,2.558732
True,mean,False,lower,Lambeck_2017,5e+20,PAR3P,CSR,0.15,0.26,short-term_:_and long-term,1.856969,1.929307,2.169823,2.213856,2.488819
True,mean,False,lower,Lambeck_2017,5e+20,PAR3P,MSSA,0.15,0.26,short-term_:_and long-term,1.94679,2.019128,2.303441,2.407708,2.517028
False,mean,False,upper,Lambeck_2017,5e+20,PAR3P,GFZ,0.15,0.26,short-term_:_and long-term,1.879769,1.952401,2.163374,2.19041,2.458713
False,mean,False,upper,Lambeck_2017,5e+20,PAR3P,JPL,0.15,0.26,short-term_:_and long-term,1.948227,2.020859,2.240261,2.277125,2.547867
False,mean,False,upper,Lambeck_2017,5e+20,PAR3P,CSR,0.15,0.26,short-term_:_and long-term,1.879606,1.952238,2.167976,2.205326,2.478352
False,mean,False,upper,Lambeck_2017,5e+20,PAR3P,MSSA,0.15,0.26,short-term_:_and long-term,1.970531,2.043163,2.298397,2.396719,2.505376
True,mean,False,upper,Lambeck_2017,5e+20,PAR3P,GFZ,0.15,0.26,short-term_:_and long-term,1.886454,1.958792,2.16384,2.189154,2.456552
True,mean,False,upper,Lambeck_2017,5e+20,PAR3P,JPL,0.15,0.26,short-term_:_and long-term,1.95515,2.027488,2.240754,2.275342,2.545072
True,mean,False,upper,Lambeck_2017,5e+20,PAR3P,CSR,0.15,0.26,short-term_:_and long-term,1.886291,1.958629,2.168301,2.203849,2.475504
True,mean,False,upper,Lambeck_2017,5e+20,PAR3P,MSSA,0.15,0.26,short-term_:_and long-term,1.97753,2.049868,2.297883,2.394129,2.501423
False,mean,False,mean,Lambeck_2017,5e+20,PAR3P,GFZ,0.1,0.26,short-term_:_and long-term,1.865566,1.9381,2.207934,2.247932,2.508758
False,mean,False,mean,Lambeck_2017,5e+20,PAR3P,JPL,0.1,0.26,short-term_:_and long-term,1.933507,2.00604,2.28502,2.33301,2.595813
False,mean,False,mean,Lambeck_2017,5e+20,PAR3P,CSR,0.1,0.26,short-term_:_and long-term,1.865404,1.937938,2.213263,2.263657,2.530753
False,mean,False,mean,Lambeck_2017,5e+20,PAR3P,MSSA,0.1,0.26,short-term_:_and long-term,1.955641,2.028175,2.356641,2.466802,2.562439
True,mean,False,mean,Lambeck_2017,5e+20,PAR3P,GFZ,0.1,0.26,short-term_:_and long-term,1.873194,1.945432,2.207944,2.245991,2.504456
True,mean,False,mean,Lambeck_2017,5e+20,PAR3P,JPL,0.1,0.26,short-term_:_and long-term,1.941407,2.013645,2.285062,2.330603,2.590747
True,mean,False,mean,Lambeck_2017,5e+20,PAR3P,CSR,0.1,0.26,short-term_:_and long-term,1.873032,1.94527,2.213177,2.260901,2.526047
True,mean,False,mean,Lambeck_2017,5e+20,PAR3P,MSSA,0.1,0.26,short-term_:_and long-term,1.963629,2.035867,2.355537,2.463372,2.557295
False,mean,False,lower,Lambeck_2017,5e+20,PAR3P,GFZ,0.1,0.26,short-term_:_and long-term,1.848995,1.921528,2.212878,2.258164,2.520039
False,mean,False,lower,Lambeck_2017,5e+20,PAR3P,JPL,0.1,0.26,short-term_:_and long-term,1.916332,1.988866,2.289813,2.343852,2.605816
False,mean,False,lower,Lambeck_2017,5e+20,PAR3P,CSR,0.1,0.26,short-term_:_and long-term,1.848834,1.921368,2.218602,2.275017,2.543744
False,mean,False,lower,Lambeck_2017,5e+20,PAR3P,MSSA,0.1,0.26,short-term_:_and long-term,1.93827,2.010804,2.365527,2.480174,2.576519
True,mean,False,lower,Lambeck_2017,5e+20,PAR3P,GFZ,0.1,0.26,short-term_:_and long-term,1.85713,1.929368,2.212871,2.255905,2.515501
True,mean,False,lower,Lambeck_2017,5e+20,PAR3P,JPL,0.1,0.26,short-term_:_and long-term,1.924758,1.996996,2.289854,2.341537,2.601615
True,mean,False,lower,Lambeck_2017,5e+20,PAR3P,CSR,0.1,0.26,short-term_:_and long-term,1.856969,1.929207,2.218456,2.272252,2.538355
True,mean,False,lower,Lambeck_2017,5e+20,PAR3P,MSSA,0.1,0.26,short-term_:_and long-term,1.94679,2.019027,2.364152,2.476497,2.570067
False,mean,False,upper,Lambeck_2017,5e+20,PAR3P,GFZ,0.1,0.26,short-term_:_and long-term,1.879769,1.952303,2.201542,2.236214,2.495587
False,mean,False,upper,Lambeck_2017,5e+20,PAR3P,JPL,0.1,0.26,short-term_:_and long-term,1.948227,2.020761,2.278733,2.32216,2.584385
False,mean,False,upper,Lambeck_2017,5e+20,PAR3P,CSR,0.1,0.26,short-term_:_and long-term,1.879606,1.95214,2.20657,2.251525,2.51762
False,mean,False,upper,Lambeck_2017,5e+20,PAR3P,MSSA,0.1,0.26,short-term_:_and long-term,1.970531,2.043064,2.346515,2.451256,2.546849
True,mean,False,upper,Lambeck_2017,5e+20,PAR3P,GFZ,0.1,0.26,short-term_:_and long-term,1.886454,1.958692,2.201172,2.234026,2.491597
True,mean,False,upper,Lambeck_2017,5e+20,PAR3P,JPL,0.1,0.26,short-term_:_and long-term,1.95515,2.027388,2.278335,2.319589,2.580492
True,mean,False,upper,Lambeck_2017,5e+20,PAR3P,CSR,0.1,0.26,short-term_:_and long-term,1.886291,1.958529,2.206023,2.249432,2.513775
True,mean,False,upper,Lambeck_2017,5e+20,PAR3P,MSSA,0.1,0.26,short-term_:_and long-term,1.97753,2.049768,2.345047,2.447935,2.542031
False,mean,False,mean,Lambeck_2017,5e+20,PAR3P,GFZ,0.2,0.26,short-term_:_and long-term,1.865566,1.938263,2.136842,2.162645,2.436038
False,mean,False,mean,Lambeck_2017,5e+20,PAR3P,JPL,0.2,0.26,short-term_:_and long-term,1.933507,2.006204,2.213216,2.248122,2.523193
False,mean,False,mean,Lambeck_2017,5e+20,PAR3P,CSR,0.2,0.26,short-term_:_and long-term,1.865404,1.938101,2.141352,2.177382,2.456516
False,mean,False,mean,Lambeck_2017,5e+20,PAR3P,MSSA,0.2,0.26,short-term_:_and long-term,1.955641,2.028339,2.267137,2.362289,2.482899
True,mean,False,mean,Lambeck_2017,5e+20,PAR3P,GFZ,0.2,0.26,short-term_:_and long-term,1.873194,1.9456,2.138526,2.162775,2.435339
True,mean,False,mean,Lambeck_2017,5e+20,PAR3P,JPL,0.2,0.26,short-term_:_and long-term,1.941407,2.013812,2.215021,2.248171,2.522694
True,mean,False,mean,Lambeck_2017,5e+20,PAR3P,CSR,0.2,0.26,short-term_:_and long-term,1.873032,1.945437,2.142964,2.177291,2.455547
True,mean,False,mean,Lambeck_2017,5e+20,PAR3P,MSSA,0.2,0.26,short-term_:_and long-term,1.963629,2.036035,2.267929,2.361455,2.481678
False,mean,False,lower,Lambeck_2017,5e+20,PAR3P,GFZ,0.2,0.26,short-term_:_and long-term,1.848995,1.921692,2.132786,2.162546,2.437863
False,mean,False,lower,Lambeck_2017,5e+20,PAR3P,JPL,0.2,0.26,short-term_:_and long-term,1.916332,1.989029,2.208956,2.247524,2.523812
False,mean,False,lower,Lambeck_2017,5e+20,PAR3P,CSR,0.2,0.26,short-term_:_and long-term,1.848834,1.921532,2.137587,2.177918,2.458898
False,mean,False,lower,Lambeck_2017,5e+20,PAR3P,MSSA,0.2,0.26,short-term_:_and long-term,1.93827,2.010967,2.264704,2.363767,2.48701
True,mean,False,lower,Lambeck_2017,5e+20,PAR3P,GFZ,0.2,0.26,short-term_:_and long-term,1.85713,1.929535,2.134571,2.162454,2.436853
True,mean,False,lower,Lambeck_2017,5e+20,PAR3P,JPL,0.2,0.26,short-term_:_and long-term,1.924758,1.997163,2.210881,2.247689,2.523695
True,mean,False,lower,Lambeck_2017,5e+20,PAR3P,CSR,0.2,0.26,short-term_:_and long-term,1.856969,1.929375,2.139276,2.177349,2.457435
True,mean,False,lower,Lambeck_2017,5e+20,PAR3P,MSSA,0.2,0.26,short-term_:_and long-term,1.94679,2.019195,2.265434,2.362507,2.484361
False,mean,False,upper,Lambeck_2017,5e+20,PAR3P,GFZ,0.2,0.26,short-term_:_and long-term,1.879769,1.952467,2.139219,2.16129,2.432283
False,mean,False,upper,Lambeck_2017,5e+20,PAR3P,JPL,0.2,0.26,short-term_:_and long-term,1.948227,2.020925,2.215733,2.247061,2.520362
False,mean,False,upper,Lambeck_2017,5e+20,PAR3P,CSR,0.2,0.26,short-term_:_and long-term,1.879606,1.952304,2.143493,2.175509,2.452928
False,mean,False,upper,Lambeck_2017,5e+20,PAR3P,MSSA,0.2,0.26,short-term_:_and long-term,1.970531,2.043228,2.267984,2.360471,2.478858
True,mean,False,upper,Lambeck_2017,5e+20,PAR3P,GFZ,0.2,0.26,short-term_:_and long-term,1.886454,1.95886,2.140385,2.161051,2.431549
True,mean,False,upper,Lambeck_2017,5e+20,PAR3P,JPL,0.2,0.26,short-term_:_and long-term,1.95515,2.027556,2.21697,2.24669,2.519377
True,mean,False,upper,Lambeck_2017,5e+20,PAR3P,CSR,0.2,0.26,short-term_:_and long-term,1.886291,1.958697,2.144542,2.174992,2.451897
True,mean,False,upper,Lambeck_2017,5e+20,PAR3P,MSSA,0.2,0.26,short-term_:_and long-term,1.97753,2.049935,2.26828,2.358736,2.476249
False,mean,False,mean,Lambeck_2017,5e+20,PREM,GFZ,0.15,0.26,short-term_:_and long-term,1.865566,1.939612,2.178573,2.21695,2.49806
False,mean,False,mean,Lambeck_2017,5e+20,PREM,JPL,0.15,0.26,short-term_:_and long-term,1.933507,2.007553,2.25587,2.303955,2.586956
False,mean,False,mean,Lambeck_2017,5e+20,PREM,CSR,0.15,0.26,short-term_:_and long-term,1.865404,1.939451,2.18363,2.230882,2.517255
False,mean,False,mean,Lambeck_2017,5e+20,PREM,MSSA,0.15,0.26,short-term_:_and long-term,1.955641,2.029688,2.319174,2.428572,2.549383
True,mean,False,mean,Lambeck_2017,5e+20,PREM,GFZ,0.15,0.26,short-term_:_and long-term,1.873194,1.946935,2.179217,2.21553,2.494654
True,mean,False,mean,Lambeck_2017,5e+20,PREM,JPL,0.15,0.26,short-term_:_and long-term,1.941407,2.015148,2.25659,2.302586,2.584741
True,mean,False,mean,Lambeck_2017,5e+20,PREM,CSR,0.15,0.26,short-term_:_and long-term,1.873032,1.946773,2.184192,2.229563,2.51484
True,mean,False,mean,Lambeck_2017,5e+20,PREM,MSSA,0.15,0.26,short-term_:_and long-term,1.963629,2.03737,2.318726,2.426222,2.545282
False,mean,False,lower,Lambeck_2017,5e+20,PREM,GFZ,0.15,0.26,short-term_:_and long-term,1.848995,1.923041,2.179296,2.222291,2.506595
False,mean,False,lower,Lambeck_2017,5e+20,PREM,JPL,0.15,0.26,short-term_:_and long-term,1.916332,1.990379,2.256462,2.308498,2.593855
False,mean,False,lower,Lambeck_2017,5e+20,PREM,CSR,0.15,0.26,short-term_:_and long-term,1.848834,1.922881,2.184705,2.236836,2.526005
False,mean,False,lower,Lambeck_2017,5e+20,PREM,MSSA,0.15,0.26,short-term_:_and long-term,1.93827,2.012316,2.322753,2.436804,2.560611
True,mean,False,lower,Lambeck_2017,5e+20,PREM,GFZ,0.15,0.26,short-term_:_and long-term,1.85713,1.930871,2.179955,2.220947,2.503477
True,mean,False,lower,Lambeck_2017,5e+20,PREM,JPL,0.15,0.26,short-term_:_and long-term,1.924758,1.998499,2.257214,2.307172,2.591337
True,mean,False,lower,Lambeck_2017,5e+20,PREM,CSR,0.15,0.26,short-term_:_and long-term,1.856969,1.93071,2.185248,2.23531,2.52252
True,mean,False,lower,Lambeck_2017,5e+20,PREM,MSSA,0.15,0.26,short-term_:_and long-term,1.94679,2.020531,2.322093,2.433801,2.555349
False,mean,False,upper,Lambeck_2017,5e+20,PREM,GFZ,0.15,0.26,short-term_:_and long-term,1.879769,1.953816,2.176222,2.209993,2.488104
False,mean,False,upper,Lambeck_2017,5e+20,PREM,JPL,0.15,0.26,short-term_:_and long-term,1.948227,2.022274,2.2536,2.296562,2.577291
False,mean,False,upper,Lambeck_2017,5e+20,PREM,CSR,0.15,0.26,short-term_:_and long-term,1.879606,1.953653,2.181003,2.223865,2.507813
False,mean,False,upper,Lambeck_2017,5e+20,PREM,MSSA,0.15,0.26,short-term_:_and long-term,1.970531,2.044577,2.314105,2.419079,2.537317
True,mean,False,upper,Lambeck_2017,5e+20,PREM,GFZ,0.15,0.26,short-term_:_and long-term,1.886454,1.960195,2.176444,2.208072,2.484851
True,mean,False,upper,Lambeck_2017,5e+20,PREM,JPL,0.15,0.26,short-term_:_and long-term,1.95515,2.028891,2.253841,2.294981,2.574436
True,mean,False,upper,Lambeck_2017,5e+20,PREM,CSR,0.15,0.26,short-term_:_and long-term,1.886291,1.960032,2.181077,2.221863,2.504174
True,mean,False,upper,Lambeck_2017,5e+20,PREM,MSSA,0.15,0.26,short-term_:_and long-term,1.97753,2.051271,2.313263,2.416764,2.53375
False,mean,False,mean,Lambeck_2017,5e+20,PREM,GFZ,0.1,0.26,short-term_:_and long-term,1.865566,1.939424,2.221438,2.268739,2.541585
False,mean,False,mean,Lambeck_2017,5e+20,PREM,JPL,0.1,0.26,short-term_:_and long-term,1.933507,2.007365,2.29907,2.354894,2.629904
False,mean,False,mean,Lambeck_2017,5e+20,PREM,CSR,0.1,0.26,short-term_:_and long-term,1.865404,1.939262,2.22697,2.284122,2.562826
False,mean,False,mean,Lambeck_2017,5e+20,PREM,MSSA,0.1,0.26,short-term_:_and long-term,1.955641,2.0295,2.373214,2.49028,2.597682
True,mean,False,mean,Lambeck_2017,5e+20,PREM,GFZ,0.1,0.26,short-term_:_and long-term,1.873194,1.946745,2.22051,2.264849,2.535567
True,mean,False,mean,Lambeck_2017,5e+20,PREM,JPL,0.1,0.26,short-term_:_and long-term,1.941407,2.014958,2.298151,2.350747,2.623508
True,mean,False,mean,Lambeck_2017,5e+20,PREM,CSR,0.1,0.26,short-term_:_and long-term,1.873032,1.946583,2.225942,2.280453,2.5569
True,mean,False,mean,Lambeck_2017,5e+20,PREM,MSSA,0.1,0.26,short-term_:_and long-term,1.963629,2.03718,2.370889,2.48568,2.590653
False,mean,False,lower,Lambeck_2017,5e+20,PREM,GFZ,0.1,0.26,short-term_:_and long-term,1.848995,1.922853,2.227173,2.280083,2.556621
False,mean,False,lower,Lambeck_2017,5e+20,PREM,JPL,0.1,0.26,short-term_:_and long-term,1.916332,1.99019,2.304701,2.366516,2.642748
False,mean,False,lower,Lambeck_2017,5e+20,PREM,CSR,0.1,0.26,short-term_:_and long-term,1.848834,1.922692,2.233117,2.295628,2.57678
False,mean,False,lower,Lambeck_2017,5e+20,PREM,MSSA,0.1,0.26,short-term_:_and long-term,1.93827,2.012128,2.383101,2.506158,2.6146
True,mean,False,lower,Lambeck_2017,5e+20,PREM,GFZ,0.1,0.26,short-term_:_and long-term,1.85713,1.930681,2.226126,2.275684,2.548523
True,mean,False,lower,Lambeck_2017,5e+20,PREM,JPL,0.1,0.26,short-term_:_and long-term,1.924758,1.998309,2.303676,2.362458,2.636859
True,mean,False,lower,Lambeck_2017,5e+20,PREM,CSR,0.1,0.26,short-term_:_and long-term,1.856969,1.93052,2.231922,2.291899,2.570217
True,mean,False,lower,Lambeck_2017,5e+20,PREM,MSSA,0.1,0.26,short-term_:_and long-term,1.94679,2.020341,2.380354,2.500466,2.605386
False,mean,False,upper,Lambeck_2017,5e+20,PREM,GFZ,0.1,0.26,short-term_:_and long-term,1.879769,1.953627,2.214206,2.254547,2.526008
False,mean,False,upper,Lambeck_2017,5e+20,PREM,JPL,0.1,0.26,short-term_:_and long-term,1.948227,2.022085,2.291905,2.342187,2.615266
False,mean,False,upper,Lambeck_2017,5e+20,PREM,CSR,0.1,0.26,short-term_:_and long-term,1.879606,1.953464,2.219429,2.270452,2.546142
False,mean,False,upper,Lambeck_2017,5e+20,PREM,MSSA,0.1,0.26,short-term_:_and long-term,1.970531,2.044389,2.362038,2.472865,2.57927
True,mean,False,upper,Lambeck_2017,5e+20,PREM,GFZ,0.1,0.26,short-term_:_and long-term,1.886454,1.960005,2.213003,2.251441,2.52124
True,mean,False,upper,Lambeck_2017,5e+20,PREM,JPL,0.1,0.26,short-term_:_and long-term,1.95515,2.028701,2.290649,2.338685,2.610073
True,mean,False,upper,Lambeck_2017,5e+20,PREM,CSR,0.1,0.26,short-term_:_and long-term,1.886291,1.959842,2.218036,2.266485,2.540194
True,mean,False,upper,Lambeck_2017,5e+20,PREM,MSSA,0.1,0.26,short-term_:_and long-term,1.97753,2.051081,2.359481,2.468209,2.571999
False,mean,False,mean,Lambeck_2017,5e+20,PREM,GFZ,0.2,0.26,short-term_:_and long-term,1.865566,1.939768,2.150279,2.182141,2.46577
False,mean,False,mean,Lambeck_2017,5e+20,PREM,JPL,0.2,0.26,short-term_:_and long-term,1.933507,2.007709,2.227176,2.26656,2.551855
False,mean,False,mean,Lambeck_2017,5e+20,PREM,CSR,0.2,0.26,short-term_:_and long-term,1.865404,1.939606,2.154963,2.197495,2.487693
False,mean,False,mean,Lambeck_2017,5e+20,PREM,MSSA,0.2,0.26,short-term_:_and long-term,1.955641,2.029843,2.283576,2.386056,2.517326
True,mean,False,mean,Lambeck_2017,5e+20,PREM,GFZ,0.2,0.26,short-term_:_and long-term,1.873194,1.947092,2.152066,2.182308,2.4653
True,mean,False,mean,Lambeck_2017,5e+20,PREM,JPL,0.2,0.26,short-term_:_and long-term,1.941407,2.015305,2.229093,2.26698,2.551913
True,mean,False,mean,Lambeck_2017,5e+20,PREM,CSR,0.2,0.26,short-term_:_and long-term,1.873032,1.94693,2.156686,2.197487,2.487197
True,mean,False,mean,Lambeck_2017,5e+20,PREM,MSSA,0.2,0.26,short-term_:_and long-term,1.963629,2.037527,2.284486,2.385142,2.515683
False,mean,False,lower,Lambeck_2017,5e+20,PREM,GFZ,0.2,0.26,short-term_:_and long-term,1.848995,1.923196,2.147693,2.184316,2.470771
False,mean,False,lower,Lambeck_2017,5e+20,PREM,JPL,0.2,0.26,short-term_:_and long-term,1.916332,1.990534,2.224429,2.26834,2.556384
False,mean,False,lower,Lambeck_2017,5e+20,PREM,CSR,0.2,0.26,short-term_:_and long-term,1.848834,1.923036,2.152688,2.19964,2.491654
False,mean,False,lower,Lambeck_2017,5e+20,PREM,MSSA,0.2,0.26,short-term_:_and long-term,1.93827,2.012472,2.283008,2.389122,2.523594
True,mean,False,lower,Lambeck_2017,5e+20,PREM,GFZ,0.2,0.26,short-term_:_and long-term,1.85713,1.931028,2.149591,2.184073,2.469995
True,mean,False,lower,Lambeck_2017,5e+20,PREM,JPL,0.2,0.26,short-term_:_and long-term,1.924758,1.998656,2.226477,2.268513,2.555905
True,mean,False,lower,Lambeck_2017,5e+20,PREM,CSR,0.2,0.26,short-term_:_and long-term,1.856969,1.930867,2.154494,2.199372,2.490926
True,mean,False,lower,Lambeck_2017,5e+20,PREM,MSSA,0.2,0.26,short-term_:_and long-term,1.94679,2.020688,2.283849,2.388183,2.5215
False,mean,False,upper,Lambeck_2017,5e+20,PREM,GFZ,0.2,0.26,short-term_:_and long-term,1.879769,1.953971,2.151157,2.178787,2.459491
False,mean,False,upper,Lambeck_2017,5e+20,PREM,JPL,0.2,0.26,short-term_:_and long-term,1.948227,2.022429,2.228158,2.263911,2.546581
False,mean,False,upper,Lambeck_2017,5e+20,PREM,CSR,0.2,0.26,short-term_:_and long-term,1.879606,1.953808,2.155594,2.193761,2.481047
False,mean,False,upper,Lambeck_2017,5e+20,PREM,MSSA,0.2,0.26,short-term_:_and long-term,1.970531,2.044732,2.282533,2.380782,2.509393
True,mean,False,upper,Lambeck_2017,5e+20,PREM,GFZ,0.2,0.26,short-term_:_and long-term,1.886454,1.960352,2.15242,2.178722,2.458673
True,mean,False,upper,Lambeck_2017,5e+20,PREM,JPL,0.2,0.26,short-term_:_and long-term,1.95515,2.029048,2.229496,2.263699,2.545971
True,mean,False,upper,Lambeck_2017,5e+20,PREM,CSR,0.2,0.26,short-term_:_and long-term,1.886291,1.960189,2.156739,2.192654,2.47954
True,mean,False,upper,Lambeck_2017,5e+20,PREM,MSSA,0.2,0.26,short-term_:_and long-term,1.97753,2.051428,2.282938,2.379288,2.506873
False,mean,False,mean,Lambeck_2017,5e+20,QL6,GFZ,0.15,0.26,short-term_:_and long-term,1.865566,1.936707,2.157898,2.18458,2.452661
False,mean,False,mean,Lambeck_2017,5e+20,QL6,JPL,0.15,0.26,short-term_:_and long-term,1.933507,2.004648,2.23381,2.270517,2.541298
False,mean,False,mean,Lambeck_2017,5e+20,QL6,CSR,0.15,0.26,short-term_:_and long-term,1.865404,1.936545,2.16238,2.199241,2.472183
False,mean,False,mean,Lambeck_2017,5e+20,QL6,MSSA,0.15,0.26,short-term_:_and long-term,1.955641,2.026782,2.29605,2.395554,2.502619
True,mean,False,mean,Lambeck_2017,5e+20,QL6,GFZ,0.15,0.26,short-term_:_and long-term,1.873194,1.94405,2.15856,2.183028,2.448923
True,mean,False,mean,Lambeck_2017,5e+20,QL6,JPL,0.15,0.26,short-term_:_and long-term,1.941407,2.012263,2.23455,2.268832,2.538064
True,mean,False,mean,Lambeck_2017,5e+20,QL6,CSR,0.15,0.26,short-term_:_and long-term,1.873032,1.943888,2.162955,2.198001,2.469231
True,mean,False,mean,Lambeck_2017,5e+20,QL6,MSSA,0.15,0.26,short-term_:_and long-term,1.963629,2.034485,2.295643,2.393139,2.498189
False,mean,False,lower,Lambeck_2017,5e+20,QL6,GFZ,0.15,0.26,short-term_:_and long-term,1.848995,1.920135,2.157288,2.188383,2.458064
False,mean,False,lower,Lambeck_2017,5e+20,QL6,JPL,0.15,0.26,short-term_:_and long-term,1.916332,1.987473,2.23298,2.274271,2.546912
False,mean,False,lower,Lambeck_2017,5e+20,QL6,CSR,0.15,0.26,short-term_:_and long-term,1.848834,1.919975,2.162083,2.202793,2.477566
False,mean,False,lower,Lambeck_2017,5e+20,QL6,MSSA,0.15,0.26,short-term_:_and long-term,1.93827,2.009411,2.298118,2.401647,2.51086
True,mean,False,lower,Lambeck_2017,5e+20,QL6,GFZ,0.15,0.26,short-term_:_and long-term,1.85713,1.927986,2.157933,2.187027,2.454988
True,mean,False,lower,Lambeck_2017,5e+20,QL6,JPL,0.15,0.26,short-term_:_and long-term,1.924758,1.995614,2.233719,2.272762,2.543994
True,mean,False,lower,Lambeck_2017,5e+20,QL6,CSR,0.15,0.26,short-term_:_and long-term,1.856969,1.927825,2.162606,2.201398,2.474386
True,mean,False,lower,Lambeck_2017,5e+20,QL6,MSSA,0.15,0.26,short-term_:_and long-term,1.94679,2.017645,2.297466,2.39896,2.50613
False,mean,False,upper,Lambeck_2017,5e+20,QL6,GFZ,0.15,0.26,short-term_:_and long-term,1.879769,1.95091,2.156726,2.179428,2.445607
False,mean,False,upper,Lambeck_2017,5e+20,QL6,JPL,0.15,0.26,short-term_:_and long-term,1.948227,2.019368,2.232808,2.264782,2.53375
False,mean,False,upper,Lambeck_2017,5e+20,QL6,CSR,0.15,0.26,short-term_:_and long-term,1.879606,1.950747,2.160969,2.1939,2.465448
False,mean,False,upper,Lambeck_2017,5e+20,QL6,MSSA,0.15,0.26,short-term_:_and long-term,1.970531,2.041671,2.292302,2.387752,2.493707
True,mean,False,upper,Lambeck_2017,5e+20,QL6,GFZ,0.15,0.26,short-term_:_and long-term,1.886454,1.95731,2.156996,2.177974,2.442171
True,mean,False,upper,Lambeck_2017,5e+20,QL6,JPL,0.15,0.26,short-term_:_and long-term,1.95515,2.026006,2.233102,2.263139,2.530405
True,mean,False,upper,Lambeck_2017,5e+20,QL6,CSR,0.15,0.26,short-term_:_and long-term,1.886291,1.957147,2.161088,2.192217,2.461879
True,mean,False,upper,Lambeck_2017,5e+20,QL6,MSSA,0.15,0.26,short-term_:_and long-term,1.97753,2.048386,2.291537,2.384552,2.488792
False,mean,False,mean,Lambeck_2017,5e+20,QL6,GFZ,0.1,0.26,short-term_:_and long-term,1.865566,1.936606,2.197223,2.230741,2.48671
False,mean,False,mean,Lambeck_2017,5e+20,QL6,JPL,0.1,0.26,short-term_:_and long-term,1.933507,2.004547,2.273431,2.316369,2.576375
False,mean,False,mean,Lambeck_2017,5e+20,QL6,CSR,0.1,0.26,short-term_:_and long-term,1.865404,1.936444,2.202148,2.246436,2.509619
False,mean,False,mean,Lambeck_2017,5e+20,QL6,MSSA,0.1,0.26,short-term_:_and long-term,1.955641,2.026682,2.345827,2.451752,2.542708
True,mean,False,mean,Lambeck_2017,5e+20,QL6,GFZ,0.1,0.26,short-term_:_and long-term,1.873194,1.943948,2.196817,2.227751,2.481299
True,mean,False,mean,Lambeck_2017,5e+20,QL6,JPL,0.1,0.26,short-term_:_and long-term,1.941407,2.012161,2.273061,2.314006,2.571826
True,mean,False,mean,Lambeck_2017,5e+20,QL6,CSR,0.1,0.26,short-term_:_and long-term,1.873032,1.943786,2.201643,2.243393,2.50527
True,mean,False,mean,Lambeck_2017,5e+20,QL6,MSSA,0.1,0.26,short-term_:_and long-term,1.963629,2.034383,2.344154,2.447986,2.536417
False,mean,False,lower,Lambeck_2017,5e+20,QL6,GFZ,0.1,0.26,short-term_:_and long-term,1.848995,1.920035,2.200659,2.240162,2.497314
False,mean,False,lower,Lambeck_2017,5e+20,QL6,JPL,0.1,0.26,short-term_:_and long-term,1.916332,1.987372,2.276662,2.324875,2.584918
False,mean,False,lower,Lambeck_2017,5e+20,QL6,CSR,0.1,0.26,short-term_:_and long-term,1.848834,1.919874,2.205944,2.255968,2.522041
False,mean,False,lower,Lambeck_2017,5e+20,QL6,MSSA,0.1,0.26,short-term_:_and long-term,1.93827,2.00931,2.353007,2.463714,2.554498
True,mean,False,lower,Lambeck_2017,5e+20,QL6,GFZ,0.1,0.26,short-term_:_and long-term,1.85713,1.927884,2.200153,2.237233,2.491775
True,mean,False,lower,Lambeck_2017,5e+20,QL6,JPL,0.1,0.26,short-term_:_and long-term,1.924758,1.995512,2.276206,2.322447,2.580498
True,mean,False,lower,Lambeck_2017,5e+20,QL6,CSR,0.1,0.26,short-term_:_and long-term,1.856969,1.927723,2.205294,2.252731,2.515724
True,mean,False,lower,Lambeck_2017,5e+20,QL6,MSSA,0.1,0.26,short-term_:_and long-term,1.94679,2.017544,2.350948,2.459007,2.547306
False,mean,False,upper,Lambeck_2017,5e+20,QL6,GFZ,0.1,0.26,short-term_:_and long-term,1.879769,1.950809,2.192144,2.220695,2.476721
False,mean,False,upper,Lambeck_2017,5e+20,QL6,JPL,0.1,0.26,short-term_:_and long-term,1.948227,2.019268,2.268518,2.307376,2.566042
False,mean,False,upper,Lambeck_2017,5e+20,QL6,CSR,0.1,0.26,short-term_:_and long-term,1.879606,1.950646,2.196804,2.235717,2.497254
False,mean,False,upper,Lambeck_2017,5e+20,QL6,MSSA,0.1,0.26,short-term_:_and long-term,1.970531,2.041571,2.337174,2.438155,2.527927
True,mean,False,upper,Lambeck_2017,5e+20,QL6,GFZ,0.1,0.26,short-term_:_and long-term,1.886454,1.957209,2.191441,2.217633,2.471429
True,mean,False,upper,Lambeck_2017,5e+20,QL6,JPL,0.1,0.26,short-term_:_and long-term,1.95515,2.025904,2.267789,2.304189,2.560906
True,mean,False,upper,Lambeck_2017,5e+20,QL6,CSR,0.1,0.26,short-term_:_and long-term,1.886291,1.957045,2.195918,2.233111,2.492892
True,mean,False,upper,Lambeck_2017,5e+20,QL6,MSSA,0.1,0.26,short-term_:_and long-term,1.97753,2.048284,2.335243,2.434049,2.521651
False,mean,False,mean,Lambeck_2017,5e+20,QL6,GFZ,0.2,0.26,short-term_:_and long-term,1.865566,1.936801,2.130602,2.152295,2.424244
False,mean,False,mean,Lambeck_2017,5e+20,QL6,JPL,0.2,0.26,short-term_:_and long-term,1.933507,2.004742,2.206214,2.236478,2.510432
False,mean,False,mean,Lambeck_2017,5e+20,QL6,CSR,0.2,0.26,short-term_:_and long-term,1.865404,1.936639,2.13475,2.166212,2.444032
False,mean,False,mean,Lambeck_2017,5e+20,QL6,MSSA,0.2,0.26,short-term_:_and long-term,1.955641,2.026877,2.261534,2.353438,2.472625
True,mean,False,mean,Lambeck_2017,5e+20,QL6,GFZ,0.2,0.26,short-term_:_and long-term,1.873194,1.944145,2.132112,2.151699,2.42283
True,mean,False,mean,Lambeck_2017,5e+20,QL6,JPL,0.2,0.26,short-term_:_and long-term,1.941407,2.012358,2.207841,2.236341,2.509498
True,mean,False,mean,Lambeck_2017,5e+20,QL6,CSR,0.2,0.26,short-term_:_and long-term,1.873032,1.943983,2.136185,2.165948,2.443131
True,mean,False,mean,Lambeck_2017,5e+20,QL6,MSSA,0.2,0.26,short-term_:_and long-term,1.963629,2.034581,2.262129,2.35234,2.470437
False,mean,False,lower,Lambeck_2017,5e+20,QL6,GFZ,0.2,0.26,short-term_:_and long-term,1.848995,1.92023,2.127216,2.152536,2.42695
False,mean,False,lower,Lambeck_2017,5e+20,QL6,JPL,0.2,0.26,short-term_:_and long-term,1.916332,1.987567,2.202592,2.236827,2.512298
False,mean,False,lower,Lambeck_2017,5e+20,QL6,CSR,0.2,0.26,short-term_:_and long-term,1.848834,1.92007,2.131643,2.167239,2.447318
False,mean,False,lower,Lambeck_2017,5e+20,QL6,MSSA,0.2,0.26,short-term_:_and long-term,1.93827,2.009505,2.260103,2.355492,2.478469
True,mean,False,lower,Lambeck_2017,5e+20,QL6,GFZ,0.2,0.26,short-term_:_and long-term,1.85713,1.928081,2.128777,2.152555,2.425769
True,mean,False,lower,Lambeck_2017,5e+20,QL6,JPL,0.2,0.26,short-term_:_and long-term,1.924758,1.995709,2.204287,2.236536,2.511334
True,mean,False,lower,Lambeck_2017,5e+20,QL6,CSR,0.2,0.26,short-term_:_and long-term,1.856969,1.92792,2.133101,2.166522,2.445367
True,mean,False,lower,Lambeck_2017,5e+20,QL6,MSSA,0.2,0.26,short-term_:_and long-term,1.94679,2.017741,2.260562,2.354152,2.47562
False,mean,False,upper,Lambeck_2017,5e+20,QL6,GFZ,0.2,0.26,short-term_:_and long-term,1.879769,1.951005,2.132145,2.15,2.41985
False,mean,False,upper,Lambeck_2017,5e+20,QL6,JPL,0.2,0.26,short-term_:_and long-term,1.948227,2.019463,2.207938,2.23442,2.506778
False,mean,False,upper,Lambeck_2017,5e+20,QL6,CSR,0.2,0.26,short-term_:_and long-term,1.879606,1.950842,2.136075,2.163945,2.439673
False,mean,False,upper,Lambeck_2017,5e+20,QL6,MSSA,0.2,0.26,short-term_:_and long-term,1.970531,2.041766,2.261188,2.349966,2.466265
True,mean,False,upper,Lambeck_2017,5e+20,QL6,GFZ,0.2,0.26,short-term_:_and long-term,1.886454,1.957406,2.133187,2.149222,2.418402
True,mean,False,upper,Lambeck_2017,5e+20,QL6,JPL,0.2,0.26,short-term_:_and long-term,1.95515,2.026101,2.209044,2.23376,2.505307
True,mean,False,upper,Lambeck_2017,5e+20,QL6,CSR,0.2,0.26,short-term_:_and long-term,1.886291,1.957242,2.136991,2.163102,2.437965
True,mean,False,upper,Lambeck_2017,5e+20,QL6,MSSA,0.2,0.26,short-term_:_and long-term,1.97753,2.048481,2.261344,2.349083,2.463895
False,mean,False,mean,Lambeck_2017,5e+20,QM1,GFZ,0.15,0.26,short-term_:_and long-term,1.865566,1.941064,2.171853,2.211865,2.493704
False,mean,False,mean,Lambeck_2017,5e+20,QM1,JPL,0.15,0.26,short-term_:_and long-term,1.933507,2.009005,2.249287,2.298552,2.581698
False,mean,False,mean,Lambeck_2017,5e+20,QM1,CSR,0.15,0.26,short-term_:_and long-term,1.865404,1.940902,2.177174,2.227832,2.514741
False,mean,False,mean,Lambeck_2017,5e+20,QM1,MSSA,0.15,0.26,short-term_:_and long-term,1.955641,2.03114,2.306901,2.416566,2.539637
True,mean,False,mean,Lambeck_2017,5e+20,QM1,GFZ,0.15,0.26,short-term_:_and long-term,1.873194,1.948376,2.172895,2.210831,2.491468
True,mean,False,mean,Lambeck_2017,5e+20,QM1,JPL,0.15,0.26,short-term_:_and long-term,1.941407,2.016589,2.250421,2.297937,2.580006
True,mean,False,mean,Lambeck_2017,5e+20,QM1,CSR,0.15,0.26,short-term_:_and long-term,1.873032,1.948214,2.178147,2.226822,2.5124
True,mean,False,mean,Lambeck_2017,5e+20,QM1,MSSA,0.15,0.26,short-term_:_and long-term,1.963629,2.038811,2.306922,2.414255,2.534976
False,mean,False,lower,Lambeck_2017,5e+20,QM1,GFZ,0.15,0.26,short-term_:_and long-term,1.848995,1.924493,2.172569,2.216974,2.501414
False,mean,False,lower,Lambeck_2017,5e+20,QM1,JPL,0.15,0.26,short-term_:_and long-term,1.916332,1.99183,2.249899,2.304146,2.588948
False,mean,False,lower,Lambeck_2017,5e+20,QM1,CSR,0.15,0.26,short-term_:_and long-term,1.848834,1.924333,2.178274,2.234118,2.522818
False,mean,False,lower,Lambeck_2017,5e+20,QM1,MSSA,0.15,0.26,short-term_:_and long-term,1.93827,2.013768,2.310231,2.424255,2.548458
True,mean,False,lower,Lambeck_2017,5e+20,QM1,GFZ,0.15,0.26,short-term_:_and long-term,1.85713,1.932312,2.173672,2.216132,2.499027
True,mean,False,lower,Lambeck_2017,5e+20,QM1,JPL,0.15,0.26,short-term_:_and long-term,1.924758,1.99994,2.251112,2.303406,2.587184
True,mean,False,lower,Lambeck_2017,5e+20,QM1,CSR,0.15,0.26,short-term_:_and long-term,1.856969,1.932151,2.179275,2.232882,2.520548
True,mean,False,lower,Lambeck_2017,5e+20,QM1,MSSA,0.15,0.26,short-term_:_and long-term,1.94679,2.021972,2.310095,2.421933,2.544609
False,mean,False,upper,Lambeck_2017,5e+20,QM1,GFZ,0.15,0.26,short-term_:_and long-term,1.879769,1.955267,2.169615,2.205224,2.484494
False,mean,False,upper,Lambeck_2017,5e+20,QM1,JPL,0.15,0.26,short-term_:_and long-term,1.948227,2.023726,2.247102,2.291686,2.572703
False,mean,False,upper,Lambeck_2017,5e+20,QM1,CSR,0.15,0.26,short-term_:_and long-term,1.879606,1.955104,2.174631,2.220425,2.505013
False,mean,False,upper,Lambeck_2017,5e+20,QM1,MSSA,0.15,0.26,short-term_:_and long-term,1.970531,2.046029,2.302202,2.40651,2.526923
True,mean,False,upper,Lambeck_2017,5e+20,QM1,GFZ,0.15,0.26,short-term_:_and long-term,1.886454,1.961637,2.170191,2.203862,2.482293
True,mean,False,upper,Lambeck_2017,5e+20,QM1,JPL,0.15,0.26,short-term_:_and long-term,1.95515,2.030332,2.247711,2.290531,2.570723
True,mean,False,upper,Lambeck_2017,5e+20,QM1,CSR,0.15,0.26,short-term_:_and long-term,1.886291,1.961473,2.175071,2.219221,2.502609
True,mean,False,upper,Lambeck_2017,5e+20,QM1,MSSA,0.15,0.26,short-term_:_and long-term,1.97753,2.052712,2.30178,2.404344,2.523418
False,mean,False,mean,Lambeck_2017,5e+20,QM1,GFZ,0.1,0.26,short-term_:_and long-term,1.865566,1.9408,2.206777,2.252987,2.526075
False,mean,False,mean,Lambeck_2017,5e+20,QM1,JPL,0.1,0.26,short-term_:_and long-term,1.933507,2.008741,2.284478,2.342776,2.619038
False,mean,False,mean,Lambeck_2017,5e+20,QM1,CSR,0.1,0.26,short-term_:_and long-term,1.865404,1.940638,2.212542,2.269776,2.548637
False,mean,False,mean,Lambeck_2017,5e+20,QM1,MSSA,0.1,0.26,short-term_:_and long-term,1.955641,2.030875,2.350415,2.465644,2.575106
True,mean,False,mean,Lambeck_2017,5e+20,QM1,GFZ,0.1,0.26,short-term_:_and long-term,1.873194,1.94811,2.206378,2.250091,2.52116
True,mean,False,mean,Lambeck_2017,5e+20,QM1,JPL,0.1,0.26,short-term_:_and long-term,1.941407,2.016323,2.284101,2.339708,2.613777
True,mean,False,mean,Lambeck_2017,5e+20,QM1,CSR,0.1,0.26,short-term_:_and long-term,1.873032,1.947948,2.21205,2.267017,2.544011
True,mean,False,mean,Lambeck_2017,5e+20,QM1,MSSA,0.1,0.26,short-term_:_and long-term,1.963629,2.038545,2.348774,2.462008,2.569301
False,mean,False,lower,Lambeck_2017,5e+20,QM1,GFZ,0.1,0.26,short-term_:_and long-term,1.848995,1.924228,2.212249,2.265041,2.538982
False,mean,False,lower,Lambeck_2017,5e+20,QM1,JPL,0.1,0.26,short-term_:_and long-term,1.916332,1.991566,2.289871,2.353265,2.630563
False,mean,False,lower,Lambeck_2017,5e+20,QM1,CSR,0.1,0.26,short-term_:_and long-term,1.848834,1.924068,2.21846,2.281803,2.561874
False,mean,False,lower,Lambeck_2017,5e+20,QM1,MSSA,0.1,0.26,short-term_:_and long-term,1.93827,2.013504,2.35967,2.480283,2.590681
True,mean,False,lower,Lambeck_2017,5e+20,QM1,GFZ,0.1,0.26,short-term_:_and long-term,1.85713,1.932046,2.211779,2.261748,2.533866
True,mean,False,lower,Lambeck_2017,5e+20,QM1,JPL,0.1,0.26,short-term_:_and long-term,1.924758,1.999674,2.289437,2.350228,2.624758
True,mean,False,lower,Lambeck_2017,5e+20,QM1,CSR,0.1,0.26,short-term_:_and long-term,1.856969,1.931885,2.217851,2.279113,2.556775
True,mean,False,lower,Lambeck_2017,5e+20,QM1,MSSA,0.1,0.26,short-term_:_and long-term,1.94679,2.021706,2.357676,2.475929,2.583323
False,mean,False,upper,Lambeck_2017,5e+20,QM1,GFZ,0.1,0.26,short-term_:_and long-term,1.879769,1.955003,2.199849,2.240044,2.511343
False,mean,False,upper,Lambeck_2017,5e+20,QM1,JPL,0.1,0.26,short-term_:_and long-term,1.948227,2.023461,2.277591,2.329447,2.603553
False,mean,False,upper,Lambeck_2017,5e+20,QM1,CSR,0.1,0.26,short-term_:_and long-term,1.879606,1.95484,2.205269,2.25648,2.53374
False,mean,False,upper,Lambeck_2017,5e+20,QM1,MSSA,0.1,0.26,short-term_:_and long-term,1.970531,2.045764,2.339903,2.449977,2.559389
True,mean,False,upper,Lambeck_2017,5e+20,QM1,GFZ,0.1,0.26,short-term_:_and long-term,1.886454,1.96137,2.199124,2.237269,2.506568
True,mean,False,upper,Lambeck_2017,5e+20,QM1,JPL,0.1,0.26,short-term_:_and long-term,1.95515,2.030066,2.276826,2.326448,2.598713
True,mean,False,upper,Lambeck_2017,5e+20,QM1,CSR,0.1,0.26,short-term_:_and long-term,1.886291,1.961207,2.204364,2.254154,2.529531
True,mean,False,upper,Lambeck_2017,5e+20,QM1,MSSA,0.1,0.26,short-term_:_and long-term,1.97753,2.052446,2.337969,2.445525,2.552376
False,mean,False,mean,Lambeck_2017,5e+20,QM1,GFZ,0.2,0.26,short-term_:_and long-term,1.865566,1.941314,2.147823,2.182225,2.46477
False,mean,False,mean,Lambeck_2017,5e+20,QM1,JPL,0.2,0.26,short-term_:_and long-term,1.933507,2.009255,2.224886,2.268444,2.552716
False,mean,False,mean,Lambeck_2017,5e+20,QM1,CSR,0.2,0.26,short-term_:_and long-term,1.865404,1.941153,2.152777,2.197923,2.486687
False,mean,False,mean,Lambeck_2017,5e+20,QM1,MSSA,0.2,0.26,short-term_:_and long-term,1.955641,2.03139,2.277083,2.380566,2.511442
True,mean,False,mean,Lambeck_2017,5e+20,QM1,GFZ,0.2,0.26,short-term_:_and long-term,1.873194,1.948629,2.149813,2.182412,2.464704
True,mean,False,mean,Lambeck_2017,5e+20,QM1,JPL,0.2,0.26,short-term_:_and long-term,1.941407,2.016842,2.227017,2.26895,2.552573
True,mean,False,mean,Lambeck_2017,5e+20,QM1,CSR,0.2,0.26,short-term_:_and long-term,1.873032,1.948467,2.154714,2.198238,2.486662
True,mean,False,mean,Lambeck_2017,5e+20,QM1,MSSA,0.2,0.26,short-term_:_and long-term,1.963629,2.039064,2.278208,2.380319,2.510689
False,mean,False,lower,Lambeck_2017,5e+20,QM1,GFZ,0.2,0.26,short-term_:_and long-term,1.848995,1.924743,2.145255,2.184227,2.469892
False,mean,False,lower,Lambeck_2017,5e+20,QM1,JPL,0.2,0.26,short-term_:_and long-term,1.916332,1.992081,2.222182,2.270103,2.556516
False,mean,False,lower,Lambeck_2017,5e+20,QM1,CSR,0.2,0.26,short-term_:_and long-term,1.848834,1.924583,2.150544,2.20023,2.491354
False,mean,False,lower,Lambeck_2017,5e+20,QM1,MSSA,0.2,0.26,short-term_:_and long-term,1.93827,2.014018,2.276345,2.384217,2.517614
True,mean,False,lower,Lambeck_2017,5e+20,QM1,GFZ,0.2,0.26,short-term_:_and long-term,1.85713,1.932565,2.147383,2.184612,2.469652
True,mean,False,lower,Lambeck_2017,5e+20,QM1,JPL,0.2,0.26,short-term_:_and long-term,1.924758,2.000193,2.224472,2.270515,2.556554
True,mean,False,lower,Lambeck_2017,5e+20,QM1,CSR,0.2,0.26,short-term_:_and long-term,1.856969,1.932404,2.152595,2.200559,2.49121
True,mean,False,lower,Lambeck_2017,5e+20,QM1,MSSA,0.2,0.26,short-term_:_and long-term,1.94679,2.022225,2.27743,2.383228,2.515419
False,mean,False,upper,Lambeck_2017,5e+20,QM1,GFZ,0.2,0.26,short-term_:_and long-term,1.879769,1.955518,2.148757,2.179416,2.458888
False,mean,False,upper,Lambeck_2017,5e+20,QM1,JPL,0.2,0.26,short-term_:_and long-term,1.948227,2.023976,2.225899,2.265591,2.547329
False,mean,False,upper,Lambeck_2017,5e+20,QM1,CSR,0.2,0.26,short-term_:_and long-term,1.879606,1.955355,2.153439,2.195037,2.481
False,mean,False,upper,Lambeck_2017,5e+20,QM1,MSSA,0.2,0.26,short-term_:_and long-term,1.970531,2.046279,2.276293,2.376249,2.50423
True,mean,False,upper,Lambeck_2017,5e+20,QM1,GFZ,0.2,0.26,short-term_:_and long-term,1.886454,1.96189,2.150198,2.179342,2.458197
True,mean,False,upper,Lambeck_2017,5e+20,QM1,JPL,0.2,0.26,short-term_:_and long-term,1.95515,2.030585,2.227424,2.26542,2.546853
True,mean,False,upper,Lambeck_2017,5e+20,QM1,CSR,0.2,0.26,short-term_:_and long-term,1.886291,1.961726,2.154772,2.194721,2.480133
True,mean,False,upper,Lambeck_2017,5e+20,QM1,MSSA,0.2,0.26,short-term_:_and long-term,1.97753,2.052965,2.276887,2.375512,2.503046
False,mean,False,mean,Lambeck_2017,5e+20,Resovsky,GFZ,0.15,0.26,short-term_:_and long-term,1.865566,1.938423,2.155026,2.186778,2.461147
False,mean,False,mean,Lambeck_2017,5e+20,Resovsky,JPL,0.15,0.26,short-term_:_and long-term,1.933507,2.006364,2.231365,2.271219,2.54879
False,mean,False,mean,Lambeck_2017,5e+20,Resovsky,CSR,0.15,0.26,short-term_:_and long-term,1.865404,1.938261,2.159786,2.200196,2.482214
False,mean,False,mean,Lambeck_2017,5e+20,Resovsky,MSSA,0.15,0.26,short-term_:_and long-term,1.955641,2.028498,2.289294,2.390444,2.507661
True,mean,False,mean,Lambeck_2017,5e+20,Resovsky,GFZ,0.15,0.26,short-term_:_and long-term,1.873194,1.945753,2.155808,2.185298,2.458319
True,mean,False,mean,Lambeck_2017,5e+20,Resovsky,JPL,0.15,0.26,short-term_:_and long-term,1.941407,2.013966,2.232233,2.270318,2.546373
True,mean,False,mean,Lambeck_2017,5e+20,Resovsky,CSR,0.15,0.26,short-term_:_and long-term,1.873032,1.945591,2.160488,2.199239,2.479902
True,mean,False,mean,Lambeck_2017,5e+20,Resovsky,MSSA,0.15,0.26,short-term_:_and long-term,1.963629,2.036188,2.289024,2.388156,2.502894
False,mean,False,lower,Lambeck_2017,5e+20,Resovsky,GFZ,0.15,0.26,short-term_:_and long-term,1.848995,1.921851,2.153765,2.190152,2.467872
False,mean,False,lower,Lambeck_2017,5e+20,Resovsky,JPL,0.15,0.26,short-term_:_and long-term,1.916332,1.989189,2.229922,2.274655,2.555214
False,mean,False,lower,Lambeck_2017,5e+20,Resovsky,CSR,0.15,0.26,short-term_:_and long-term,1.848834,1.921691,2.158858,2.203757,2.488391
False,mean,False,lower,Lambeck_2017,5e+20,Resovsky,MSSA,0.15,0.26,short-term_:_and long-term,1.93827,2.011127,2.290333,2.396012,2.515549
True,mean,False,lower,Lambeck_2017,5e+20,Resovsky,GFZ,0.15,0.26,short-term_:_and long-term,1.85713,1.929689,2.154527,2.188537,2.464356
True,mean,False,lower,Lambeck_2017,5e+20,Resovsky,JPL,0.15,0.26,short-term_:_and long-term,1.924758,1.997317,2.230786,2.273495,2.552113
True,mean,False,lower,Lambeck_2017,5e+20,Resovsky,CSR,0.15,0.26,short-term_:_and long-term,1.856969,1.929528,2.159505,2.202351,2.485586
True,mean,False,lower,Lambeck_2017,5e+20,Resovsky,MSSA,0.15,0.26,short-term_:_and long-term,1.94679,2.019349,2.289813,2.393226,2.511207
False,mean,False,upper,Lambeck_2017,5e+20,Resovsky,GFZ,0.15,0.26,short-term_:_and long-term,1.879769,1.952626,2.154446,2.181689,2.453892
False,mean,False,upper,Lambeck_2017,5e+20,Resovsky,JPL,0.15,0.26,short-term_:_and long-term,1.948227,2.021084,2.230922,2.266365,2.541552
False,mean,False,upper,Lambeck_2017,5e+20,Resovsky,CSR,0.15,0.26,short-term_:_and long-term,1.879606,1.952463,2.158949,2.195269,2.474813
False,mean,False,upper,Lambeck_2017,5e+20,Resovsky,MSSA,0.15,0.26,short-term_:_and long-term,1.970531,2.043387,2.286494,2.383831,2.497556
True,mean,False,upper,Lambeck_2017,5e+20,Resovsky,GFZ,0.15,0.26,short-term_:_and long-term,1.886454,1.959014,2.154837,2.180104,2.450324
True,mean,False,upper,Lambeck_2017,5e+20,Resovsky,JPL,0.15,0.26,short-term_:_and long-term,1.95515,2.027709,2.231342,2.264812,2.538975
True,mean,False,upper,Lambeck_2017,5e+20,Resovsky,CSR,0.15,0.26,short-term_:_and long-term,1.886291,1.95885,2.159195,2.193594,2.471666
True,mean,False,upper,Lambeck_2017,5e+20,Resovsky,MSSA,0.15,0.26,short-term_:_and long-term,1.97753,2.050089,2.285871,2.381529,2.49399
False,mean,False,mean,Lambeck_2017,5e+20,Resovsky,GFZ,0.1,0.26,short-term_:_and long-term,1.865566,1.938268,2.186051,2.222737,2.488487
False,mean,False,mean,Lambeck_2017,5e+20,Resovsky,JPL,0.1,0.26,short-term_:_and long-term,1.933507,2.006209,2.262743,2.310277,2.579244
False,mean,False,mean,Lambeck_2017,5e+20,Resovsky,CSR,0.1,0.26,short-term_:_and long-term,1.865404,1.938107,2.191211,2.238504,2.510419
False,mean,False,mean,Lambeck_2017,5e+20,Resovsky,MSSA,0.1,0.26,short-term_:_and long-term,1.955641,2.028344,2.328353,2.435398,2.537815
True,mean,False,mean,Lambeck_2017,5e+20,Resovsky,GFZ,0.1,0.26,short-term_:_and long-term,1.873194,1.945598,2.185437,2.219673,2.483164
True,mean,False,mean,Lambeck_2017,5e+20,Resovsky,JPL,0.1,0.26,short-term_:_and long-term,1.941407,2.013811,2.262157,2.307162,2.574025
True,mean,False,mean,Lambeck_2017,5e+20,Resovsky,CSR,0.1,0.26,short-term_:_and long-term,1.873032,1.945436,2.190494,2.234961,2.504211
True,mean,False,mean,Lambeck_2017,5e+20,Resovsky,MSSA,0.1,0.26,short-term_:_and long-term,1.963629,2.036033,2.326441,2.430664,2.530429
False,mean,False,lower,Lambeck_2017,5e+20,Resovsky,GFZ,0.1,0.26,short-term_:_and long-term,1.848995,1.921697,2.187594,2.229348,2.4978
False,mean,False,lower,Lambeck_2017,5e+20,Resovsky,JPL,0.1,0.26,short-term_:_and long-term,1.916332,1.989035,2.264122,2.316812,2.588556
False,mean,False,lower,Lambeck_2017,5e+20,Resovsky,CSR,0.1,0.26,short-term_:_and long-term,1.848834,1.921537,2.193124,2.245434,2.520176
False,mean,False,lower,Lambeck_2017,5e+20,Resovsky,MSSA,0.1,0.26,short-term_:_and long-term,1.93827,2.010973,2.332896,2.444702,2.549202
True,mean,False,lower,Lambeck_2017,5e+20,Resovsky,GFZ,0.1,0.26,short-term_:_and long-term,1.85713,1.929534,2.186837,2.226177,2.492186
True,mean,False,lower,Lambeck_2017,5e+20,Resovsky,JPL,0.1,0.26,short-term_:_and long-term,1.924758,1.997162,2.263406,2.313403,2.582726
True,mean,False,lower,Lambeck_2017,5e+20,Resovsky,CSR,0.1,0.26,short-term_:_and long-term,1.856969,1.929373,2.192221,2.242077,2.513813
True,mean,False,lower,Lambeck_2017,5e+20,Resovsky,MSSA,0.1,0.26,short-term_:_and long-term,1.94679,2.019194,2.33056,2.439467,2.540778
False,mean,False,upper,Lambeck_2017,5e+20,Resovsky,GFZ,0.1,0.26,short-term_:_and long-term,1.879769,1.952472,2.182756,2.214537,2.477619
False,mean,False,upper,Lambeck_2017,5e+20,Resovsky,JPL,0.1,0.26,short-term_:_and long-term,1.948227,2.02093,2.259575,2.302359,2.569188
False,mean,False,upper,Lambeck_2017,5e+20,Resovsky,CSR,0.1,0.26,short-term_:_and long-term,1.879606,1.952309,2.187637,2.229778,2.499925
False,mean,False,upper,Lambeck_2017,5e+20,Resovsky,MSSA,0.1,0.26,short-term_:_and long-term,1.970531,2.043233,2.322181,2.424833,2.525924
True,mean,False,upper,Lambeck_2017,5e+20,Resovsky,GFZ,0.1,0.26,short-term_:_and long-term,1.886454,1.958858,2.181881,2.211282,2.472367
True,mean,False,upper,Lambeck_2017,5e+20,Resovsky,JPL,0.1,0.26,short-term_:_and long-term,1.95515,2.027554,2.258671,2.299051,2.564524
True,mean,False,upper,Lambeck_2017,5e+20,Resovsky,CSR,0.1,0.26,short-term_:_and long-term,1.886291,1.958695,2.186582,2.226341,2.494874
True,mean,False,upper,Lambeck_2017,5e+20,Resovsky,MSSA,0.1,0.26,short-term_:_and long-term,1.97753,2.049934,2.32006,2.420422,2.519333
False,mean,False,mean,Lambeck_2017,5e+20,Resovsky,GFZ,0.2,0.26,short-term_:_and long-term,1.865566,1.938593,2.131955,2.158589,2.436162
False,mean,False,mean,Lambeck_2017,5e+20,Resovsky,JPL,0.2,0.26,short-term_:_and long-term,1.933507,2.006534,2.20797,2.241997,2.522317
False,mean,False,mean,Lambeck_2017,5e+20,Resovsky,CSR,0.2,0.26,short-term_:_and long-term,1.865404,1.938431,2.136392,2.173103,2.457984
False,mean,False,mean,Lambeck_2017,5e+20,Resovsky,MSSA,0.2,0.26,short-term_:_and long-term,1.955641,2.028669,2.260344,2.355547,2.482525
True,mean,False,mean,Lambeck_2017,5e+20,Resovsky,GFZ,0.2,0.26,short-term_:_and long-term,1.873194,1.945925,2.133708,2.158301,2.434857
True,mean,False,mean,Lambeck_2017,5e+20,Resovsky,JPL,0.2,0.26,short-term_:_and long-term,1.941407,2.014137,2.209854,2.242413,2.522199
True,mean,False,mean,Lambeck_2017,5e+20,Resovsky,CSR,0.2,0.26,short-term_:_and long-term,1.873032,1.945762,2.138082,2.173028,2.45713
True,mean,False,mean,Lambeck_2017,5e+20,Resovsky,MSSA,0.2,0.26,short-term_:_and long-term,1.963629,2.03636,2.261211,2.355147,2.481055
False,mean,False,lower,Lambeck_2017,5e+20,Resovsky,GFZ,0.2,0.26,short-term_:_and long-term,1.848995,1.922022,2.128544,2.159429,2.440075
False,mean,False,lower,Lambeck_2017,5e+20,Resovsky,JPL,0.2,0.26,short-term_:_and long-term,1.916332,1.989359,2.204358,2.242413,2.524335
False,mean,False,lower,Lambeck_2017,5e+20,Resovsky,CSR,0.2,0.26,short-term_:_and long-term,1.848834,1.921861,2.133284,2.174076,2.461123
False,mean,False,lower,Lambeck_2017,5e+20,Resovsky,MSSA,0.2,0.26,short-term_:_and long-term,1.93827,2.011297,2.258711,2.358652,2.488552
True,mean,False,lower,Lambeck_2017,5e+20,Resovsky,GFZ,0.2,0.26,short-term_:_and long-term,1.85713,1.92986,2.130364,2.159386,2.439132
True,mean,False,lower,Lambeck_2017,5e+20,Resovsky,JPL,0.2,0.26,short-term_:_and long-term,1.924758,1.997488,2.206328,2.242371,2.524051
True,mean,False,lower,Lambeck_2017,5e+20,Resovsky,CSR,0.2,0.26,short-term_:_and long-term,1.856969,1.9297,2.135013,2.173764,2.459796
True,mean,False,lower,Lambeck_2017,5e+20,Resovsky,MSSA,0.2,0.26,short-term_:_and long-term,1.94679,2.01952,2.259452,2.357591,2.486408
False,mean,False,upper,Lambeck_2017,5e+20,Resovsky,GFZ,0.2,0.26,short-term_:_and long-term,1.879769,1.952796,2.133484,2.156079,2.430843
False,mean,False,upper,Lambeck_2017,5e+20,Resovsky,JPL,0.2,0.26,short-term_:_and long-term,1.948227,2.021254,2.209647,2.239894,2.517972
False,mean,False,upper,Lambeck_2017,5e+20,Resovsky,CSR,0.2,0.26,short-term_:_and long-term,1.879606,1.952633,2.137682,2.170595,2.453049
False,mean,False,upper,Lambeck_2017,5e+20,Resovsky,MSSA,0.2,0.26,short-term_:_and long-term,1.970531,2.043558,2.26015,2.351571,2.475684
True,mean,False,upper,Lambeck_2017,5e+20,Resovsky,GFZ,0.2,0.26,short-term_:_and long-term,1.886454,1.959185,2.134753,2.155777,2.430142
True,mean,False,upper,Lambeck_2017,5e+20,Resovsky,JPL,0.2,0.26,short-term_:_and long-term,1.95515,2.027881,2.210994,2.239873,2.517149
True,mean,False,upper,Lambeck_2017,5e+20,Resovsky,CSR,0.2,0.26,short-term_:_and long-term,1.886291,1.959022,2.138835,2.170085,2.451634
True,mean,False,upper,Lambeck_2017,5e+20,Resovsky,MSSA,0.2,0.26,short-term_:_and long-term,1.97753,2.05026,2.260562,2.350766,2.474111
False,mean,False,mean,VM5a,3e+19,,GFZ,,,long-term,1.865566,1.918864,1.983948,1.9453,2.166886
False,mean,False,mean,VM5a,3e+19,,JPL,,,long-term,1.933507,1.986805,2.052692,2.021829,2.244687
False,mean,False,mean,VM5a,3e+19,,CSR,,,long-term,1.865404,1.918702,1.984813,1.957718,2.182052
False,mean,False,mean,VM5a,3e+19,,MSSA,,,long-term,1.955641,2.00894,2.089068,2.121572,2.202698
True,mean,False,mean,VM5a,3e+19,,GFZ,,,long-term,1.873194,1.9263,1.981188,1.940548,2.162679
True,mean,False,mean,VM5a,3e+19,,JPL,,,long-term,1.941407,1.994513,2.049995,2.016581,2.239916
True,mean,False,mean,VM5a,3e+19,,CSR,,,long-term,1.873032,1.926138,1.981882,1.951776,2.176903
True,mean,False,mean,VM5a,3e+19,,MSSA,,,long-term,1.963629,2.016735,2.084575,2.11409,2.196533
False,mean,False,lower,VM5a,3e+19,,GFZ,,,long-term,1.848995,1.902293,1.974989,1.938965,2.157738
False,mean,False,lower,VM5a,3e+19,,JPL,,,long-term,1.916332,1.96963,2.043209,2.014858,2.235449
False,mean,False,lower,VM5a,3e+19,,CSR,,,long-term,1.848834,1.902132,1.975981,1.950675,2.172599
False,mean,False,lower,VM5a,3e+19,,MSSA,,,long-term,1.93827,1.991568,2.081075,2.115518,2.194291
True,mean,False,lower,VM5a,3e+19,,GFZ,,,long-term,1.85713,1.910236,1.971713,1.933047,2.15326
True,mean,False,lower,VM5a,3e+19,,JPL,,,long-term,1.924758,1.977864,2.040002,2.008636,2.229255
True,mean,False,lower,VM5a,3e+19,,CSR,,,long-term,1.856969,1.910075,1.972502,1.944386,2.166387
True,mean,False,lower,VM5a,3e+19,,MSSA,,,long-term,1.94679,1.999896,2.075808,2.107477,2.188628
False,mean,False,upper,VM5a,3e+19,,GFZ,,,long-term,1.879769,1.933067,1.990758,1.950313,2.174082
False,mean,False,upper,VM5a,3e+19,,JPL,,,long-term,1.948227,2.001525,2.059963,2.027333,2.252766
False,mean,False,upper,VM5a,3e+19,,CSR,,,long-term,1.879606,1.932904,1.991537,1.96266,2.189613
False,mean,False,upper,VM5a,3e+19,,MSSA,,,long-term,1.970531,2.023829,2.094904,2.125804,2.209143
True,mean,False,upper,VM5a,3e+19,,GFZ,,,long-term,1.886454,1.939561,1.988072,1.945236,2.169629
True,mean,False,upper,VM5a,3e+19,,JPL,,,long-term,1.95515,2.008256,2.057304,2.021657,2.247645
True,mean,False,upper,VM5a,3e+19,,CSR,,,long-term,1.886291,1.939397,1.988658,1.956772,2.184274
True,mean,False,upper,VM5a,3e+19,,MSSA,,,long-term,1.97753,2.030636,2.090625,2.118762,2.203249
False,mean,False,mean,VM5a,3e+19,PAR3P,GFZ,0.15,0.26,short-term_:_and long-term,1.865566,1.938057,2.213581,2.25673,2.511207
False,mean,False,mean,VM5a,3e+19,PAR3P,JPL,0.15,0.26,short-term_:_and long-term,1.933507,2.005998,2.290855,2.341628,2.600295
False,mean,False,mean,VM5a,3e+19,PAR3P,CSR,0.15,0.26,short-term_:_and long-term,1.865404,1.937895,2.219162,2.271944,2.536154
False,mean,False,mean,VM5a,3e+19,PAR3P,MSSA,0.15,0.26,short-term_:_and long-term,1.955641,2.028133,2.362598,2.474843,2.562288
True,mean,False,mean,VM5a,3e+19,PAR3P,GFZ,0.15,0.26,short-term_:_and long-term,1.873194,1.945383,2.207042,2.245482,2.500799
True,mean,False,mean,VM5a,3e+19,PAR3P,JPL,0.15,0.26,short-term_:_and long-term,1.941407,2.013596,2.284289,2.331504,2.589712
True,mean,False,mean,VM5a,3e+19,PAR3P,CSR,0.15,0.26,short-term_:_and long-term,1.873032,1.945221,2.21245,2.261494,2.525902
True,mean,False,mean,VM5a,3e+19,PAR3P,MSSA,0.15,0.26,short-term_:_and long-term,1.963629,2.035819,2.353344,2.462542,2.551839
False,mean,False,lower,VM5a,3e+19,PAR3P,GFZ,0.15,0.26,short-term_:_and long-term,1.848995,1.921486,2.218706,2.267573,2.523584
False,mean,False,lower,VM5a,3e+19,PAR3P,JPL,0.15,0.26,short-term_:_and long-term,1.916332,1.988823,2.295854,2.352929,2.612389
False,mean,False,lower,VM5a,3e+19,PAR3P,CSR,0.15,0.26,short-term_:_and long-term,1.848834,1.921326,2.224708,2.282503,2.547905
False,mean,False,lower,VM5a,3e+19,PAR3P,MSSA,0.15,0.26,short-term_:_and long-term,1.93827,2.010761,2.371574,2.489485,2.574073
True,mean,False,lower,VM5a,3e+19,PAR3P,GFZ,0.15,0.26,short-term_:_and long-term,1.85713,1.929319,2.211469,2.256655,2.512775
True,mean,False,lower,VM5a,3e+19,PAR3P,JPL,0.15,0.26,short-term_:_and long-term,1.924758,1.996947,2.288602,2.341173,2.600056
True,mean,False,lower,VM5a,3e+19,PAR3P,CSR,0.15,0.26,short-term_:_and long-term,1.856969,1.929158,2.217246,2.271572,2.536391
True,mean,False,lower,VM5a,3e+19,PAR3P,MSSA,0.15,0.26,short-term_:_and long-term,1.94679,2.018979,2.361195,2.475365,2.562829
False,mean,False,upper,VM5a,3e+19,PAR3P,GFZ,0.15,0.26,short-term_:_and long-term,1.879769,1.95226,2.207057,2.243869,2.498377
False,mean,False,upper,VM5a,3e+19,PAR3P,JPL,0.15,0.26,short-term_:_and long-term,1.948227,2.020719,2.284417,2.330502,2.588428
False,mean,False,upper,VM5a,3e+19,PAR3P,CSR,0.15,0.26,short-term_:_and long-term,1.879606,1.952097,2.212317,2.259349,2.522408
False,mean,False,upper,VM5a,3e+19,PAR3P,MSSA,0.15,0.26,short-term_:_and long-term,1.970531,2.043022,2.352448,2.459576,2.548309
True,mean,False,upper,VM5a,3e+19,PAR3P,GFZ,0.15,0.26,short-term_:_and long-term,1.886454,1.958644,2.200804,2.234083,2.489192
True,mean,False,upper,VM5a,3e+19,PAR3P,JPL,0.15,0.26,short-term_:_and long-term,1.95515,2.027339,2.278077,2.32116,2.580281
True,mean,False,upper,VM5a,3e+19,PAR3P,CSR,0.15,0.26,short-term_:_and long-term,1.886291,1.95848,2.205813,2.249509,2.511899
True,mean,False,upper,VM5a,3e+19,PAR3P,MSSA,0.15,0.26,short-term_:_and long-term,1.97753,2.049719,2.343653,2.447201,2.536083
False,mean,False,mean,VM5a,3e+19,PAR3P,GFZ,0.1,0.26,short-term_:_and long-term,1.865566,1.937968,2.255087,2.305049,2.55141
False,mean,False,mean,VM5a,3e+19,PAR3P,JPL,0.1,0.26,short-term_:_and long-term,1.933507,2.005909,2.332685,2.390413,2.639768
False,mean,False,mean,VM5a,3e+19,PAR3P,CSR,0.1,0.26,short-term_:_and long-term,1.865404,1.937806,2.261109,2.321291,2.578001
False,mean,False,mean,VM5a,3e+19,PAR3P,MSSA,0.1,0.26,short-term_:_and long-term,1.955641,2.028044,2.414805,2.535281,2.60369
True,mean,False,mean,VM5a,3e+19,PAR3P,GFZ,0.1,0.26,short-term_:_and long-term,1.873194,1.945292,2.247499,2.294144,2.54273
True,mean,False,mean,VM5a,3e+19,PAR3P,JPL,0.1,0.26,short-term_:_and long-term,1.941407,2.013505,2.325027,2.37934,2.629736
True,mean,False,mean,VM5a,3e+19,PAR3P,CSR,0.1,0.26,short-term_:_and long-term,1.873032,1.94513,2.253335,2.309253,2.567133
True,mean,False,mean,VM5a,3e+19,PAR3P,MSSA,0.1,0.26,short-term_:_and long-term,1.963629,2.035727,2.404353,2.521975,2.592191
False,mean,False,lower,VM5a,3e+19,PAR3P,GFZ,0.1,0.26,short-term_:_and long-term,1.848995,1.921397,2.265478,2.322524,2.569534
False,mean,False,lower,VM5a,3e+19,PAR3P,JPL,0.1,0.26,short-term_:_and long-term,1.916332,1.988734,2.342975,2.406622,2.654696
False,mean,False,lower,VM5a,3e+19,PAR3P,CSR,0.1,0.26,short-term_:_and long-term,1.848834,1.921237,2.271979,2.337722,2.592627
False,mean,False,lower,VM5a,3e+19,PAR3P,MSSA,0.1,0.26,short-term_:_and long-term,1.93827,2.010672,2.430401,2.557619,2.621014
True,mean,False,lower,VM5a,3e+19,PAR3P,GFZ,0.1,0.26,short-term_:_and long-term,1.85713,1.929228,2.257111,2.309758,2.555787
True,mean,False,lower,VM5a,3e+19,PAR3P,JPL,0.1,0.26,short-term_:_and long-term,1.924758,1.996856,2.334549,2.394369,2.642778
True,mean,False,lower,VM5a,3e+19,PAR3P,CSR,0.1,0.26,short-term_:_and long-term,1.856969,1.929067,2.263363,2.325979,2.58198
True,mean,False,lower,VM5a,3e+19,PAR3P,MSSA,0.1,0.26,short-term_:_and long-term,1.94679,2.018887,2.418685,2.541343,2.60692
False,mean,False,upper,VM5a,3e+19,PAR3P,GFZ,0.1,0.26,short-term_:_and long-term,1.879769,1.952172,2.243415,2.288041,2.537224
False,mean,False,upper,VM5a,3e+19,PAR3P,JPL,0.1,0.26,short-term_:_and long-term,1.948227,2.02063,2.321086,2.373386,2.624458
False,mean,False,upper,VM5a,3e+19,PAR3P,CSR,0.1,0.26,short-term_:_and long-term,1.879606,1.952008,2.249081,2.30274,2.561397
False,mean,False,upper,VM5a,3e+19,PAR3P,MSSA,0.1,0.26,short-term_:_and long-term,1.970531,2.042933,2.398216,2.51335,2.584336
True,mean,False,upper,VM5a,3e+19,PAR3P,GFZ,0.1,0.26,short-term_:_and long-term,1.886454,1.958552,2.236206,2.277474,2.526335
True,mean,False,upper,VM5a,3e+19,PAR3P,JPL,0.1,0.26,short-term_:_and long-term,1.95515,2.027248,2.31374,2.363024,2.61385
True,mean,False,upper,VM5a,3e+19,PAR3P,CSR,0.1,0.26,short-term_:_and long-term,1.886291,1.958389,2.241586,2.291851,2.549847
True,mean,False,upper,VM5a,3e+19,PAR3P,MSSA,0.1,0.26,short-term_:_and long-term,1.97753,2.049628,2.388316,2.500194,2.574299
False,mean,False,mean,VM5a,3e+19,PAR3P,GFZ,0.2,0.26,short-term_:_and long-term,1.865566,1.938117,2.186969,2.224012,2.483192
False,mean,False,mean,VM5a,3e+19,PAR3P,JPL,0.2,0.26,short-term_:_and long-term,1.933507,2.006058,2.263843,2.311004,2.574345
False,mean,False,mean,VM5a,3e+19,PAR3P,CSR,0.2,0.26,short-term_:_and long-term,1.865404,1.937955,2.192204,2.238834,2.503716
False,mean,False,mean,VM5a,3e+19,PAR3P,MSSA,0.2,0.26,short-term_:_and long-term,1.955641,2.028193,2.329165,2.435114,2.530665
True,mean,False,mean,VM5a,3e+19,PAR3P,GFZ,0.2,0.26,short-term_:_and long-term,1.873194,1.945446,2.181308,2.214987,2.475048
True,mean,False,mean,VM5a,3e+19,PAR3P,JPL,0.2,0.26,short-term_:_and long-term,1.941407,2.013659,2.258195,2.301827,2.565914
True,mean,False,mean,VM5a,3e+19,PAR3P,CSR,0.2,0.26,short-term_:_and long-term,1.873032,1.945284,2.186384,2.230135,2.495789
True,mean,False,mean,VM5a,3e+19,PAR3P,MSSA,0.2,0.26,short-term_:_and long-term,1.963629,2.035881,2.320941,2.423393,2.519927
False,mean,False,lower,VM5a,3e+19,PAR3P,GFZ,0.2,0.26,short-term_:_and long-term,1.848995,1.921546,2.188772,2.230575,2.489924
False,mean,False,lower,VM5a,3e+19,PAR3P,JPL,0.2,0.26,short-term_:_and long-term,1.916332,1.988883,2.265491,2.317694,2.582193
False,mean,False,lower,VM5a,3e+19,PAR3P,CSR,0.2,0.26,short-term_:_and long-term,1.848834,1.921386,2.194388,2.246703,2.513205
False,mean,False,lower,VM5a,3e+19,PAR3P,MSSA,0.2,0.26,short-term_:_and long-term,1.93827,2.010821,2.333977,2.444691,2.539767
True,mean,False,lower,VM5a,3e+19,PAR3P,GFZ,0.2,0.26,short-term_:_and long-term,1.85713,1.929382,2.182476,2.220789,2.481129
True,mean,False,lower,VM5a,3e+19,PAR3P,JPL,0.2,0.26,short-term_:_and long-term,1.924758,1.99701,2.259222,2.308102,2.572845
True,mean,False,lower,VM5a,3e+19,PAR3P,CSR,0.2,0.26,short-term_:_and long-term,1.856969,1.929221,2.187887,2.236218,2.502525
True,mean,False,lower,VM5a,3e+19,PAR3P,MSSA,0.2,0.26,short-term_:_and long-term,1.94679,2.019042,2.324728,2.431463,2.528558
False,mean,False,upper,VM5a,3e+19,PAR3P,GFZ,0.2,0.26,short-term_:_and long-term,1.879769,1.952321,2.183649,2.215799,2.474242
False,mean,False,upper,VM5a,3e+19,PAR3P,JPL,0.2,0.26,short-term_:_and long-term,1.948227,2.020779,2.260635,2.303092,2.565426
False,mean,False,upper,VM5a,3e+19,PAR3P,CSR,0.2,0.26,short-term_:_and long-term,1.879606,1.952158,2.188592,2.230834,2.495406
False,mean,False,upper,VM5a,3e+19,PAR3P,MSSA,0.2,0.26,short-term_:_and long-term,1.970531,2.043082,2.323013,2.424374,2.519864
True,mean,False,upper,VM5a,3e+19,PAR3P,GFZ,0.2,0.26,short-term_:_and long-term,1.886454,1.958706,2.178204,2.206856,2.466151
True,mean,False,upper,VM5a,3e+19,PAR3P,JPL,0.2,0.26,short-term_:_and long-term,1.95515,2.027402,2.255145,2.294668,2.558852
True,mean,False,upper,VM5a,3e+19,PAR3P,CSR,0.2,0.26,short-term_:_and long-term,1.886291,1.958543,2.18292,2.222018,2.487587
True,mean,False,upper,VM5a,3e+19,PAR3P,MSSA,0.2,0.26,short-term_:_and long-term,1.97753,2.049782,2.315176,2.414145,2.511258
False,mean,False,mean,VM5a,3e+19,PREM,GFZ,0.15,0.26,short-term_:_and long-term,1.865566,1.939512,2.227334,2.276105,2.543201
False,mean,False,mean,VM5a,3e+19,PREM,JPL,0.15,0.26,short-term_:_and long-term,1.933507,2.007453,2.305114,2.363335,2.632504
False,mean,False,mean,VM5a,3e+19,PREM,CSR,0.15,0.26,short-term_:_and long-term,1.865404,1.93935,2.233068,2.291844,2.567883
False,mean,False,mean,VM5a,3e+19,PREM,MSSA,0.15,0.26,short-term_:_and long-term,1.955641,2.029587,2.379536,2.498468,2.59529
True,mean,False,mean,VM5a,3e+19,PREM,GFZ,0.15,0.26,short-term_:_and long-term,1.873194,1.946827,2.220595,2.265128,2.533045
True,mean,False,mean,VM5a,3e+19,PREM,JPL,0.15,0.26,short-term_:_and long-term,1.941407,2.015039,2.298351,2.352524,2.621942
True,mean,False,mean,VM5a,3e+19,PREM,CSR,0.15,0.26,short-term_:_and long-term,1.873032,1.946664,2.226165,2.281687,2.556074
True,mean,False,mean,VM5a,3e+19,PREM,MSSA,0.15,0.26,short-term_:_and long-term,1.963629,2.037262,2.370002,2.486108,2.586619
False,mean,False,lower,VM5a,3e+19,PREM,GFZ,0.15,0.26,short-term_:_and long-term,1.848995,1.922941,2.233724,2.288777,2.557887
False,mean,False,lower,VM5a,3e+19,PREM,JPL,0.15,0.26,short-term_:_and long-term,1.916332,1.990278,2.311419,2.375506,2.647518
False,mean,False,lower,VM5a,3e+19,PREM,CSR,0.15,0.26,short-term_:_and long-term,1.848834,1.92278,2.239893,2.305228,2.581826
False,mean,False,lower,VM5a,3e+19,PREM,MSSA,0.15,0.26,short-term_:_and long-term,1.93827,2.012216,2.390123,2.515115,2.612119
True,mean,False,lower,VM5a,3e+19,PREM,GFZ,0.15,0.26,short-term_:_and long-term,1.85713,1.930762,2.226259,2.278039,2.546461
True,mean,False,lower,VM5a,3e+19,PREM,JPL,0.15,0.26,short-term_:_and long-term,1.924758,1.99839,2.303945,2.364186,2.635217
True,mean,False,lower,VM5a,3e+19,PREM,CSR,0.15,0.26,short-term_:_and long-term,1.856969,1.930602,2.232211,2.293502,2.570519
True,mean,False,lower,VM5a,3e+19,PREM,MSSA,0.15,0.26,short-term_:_and long-term,1.94679,2.020422,2.37941,2.500654,2.599656
False,mean,False,upper,VM5a,3e+19,PREM,GFZ,0.15,0.26,short-term_:_and long-term,1.879769,1.953715,2.219483,2.262068,2.52748
False,mean,False,upper,VM5a,3e+19,PREM,JPL,0.15,0.26,short-term_:_and long-term,1.948227,2.022173,2.297315,2.349534,2.617358
False,mean,False,upper,VM5a,3e+19,PREM,CSR,0.15,0.26,short-term_:_and long-term,1.879606,1.953552,2.224889,2.277789,2.550881
False,mean,False,upper,VM5a,3e+19,PREM,MSSA,0.15,0.26,short-term_:_and long-term,1.970531,2.044477,2.367708,2.481431,2.580278
True,mean,False,upper,VM5a,3e+19,PREM,GFZ,0.15,0.26,short-term_:_and long-term,1.886454,1.960087,2.213059,2.251614,2.51764
True,mean,False,upper,VM5a,3e+19,PREM,JPL,0.15,0.26,short-term_:_and long-term,1.95515,2.028783,2.290803,2.340163,2.609587
True,mean,False,upper,VM5a,3e+19,PREM,CSR,0.15,0.26,short-term_:_and long-term,1.886291,1.959924,2.218214,2.267691,2.540649
True,mean,False,upper,VM5a,3e+19,PREM,MSSA,0.15,0.26,short-term_:_and long-term,1.97753,2.051162,2.35867,2.469508,2.569643
False,mean,False,mean,VM5a,3e+19,PREM,GFZ,0.1,0.26,short-term_:_and long-term,1.865566,1.939344,2.26777,2.324763,2.585208
False,mean,False,mean,VM5a,3e+19,PREM,JPL,0.1,0.26,short-term_:_and long-term,1.933507,2.007285,2.345898,2.41217,2.673784
False,mean,False,mean,VM5a,3e+19,PREM,CSR,0.1,0.26,short-term_:_and long-term,1.865404,1.939182,2.273956,2.341072,2.610531
False,mean,False,mean,VM5a,3e+19,PREM,MSSA,0.1,0.26,short-term_:_and long-term,1.955641,2.029419,2.430452,2.557795,2.638903
True,mean,False,mean,VM5a,3e+19,PREM,GFZ,0.1,0.26,short-term_:_and long-term,1.873194,1.946656,2.259359,2.312566,2.572392
True,mean,False,mean,VM5a,3e+19,PREM,JPL,0.1,0.26,short-term_:_and long-term,1.941407,2.014869,2.337401,2.398875,2.660796
True,mean,False,mean,VM5a,3e+19,PREM,CSR,0.1,0.26,short-term_:_and long-term,1.873032,1.946494,2.265364,2.328574,2.597769
True,mean,False,mean,VM5a,3e+19,PREM,MSSA,0.1,0.26,short-term_:_and long-term,1.963629,2.037091,2.418897,2.543012,2.625707
False,mean,False,lower,VM5a,3e+19,PREM,GFZ,0.1,0.26,short-term_:_and long-term,1.848995,1.922772,2.278874,2.34139,2.600928
False,mean,False,lower,VM5a,3e+19,PREM,JPL,0.1,0.26,short-term_:_and long-term,1.916332,1.99011,2.356946,2.428782,2.690706
False,mean,False,lower,VM5a,3e+19,PREM,CSR,0.1,0.26,short-term_:_and long-term,1.848834,1.922612,2.28555,2.358897,2.628853
False,mean,False,lower,VM5a,3e+19,PREM,MSSA,0.1,0.26,short-term_:_and long-term,1.93827,2.012048,2.446964,2.581854,2.659677
True,mean,False,lower,VM5a,3e+19,PREM,GFZ,0.1,0.26,short-term_:_and long-term,1.85713,1.930592,2.269592,2.32866,2.588273
True,mean,False,lower,VM5a,3e+19,PREM,JPL,0.1,0.26,short-term_:_and long-term,1.924758,1.99822,2.347588,2.415581,2.677282
True,mean,False,lower,VM5a,3e+19,PREM,CSR,0.1,0.26,short-term_:_and long-term,1.856969,1.930431,2.276022,2.345425,2.615277
True,mean,False,lower,VM5a,3e+19,PREM,MSSA,0.1,0.26,short-term_:_and long-term,1.94679,2.020252,2.434006,2.563869,2.64448
False,mean,False,upper,VM5a,3e+19,PREM,GFZ,0.1,0.26,short-term_:_and long-term,1.879769,1.953547,2.255333,2.305768,2.565541
False,mean,False,upper,VM5a,3e+19,PREM,JPL,0.1,0.26,short-term_:_and long-term,1.948227,2.022005,2.333498,2.392693,2.65388
False,mean,False,upper,VM5a,3e+19,PREM,CSR,0.1,0.26,short-term_:_and long-term,1.879606,1.953384,2.261159,2.321137,2.590029
False,mean,False,upper,VM5a,3e+19,PREM,MSSA,0.1,0.26,short-term_:_and long-term,1.970531,2.044308,2.412894,2.534493,2.617131
True,mean,False,upper,VM5a,3e+19,PREM,GFZ,0.1,0.26,short-term_:_and long-term,1.886454,1.959917,2.247394,2.294209,2.553482
True,mean,False,upper,VM5a,3e+19,PREM,JPL,0.1,0.26,short-term_:_and long-term,1.95515,2.028612,2.325403,2.381103,2.64237
True,mean,False,upper,VM5a,3e+19,PREM,CSR,0.1,0.26,short-term_:_and long-term,1.886291,1.959753,2.25293,2.310065,2.578143
True,mean,False,upper,VM5a,3e+19,PREM,MSSA,0.1,0.26,short-term_:_and long-term,1.97753,2.050992,2.402011,2.520985,2.604876
False,mean,False,mean,VM5a,3e+19,PREM,GFZ,0.2,0.26,short-term_:_and long-term,1.865566,1.939663,2.20018,2.243413,2.5133
False,mean,False,mean,VM5a,3e+19,PREM,JPL,0.2,0.26,short-term_:_and long-term,1.933507,2.007604,2.277558,2.330589,2.605257
False,mean,False,mean,VM5a,3e+19,PREM,CSR,0.2,0.26,short-term_:_and long-term,1.865404,1.939501,2.205553,2.257797,2.53515
False,mean,False,mean,VM5a,3e+19,PREM,MSSA,0.2,0.26,short-term_:_and long-term,1.955641,2.029738,2.345402,2.457761,2.564603
True,mean,False,mean,VM5a,3e+19,PREM,GFZ,0.2,0.26,short-term_:_and long-term,1.873194,1.94698,2.194666,2.233487,2.504461
True,mean,False,mean,VM5a,3e+19,PREM,JPL,0.2,0.26,short-term_:_and long-term,1.941407,2.015193,2.272069,2.322122,2.596935
True,mean,False,mean,VM5a,3e+19,PREM,CSR,0.2,0.26,short-term_:_and long-term,1.873032,1.946818,2.199892,2.248813,2.527327
True,mean,False,mean,VM5a,3e+19,PREM,MSSA,0.2,0.26,short-term_:_and long-term,1.963629,2.037415,2.337346,2.446484,2.555012
False,mean,False,lower,VM5a,3e+19,PREM,GFZ,0.2,0.26,short-term_:_and long-term,1.848995,1.923091,2.203419,2.251671,2.523222
False,mean,False,lower,VM5a,3e+19,PREM,JPL,0.2,0.26,short-term_:_and long-term,1.916332,1.990429,2.280683,2.338778,2.614849
False,mean,False,lower,VM5a,3e+19,PREM,CSR,0.2,0.26,short-term_:_and long-term,1.848834,1.922931,2.209188,2.267389,2.545973
False,mean,False,lower,VM5a,3e+19,PREM,MSSA,0.2,0.26,short-term_:_and long-term,1.93827,2.012367,2.352047,2.470202,2.577162
True,mean,False,lower,VM5a,3e+19,PREM,GFZ,0.2,0.26,short-term_:_and long-term,1.85713,1.930916,2.197285,2.241322,2.514631
True,mean,False,lower,VM5a,3e+19,PREM,JPL,0.2,0.26,short-term_:_and long-term,1.924758,1.998544,2.27459,2.329391,2.606096
True,mean,False,lower,VM5a,3e+19,PREM,CSR,0.2,0.26,short-term_:_and long-term,1.856969,1.930755,2.202859,2.256664,2.536472
True,mean,False,lower,VM5a,3e+19,PREM,MSSA,0.2,0.26,short-term_:_and long-term,1.94679,2.020576,2.342964,2.457909,2.567109
False,mean,False,upper,VM5a,3e+19,PREM,GFZ,0.2,0.26,short-term_:_and long-term,1.879769,1.953866,2.195397,2.233169,2.501106
False,mean,False,upper,VM5a,3e+19,PREM,JPL,0.2,0.26,short-term_:_and long-term,1.948227,2.022324,2.272852,2.320816,2.593796
False,mean,False,upper,VM5a,3e+19,PREM,CSR,0.2,0.26,short-term_:_and long-term,1.879606,1.953703,2.200471,2.247822,2.523318
False,mean,False,upper,VM5a,3e+19,PREM,MSSA,0.2,0.26,short-term_:_and long-term,1.970531,2.044627,2.337396,2.444682,2.550503
True,mean,False,upper,VM5a,3e+19,PREM,GFZ,0.2,0.26,short-term_:_and long-term,1.886454,1.96024,2.19009,2.224367,2.492893
True,mean,False,upper,VM5a,3e+19,PREM,JPL,0.2,0.26,short-term_:_and long-term,1.95515,2.028936,2.267507,2.312308,2.587057
True,mean,False,upper,VM5a,3e+19,PREM,CSR,0.2,0.26,short-term_:_and long-term,1.886291,1.960077,2.194939,2.239046,2.515951
True,mean,False,upper,VM5a,3e+19,PREM,MSSA,0.2,0.26,short-term_:_and long-term,1.97753,2.051316,2.329712,2.43469,2.542611
False,mean,False,mean,VM5a,3e+19,QL6,GFZ,0.15,0.26,short-term_:_and long-term,1.865566,1.93657,2.212226,2.252162,2.503232
False,mean,False,mean,VM5a,3e+19,QL6,JPL,0.15,0.26,short-term_:_and long-term,1.933507,2.004511,2.288607,2.33576,2.590134
False,mean,False,mean,VM5a,3e+19,QL6,CSR,0.15,0.26,short-term_:_and long-term,1.865404,1.936408,2.217464,2.266495,2.526555
False,mean,False,mean,VM5a,3e+19,QL6,MSSA,0.15,0.26,short-term_:_and long-term,1.955641,2.026646,2.363369,2.474159,2.556454
True,mean,False,mean,VM5a,3e+19,QL6,GFZ,0.15,0.26,short-term_:_and long-term,1.873194,1.943905,2.204564,2.240267,2.492315
True,mean,False,mean,VM5a,3e+19,QL6,JPL,0.15,0.26,short-term_:_and long-term,1.941407,2.012118,2.280921,2.325116,2.579807
True,mean,False,mean,VM5a,3e+19,QL6,CSR,0.15,0.26,short-term_:_and long-term,1.873032,1.943743,2.209626,2.255097,2.515585
True,mean,False,mean,VM5a,3e+19,QL6,MSSA,0.15,0.26,short-term_:_and long-term,1.963629,2.03434,2.352677,2.45915,2.543813
False,mean,False,lower,VM5a,3e+19,QL6,GFZ,0.15,0.26,short-term_:_and long-term,1.848995,1.919999,2.217946,2.263881,2.517363
False,mean,False,lower,VM5a,3e+19,QL6,JPL,0.15,0.26,short-term_:_and long-term,1.916332,1.987336,2.294154,2.347378,2.602888
False,mean,False,lower,VM5a,3e+19,QL6,CSR,0.15,0.26,short-term_:_and long-term,1.848834,1.919838,2.223591,2.278127,2.538529
False,mean,False,lower,VM5a,3e+19,QL6,MSSA,0.15,0.26,short-term_:_and long-term,1.93827,2.009274,2.373278,2.489051,2.56714
True,mean,False,lower,VM5a,3e+19,QL6,GFZ,0.15,0.26,short-term_:_and long-term,1.85713,1.927841,2.209431,2.250554,2.502136
True,mean,False,lower,VM5a,3e+19,QL6,JPL,0.15,0.26,short-term_:_and long-term,1.924758,1.995469,2.285626,2.334864,2.590154
True,mean,False,lower,VM5a,3e+19,QL6,CSR,0.15,0.26,short-term_:_and long-term,1.856969,1.92768,2.214842,2.265201,2.526935
True,mean,False,lower,VM5a,3e+19,QL6,MSSA,0.15,0.26,short-term_:_and long-term,1.94679,2.017501,2.361241,2.473261,2.556235
False,mean,False,upper,VM5a,3e+19,QL6,GFZ,0.15,0.26,short-term_:_and long-term,1.879769,1.950773,2.204911,2.239085,2.490206
False,mean,False,upper,VM5a,3e+19,QL6,JPL,0.15,0.26,short-term_:_and long-term,1.948227,2.019231,2.281437,2.323623,2.577877
False,mean,False,upper,VM5a,3e+19,QL6,CSR,0.15,0.26,short-term_:_and long-term,1.879606,1.95061,2.209853,2.252844,2.512507
False,mean,False,upper,VM5a,3e+19,QL6,MSSA,0.15,0.26,short-term_:_and long-term,1.970531,2.041535,2.352061,2.456767,2.540551
True,mean,False,upper,VM5a,3e+19,QL6,GFZ,0.15,0.26,short-term_:_and long-term,1.886454,1.957165,2.197691,2.227409,2.478348
True,mean,False,upper,VM5a,3e+19,QL6,JPL,0.15,0.26,short-term_:_and long-term,1.95515,2.025861,2.274128,2.31343,2.569063
True,mean,False,upper,VM5a,3e+19,QL6,CSR,0.15,0.26,short-term_:_and long-term,1.886291,1.957002,2.202367,2.241508,2.500202
True,mean,False,upper,VM5a,3e+19,QL6,MSSA,0.15,0.26,short-term_:_and long-term,1.97753,2.048241,2.342021,2.443314,2.528767
False,mean,False,mean,VM5a,3e+19,QL6,GFZ,0.1,0.26,short-term_:_and long-term,1.865566,1.936479,2.249524,2.295204,2.537612
False,mean,False,mean,VM5a,3e+19,QL6,JPL,0.1,0.26,short-term_:_and long-term,1.933507,2.00442,2.326203,2.379644,2.623601
False,mean,False,mean,VM5a,3e+19,QL6,CSR,0.1,0.26,short-term_:_and long-term,1.865404,1.936318,2.255193,2.310433,2.56126
False,mean,False,mean,VM5a,3e+19,QL6,MSSA,0.1,0.26,short-term_:_and long-term,1.955641,2.026555,2.410542,2.527384,2.587371
True,mean,False,mean,VM5a,3e+19,QL6,GFZ,0.1,0.26,short-term_:_and long-term,1.873194,1.943813,2.240014,2.281713,2.526412
True,mean,False,mean,VM5a,3e+19,QL6,JPL,0.1,0.26,short-term_:_and long-term,1.941407,2.012026,2.316631,2.365021,2.609543
True,mean,False,mean,VM5a,3e+19,QL6,CSR,0.1,0.26,short-term_:_and long-term,1.873032,1.943651,2.245487,2.296981,2.549007
True,mean,False,mean,VM5a,3e+19,QL6,MSSA,0.1,0.26,short-term_:_and long-term,1.963629,2.034249,2.397589,2.510243,2.572495
False,mean,False,lower,VM5a,3e+19,QL6,GFZ,0.1,0.26,short-term_:_and long-term,1.848995,1.919908,2.25904,2.310977,2.551669
False,mean,False,lower,VM5a,3e+19,QL6,JPL,0.1,0.26,short-term_:_and long-term,1.916332,1.987246,2.335561,2.394214,2.638109
False,mean,False,lower,VM5a,3e+19,QL6,CSR,0.1,0.26,short-term_:_and long-term,1.848834,1.919748,2.265161,2.327113,2.578614
False,mean,False,lower,VM5a,3e+19,QL6,MSSA,0.1,0.26,short-term_:_and long-term,1.93827,2.009183,2.425241,2.548541,2.603956
True,mean,False,lower,VM5a,3e+19,QL6,GFZ,0.1,0.26,short-term_:_and long-term,1.85713,1.927749,2.248512,2.295341,2.537176
True,mean,False,lower,VM5a,3e+19,QL6,JPL,0.1,0.26,short-term_:_and long-term,1.924758,1.995377,2.324982,2.379936,2.62418
True,mean,False,lower,VM5a,3e+19,QL6,CSR,0.1,0.26,short-term_:_and long-term,1.856969,1.927588,2.254369,2.311514,2.562913
True,mean,False,lower,VM5a,3e+19,QL6,MSSA,0.1,0.26,short-term_:_and long-term,1.94679,2.017409,2.410703,2.529431,2.588312
False,mean,False,upper,VM5a,3e+19,QL6,GFZ,0.1,0.26,short-term_:_and long-term,1.879769,1.950683,2.238549,2.278382,2.521661
False,mean,False,upper,VM5a,3e+19,QL6,JPL,0.1,0.26,short-term_:_and long-term,1.948227,2.019141,2.315367,2.362582,2.607443
False,mean,False,upper,VM5a,3e+19,QL6,CSR,0.1,0.26,short-term_:_and long-term,1.879606,1.95052,2.243896,2.293647,2.544865
False,mean,False,upper,VM5a,3e+19,QL6,MSSA,0.1,0.26,short-term_:_and long-term,1.970531,2.041444,2.394646,2.505222,2.567795
True,mean,False,upper,VM5a,3e+19,QL6,GFZ,0.1,0.26,short-term_:_and long-term,1.886454,1.957074,2.229653,2.265401,2.509655
True,mean,False,upper,VM5a,3e+19,QL6,JPL,0.1,0.26,short-term_:_and long-term,1.95515,2.025769,2.306338,2.349966,2.595071
True,mean,False,upper,VM5a,3e+19,QL6,CSR,0.1,0.26,short-term_:_and long-term,1.886291,1.95691,2.234697,2.280228,2.532594
True,mean,False,upper,VM5a,3e+19,QL6,MSSA,0.1,0.26,short-term_:_and long-term,1.97753,2.048149,2.382543,2.49004,2.5561
False,mean,False,mean,VM5a,3e+19,QL6,GFZ,0.2,0.26,short-term_:_and long-term,1.865566,1.936662,2.185711,2.2192,2.47701
False,mean,False,mean,VM5a,3e+19,QL6,JPL,0.2,0.26,short-term_:_and long-term,1.933507,2.004603,2.261795,2.305814,2.566524
False,mean,False,mean,VM5a,3e+19,QL6,CSR,0.2,0.26,short-term_:_and long-term,1.865404,1.936501,2.190622,2.233111,2.497191
False,mean,False,mean,VM5a,3e+19,QL6,MSSA,0.2,0.26,short-term_:_and long-term,1.955641,2.026738,2.329867,2.433602,2.525964
True,mean,False,mean,VM5a,3e+19,QL6,GFZ,0.2,0.26,short-term_:_and long-term,1.873194,1.943998,2.179393,2.209977,2.468598
True,mean,False,mean,VM5a,3e+19,QL6,JPL,0.2,0.26,short-term_:_and long-term,1.941407,2.012211,2.255487,2.295857,2.557257
True,mean,False,mean,VM5a,3e+19,QL6,CSR,0.2,0.26,short-term_:_and long-term,1.873032,1.943836,2.184143,2.223729,2.488093
True,mean,False,mean,VM5a,3e+19,QL6,MSSA,0.2,0.26,short-term_:_and long-term,1.963629,2.034434,2.320815,2.421854,2.51547
False,mean,False,lower,VM5a,3e+19,QL6,GFZ,0.2,0.26,short-term_:_and long-term,1.848995,1.920091,2.188762,2.22726,2.484336
False,mean,False,lower,VM5a,3e+19,QL6,JPL,0.2,0.26,short-term_:_and long-term,1.916332,1.987429,2.264656,2.312982,2.574217
False,mean,False,lower,VM5a,3e+19,QL6,CSR,0.2,0.26,short-term_:_and long-term,1.848834,1.919931,2.194048,2.242554,2.507136
False,mean,False,lower,VM5a,3e+19,QL6,MSSA,0.2,0.26,short-term_:_and long-term,1.93827,2.009367,2.336417,2.444984,2.536705
True,mean,False,lower,VM5a,3e+19,QL6,GFZ,0.2,0.26,short-term_:_and long-term,1.85713,1.927934,2.181711,2.217443,2.477203
True,mean,False,lower,VM5a,3e+19,QL6,JPL,0.2,0.26,short-term_:_and long-term,1.924758,1.995562,2.257629,2.303019,2.565275
True,mean,False,lower,VM5a,3e+19,QL6,CSR,0.2,0.26,short-term_:_and long-term,1.856969,1.927773,2.186785,2.231068,2.495591
True,mean,False,lower,VM5a,3e+19,QL6,MSSA,0.2,0.26,short-term_:_and long-term,1.94679,2.017594,2.326195,2.431708,2.525901
False,mean,False,upper,VM5a,3e+19,QL6,GFZ,0.2,0.26,short-term_:_and long-term,1.879769,1.950866,2.181,2.209931,2.466549
False,mean,False,upper,VM5a,3e+19,QL6,JPL,0.2,0.26,short-term_:_and long-term,1.948227,2.019324,2.257239,2.295425,2.55509
False,mean,False,upper,VM5a,3e+19,QL6,CSR,0.2,0.26,short-term_:_and long-term,1.879606,1.950703,2.185635,2.223594,2.487094
False,mean,False,upper,VM5a,3e+19,QL6,MSSA,0.2,0.26,short-term_:_and long-term,1.970531,2.041627,2.321819,2.421044,2.513861
True,mean,False,upper,VM5a,3e+19,QL6,GFZ,0.2,0.26,short-term_:_and long-term,1.886454,1.957259,2.174997,2.200583,2.457734
True,mean,False,upper,VM5a,3e+19,QL6,JPL,0.2,0.26,short-term_:_and long-term,1.95515,2.025954,2.251186,2.286856,2.548034
True,mean,False,upper,VM5a,3e+19,QL6,CSR,0.2,0.26,short-term_:_and long-term,1.886291,1.957095,2.179394,2.214346,2.479552
True,mean,False,upper,VM5a,3e+19,QL6,MSSA,0.2,0.26,short-term_:_and long-term,1.97753,2.048334,2.313272,2.409732,2.505081
False,mean,False,mean,VM5a,3e+19,QM1,GFZ,0.15,0.26,short-term_:_and long-term,1.865566,1.940965,2.219939,2.270657,2.535362
False,mean,False,mean,VM5a,3e+19,QM1,JPL,0.15,0.26,short-term_:_and long-term,1.933507,2.008906,2.297849,2.358528,2.628978
False,mean,False,mean,VM5a,3e+19,QM1,CSR,0.15,0.26,short-term_:_and long-term,1.865404,1.940804,2.225931,2.287019,2.561285
False,mean,False,mean,VM5a,3e+19,QM1,MSSA,0.15,0.26,short-term_:_and long-term,1.955641,2.031041,2.366484,2.485765,2.583277
True,mean,False,mean,VM5a,3e+19,QM1,GFZ,0.15,0.26,short-term_:_and long-term,1.873194,1.94827,2.213959,2.25997,2.525655
True,mean,False,mean,VM5a,3e+19,QM1,JPL,0.15,0.26,short-term_:_and long-term,1.941407,2.016483,2.291864,2.349688,2.620834
True,mean,False,mean,VM5a,3e+19,QM1,CSR,0.15,0.26,short-term_:_and long-term,1.873032,1.948108,2.219803,2.277529,2.552026
True,mean,False,mean,VM5a,3e+19,QM1,MSSA,0.15,0.26,short-term_:_and long-term,1.963629,2.038705,2.357876,2.473777,2.572839
False,mean,False,lower,VM5a,3e+19,QM1,GFZ,0.15,0.26,short-term_:_and long-term,1.848995,1.924394,2.226213,2.28359,2.550317
False,mean,False,lower,VM5a,3e+19,QM1,JPL,0.15,0.26,short-term_:_and long-term,1.916332,1.991732,2.304066,2.371491,2.642897
False,mean,False,lower,VM5a,3e+19,QM1,CSR,0.15,0.26,short-term_:_and long-term,1.848834,1.924234,2.232671,2.299791,2.574997
False,mean,False,lower,VM5a,3e+19,QM1,MSSA,0.15,0.26,short-term_:_and long-term,1.93827,2.013669,2.376691,2.502055,2.59745
True,mean,False,lower,VM5a,3e+19,QM1,GFZ,0.15,0.26,short-term_:_and long-term,1.85713,1.932206,2.219592,2.272602,2.538384
True,mean,False,lower,VM5a,3e+19,QM1,JPL,0.15,0.26,short-term_:_and long-term,1.924758,1.999834,2.297453,2.360894,2.631967
True,mean,False,lower,VM5a,3e+19,QM1,CSR,0.15,0.26,short-term_:_and long-term,1.856969,1.932045,2.225849,2.289595,2.565866
True,mean,False,lower,VM5a,3e+19,QM1,MSSA,0.15,0.26,short-term_:_and long-term,1.94679,2.021865,2.367006,2.488062,2.585824
False,mean,False,upper,VM5a,3e+19,QM1,GFZ,0.15,0.26,short-term_:_and long-term,1.879769,1.955169,2.212309,2.25614,2.519989
False,mean,False,upper,VM5a,3e+19,QM1,JPL,0.15,0.26,short-term_:_and long-term,1.948227,2.023627,2.290244,2.345627,2.615105
False,mean,False,upper,VM5a,3e+19,QM1,CSR,0.15,0.26,short-term_:_and long-term,1.879606,1.955006,2.217945,2.273318,2.546048
False,mean,False,upper,VM5a,3e+19,QM1,MSSA,0.15,0.26,short-term_:_and long-term,1.970531,2.04593,2.355156,2.468538,2.567051
True,mean,False,upper,VM5a,3e+19,QM1,GFZ,0.15,0.26,short-term_:_and long-term,1.886454,1.96153,2.206564,2.247532,2.512713
True,mean,False,upper,VM5a,3e+19,QM1,JPL,0.15,0.26,short-term_:_and long-term,1.95515,2.030226,2.284428,2.336152,2.606726
True,mean,False,upper,VM5a,3e+19,QM1,CSR,0.15,0.26,short-term_:_and long-term,1.886291,1.961367,2.211963,2.264442,2.536242
True,mean,False,upper,VM5a,3e+19,QM1,MSSA,0.15,0.26,short-term_:_and long-term,1.97753,2.052606,2.346949,2.45708,2.556586
False,mean,False,mean,VM5a,3e+19,QM1,GFZ,0.1,0.26,short-term_:_and long-term,1.865566,1.940717,2.252588,2.310053,2.571192
False,mean,False,mean,VM5a,3e+19,QM1,JPL,0.1,0.26,short-term_:_and long-term,1.933507,2.008658,2.33078,2.39755,2.660446
False,mean,False,mean,VM5a,3e+19,QM1,CSR,0.1,0.26,short-term_:_and long-term,1.865404,1.940555,2.259006,2.326489,2.595244
False,mean,False,mean,VM5a,3e+19,QM1,MSSA,0.1,0.26,short-term_:_and long-term,1.955641,2.030793,2.407058,2.534151,2.617805
True,mean,False,mean,VM5a,3e+19,QM1,GFZ,0.1,0.26,short-term_:_and long-term,1.873194,1.948019,2.245055,2.298609,2.559694
True,mean,False,mean,VM5a,3e+19,QM1,JPL,0.1,0.26,short-term_:_and long-term,1.941407,2.016232,2.323175,2.386563,2.64924
True,mean,False,mean,VM5a,3e+19,QM1,CSR,0.1,0.26,short-term_:_and long-term,1.873032,1.947857,2.251298,2.315603,2.583919
True,mean,False,mean,VM5a,3e+19,QM1,MSSA,0.1,0.26,short-term_:_and long-term,1.963629,2.038454,2.396632,2.519898,2.603996
False,mean,False,lower,VM5a,3e+19,QM1,GFZ,0.1,0.26,short-term_:_and long-term,1.848995,1.924146,2.263339,2.328168,2.587519
False,mean,False,lower,VM5a,3e+19,QM1,JPL,0.1,0.26,short-term_:_and long-term,1.916332,1.991483,2.341498,2.414611,2.67699
False,mean,False,lower,VM5a,3e+19,QM1,CSR,0.1,0.26,short-term_:_and long-term,1.848834,1.923986,2.270281,2.344864,2.612937
False,mean,False,lower,VM5a,3e+19,QM1,MSSA,0.1,0.26,short-term_:_and long-term,1.93827,2.013421,2.422831,2.555953,2.634583
True,mean,False,lower,VM5a,3e+19,QM1,GFZ,0.1,0.26,short-term_:_and long-term,1.85713,1.931955,2.255021,2.315192,2.57423
True,mean,False,lower,VM5a,3e+19,QM1,JPL,0.1,0.26,short-term_:_and long-term,1.924758,1.999583,2.333119,2.401897,2.663678
True,mean,False,lower,VM5a,3e+19,QM1,CSR,0.1,0.26,short-term_:_and long-term,1.856969,1.931794,2.261724,2.332024,2.600004
True,mean,False,lower,VM5a,3e+19,QM1,MSSA,0.1,0.26,short-term_:_and long-term,1.94679,2.021615,2.411119,2.540325,2.620621
False,mean,False,upper,VM5a,3e+19,QM1,GFZ,0.1,0.26,short-term_:_and long-term,1.879769,1.95492,2.24055,2.291748,2.552494
False,mean,False,upper,VM5a,3e+19,QM1,JPL,0.1,0.26,short-term_:_and long-term,1.948227,2.023379,2.318752,2.37926,2.64226
False,mean,False,upper,VM5a,3e+19,QM1,CSR,0.1,0.26,short-term_:_and long-term,1.879606,1.954757,2.246572,2.307656,2.576588
False,mean,False,upper,VM5a,3e+19,QM1,MSSA,0.1,0.26,short-term_:_and long-term,1.970531,2.045682,2.390277,2.511403,2.598602
True,mean,False,upper,VM5a,3e+19,QM1,GFZ,0.1,0.26,short-term_:_and long-term,1.886454,1.961279,2.233402,2.280569,2.540741
True,mean,False,upper,VM5a,3e+19,QM1,JPL,0.1,0.26,short-term_:_and long-term,1.95515,2.029975,2.311464,2.368041,2.631234
True,mean,False,upper,VM5a,3e+19,QM1,CSR,0.1,0.26,short-term_:_and long-term,1.886291,1.961116,2.239144,2.296381,2.564698
True,mean,False,upper,VM5a,3e+19,QM1,MSSA,0.1,0.26,short-term_:_and long-term,1.97753,2.052355,2.380416,2.497311,2.586663
False,mean,False,mean,VM5a,3e+19,QM1,GFZ,0.2,0.26,short-term_:_and long-term,1.865566,1.941207,2.196625,2.241837,2.510157
False,mean,False,mean,VM5a,3e+19,QM1,JPL,0.2,0.26,short-term_:_and long-term,1.933507,2.009148,2.274162,2.329722,2.603391
False,mean,False,mean,VM5a,3e+19,QM1,CSR,0.2,0.26,short-term_:_and long-term,1.865404,1.941045,2.202259,2.257269,2.533179
False,mean,False,mean,VM5a,3e+19,QM1,MSSA,0.2,0.26,short-term_:_and long-term,1.955641,2.031282,2.337586,2.450183,2.555054
True,mean,False,mean,VM5a,3e+19,QM1,GFZ,0.2,0.26,short-term_:_and long-term,1.873194,1.948514,2.191735,2.233767,2.502987
True,mean,False,mean,VM5a,3e+19,QM1,JPL,0.2,0.26,short-term_:_and long-term,1.941407,2.016727,2.26931,2.322338,2.597737
True,mean,False,mean,VM5a,3e+19,QM1,CSR,0.2,0.26,short-term_:_and long-term,1.873032,1.948352,2.197235,2.249015,2.526981
True,mean,False,mean,VM5a,3e+19,QM1,MSSA,0.2,0.26,short-term_:_and long-term,1.963629,2.038949,2.330282,2.439357,2.545698
False,mean,False,lower,VM5a,3e+19,QM1,GFZ,0.2,0.26,short-term_:_and long-term,1.848995,1.924636,2.199737,2.250204,2.519637
False,mean,False,lower,VM5a,3e+19,QM1,JPL,0.2,0.26,short-term_:_and long-term,1.916332,1.991973,2.277182,2.338277,2.612723
False,mean,False,lower,VM5a,3e+19,QM1,CSR,0.2,0.26,short-term_:_and long-term,1.848834,1.924475,2.205791,2.266036,2.543636
False,mean,False,lower,VM5a,3e+19,QM1,MSSA,0.2,0.26,short-term_:_and long-term,1.93827,2.013911,2.343882,2.461652,2.566272
True,mean,False,lower,VM5a,3e+19,QM1,GFZ,0.2,0.26,short-term_:_and long-term,1.85713,1.93245,2.194298,2.241538,2.512051
True,mean,False,lower,VM5a,3e+19,QM1,JPL,0.2,0.26,short-term_:_and long-term,1.924758,2.000078,2.271798,2.329895,2.607025
True,mean,False,lower,VM5a,3e+19,QM1,CSR,0.2,0.26,short-term_:_and long-term,1.856969,1.932289,2.200172,2.257068,2.535322
True,mean,False,lower,VM5a,3e+19,QM1,MSSA,0.2,0.26,short-term_:_and long-term,1.94679,2.02211,2.335637,2.449696,2.556567
False,mean,False,upper,VM5a,3e+19,QM1,GFZ,0.2,0.26,short-term_:_and long-term,1.879769,1.95541,2.192039,2.231938,2.499294
False,mean,False,upper,VM5a,3e+19,QM1,JPL,0.2,0.26,short-term_:_and long-term,1.948227,2.023868,2.269629,2.320584,2.594355
False,mean,False,upper,VM5a,3e+19,QM1,CSR,0.2,0.26,short-term_:_and long-term,1.879606,1.955247,2.19735,2.247226,2.52233
False,mean,False,upper,VM5a,3e+19,QM1,MSSA,0.2,0.26,short-term_:_and long-term,1.970531,2.046172,2.330005,2.437552,2.542209
True,mean,False,upper,VM5a,3e+19,QM1,GFZ,0.2,0.26,short-term_:_and long-term,1.886454,1.961774,2.187287,2.224614,2.493041
True,mean,False,upper,VM5a,3e+19,QM1,JPL,0.2,0.26,short-term_:_and long-term,1.95515,2.03047,2.264851,2.312888,2.587085
True,mean,False,upper,VM5a,3e+19,QM1,CSR,0.2,0.26,short-term_:_and long-term,1.886291,1.961611,2.192386,2.239727,2.516219
True,mean,False,upper,VM5a,3e+19,QM1,MSSA,0.2,0.26,short-term_:_and long-term,1.97753,2.05285,2.322993,2.427869,2.533941
False,mean,False,mean,VM5a,3e+19,Resovsky,GFZ,0.15,0.26,short-term_:_and long-term,1.865566,1.938317,2.202358,2.243169,2.504125
False,mean,False,mean,VM5a,3e+19,Resovsky,JPL,0.15,0.26,short-term_:_and long-term,1.933507,2.006258,2.279174,2.331093,2.596962
False,mean,False,mean,VM5a,3e+19,Resovsky,CSR,0.15,0.26,short-term_:_and long-term,1.865404,1.938156,2.207792,2.258598,2.527728
False,mean,False,mean,VM5a,3e+19,Resovsky,MSSA,0.15,0.26,short-term_:_and long-term,1.955641,2.028393,2.347837,2.459015,2.553574
True,mean,False,mean,VM5a,3e+19,Resovsky,GFZ,0.15,0.26,short-term_:_and long-term,1.873194,1.94564,2.195726,2.233341,2.49519
True,mean,False,mean,VM5a,3e+19,Resovsky,JPL,0.15,0.26,short-term_:_and long-term,1.941407,2.013852,2.272528,2.320407,2.586004
True,mean,False,mean,VM5a,3e+19,Resovsky,CSR,0.15,0.26,short-term_:_and long-term,1.873032,1.945477,2.200994,2.248105,2.516614
True,mean,False,mean,VM5a,3e+19,Resovsky,MSSA,0.15,0.26,short-term_:_and long-term,1.963629,2.036075,2.338455,2.444997,2.540838
False,mean,False,lower,VM5a,3e+19,Resovsky,GFZ,0.15,0.26,short-term_:_and long-term,1.848995,1.921746,2.206614,2.254182,2.51623
False,mean,False,lower,VM5a,3e+19,Resovsky,JPL,0.15,0.26,short-term_:_and long-term,1.916332,1.989084,2.283294,2.340141,2.605331
False,mean,False,lower,VM5a,3e+19,Resovsky,CSR,0.15,0.26,short-term_:_and long-term,1.848834,1.921586,2.212464,2.268852,2.539835
False,mean,False,lower,VM5a,3e+19,Resovsky,MSSA,0.15,0.26,short-term_:_and long-term,1.93827,2.011021,2.355694,2.472698,2.567463
True,mean,False,lower,VM5a,3e+19,Resovsky,GFZ,0.15,0.26,short-term_:_and long-term,1.85713,1.929575,2.199218,2.241955,2.505013
True,mean,False,lower,VM5a,3e+19,Resovsky,JPL,0.15,0.26,short-term_:_and long-term,1.924758,1.997203,2.275897,2.329496,2.596989
True,mean,False,lower,VM5a,3e+19,Resovsky,CSR,0.15,0.26,short-term_:_and long-term,1.856969,1.929415,2.204847,2.258098,2.528235
True,mean,False,lower,VM5a,3e+19,Resovsky,MSSA,0.15,0.26,short-term_:_and long-term,1.94679,2.019235,2.345092,2.457903,2.554951
False,mean,False,upper,VM5a,3e+19,Resovsky,GFZ,0.15,0.26,short-term_:_and long-term,1.879769,1.952521,2.196426,2.232405,2.49213
False,mean,False,upper,VM5a,3e+19,Resovsky,JPL,0.15,0.26,short-term_:_and long-term,1.948227,2.020979,2.273349,2.319413,2.583378
False,mean,False,upper,VM5a,3e+19,Resovsky,CSR,0.15,0.26,short-term_:_and long-term,1.879606,1.952358,2.20155,2.247069,2.515056
False,mean,False,upper,VM5a,3e+19,Resovsky,MSSA,0.15,0.26,short-term_:_and long-term,1.970531,2.043282,2.338463,2.443544,2.537553
True,mean,False,upper,VM5a,3e+19,Resovsky,GFZ,0.15,0.26,short-term_:_and long-term,1.886454,1.9589,2.190144,2.223214,2.483575
True,mean,False,upper,VM5a,3e+19,Resovsky,JPL,0.15,0.26,short-term_:_and long-term,1.95515,2.027596,2.26699,2.3093,2.573837
True,mean,False,upper,VM5a,3e+19,Resovsky,CSR,0.15,0.26,short-term_:_and long-term,1.886291,1.958737,2.195017,2.237184,2.505445
True,mean,False,upper,VM5a,3e+19,Resovsky,MSSA,0.15,0.26,short-term_:_and long-term,1.97753,2.049975,2.329621,2.431282,2.527326
False,mean,False,mean,VM5a,3e+19,Resovsky,GFZ,0.1,0.26,short-term_:_and long-term,1.865566,1.938174,2.230697,2.278316,2.532218
False,mean,False,mean,VM5a,3e+19,Resovsky,JPL,0.1,0.26,short-term_:_and long-term,1.933507,2.006115,2.307871,2.363392,2.620399
False,mean,False,mean,VM5a,3e+19,Resovsky,CSR,0.1,0.26,short-term_:_and long-term,1.865404,1.938012,2.236512,2.293745,2.556041
False,mean,False,mean,VM5a,3e+19,Resovsky,MSSA,0.1,0.26,short-term_:_and long-term,1.955641,2.028249,2.38346,2.499273,2.577015
True,mean,False,mean,VM5a,3e+19,Resovsky,GFZ,0.1,0.26,short-term_:_and long-term,1.873194,1.945495,2.222474,2.266288,2.519627
True,mean,False,mean,VM5a,3e+19,Resovsky,JPL,0.1,0.26,short-term_:_and long-term,1.941407,2.013708,2.299581,2.351702,2.607893
True,mean,False,mean,VM5a,3e+19,Resovsky,CSR,0.1,0.26,short-term_:_and long-term,1.873032,1.945333,2.228096,2.280927,2.542388
True,mean,False,mean,VM5a,3e+19,Resovsky,MSSA,0.1,0.26,short-term_:_and long-term,1.963629,2.03593,2.372172,2.484382,2.563866
False,mean,False,lower,VM5a,3e+19,Resovsky,GFZ,0.1,0.26,short-term_:_and long-term,1.848995,1.921603,2.237444,2.290822,2.546902
False,mean,False,lower,VM5a,3e+19,Resovsky,JPL,0.1,0.26,short-term_:_and long-term,1.916332,1.98894,2.314501,2.376406,2.634099
False,mean,False,lower,VM5a,3e+19,Resovsky,CSR,0.1,0.26,short-term_:_and long-term,1.848834,1.921442,2.243708,2.307033,2.57161
False,mean,False,lower,VM5a,3e+19,Resovsky,MSSA,0.1,0.26,short-term_:_and long-term,1.93827,2.010878,2.39442,2.516329,2.593794
True,mean,False,lower,VM5a,3e+19,Resovsky,GFZ,0.1,0.26,short-term_:_and long-term,1.85713,1.929431,2.228314,2.277893,2.5322
True,mean,False,lower,VM5a,3e+19,Resovsky,JPL,0.1,0.26,short-term_:_and long-term,1.924758,1.997059,2.305312,2.362545,2.619815
True,mean,False,lower,VM5a,3e+19,Resovsky,CSR,0.1,0.26,short-term_:_and long-term,1.856969,1.92927,2.234323,2.293206,2.556446
True,mean,False,lower,VM5a,3e+19,Resovsky,MSSA,0.1,0.26,short-term_:_and long-term,1.94679,2.019091,2.381714,2.499198,2.578335
False,mean,False,upper,VM5a,3e+19,Resovsky,GFZ,0.1,0.26,short-term_:_and long-term,1.879769,1.952377,2.222355,2.264042,2.51689
False,mean,False,upper,VM5a,3e+19,Resovsky,JPL,0.1,0.26,short-term_:_and long-term,1.948227,2.020835,2.299625,2.350025,2.605719
False,mean,False,upper,VM5a,3e+19,Resovsky,CSR,0.1,0.26,short-term_:_and long-term,1.879606,1.952214,2.227839,2.278939,2.539513
False,mean,False,upper,VM5a,3e+19,Resovsky,MSSA,0.1,0.26,short-term_:_and long-term,1.970531,2.043139,2.371104,2.481831,2.560362
True,mean,False,upper,VM5a,3e+19,Resovsky,GFZ,0.1,0.26,short-term_:_and long-term,1.886454,1.958755,2.214631,2.25232,2.50405
True,mean,False,upper,VM5a,3e+19,Resovsky,JPL,0.1,0.26,short-term_:_and long-term,1.95515,2.027451,2.291769,2.338317,2.594018
True,mean,False,upper,VM5a,3e+19,Resovsky,CSR,0.1,0.26,short-term_:_and long-term,1.886291,1.958592,2.219826,2.26719,2.528236
True,mean,False,upper,VM5a,3e+19,Resovsky,MSSA,0.1,0.26,short-term_:_and long-term,1.97753,2.049831,2.360526,2.467836,2.550887
False,mean,False,mean,VM5a,3e+19,Resovsky,GFZ,0.2,0.26,short-term_:_and long-term,1.865566,1.938492,2.181245,2.218794,2.483035
False,mean,False,mean,VM5a,3e+19,Resovsky,JPL,0.2,0.26,short-term_:_and long-term,1.933507,2.006433,2.257739,2.305195,2.574477
False,mean,False,mean,VM5a,3e+19,Resovsky,CSR,0.2,0.26,short-term_:_and long-term,1.865404,1.93833,2.186373,2.233037,2.506418
False,mean,False,mean,VM5a,3e+19,Resovsky,MSSA,0.2,0.26,short-term_:_and long-term,1.955641,2.028567,2.321376,2.427055,2.529496
True,mean,False,mean,VM5a,3e+19,Resovsky,GFZ,0.2,0.26,short-term_:_and long-term,1.873194,1.945815,2.175654,2.209364,2.474688
True,mean,False,mean,VM5a,3e+19,Resovsky,JPL,0.2,0.26,short-term_:_and long-term,1.941407,2.014028,2.252173,2.296255,2.567178
True,mean,False,mean,VM5a,3e+19,Resovsky,CSR,0.2,0.26,short-term_:_and long-term,1.873032,1.945653,2.180633,2.223402,2.497245
True,mean,False,mean,VM5a,3e+19,Resovsky,MSSA,0.2,0.26,short-term_:_and long-term,1.963629,2.036251,2.313229,2.416538,2.520434
False,mean,False,lower,VM5a,3e+19,Resovsky,GFZ,0.2,0.26,short-term_:_and long-term,1.848995,1.92192,2.183581,2.225765,2.491758
False,mean,False,lower,VM5a,3e+19,Resovsky,JPL,0.2,0.26,short-term_:_and long-term,1.916332,1.989258,2.25992,2.312041,2.582298
False,mean,False,lower,VM5a,3e+19,Resovsky,CSR,0.2,0.26,short-term_:_and long-term,1.848834,1.92176,2.189096,2.240995,2.515176
False,mean,False,lower,VM5a,3e+19,Resovsky,MSSA,0.2,0.26,short-term_:_and long-term,1.93827,2.011196,2.326856,2.437355,2.540659
True,mean,False,lower,VM5a,3e+19,Resovsky,GFZ,0.2,0.26,short-term_:_and long-term,1.85713,1.929751,2.177322,2.215934,2.483334
True,mean,False,lower,VM5a,3e+19,Resovsky,JPL,0.2,0.26,short-term_:_and long-term,1.924758,1.997379,2.253701,2.302466,2.57485
True,mean,False,lower,VM5a,3e+19,Resovsky,CSR,0.2,0.26,short-term_:_and long-term,1.856969,1.92959,2.182639,2.230975,2.506304
True,mean,False,lower,VM5a,3e+19,Resovsky,MSSA,0.2,0.26,short-term_:_and long-term,1.94679,2.019411,2.317621,2.425165,2.52933
False,mean,False,upper,VM5a,3e+19,Resovsky,GFZ,0.2,0.26,short-term_:_and long-term,1.879769,1.952695,2.177197,2.209272,2.47262
False,mean,False,upper,VM5a,3e+19,Resovsky,JPL,0.2,0.26,short-term_:_and long-term,1.948227,2.021153,2.253811,2.295809,2.564512
False,mean,False,upper,VM5a,3e+19,Resovsky,CSR,0.2,0.26,short-term_:_and long-term,1.879606,1.952532,2.182033,2.223022,2.495088
False,mean,False,upper,VM5a,3e+19,Resovsky,MSSA,0.2,0.26,short-term_:_and long-term,1.970531,2.043456,2.314322,2.415916,2.517773
True,mean,False,upper,VM5a,3e+19,Resovsky,GFZ,0.2,0.26,short-term_:_and long-term,1.886454,1.959076,2.171856,2.200823,2.465068
True,mean,False,upper,VM5a,3e+19,Resovsky,JPL,0.2,0.26,short-term_:_and long-term,1.95515,2.027771,2.248435,2.286997,2.556754
True,mean,False,upper,VM5a,3e+19,Resovsky,CSR,0.2,0.26,short-term_:_and long-term,1.886291,1.958912,2.176467,2.214518,2.486951
True,mean,False,upper,VM5a,3e+19,Resovsky,MSSA,0.2,0.26,short-term_:_and long-term,1.97753,2.050151,2.306603,2.405991,2.50926
False,mean,False,mean,VM5a,5e+20,,GFZ,,,long-term,1.865566,1.918774,1.945925,1.899667,2.13401
False,mean,False,mean,VM5a,5e+20,,JPL,,,long-term,1.933507,1.986715,2.01469,1.974054,2.213853
False,mean,False,mean,VM5a,5e+20,,CSR,,,long-term,1.865404,1.918612,1.946418,1.909687,2.149996
False,mean,False,mean,VM5a,5e+20,,MSSA,,,long-term,1.955641,2.008849,2.041028,2.066223,2.176593
True,mean,False,mean,VM5a,5e+20,,GFZ,,,long-term,1.873194,1.926211,1.946727,1.898336,2.130681
True,mean,False,mean,VM5a,5e+20,,JPL,,,long-term,1.941407,1.994424,2.015562,1.973317,2.211661
True,mean,False,mean,VM5a,5e+20,,CSR,,,long-term,1.873032,1.926049,1.947086,1.908035,2.146318
True,mean,False,mean,VM5a,5e+20,,MSSA,,,long-term,1.963629,2.016646,2.040884,2.064199,2.172906
False,mean,False,lower,VM5a,5e+20,,GFZ,,,long-term,1.848995,1.902202,1.932519,1.887751,2.120269
False,mean,False,lower,VM5a,5e+20,,JPL,,,long-term,1.916332,1.96954,2.000773,1.962207,2.20059
False,mean,False,lower,VM5a,5e+20,,CSR,,,long-term,1.848834,1.902042,1.933093,1.897262,2.136186
False,mean,False,lower,VM5a,5e+20,,MSSA,,,long-term,1.93827,1.991478,2.027411,2.05377,2.164667
True,mean,False,lower,VM5a,5e+20,,GFZ,,,long-term,1.85713,1.910147,1.933153,1.886132,2.117084
True,mean,False,lower,VM5a,5e+20,,JPL,,,long-term,1.924758,1.977775,2.001481,1.960272,2.197146
True,mean,False,lower,VM5a,5e+20,,CSR,,,long-term,1.856969,1.909986,1.933573,1.895988,2.133482
True,mean,False,lower,VM5a,5e+20,,MSSA,,,long-term,1.94679,1.999807,2.026963,2.050968,2.159725
False,mean,False,upper,VM5a,5e+20,,GFZ,,,long-term,1.879769,1.932977,1.957057,1.908957,2.14338
False,mean,False,upper,VM5a,5e+20,,JPL,,,long-term,1.948227,2.001435,2.026259,1.985017,2.225534
False,mean,False,upper,VM5a,5e+20,,CSR,,,long-term,1.879606,1.932814,1.957489,1.919783,2.159907
False,mean,False,upper,VM5a,5e+20,,MSSA,,,long-term,1.970531,2.023738,2.052297,2.076724,2.185818
True,mean,False,upper,VM5a,5e+20,,GFZ,,,long-term,1.886454,1.939471,1.957582,1.907526,2.140857
True,mean,False,upper,VM5a,5e+20,,JPL,,,long-term,1.95515,2.008167,2.026829,1.983353,2.222734
True,mean,False,upper,VM5a,5e+20,,CSR,,,long-term,1.886291,1.939308,1.957876,1.918245,2.157293
True,mean,False,upper,VM5a,5e+20,,MSSA,,,long-term,1.97753,2.030547,2.051951,2.074295,2.181948
False,mean,False,mean,VM5a,5e+20,PAR3P,GFZ,0.15,0.26,short-term_:_and long-term,1.865566,1.938062,2.174812,2.21031,2.487603
False,mean,False,mean,VM5a,5e+20,PAR3P,JPL,0.15,0.26,short-term_:_and long-term,1.933507,2.006003,2.252107,2.298176,2.576981
False,mean,False,mean,VM5a,5e+20,PAR3P,CSR,0.15,0.26,short-term_:_and long-term,1.865404,1.9379,2.179994,2.225358,2.507237
False,mean,False,mean,VM5a,5e+20,PAR3P,MSSA,0.15,0.26,short-term_:_and long-term,1.955641,2.028138,2.313959,2.420145,2.537066
True,mean,False,mean,VM5a,5e+20,PAR3P,GFZ,0.15,0.26,short-term_:_and long-term,1.873194,1.945389,2.173383,2.20588,2.480421
True,mean,False,mean,VM5a,5e+20,PAR3P,JPL,0.15,0.26,short-term_:_and long-term,1.941407,2.013602,2.250657,2.294124,2.571272
True,mean,False,mean,VM5a,5e+20,PAR3P,CSR,0.15,0.26,short-term_:_and long-term,1.873032,1.945227,2.178444,2.221632,2.50143
True,mean,False,mean,VM5a,5e+20,PAR3P,MSSA,0.15,0.26,short-term_:_and long-term,1.963629,2.035824,2.31102,2.414336,2.527991
False,mean,False,lower,VM5a,5e+20,PAR3P,GFZ,0.15,0.26,short-term_:_and long-term,1.848995,1.921491,2.175503,2.215529,2.495453
False,mean,False,lower,VM5a,5e+20,PAR3P,JPL,0.15,0.26,short-term_:_and long-term,1.916332,1.988828,2.252682,2.303527,2.583851
False,mean,False,lower,VM5a,5e+20,PAR3P,CSR,0.15,0.26,short-term_:_and long-term,1.848834,1.921331,2.181057,2.231544,2.516502
False,mean,False,lower,VM5a,5e+20,PAR3P,MSSA,0.15,0.26,short-term_:_and long-term,1.93827,2.010766,2.317364,2.427951,2.54673
True,mean,False,lower,VM5a,5e+20,PAR3P,GFZ,0.15,0.26,short-term_:_and long-term,1.85713,1.929325,2.173887,2.211801,2.48827
True,mean,False,lower,VM5a,5e+20,PAR3P,JPL,0.15,0.26,short-term_:_and long-term,1.924758,1.996953,2.251052,2.298914,2.577163
True,mean,False,lower,VM5a,5e+20,PAR3P,CSR,0.15,0.26,short-term_:_and long-term,1.856969,1.929164,2.179281,2.226642,2.508346
True,mean,False,lower,VM5a,5e+20,PAR3P,MSSA,0.15,0.26,short-term_:_and long-term,1.94679,2.018984,2.313979,2.422065,2.537569
False,mean,False,upper,VM5a,5e+20,PAR3P,GFZ,0.15,0.26,short-term_:_and long-term,1.879769,1.952266,2.172593,2.203158,2.478048
False,mean,False,upper,VM5a,5e+20,PAR3P,JPL,0.15,0.26,short-term_:_and long-term,1.948227,2.020724,2.249951,2.291006,2.56885
False,mean,False,upper,VM5a,5e+20,PAR3P,CSR,0.15,0.26,short-term_:_and long-term,1.879606,1.952103,2.17748,2.217952,2.497691
False,mean,False,upper,VM5a,5e+20,PAR3P,MSSA,0.15,0.26,short-term_:_and long-term,1.970531,2.043027,2.309181,2.411025,2.525899
True,mean,False,upper,VM5a,5e+20,PAR3P,GFZ,0.15,0.26,short-term_:_and long-term,1.886454,1.958649,2.170939,2.199157,2.470674
True,mean,False,upper,VM5a,5e+20,PAR3P,JPL,0.15,0.26,short-term_:_and long-term,1.95515,2.027345,2.248228,2.286733,2.562263
True,mean,False,upper,VM5a,5e+20,PAR3P,CSR,0.15,0.26,short-term_:_and long-term,1.886291,1.958486,2.175644,2.214154,2.491487
True,mean,False,upper,VM5a,5e+20,PAR3P,MSSA,0.15,0.26,short-term_:_and long-term,1.97753,2.049725,2.306085,2.405847,2.518945
False,mean,False,mean,VM5a,5e+20,PAR3P,GFZ,0.1,0.26,short-term_:_and long-term,1.865566,1.937967,2.21859,2.262867,2.532158
False,mean,False,mean,VM5a,5e+20,PAR3P,JPL,0.1,0.26,short-term_:_and long-term,1.933507,2.005908,2.296197,2.349228,2.620274
False,mean,False,mean,VM5a,5e+20,PAR3P,CSR,0.1,0.26,short-term_:_and long-term,1.865404,1.937806,2.224236,2.279349,2.553341
False,mean,False,mean,VM5a,5e+20,PAR3P,MSSA,0.1,0.26,short-term_:_and long-term,1.955641,2.028043,2.369113,2.483025,2.586402
True,mean,False,mean,VM5a,5e+20,PAR3P,GFZ,0.1,0.26,short-term_:_and long-term,1.873194,1.945292,2.216242,2.25789,2.522848
True,mean,False,mean,VM5a,5e+20,PAR3P,JPL,0.1,0.26,short-term_:_and long-term,1.941407,2.013505,2.293785,2.343503,2.610374
True,mean,False,mean,VM5a,5e+20,PAR3P,CSR,0.1,0.26,short-term_:_and long-term,1.873032,1.94513,2.221757,2.273778,2.545551
True,mean,False,mean,VM5a,5e+20,PAR3P,MSSA,0.1,0.26,short-term_:_and long-term,1.963629,2.035727,2.365121,2.476072,2.575937
False,mean,False,lower,VM5a,5e+20,PAR3P,GFZ,0.1,0.26,short-term_:_and long-term,1.848995,1.921396,2.224839,2.275349,2.547003
False,mean,False,lower,VM5a,5e+20,PAR3P,JPL,0.1,0.26,short-term_:_and long-term,1.916332,1.988734,2.302354,2.361705,2.631902
False,mean,False,lower,VM5a,5e+20,PAR3P,CSR,0.1,0.26,short-term_:_and long-term,1.848834,1.921236,2.230918,2.291728,2.569447
False,mean,False,lower,VM5a,5e+20,PAR3P,MSSA,0.1,0.26,short-term_:_and long-term,1.93827,2.010671,2.379518,2.498447,2.600354
True,mean,False,lower,VM5a,5e+20,PAR3P,GFZ,0.1,0.26,short-term_:_and long-term,1.85713,1.929228,2.222236,2.269694,2.537147
True,mean,False,lower,VM5a,5e+20,PAR3P,JPL,0.1,0.26,short-term_:_and long-term,1.924758,1.996856,2.299694,2.355639,2.62286
True,mean,False,lower,VM5a,5e+20,PAR3P,CSR,0.1,0.26,short-term_:_and long-term,1.856969,1.929067,2.228135,2.285933,2.559076
True,mean,False,lower,VM5a,5e+20,PAR3P,MSSA,0.1,0.26,short-term_:_and long-term,1.94679,2.018888,2.374951,2.491122,2.589817
False,mean,False,upper,VM5a,5e+20,PAR3P,GFZ,0.1,0.26,short-term_:_and long-term,1.879769,1.952171,2.210931,2.250052,2.518233
False,mean,False,upper,VM5a,5e+20,PAR3P,JPL,0.1,0.26,short-term_:_and long-term,1.948227,2.020629,2.28859,2.336819,2.606526
False,mean,False,upper,VM5a,5e+20,PAR3P,CSR,0.1,0.26,short-term_:_and long-term,1.879606,1.952008,2.216245,2.26557,2.538182
False,mean,False,upper,VM5a,5e+20,PAR3P,MSSA,0.1,0.26,short-term_:_and long-term,1.970531,2.042932,2.357522,2.465936,2.568214
True,mean,False,upper,VM5a,5e+20,PAR3P,GFZ,0.1,0.26,short-term_:_and long-term,1.886454,1.958552,2.208439,2.244442,2.508936
True,mean,False,upper,VM5a,5e+20,PAR3P,JPL,0.1,0.26,short-term_:_and long-term,1.95515,2.027248,2.285979,2.330789,2.597294
True,mean,False,upper,VM5a,5e+20,PAR3P,CSR,0.1,0.26,short-term_:_and long-term,1.886291,1.958389,2.213538,2.259684,2.528693
True,mean,False,upper,VM5a,5e+20,PAR3P,MSSA,0.1,0.26,short-term_:_and long-term,1.97753,2.049628,2.35345,2.459322,2.558124
False,mean,False,mean,VM5a,5e+20,PAR3P,GFZ,0.2,0.26,short-term_:_and long-term,1.865566,1.938123,2.147072,2.176987,2.457623
False,mean,False,mean,VM5a,5e+20,PAR3P,JPL,0.2,0.26,short-term_:_and long-term,1.933507,2.006064,2.223969,2.26241,2.544768
False,mean,False,mean,VM5a,5e+20,PAR3P,CSR,0.2,0.26,short-term_:_and long-term,1.865404,1.937961,2.151896,2.191795,2.479192
False,mean,False,mean,VM5a,5e+20,PAR3P,MSSA,0.2,0.26,short-term_:_and long-term,1.955641,2.028199,2.279032,2.378413,2.506884
True,mean,False,mean,VM5a,5e+20,PAR3P,GFZ,0.2,0.26,short-term_:_and long-term,1.873194,1.945452,2.146398,2.17405,2.45216
True,mean,False,mean,VM5a,5e+20,PAR3P,JPL,0.2,0.26,short-term_:_and long-term,1.941407,2.013665,2.223313,2.259449,2.5396
True,mean,False,mean,VM5a,5e+20,PAR3P,CSR,0.2,0.26,short-term_:_and long-term,1.873032,1.94529,2.151111,2.18881,2.474065
True,mean,False,mean,VM5a,5e+20,PAR3P,MSSA,0.2,0.26,short-term_:_and long-term,1.963629,2.035887,2.276976,2.373629,2.499124
False,mean,False,lower,VM5a,5e+20,PAR3P,GFZ,0.2,0.26,short-term_:_and long-term,1.848995,1.921552,2.144269,2.178533,2.461821
False,mean,False,lower,VM5a,5e+20,PAR3P,JPL,0.2,0.26,short-term_:_and long-term,1.916332,1.988889,2.221021,2.263812,2.548809
False,mean,False,lower,VM5a,5e+20,PAR3P,CSR,0.2,0.26,short-term_:_and long-term,1.848834,1.921392,2.149422,2.194106,2.483297
False,mean,False,lower,VM5a,5e+20,PAR3P,MSSA,0.2,0.26,short-term_:_and long-term,1.93827,2.010827,2.278049,2.381514,2.512524
True,mean,False,lower,VM5a,5e+20,PAR3P,GFZ,0.2,0.26,short-term_:_and long-term,1.85713,1.929388,2.143458,2.174709,2.455476
True,mean,False,lower,VM5a,5e+20,PAR3P,JPL,0.2,0.26,short-term_:_and long-term,1.924758,1.997016,2.220238,2.260687,2.543253
True,mean,False,lower,VM5a,5e+20,PAR3P,CSR,0.2,0.26,short-term_:_and long-term,1.856969,1.929227,2.148469,2.190185,2.477399
True,mean,False,lower,VM5a,5e+20,PAR3P,MSSA,0.2,0.26,short-term_:_and long-term,1.94679,2.019048,2.275632,2.376099,2.504404
False,mean,False,upper,VM5a,5e+20,PAR3P,GFZ,0.2,0.26,short-term_:_and long-term,1.879769,1.952327,2.148231,2.174446,2.452327
False,mean,False,upper,VM5a,5e+20,PAR3P,JPL,0.2,0.26,short-term_:_and long-term,1.948227,2.020785,2.225216,2.259501,2.539251
False,mean,False,upper,VM5a,5e+20,PAR3P,CSR,0.2,0.26,short-term_:_and long-term,1.879606,1.952164,2.152791,2.188785,2.47338
False,mean,False,upper,VM5a,5e+20,PAR3P,MSSA,0.2,0.26,short-term_:_and long-term,1.970531,2.043088,2.278479,2.374008,2.498747
True,mean,False,upper,VM5a,5e+20,PAR3P,GFZ,0.2,0.26,short-term_:_and long-term,1.886454,1.958712,2.147275,2.17107,2.44643
True,mean,False,upper,VM5a,5e+20,PAR3P,JPL,0.2,0.26,short-term_:_and long-term,1.95515,2.027408,2.224233,2.256691,2.534236
True,mean,False,upper,VM5a,5e+20,PAR3P,CSR,0.2,0.26,short-term_:_and long-term,1.886291,1.958549,2.151674,2.185258,2.467787
True,mean,False,upper,VM5a,5e+20,PAR3P,MSSA,0.2,0.26,short-term_:_and long-term,1.97753,2.049788,2.276209,2.369394,2.491473
False,mean,False,mean,VM5a,5e+20,PREM,GFZ,0.15,0.26,short-term_:_and long-term,1.865566,1.939516,2.188715,2.230797,2.519634
False,mean,False,mean,VM5a,5e+20,PREM,JPL,0.15,0.26,short-term_:_and long-term,1.933507,2.007457,2.266523,2.317146,2.606733
False,mean,False,mean,VM5a,5e+20,PREM,CSR,0.15,0.26,short-term_:_and long-term,1.865404,1.939354,2.194051,2.245119,2.540986
False,mean,False,mean,VM5a,5e+20,PREM,MSSA,0.15,0.26,short-term_:_and long-term,1.955641,2.029592,2.331066,2.444086,2.571796
True,mean,False,mean,VM5a,5e+20,PREM,GFZ,0.15,0.26,short-term_:_and long-term,1.873194,1.946831,2.187113,2.226582,2.51194
True,mean,False,mean,VM5a,5e+20,PREM,JPL,0.15,0.26,short-term_:_and long-term,1.941407,2.015044,2.2649,2.312879,2.599393
True,mean,False,mean,VM5a,5e+20,PREM,CSR,0.15,0.26,short-term_:_and long-term,1.873032,1.946669,2.192336,2.24005,2.531455
True,mean,False,mean,VM5a,5e+20,PREM,MSSA,0.15,0.26,short-term_:_and long-term,1.963629,2.037266,2.327878,2.438265,2.56278
False,mean,False,lower,VM5a,5e+20,PREM,GFZ,0.15,0.26,short-term_:_and long-term,1.848995,1.922945,2.190677,2.237749,2.531019
False,mean,False,lower,VM5a,5e+20,PREM,JPL,0.15,0.26,short-term_:_and long-term,1.916332,1.990282,2.268411,2.324441,2.616901
False,mean,False,lower,VM5a,5e+20,PREM,CSR,0.15,0.26,short-term_:_and long-term,1.848834,1.922785,2.1964,2.252506,2.550991
False,mean,False,lower,VM5a,5e+20,PREM,MSSA,0.15,0.26,short-term_:_and long-term,1.93827,2.01222,2.336089,2.45346,2.585693
True,mean,False,lower,VM5a,5e+20,PREM,GFZ,0.15,0.26,short-term_:_and long-term,1.85713,1.930767,2.188864,2.233074,2.522979
True,mean,False,lower,VM5a,5e+20,PREM,JPL,0.15,0.26,short-term_:_and long-term,1.924758,1.998395,2.266586,2.31968,2.609227
True,mean,False,lower,VM5a,5e+20,PREM,CSR,0.15,0.26,short-term_:_and long-term,1.856969,1.930606,2.194433,2.247791,2.542768
True,mean,False,lower,VM5a,5e+20,PREM,MSSA,0.15,0.26,short-term_:_and long-term,1.94679,2.020427,2.332402,2.447476,2.575352
False,mean,False,upper,VM5a,5e+20,PREM,GFZ,0.15,0.26,short-term_:_and long-term,1.879769,1.95372,2.18516,2.222617,2.506899
False,mean,False,upper,VM5a,5e+20,PREM,JPL,0.15,0.26,short-term_:_and long-term,1.948227,2.022178,2.262996,2.308794,2.59576
False,mean,False,upper,VM5a,5e+20,PREM,CSR,0.15,0.26,short-term_:_and long-term,1.879606,1.953557,2.190194,2.236049,2.527854
False,mean,False,upper,VM5a,5e+20,PREM,MSSA,0.15,0.26,short-term_:_and long-term,1.970531,2.044481,2.324602,2.433098,2.557281
True,mean,False,upper,VM5a,5e+20,PREM,GFZ,0.15,0.26,short-term_:_and long-term,1.886454,1.960092,2.18336,2.218292,2.500013
True,mean,False,upper,VM5a,5e+20,PREM,JPL,0.15,0.26,short-term_:_and long-term,1.95515,2.028787,2.261124,2.304825,2.588712
True,mean,False,upper,VM5a,5e+20,PREM,CSR,0.15,0.26,short-term_:_and long-term,1.886291,1.959928,2.18821,2.231792,2.519618
True,mean,False,upper,VM5a,5e+20,PREM,MSSA,0.15,0.26,short-term_:_and long-term,1.97753,2.051167,2.32129,2.427311,2.548661
False,mean,False,mean,VM5a,5e+20,PREM,GFZ,0.1,0.26,short-term_:_and long-term,1.865566,1.939326,2.231706,2.282869,2.563508
False,mean,False,mean,VM5a,5e+20,PREM,JPL,0.1,0.26,short-term_:_and long-term,1.933507,2.007267,2.309845,2.37003,2.651864
False,mean,False,mean,VM5a,5e+20,PREM,CSR,0.1,0.26,short-term_:_and long-term,1.865404,1.939164,2.237531,2.298396,2.584339
False,mean,False,mean,VM5a,5e+20,PREM,MSSA,0.1,0.26,short-term_:_and long-term,1.955641,2.029401,2.385258,2.507236,2.621635
True,mean,False,mean,VM5a,5e+20,PREM,GFZ,0.1,0.26,short-term_:_and long-term,1.873194,1.946639,2.228567,2.276174,2.552915
True,mean,False,mean,VM5a,5e+20,PREM,JPL,0.1,0.26,short-term_:_and long-term,1.941407,2.014852,2.306623,2.363935,2.641953
True,mean,False,mean,VM5a,5e+20,PREM,CSR,0.1,0.26,short-term_:_and long-term,1.873032,1.946477,2.234262,2.292074,2.57392
True,mean,False,mean,VM5a,5e+20,PREM,MSSA,0.1,0.26,short-term_:_and long-term,1.963629,2.037074,2.380218,2.498221,2.609237
False,mean,False,lower,VM5a,5e+20,PREM,GFZ,0.1,0.26,short-term_:_and long-term,1.848995,1.922755,2.238699,2.296859,2.580566
False,mean,False,lower,VM5a,5e+20,PREM,JPL,0.1,0.26,short-term_:_and long-term,1.916332,1.990092,2.316791,2.383174,2.667892
False,mean,False,lower,VM5a,5e+20,PREM,CSR,0.1,0.26,short-term_:_and long-term,1.848834,1.922594,2.244971,2.311664,2.600854
False,mean,False,lower,VM5a,5e+20,PREM,MSSA,0.1,0.26,short-term_:_and long-term,1.93827,2.01203,2.396613,2.524425,2.640191
True,mean,False,lower,VM5a,5e+20,PREM,GFZ,0.1,0.26,short-term_:_and long-term,1.85713,1.930575,2.235218,2.289868,2.569363
True,mean,False,lower,VM5a,5e+20,PREM,JPL,0.1,0.26,short-term_:_and long-term,1.924758,1.998203,2.313233,2.376774,2.655989
True,mean,False,lower,VM5a,5e+20,PREM,CSR,0.1,0.26,short-term_:_and long-term,1.856969,1.930414,2.241306,2.30496,2.589925
True,mean,False,lower,VM5a,5e+20,PREM,MSSA,0.1,0.26,short-term_:_and long-term,1.94679,2.020235,2.390864,2.51552,2.626788
False,mean,False,upper,VM5a,5e+20,PREM,GFZ,0.1,0.26,short-term_:_and long-term,1.879769,1.953529,2.223252,2.267269,2.544994
False,mean,False,upper,VM5a,5e+20,PREM,JPL,0.1,0.26,short-term_:_and long-term,1.948227,2.021987,2.301407,2.355277,2.635698
False,mean,False,upper,VM5a,5e+20,PREM,CSR,0.1,0.26,short-term_:_and long-term,1.879606,1.953366,2.228741,2.28431,2.567579
False,mean,False,upper,VM5a,5e+20,PREM,MSSA,0.1,0.26,short-term_:_and long-term,1.970531,2.044291,2.372667,2.48816,2.600673
True,mean,False,upper,VM5a,5e+20,PREM,GFZ,0.1,0.26,short-term_:_and long-term,1.886454,1.9599,2.220059,2.26158,2.535757
True,mean,False,upper,VM5a,5e+20,PREM,JPL,0.1,0.26,short-term_:_and long-term,1.95515,2.028595,2.298074,2.349186,2.626171
True,mean,False,upper,VM5a,5e+20,PREM,CSR,0.1,0.26,short-term_:_and long-term,1.886291,1.959736,2.225324,2.277495,2.556848
True,mean,False,upper,VM5a,5e+20,PREM,MSSA,0.1,0.26,short-term_:_and long-term,1.97753,2.050975,2.367661,2.479775,2.588415
False,mean,False,mean,VM5a,5e+20,PREM,GFZ,0.2,0.26,short-term_:_and long-term,1.865566,1.939657,2.160238,2.196332,2.48728
False,mean,False,mean,VM5a,5e+20,PREM,JPL,0.2,0.26,short-term_:_and long-term,1.933507,2.007597,2.237646,2.281142,2.574113
False,mean,False,mean,VM5a,5e+20,PREM,CSR,0.2,0.26,short-term_:_and long-term,1.865404,1.939495,2.165213,2.212002,2.508513
False,mean,False,mean,VM5a,5e+20,PREM,MSSA,0.2,0.26,short-term_:_and long-term,1.955641,2.029732,2.295194,2.401235,2.538935
True,mean,False,mean,VM5a,5e+20,PREM,GFZ,0.2,0.26,short-term_:_and long-term,1.873194,1.946973,2.159716,2.193323,2.481638
True,mean,False,mean,VM5a,5e+20,PREM,JPL,0.2,0.26,short-term_:_and long-term,1.941407,2.015186,2.237152,2.277936,2.569412
True,mean,False,mean,VM5a,5e+20,PREM,CSR,0.2,0.26,short-term_:_and long-term,1.873032,1.946811,2.164588,2.208864,2.503605
True,mean,False,mean,VM5a,5e+20,PREM,MSSA,0.2,0.26,short-term_:_and long-term,1.963629,2.037409,2.293316,2.397299,2.532933
False,mean,False,lower,VM5a,5e+20,PREM,GFZ,0.2,0.26,short-term_:_and long-term,1.848995,1.923085,2.158873,2.199678,2.493607
False,mean,False,lower,VM5a,5e+20,PREM,JPL,0.2,0.26,short-term_:_and long-term,1.916332,1.990423,2.236178,2.284289,2.581155
False,mean,False,lower,VM5a,5e+20,PREM,CSR,0.2,0.26,short-term_:_and long-term,1.848834,1.922925,2.164193,2.215233,2.515127
False,mean,False,lower,VM5a,5e+20,PREM,MSSA,0.2,0.26,short-term_:_and long-term,1.93827,2.012361,2.296042,2.40651,2.548022
True,mean,False,lower,VM5a,5e+20,PREM,GFZ,0.2,0.26,short-term_:_and long-term,1.85713,1.930909,2.158229,2.196528,2.48861
True,mean,False,lower,VM5a,5e+20,PREM,JPL,0.2,0.26,short-term_:_and long-term,1.924758,1.998537,2.235573,2.281253,2.575315
True,mean,False,lower,VM5a,5e+20,PREM,CSR,0.2,0.26,short-term_:_and long-term,1.856969,1.930748,2.163412,2.212315,2.509707
True,mean,False,lower,VM5a,5e+20,PREM,MSSA,0.2,0.26,short-term_:_and long-term,1.94679,2.020569,2.293802,2.401826,2.540871
False,mean,False,upper,VM5a,5e+20,PREM,GFZ,0.2,0.26,short-term_:_and long-term,1.879769,1.95386,2.159931,2.191208,2.478638
False,mean,False,upper,VM5a,5e+20,PREM,JPL,0.2,0.26,short-term_:_and long-term,1.948227,2.022318,2.237391,2.275862,2.566013
False,mean,False,upper,VM5a,5e+20,PREM,CSR,0.2,0.26,short-term_:_and long-term,1.879606,1.953697,2.164631,2.206619,2.500115
False,mean,False,upper,VM5a,5e+20,PREM,MSSA,0.2,0.26,short-term_:_and long-term,1.970531,2.044621,2.292785,2.394907,2.529198
True,mean,False,upper,VM5a,5e+20,PREM,GFZ,0.2,0.26,short-term_:_and long-term,1.886454,1.960234,2.159116,2.188053,2.472892
True,mean,False,upper,VM5a,5e+20,PREM,JPL,0.2,0.26,short-term_:_and long-term,1.95515,2.02893,2.236555,2.27272,2.56041
True,mean,False,upper,VM5a,5e+20,PREM,CSR,0.2,0.26,short-term_:_and long-term,1.886291,1.960071,2.163656,2.203363,2.495294
True,mean,False,upper,VM5a,5e+20,PREM,MSSA,0.2,0.26,short-term_:_and long-term,1.97753,2.051309,2.290676,2.390085,2.521712
False,mean,False,mean,VM5a,5e+20,QL6,GFZ,0.15,0.26,short-term_:_and long-term,1.865566,1.936567,2.168016,2.198916,2.474362
False,mean,False,mean,VM5a,5e+20,QL6,JPL,0.15,0.26,short-term_:_and long-term,1.933507,2.004508,2.244456,2.285255,2.562928
False,mean,False,mean,VM5a,5e+20,QL6,CSR,0.15,0.26,short-term_:_and long-term,1.865404,1.936405,2.172807,2.21307,2.493973
False,mean,False,mean,VM5a,5e+20,QL6,MSSA,0.15,0.26,short-term_:_and long-term,1.955641,2.026642,2.307806,2.411697,2.525957
True,mean,False,mean,VM5a,5e+20,QL6,GFZ,0.15,0.26,short-term_:_and long-term,1.873194,1.943902,2.166417,2.194294,2.466997
True,mean,False,mean,VM5a,5e+20,QL6,JPL,0.15,0.26,short-term_:_and long-term,1.941407,2.012115,2.242835,2.280567,2.555456
True,mean,False,mean,VM5a,5e+20,QL6,CSR,0.15,0.26,short-term_:_and long-term,1.873032,1.94374,2.171086,2.208959,2.486717
True,mean,False,mean,VM5a,5e+20,QL6,MSSA,0.15,0.26,short-term_:_and long-term,1.963629,2.034337,2.304655,2.40573,2.516972
False,mean,False,lower,VM5a,5e+20,QL6,GFZ,0.15,0.26,short-term_:_and long-term,1.848995,1.919995,2.168644,2.205056,2.483238
False,mean,False,lower,VM5a,5e+20,QL6,JPL,0.15,0.26,short-term_:_and long-term,1.916332,1.987333,2.244923,2.290698,2.570571
False,mean,False,lower,VM5a,5e+20,QL6,CSR,0.15,0.26,short-term_:_and long-term,1.848834,1.919835,2.173785,2.218729,2.502436
False,mean,False,lower,VM5a,5e+20,QL6,MSSA,0.15,0.26,short-term_:_and long-term,1.93827,2.009271,2.311305,2.419281,2.535671
True,mean,False,lower,VM5a,5e+20,QL6,GFZ,0.15,0.26,short-term_:_and long-term,1.85713,1.927838,2.1668,2.199435,2.47482
True,mean,False,lower,VM5a,5e+20,QL6,JPL,0.15,0.26,short-term_:_and long-term,1.924758,1.995466,2.243064,2.285574,2.562535
True,mean,False,lower,VM5a,5e+20,QL6,CSR,0.15,0.26,short-term_:_and long-term,1.856969,1.927677,2.171777,2.214136,2.494302
True,mean,False,lower,VM5a,5e+20,QL6,MSSA,0.15,0.26,short-term_:_and long-term,1.94679,2.017498,2.307619,2.413091,2.525931
False,mean,False,upper,VM5a,5e+20,QL6,GFZ,0.15,0.26,short-term_:_and long-term,1.879769,1.95077,2.165642,2.191823,2.464789
False,mean,False,upper,VM5a,5e+20,QL6,JPL,0.15,0.26,short-term_:_and long-term,1.948227,2.019228,2.242198,2.278075,2.553438
False,mean,False,upper,VM5a,5e+20,QL6,CSR,0.15,0.26,short-term_:_and long-term,1.879606,1.950607,2.170165,2.205776,2.48414
False,mean,False,upper,VM5a,5e+20,QL6,MSSA,0.15,0.26,short-term_:_and long-term,1.970531,2.041531,2.302678,2.40203,2.514539
True,mean,False,upper,VM5a,5e+20,QL6,GFZ,0.15,0.26,short-term_:_and long-term,1.886454,1.957162,2.163877,2.187836,2.45817
True,mean,False,upper,VM5a,5e+20,QL6,JPL,0.15,0.26,short-term_:_and long-term,1.95515,2.025858,2.240363,2.273644,2.546378
True,mean,False,upper,VM5a,5e+20,QL6,CSR,0.15,0.26,short-term_:_and long-term,1.886291,1.956999,2.168211,2.201912,2.477556
True,mean,False,upper,VM5a,5e+20,QL6,MSSA,0.15,0.26,short-term_:_and long-term,1.97753,2.048238,2.29944,2.396157,2.504904
False,mean,False,mean,VM5a,5e+20,QL6,GFZ,0.1,0.26,short-term_:_and long-term,1.865566,1.936468,2.207441,2.245734,2.510447
False,mean,False,mean,VM5a,5e+20,QL6,JPL,0.1,0.26,short-term_:_and long-term,1.933507,2.004409,2.28417,2.33132,2.598861
False,mean,False,mean,VM5a,5e+20,QL6,CSR,0.1,0.26,short-term_:_and long-term,1.865404,1.936306,2.212675,2.260964,2.532018
False,mean,False,mean,VM5a,5e+20,QL6,MSSA,0.1,0.26,short-term_:_and long-term,1.955641,2.026543,2.357709,2.467582,2.565073
True,mean,False,mean,VM5a,5e+20,QL6,GFZ,0.1,0.26,short-term_:_and long-term,1.873194,1.943802,2.204801,2.239512,2.500833
True,mean,False,mean,VM5a,5e+20,QL6,JPL,0.1,0.26,short-term_:_and long-term,1.941407,2.012015,2.281471,2.325616,2.590007
True,mean,False,mean,VM5a,5e+20,QL6,CSR,0.1,0.26,short-term_:_and long-term,1.873032,1.94364,2.209903,2.255617,2.522605
True,mean,False,mean,VM5a,5e+20,QL6,MSSA,0.1,0.26,short-term_:_and long-term,1.963629,2.034237,2.353318,2.460634,2.554202
False,mean,False,lower,VM5a,5e+20,QL6,GFZ,0.1,0.26,short-term_:_and long-term,1.848995,1.919896,2.212127,2.256839,2.524338
False,mean,False,lower,VM5a,5e+20,QL6,JPL,0.1,0.26,short-term_:_and long-term,1.916332,1.987234,2.28871,2.341105,2.61082
False,mean,False,lower,VM5a,5e+20,QL6,CSR,0.1,0.26,short-term_:_and long-term,1.848834,1.919736,2.217759,2.272528,2.546184
False,mean,False,lower,VM5a,5e+20,QL6,MSSA,0.1,0.26,short-term_:_and long-term,1.93827,2.009172,2.366335,2.482174,2.579853
True,mean,False,lower,VM5a,5e+20,QL6,GFZ,0.1,0.26,short-term_:_and long-term,1.85713,1.927738,2.209162,2.25003,2.512799
True,mean,False,lower,VM5a,5e+20,QL6,JPL,0.1,0.26,short-term_:_and long-term,1.924758,1.995366,2.285692,2.334474,2.599677
True,mean,False,lower,VM5a,5e+20,QL6,CSR,0.1,0.26,short-term_:_and long-term,1.856969,1.927577,2.21461,2.265781,2.535798
True,mean,False,lower,VM5a,5e+20,QL6,MSSA,0.1,0.26,short-term_:_and long-term,1.94679,2.017398,2.361272,2.473463,2.567847
False,mean,False,upper,VM5a,5e+20,QL6,GFZ,0.1,0.26,short-term_:_and long-term,1.879769,1.950671,2.201149,2.233922,2.496547
False,mean,False,upper,VM5a,5e+20,QL6,JPL,0.1,0.26,short-term_:_and long-term,1.948227,2.019129,2.27799,2.320341,2.585875
False,mean,False,upper,VM5a,5e+20,QL6,CSR,0.1,0.26,short-term_:_and long-term,1.879606,1.950508,2.206088,2.248736,2.5178
False,mean,False,upper,VM5a,5e+20,QL6,MSSA,0.1,0.26,short-term_:_and long-term,1.970531,2.041432,2.347662,2.452338,2.547603
True,mean,False,upper,VM5a,5e+20,QL6,GFZ,0.1,0.26,short-term_:_and long-term,1.886454,1.957063,2.198434,2.228135,2.487745
True,mean,False,upper,VM5a,5e+20,QL6,JPL,0.1,0.26,short-term_:_and long-term,1.95515,2.025758,2.275161,2.314419,2.577113
True,mean,False,upper,VM5a,5e+20,QL6,CSR,0.1,0.26,short-term_:_and long-term,1.886291,1.956899,2.203155,2.243166,2.508179
True,mean,False,upper,VM5a,5e+20,QL6,MSSA,0.1,0.26,short-term_:_and long-term,1.97753,2.048138,2.34328,2.445916,2.538589
False,mean,False,mean,VM5a,5e+20,QL6,GFZ,0.2,0.26,short-term_:_and long-term,1.865566,1.936657,2.140673,2.166372,2.445472
False,mean,False,mean,VM5a,5e+20,QL6,JPL,0.2,0.26,short-term_:_and long-term,1.933507,2.004598,2.216815,2.250365,2.532097
False,mean,False,mean,VM5a,5e+20,QL6,CSR,0.2,0.26,short-term_:_and long-term,1.865404,1.936496,2.145127,2.180452,2.466891
False,mean,False,mean,VM5a,5e+20,QL6,MSSA,0.2,0.26,short-term_:_and long-term,1.955641,2.026733,2.273217,2.3691,2.495849
True,mean,False,mean,VM5a,5e+20,QL6,GFZ,0.2,0.26,short-term_:_and long-term,1.873194,1.943994,2.139881,2.162981,2.439606
True,mean,False,mean,VM5a,5e+20,QL6,JPL,0.2,0.26,short-term_:_and long-term,1.941407,2.012207,2.216035,2.247475,2.52647
True,mean,False,mean,VM5a,5e+20,QL6,CSR,0.2,0.26,short-term_:_and long-term,1.873032,1.943832,2.144222,2.177349,2.460682
True,mean,False,mean,VM5a,5e+20,QL6,MSSA,0.2,0.26,short-term_:_and long-term,1.963629,2.034429,2.271033,2.364312,2.48874
False,mean,False,lower,VM5a,5e+20,QL6,GFZ,0.2,0.26,short-term_:_and long-term,1.848995,1.920086,2.138518,2.168663,2.451128
False,mean,False,lower,VM5a,5e+20,QL6,JPL,0.2,0.26,short-term_:_and long-term,1.916332,1.987424,2.214482,2.252143,2.536322
False,mean,False,lower,VM5a,5e+20,QL6,CSR,0.2,0.26,short-term_:_and long-term,1.848834,1.919926,2.143287,2.183243,2.472347
False,mean,False,lower,VM5a,5e+20,QL6,MSSA,0.2,0.26,short-term_:_and long-term,1.93827,2.009361,2.273207,2.372925,2.502705
True,mean,False,lower,VM5a,5e+20,QL6,GFZ,0.2,0.26,short-term_:_and long-term,1.85713,1.92793,2.137544,2.164625,2.444047
True,mean,False,lower,VM5a,5e+20,QL6,JPL,0.2,0.26,short-term_:_and long-term,1.924758,1.995558,2.21353,2.248869,2.530231
True,mean,False,lower,VM5a,5e+20,QL6,CSR,0.2,0.26,short-term_:_and long-term,1.856969,1.927769,2.142167,2.179172,2.46614
True,mean,False,lower,VM5a,5e+20,QL6,MSSA,0.2,0.26,short-term_:_and long-term,1.94679,2.017589,2.270595,2.368135,2.496086
False,mean,False,upper,VM5a,5e+20,QL6,GFZ,0.2,0.26,short-term_:_and long-term,1.879769,1.950861,2.141022,2.162479,2.438595
False,mean,False,upper,VM5a,5e+20,QL6,JPL,0.2,0.26,short-term_:_and long-term,1.948227,2.019319,2.21729,2.24702,2.525633
False,mean,False,upper,VM5a,5e+20,QL6,CSR,0.2,0.26,short-term_:_and long-term,1.879606,1.950698,2.145228,2.177275,2.460404
False,mean,False,upper,VM5a,5e+20,QL6,MSSA,0.2,0.26,short-term_:_and long-term,1.970531,2.041622,2.271502,2.363383,2.486027
True,mean,False,upper,VM5a,5e+20,QL6,GFZ,0.2,0.26,short-term_:_and long-term,1.886454,1.957254,2.139991,2.159617,2.433468
True,mean,False,upper,VM5a,5e+20,QL6,JPL,0.2,0.26,short-term_:_and long-term,1.95515,2.02595,2.216226,2.243664,2.520145
True,mean,False,upper,VM5a,5e+20,QL6,CSR,0.2,0.26,short-term_:_and long-term,1.886291,1.957091,2.144032,2.173555,2.454331
True,mean,False,upper,VM5a,5e+20,QL6,MSSA,0.2,0.26,short-term_:_and long-term,1.97753,2.04833,2.269153,2.358823,2.479069
False,mean,False,mean,VM5a,5e+20,QM1,GFZ,0.15,0.26,short-term_:_and long-term,1.865566,1.940963,2.181905,2.225481,2.514462
False,mean,False,mean,VM5a,5e+20,QM1,JPL,0.15,0.26,short-term_:_and long-term,1.933507,2.008904,2.25984,2.313465,2.602878
False,mean,False,mean,VM5a,5e+20,QM1,CSR,0.15,0.26,short-term_:_and long-term,1.865404,1.940801,2.187509,2.241718,2.534923
False,mean,False,mean,VM5a,5e+20,QM1,MSSA,0.15,0.26,short-term_:_and long-term,1.955641,2.031038,2.318707,2.431464,2.559923
True,mean,False,mean,VM5a,5e+20,QM1,GFZ,0.15,0.26,short-term_:_and long-term,1.873194,1.948268,2.180626,2.221848,2.50854
True,mean,False,mean,VM5a,5e+20,QM1,JPL,0.15,0.26,short-term_:_and long-term,1.941407,2.01648,2.258556,2.309253,2.596225
True,mean,False,mean,VM5a,5e+20,QM1,CSR,0.15,0.26,short-term_:_and long-term,1.873032,1.948105,2.186128,2.237452,2.527876
True,mean,False,mean,VM5a,5e+20,QM1,MSSA,0.15,0.26,short-term_:_and long-term,1.963629,2.038703,2.315893,2.426383,2.552554
False,mean,False,lower,VM5a,5e+20,QM1,GFZ,0.15,0.26,short-term_:_and long-term,1.848995,1.924392,2.183853,2.232813,2.525462
False,mean,False,lower,VM5a,5e+20,QM1,JPL,0.15,0.26,short-term_:_and long-term,1.916332,1.991729,2.26174,2.320923,2.613071
False,mean,False,lower,VM5a,5e+20,QM1,CSR,0.15,0.26,short-term_:_and long-term,1.848834,1.924231,2.189874,2.249695,2.545685
False,mean,False,lower,VM5a,5e+20,QM1,MSSA,0.15,0.26,short-term_:_and long-term,1.93827,2.013667,2.323475,2.44101,2.572316
True,mean,False,lower,VM5a,5e+20,QM1,GFZ,0.15,0.26,short-term_:_and long-term,1.85713,1.932203,2.1824,2.228623,2.518054
True,mean,False,lower,VM5a,5e+20,QM1,JPL,0.15,0.26,short-term_:_and long-term,1.924758,1.999831,2.260293,2.316582,2.60617
True,mean,False,lower,VM5a,5e+20,QM1,CSR,0.15,0.26,short-term_:_and long-term,1.856969,1.932043,2.188281,2.245063,2.537816
True,mean,False,lower,VM5a,5e+20,QM1,MSSA,0.15,0.26,short-term_:_and long-term,1.94679,2.021863,2.320206,2.434897,2.562721
False,mean,False,upper,VM5a,5e+20,QM1,GFZ,0.15,0.26,short-term_:_and long-term,1.879769,1.955166,2.178472,2.217631,2.50357
False,mean,False,upper,VM5a,5e+20,QM1,JPL,0.15,0.26,short-term_:_and long-term,1.948227,2.023624,2.256408,2.304369,2.59085
False,mean,False,upper,VM5a,5e+20,QM1,CSR,0.15,0.26,short-term_:_and long-term,1.879606,1.955003,2.183743,2.232955,2.523207
False,mean,False,upper,VM5a,5e+20,QM1,MSSA,0.15,0.26,short-term_:_and long-term,1.970531,2.045928,2.312622,2.421023,2.547982
True,mean,False,upper,VM5a,5e+20,QM1,GFZ,0.15,0.26,short-term_:_and long-term,1.886454,1.961528,2.176958,2.213895,2.496729
True,mean,False,upper,VM5a,5e+20,QM1,JPL,0.15,0.26,short-term_:_and long-term,1.95515,2.030224,2.254837,2.300674,2.585051
True,mean,False,upper,VM5a,5e+20,QM1,CSR,0.15,0.26,short-term_:_and long-term,1.886291,1.961365,2.182058,2.228397,2.5173
True,mean,False,upper,VM5a,5e+20,QM1,MSSA,0.15,0.26,short-term_:_and long-term,1.97753,2.052603,2.309645,2.415146,2.539012
False,mean,False,mean,VM5a,5e+20,QM1,GFZ,0.1,0.26,short-term_:_and long-term,1.865566,1.940707,2.216978,2.267139,2.548347
False,mean,False,mean,VM5a,5e+20,QM1,JPL,0.1,0.26,short-term_:_and long-term,1.933507,2.008648,2.295177,2.356721,2.640437
False,mean,False,mean,VM5a,5e+20,QM1,CSR,0.1,0.26,short-term_:_and long-term,1.865404,1.940545,2.22303,2.284883,2.571044
False,mean,False,mean,VM5a,5e+20,QM1,MSSA,0.1,0.26,short-term_:_and long-term,1.955641,2.030783,2.36243,2.48204,2.598568
True,mean,False,mean,VM5a,5e+20,QM1,GFZ,0.1,0.26,short-term_:_and long-term,1.873194,1.94801,2.214254,2.261302,2.538322
True,mean,False,mean,VM5a,5e+20,QM1,JPL,0.1,0.26,short-term_:_and long-term,1.941407,2.016223,2.292383,2.350681,2.63076
True,mean,False,mean,VM5a,5e+20,QM1,CSR,0.1,0.26,short-term_:_and long-term,1.873032,1.947848,2.22018,2.278553,2.561747
True,mean,False,mean,VM5a,5e+20,QM1,MSSA,0.1,0.26,short-term_:_and long-term,1.963629,2.038445,2.357924,2.474218,2.586426
False,mean,False,lower,VM5a,5e+20,QM1,GFZ,0.1,0.26,short-term_:_and long-term,1.848995,1.924136,2.2237,2.281048,2.565079
False,mean,False,lower,VM5a,5e+20,QM1,JPL,0.1,0.26,short-term_:_and long-term,1.916332,1.991473,2.301876,2.368924,2.654213
False,mean,False,lower,VM5a,5e+20,QM1,CSR,0.1,0.26,short-term_:_and long-term,1.848834,1.923975,2.230231,2.297668,2.586521
False,mean,False,lower,VM5a,5e+20,QM1,MSSA,0.1,0.26,short-term_:_and long-term,1.93827,2.013411,2.373148,2.499205,2.617783
True,mean,False,lower,VM5a,5e+20,QM1,GFZ,0.1,0.26,short-term_:_and long-term,1.85713,1.931945,2.22067,2.274958,2.554855
True,mean,False,lower,VM5a,5e+20,QM1,JPL,0.1,0.26,short-term_:_and long-term,1.924758,1.999574,2.298782,2.362784,2.644525
True,mean,False,lower,VM5a,5e+20,QM1,CSR,0.1,0.26,short-term_:_and long-term,1.856969,1.931785,2.227026,2.291732,2.57572
True,mean,False,lower,VM5a,5e+20,QM1,MSSA,0.1,0.26,short-term_:_and long-term,1.94679,2.021605,2.367988,2.490121,2.604109
False,mean,False,upper,VM5a,5e+20,QM1,GFZ,0.1,0.26,short-term_:_and long-term,1.879769,1.95491,2.208837,2.252671,2.531272
False,mean,False,upper,VM5a,5e+20,QM1,JPL,0.1,0.26,short-term_:_and long-term,1.948227,2.023369,2.287026,2.342567,2.624065
False,mean,False,upper,VM5a,5e+20,QM1,CSR,0.1,0.26,short-term_:_and long-term,1.879606,1.954747,2.214516,2.269497,2.553237
False,mean,False,upper,VM5a,5e+20,QM1,MSSA,0.1,0.26,short-term_:_and long-term,1.970531,2.045672,2.350507,2.463647,2.578639
True,mean,False,upper,VM5a,5e+20,QM1,GFZ,0.1,0.26,short-term_:_and long-term,1.886454,1.96127,2.206018,2.246999,2.522424
True,mean,False,upper,VM5a,5e+20,QM1,JPL,0.1,0.26,short-term_:_and long-term,1.95515,2.029966,2.284081,2.33711,2.61587
True,mean,False,upper,VM5a,5e+20,QM1,CSR,0.1,0.26,short-term_:_and long-term,1.886291,1.961107,2.211483,2.263651,2.543974
True,mean,False,upper,VM5a,5e+20,QM1,MSSA,0.1,0.26,short-term_:_and long-term,1.97753,2.052345,2.345991,2.456706,2.56839
False,mean,False,mean,VM5a,5e+20,QM1,GFZ,0.2,0.26,short-term_:_and long-term,1.865566,1.941205,2.157765,2.195887,2.48556
False,mean,False,mean,VM5a,5e+20,QM1,JPL,0.2,0.26,short-term_:_and long-term,1.933507,2.009145,2.235332,2.281888,2.573789
False,mean,False,mean,VM5a,5e+20,QM1,CSR,0.2,0.26,short-term_:_and long-term,1.865404,1.941043,2.163004,2.212203,2.508604
False,mean,False,mean,VM5a,5e+20,QM1,MSSA,0.2,0.26,short-term_:_and long-term,1.955641,2.03128,2.28873,2.396071,2.534188
True,mean,False,mean,VM5a,5e+20,QM1,GFZ,0.2,0.26,short-term_:_and long-term,1.873194,1.948512,2.157398,2.193278,2.480417
True,mean,False,mean,VM5a,5e+20,QM1,JPL,0.2,0.26,short-term_:_and long-term,1.941407,2.016725,2.235004,2.279298,2.569516
True,mean,False,mean,VM5a,5e+20,QM1,CSR,0.2,0.26,short-term_:_and long-term,1.873032,1.94835,2.162546,2.209061,2.50346
True,mean,False,mean,VM5a,5e+20,QM1,MSSA,0.2,0.26,short-term_:_and long-term,1.963629,2.038947,2.287001,2.392442,2.52855
False,mean,False,lower,VM5a,5e+20,QM1,GFZ,0.2,0.26,short-term_:_and long-term,1.848995,1.924633,2.156414,2.199482,2.491784
False,mean,False,lower,VM5a,5e+20,QM1,JPL,0.2,0.26,short-term_:_and long-term,1.916332,1.991971,2.233902,2.284812,2.579735
False,mean,False,lower,VM5a,5e+20,QM1,CSR,0.2,0.26,short-term_:_and long-term,1.848834,1.924473,2.162024,2.215931,2.51522
False,mean,False,lower,VM5a,5e+20,QM1,MSSA,0.2,0.26,short-term_:_and long-term,1.93827,2.013909,2.289411,2.401182,2.541764
True,mean,False,lower,VM5a,5e+20,QM1,GFZ,0.2,0.26,short-term_:_and long-term,1.85713,1.932448,2.155948,2.196007,2.486621
True,mean,False,lower,VM5a,5e+20,QM1,JPL,0.2,0.26,short-term_:_and long-term,1.924758,2.000076,2.233487,2.282045,2.574973
True,mean,False,lower,VM5a,5e+20,QM1,CSR,0.2,0.26,short-term_:_and long-term,1.856969,1.932287,2.161434,2.212541,2.50953
True,mean,False,lower,VM5a,5e+20,QM1,MSSA,0.2,0.26,short-term_:_and long-term,1.94679,2.022108,2.287343,2.396542,2.53546
False,mean,False,upper,VM5a,5e+20,QM1,GFZ,0.2,0.26,short-term_:_and long-term,1.879769,1.955408,2.157516,2.191485,2.477463
False,mean,False,upper,VM5a,5e+20,QM1,JPL,0.2,0.26,short-term_:_and long-term,1.948227,2.023866,2.235111,2.277488,2.566766
False,mean,False,upper,VM5a,5e+20,QM1,CSR,0.2,0.26,short-term_:_and long-term,1.879606,1.955245,2.162457,2.206985,2.500063
False,mean,False,upper,VM5a,5e+20,QM1,MSSA,0.2,0.26,short-term_:_and long-term,1.970531,2.046169,2.286572,2.389888,2.524332
True,mean,False,upper,VM5a,5e+20,QM1,GFZ,0.2,0.26,short-term_:_and long-term,1.886454,1.961772,2.156835,2.188899,2.473168
True,mean,False,upper,VM5a,5e+20,QM1,JPL,0.2,0.26,short-term_:_and long-term,1.95515,2.030468,2.234418,2.274526,2.561332
True,mean,False,upper,VM5a,5e+20,QM1,CSR,0.2,0.26,short-term_:_and long-term,1.886291,1.961609,2.161627,2.204588,2.495518
True,mean,False,upper,VM5a,5e+20,QM1,MSSA,0.2,0.26,short-term_:_and long-term,1.97753,2.052848,2.284594,2.385756,2.518365
False,mean,False,mean,VM5a,5e+20,Resovsky,GFZ,0.15,0.26,short-term_:_and long-term,1.865566,1.938308,2.165021,2.201188,2.482828
False,mean,False,mean,VM5a,5e+20,Resovsky,JPL,0.15,0.26,short-term_:_and long-term,1.933507,2.006249,2.241869,2.28529,2.570784
False,mean,False,mean,VM5a,5e+20,Resovsky,CSR,0.15,0.26,short-term_:_and long-term,1.865404,1.938146,2.170073,2.214535,2.504896
False,mean,False,mean,VM5a,5e+20,Resovsky,MSSA,0.15,0.26,short-term_:_and long-term,1.955641,2.028383,2.300972,2.405991,2.530097
True,mean,False,mean,VM5a,5e+20,Resovsky,GFZ,0.15,0.26,short-term_:_and long-term,1.873194,1.945631,2.163532,2.196751,2.475774
True,mean,False,mean,VM5a,5e+20,Resovsky,JPL,0.15,0.26,short-term_:_and long-term,1.941407,2.013843,2.240369,2.281341,2.563587
True,mean,False,mean,VM5a,5e+20,Resovsky,CSR,0.15,0.26,short-term_:_and long-term,1.873032,1.945468,2.16847,2.210168,2.497228
True,mean,False,mean,VM5a,5e+20,Resovsky,MSSA,0.15,0.26,short-term_:_and long-term,1.963629,2.036066,2.297936,2.400224,2.521096
False,mean,False,lower,VM5a,5e+20,Resovsky,GFZ,0.15,0.26,short-term_:_and long-term,1.848995,1.921736,2.164981,2.205706,2.491197
False,mean,False,lower,VM5a,5e+20,Resovsky,JPL,0.15,0.26,short-term_:_and long-term,1.916332,1.989074,2.241706,2.290153,2.578302
False,mean,False,lower,VM5a,5e+20,Resovsky,CSR,0.15,0.26,short-term_:_and long-term,1.848834,1.921576,2.170401,2.220588,2.512913
False,mean,False,lower,VM5a,5e+20,Resovsky,MSSA,0.15,0.26,short-term_:_and long-term,1.93827,2.011012,2.30343,2.412882,2.541638
True,mean,False,lower,VM5a,5e+20,Resovsky,GFZ,0.15,0.26,short-term_:_and long-term,1.85713,1.929566,2.163244,2.20123,2.48296
True,mean,False,lower,VM5a,5e+20,Resovsky,JPL,0.15,0.26,short-term_:_and long-term,1.924758,1.997194,2.239965,2.285764,2.57038
True,mean,False,lower,VM5a,5e+20,Resovsky,CSR,0.15,0.26,short-term_:_and long-term,1.856969,1.929405,2.168509,2.215029,2.504304
True,mean,False,lower,VM5a,5e+20,Resovsky,MSSA,0.15,0.26,short-term_:_and long-term,1.94679,2.019226,2.299854,2.406403,2.530426
False,mean,False,upper,VM5a,5e+20,Resovsky,GFZ,0.15,0.26,short-term_:_and long-term,1.879769,1.952511,2.163255,2.194687,2.473317
False,mean,False,upper,VM5a,5e+20,Resovsky,JPL,0.15,0.26,short-term_:_and long-term,1.948227,2.020969,2.240187,2.278843,2.560933
False,mean,False,upper,VM5a,5e+20,Resovsky,CSR,0.15,0.26,short-term_:_and long-term,1.879606,1.952348,2.168021,2.207989,2.494827
False,mean,False,upper,VM5a,5e+20,Resovsky,MSSA,0.15,0.26,short-term_:_and long-term,1.970531,2.043272,2.296802,2.397777,2.517983
True,mean,False,upper,VM5a,5e+20,Resovsky,GFZ,0.15,0.26,short-term_:_and long-term,1.886454,1.958891,2.161602,2.189918,2.465777
True,mean,False,upper,VM5a,5e+20,Resovsky,JPL,0.15,0.26,short-term_:_and long-term,1.95515,2.027587,2.238473,2.274898,2.554741
True,mean,False,upper,VM5a,5e+20,Resovsky,CSR,0.15,0.26,short-term_:_and long-term,1.886291,1.958728,2.166186,2.203567,2.487652
True,mean,False,upper,VM5a,5e+20,Resovsky,MSSA,0.15,0.26,short-term_:_and long-term,1.97753,2.049966,2.293686,2.391559,2.508321
False,mean,False,mean,VM5a,5e+20,Resovsky,GFZ,0.1,0.26,short-term_:_and long-term,1.865566,1.938159,2.196152,2.236411,2.509504
False,mean,False,mean,VM5a,5e+20,Resovsky,JPL,0.1,0.26,short-term_:_and long-term,1.933507,2.006099,2.273353,2.324654,2.6015
False,mean,False,mean,VM5a,5e+20,Resovsky,CSR,0.1,0.26,short-term_:_and long-term,1.865404,1.937997,2.20161,2.251821,2.531773
False,mean,False,mean,VM5a,5e+20,Resovsky,MSSA,0.1,0.26,short-term_:_and long-term,1.955641,2.028234,2.340177,2.451075,2.560211
True,mean,False,mean,VM5a,5e+20,Resovsky,GFZ,0.1,0.26,short-term_:_and long-term,1.873194,1.945481,2.193278,2.23047,2.500217
True,mean,False,mean,VM5a,5e+20,Resovsky,JPL,0.1,0.26,short-term_:_and long-term,1.941407,2.013693,2.270413,2.318874,2.592465
True,mean,False,mean,VM5a,5e+20,Resovsky,CSR,0.1,0.26,short-term_:_and long-term,1.873032,1.945318,2.198601,2.246085,2.52214
True,mean,False,mean,VM5a,5e+20,Resovsky,MSSA,0.1,0.26,short-term_:_and long-term,1.963629,2.035916,2.33549,2.442725,2.548935
False,mean,False,lower,VM5a,5e+20,Resovsky,GFZ,0.1,0.26,short-term_:_and long-term,1.848995,1.921587,2.19893,2.244304,2.521372
False,mean,False,lower,VM5a,5e+20,Resovsky,JPL,0.1,0.26,short-term_:_and long-term,1.916332,1.988925,2.276024,2.332792,2.611368
False,mean,False,lower,VM5a,5e+20,Resovsky,CSR,0.1,0.26,short-term_:_and long-term,1.848834,1.921427,2.204794,2.260317,2.542868
False,mean,False,lower,VM5a,5e+20,Resovsky,MSSA,0.1,0.26,short-term_:_and long-term,1.93827,2.010863,2.346158,2.462279,2.573901
True,mean,False,lower,VM5a,5e+20,Resovsky,GFZ,0.1,0.26,short-term_:_and long-term,1.85713,1.929416,2.195685,2.237942,2.510403
True,mean,False,lower,VM5a,5e+20,Resovsky,JPL,0.1,0.26,short-term_:_and long-term,1.924758,1.997044,2.272719,2.326165,2.601822
True,mean,False,lower,VM5a,5e+20,Resovsky,CSR,0.1,0.26,short-term_:_and long-term,1.856969,1.929256,2.201365,2.254428,2.532215
True,mean,False,lower,VM5a,5e+20,Resovsky,MSSA,0.1,0.26,short-term_:_and long-term,1.94679,2.019076,2.340755,2.453868,2.561113
False,mean,False,upper,VM5a,5e+20,Resovsky,GFZ,0.1,0.26,short-term_:_and long-term,1.879769,1.952362,2.191659,2.227026,2.496899
False,mean,False,upper,VM5a,5e+20,Resovsky,JPL,0.1,0.26,short-term_:_and long-term,1.948227,2.02082,2.268934,2.314617,2.589008
False,mean,False,upper,VM5a,5e+20,Resovsky,CSR,0.1,0.26,short-term_:_and long-term,1.879606,1.952199,2.196809,2.241837,2.519859
False,mean,False,upper,VM5a,5e+20,Resovsky,MSSA,0.1,0.26,short-term_:_and long-term,1.970531,2.043123,2.332619,2.438155,2.545743
True,mean,False,upper,VM5a,5e+20,Resovsky,GFZ,0.1,0.26,short-term_:_and long-term,1.886454,1.958741,2.188749,2.22166,2.487691
True,mean,False,upper,VM5a,5e+20,Resovsky,JPL,0.1,0.26,short-term_:_and long-term,1.95515,2.027437,2.265907,2.308992,2.579893
True,mean,False,upper,VM5a,5e+20,Resovsky,CSR,0.1,0.26,short-term_:_and long-term,1.886291,1.958578,2.193684,2.236316,2.509906
True,mean,False,upper,VM5a,5e+20,Resovsky,MSSA,0.1,0.26,short-term_:_and long-term,1.97753,2.049816,2.327996,2.430239,2.533708
False,mean,False,mean,VM5a,5e+20,Resovsky,GFZ,0.2,0.26,short-term_:_and long-term,1.865566,1.938471,2.141862,2.172124,2.45727
False,mean,False,mean,VM5a,5e+20,Resovsky,JPL,0.2,0.26,short-term_:_and long-term,1.933507,2.006412,2.218387,2.255881,2.543851
False,mean,False,mean,VM5a,5e+20,Resovsky,CSR,0.2,0.26,short-term_:_and long-term,1.865404,1.938309,2.146586,2.187507,2.479766
False,mean,False,mean,VM5a,5e+20,Resovsky,MSSA,0.2,0.26,short-term_:_and long-term,1.955641,2.028546,2.27189,2.371687,2.505068
True,mean,False,mean,VM5a,5e+20,Resovsky,GFZ,0.2,0.26,short-term_:_and long-term,1.873194,1.945795,2.1413,2.169134,2.451712
True,mean,False,mean,VM5a,5e+20,Resovsky,JPL,0.2,0.26,short-term_:_and long-term,1.941407,2.014008,2.217855,2.252852,2.538278
True,mean,False,mean,VM5a,5e+20,Resovsky,CSR,0.2,0.26,short-term_:_and long-term,1.873032,1.945633,2.145924,2.184112,2.4736
True,mean,False,mean,VM5a,5e+20,Resovsky,MSSA,0.2,0.26,short-term_:_and long-term,1.963629,2.03623,2.269959,2.366563,2.496697
False,mean,False,lower,VM5a,5e+20,Resovsky,GFZ,0.2,0.26,short-term_:_and long-term,1.848995,1.921899,2.139663,2.174616,2.463311
False,mean,False,lower,VM5a,5e+20,Resovsky,JPL,0.2,0.26,short-term_:_and long-term,1.916332,1.989237,2.216044,2.258456,2.54976
False,mean,False,lower,VM5a,5e+20,Resovsky,CSR,0.2,0.26,short-term_:_and long-term,1.848834,1.921739,2.144723,2.190086,2.485208
False,mean,False,lower,VM5a,5e+20,Resovsky,MSSA,0.2,0.26,short-term_:_and long-term,1.93827,2.011175,2.271661,2.375617,2.511648
True,mean,False,lower,VM5a,5e+20,Resovsky,GFZ,0.2,0.26,short-term_:_and long-term,1.85713,1.929731,2.138934,2.171015,2.457223
True,mean,False,lower,VM5a,5e+20,Resovsky,JPL,0.2,0.26,short-term_:_and long-term,1.924758,1.997359,2.215355,2.254916,2.543162
True,mean,False,lower,VM5a,5e+20,Resovsky,CSR,0.2,0.26,short-term_:_and long-term,1.856969,1.92957,2.143861,2.186536,2.479084
True,mean,False,lower,VM5a,5e+20,Resovsky,MSSA,0.2,0.26,short-term_:_and long-term,1.94679,2.019391,2.26931,2.370384,2.504119
False,mean,False,upper,VM5a,5e+20,Resovsky,GFZ,0.2,0.26,short-term_:_and long-term,1.879769,1.952674,2.142215,2.1688,2.45032
False,mean,False,upper,VM5a,5e+20,Resovsky,JPL,0.2,0.26,short-term_:_and long-term,1.948227,2.021132,2.218837,2.252149,2.536856
False,mean,False,upper,VM5a,5e+20,Resovsky,CSR,0.2,0.26,short-term_:_and long-term,1.879606,1.952511,2.146673,2.182873,2.471046
False,mean,False,upper,VM5a,5e+20,Resovsky,MSSA,0.2,0.26,short-term_:_and long-term,1.970531,2.043435,2.270341,2.36568,2.494318
True,mean,False,upper,VM5a,5e+20,Resovsky,GFZ,0.2,0.26,short-term_:_and long-term,1.886454,1.959055,2.141401,2.165337,2.444828
True,mean,False,upper,VM5a,5e+20,Resovsky,JPL,0.2,0.26,short-term_:_and long-term,1.95515,2.027751,2.218004,2.249391,2.531373
True,mean,False,upper,VM5a,5e+20,Resovsky,CSR,0.2,0.26,short-term_:_and long-term,1.886291,1.958892,2.145702,2.179608,2.466279
True,mean,False,upper,VM5a,5e+20,Resovsky,MSSA,0.2,0.26,short-term_:_and long-term,1.97753,2.050131,2.268232,2.361522,2.48818
False,mean,False,mean,VM7,3e+19,,GFZ,,,long-term,1.865566,1.919106,1.983391,1.944472,2.163743
False,mean,False,mean,VM7,3e+19,,JPL,,,long-term,1.933507,1.987047,2.051818,2.020292,2.241485
False,mean,False,mean,VM7,3e+19,,CSR,,,long-term,1.865404,1.918945,1.983981,1.955459,2.17798
False,mean,False,mean,VM7,3e+19,,MSSA,,,long-term,1.955641,2.009182,2.090001,2.122367,2.202188
True,mean,False,mean,VM7,3e+19,,GFZ,,,long-term,1.873194,1.926546,1.980727,1.939164,2.160047
True,mean,False,mean,VM7,3e+19,,JPL,,,long-term,1.941407,1.994759,2.049294,2.014838,2.237031
True,mean,False,mean,VM7,3e+19,,CSR,,,long-term,1.873032,1.926384,1.981201,1.950419,2.174339
True,mean,False,mean,VM7,3e+19,,MSSA,,,long-term,1.963629,2.016982,2.085263,2.114368,2.19568
False,mean,False,lower,VM7,3e+19,,GFZ,,,long-term,1.848995,1.902535,1.974326,1.937315,2.153108
False,mean,False,lower,VM7,3e+19,,JPL,,,long-term,1.916332,1.969873,2.042193,2.01263,2.230714
False,mean,False,lower,VM7,3e+19,,CSR,,,long-term,1.848834,1.902375,1.975012,1.947877,2.16725
False,mean,False,lower,VM7,3e+19,,MSSA,,,long-term,1.93827,1.99181,2.082076,2.116099,2.192796
True,mean,False,lower,VM7,3e+19,,GFZ,,,long-term,1.85713,1.910482,1.971155,1.931173,2.149316
True,mean,False,lower,VM7,3e+19,,JPL,,,long-term,1.924758,1.97811,2.039175,2.006722,2.226491
True,mean,False,lower,VM7,3e+19,,CSR,,,long-term,1.856969,1.910321,1.971698,1.941959,2.161959
True,mean,False,lower,VM7,3e+19,,MSSA,,,long-term,1.94679,2.000142,2.076537,2.107601,2.186775
False,mean,False,upper,VM7,3e+19,,GFZ,,,long-term,1.879769,1.93331,1.990302,1.949026,2.171222
False,mean,False,upper,VM7,3e+19,,JPL,,,long-term,1.948227,2.001768,2.059226,2.025266,2.248651
False,mean,False,upper,VM7,3e+19,,CSR,,,long-term,1.879606,1.933147,1.990837,1.960613,2.185806
False,mean,False,upper,VM7,3e+19,,MSSA,,,long-term,1.970531,2.024071,2.095771,2.126204,2.208355
True,mean,False,upper,VM7,3e+19,,GFZ,,,long-term,1.886454,1.939807,1.987704,1.944555,2.168042
True,mean,False,upper,VM7,3e+19,,JPL,,,long-term,1.95515,2.008502,2.056723,2.02015,2.244595
True,mean,False,upper,VM7,3e+19,,CSR,,,long-term,1.886291,1.939643,1.988095,1.955217,2.181201
True,mean,False,upper,VM7,3e+19,,MSSA,,,long-term,1.97753,2.030882,2.091273,2.118963,2.202426
False,mean,False,mean,VM7,3e+19,PAR3P,GFZ,0.15,0.26,short-term_:_and long-term,1.865566,1.938066,2.214957,2.25773,2.511525
False,mean,False,mean,VM7,3e+19,PAR3P,JPL,0.15,0.26,short-term_:_and long-term,1.933507,2.006007,2.292042,2.341617,2.598251
False,mean,False,mean,VM7,3e+19,PAR3P,CSR,0.15,0.26,short-term_:_and long-term,1.865404,1.937905,2.2204,2.272115,2.535073
False,mean,False,mean,VM7,3e+19,PAR3P,MSSA,0.15,0.26,short-term_:_and long-term,1.955641,2.028142,2.36542,2.477938,2.564008
True,mean,False,mean,VM7,3e+19,PAR3P,GFZ,0.15,0.26,short-term_:_and long-term,1.873194,1.945396,2.207917,2.246454,2.501011
True,mean,False,mean,VM7,3e+19,PAR3P,JPL,0.15,0.26,short-term_:_and long-term,1.941407,2.013609,2.28501,2.331366,2.588431
True,mean,False,mean,VM7,3e+19,PAR3P,CSR,0.15,0.26,short-term_:_and long-term,1.873032,1.945233,2.213207,2.261323,2.524532
True,mean,False,mean,VM7,3e+19,PAR3P,MSSA,0.15,0.26,short-term_:_and long-term,1.963629,2.035831,2.355338,2.464438,2.55234
False,mean,False,lower,VM7,3e+19,PAR3P,GFZ,0.15,0.26,short-term_:_and long-term,1.848995,1.921495,2.220224,2.268481,2.523484
False,mean,False,lower,VM7,3e+19,PAR3P,JPL,0.15,0.26,short-term_:_and long-term,1.916332,1.988833,2.297162,2.353471,2.609374
False,mean,False,lower,VM7,3e+19,PAR3P,CSR,0.15,0.26,short-term_:_and long-term,1.848834,1.921335,2.226073,2.283698,2.547686
False,mean,False,lower,VM7,3e+19,PAR3P,MSSA,0.15,0.26,short-term_:_and long-term,1.93827,2.01077,2.374706,2.493075,2.57655
True,mean,False,lower,VM7,3e+19,PAR3P,GFZ,0.15,0.26,short-term_:_and long-term,1.85713,1.929331,2.212433,2.256809,2.511958
True,mean,False,lower,VM7,3e+19,PAR3P,JPL,0.15,0.26,short-term_:_and long-term,1.924758,1.99696,2.289394,2.341007,2.598761
True,mean,False,lower,VM7,3e+19,PAR3P,CSR,0.15,0.26,short-term_:_and long-term,1.856969,1.929171,2.218078,2.271408,2.534932
True,mean,False,lower,VM7,3e+19,PAR3P,MSSA,0.15,0.26,short-term_:_and long-term,1.94679,2.018991,2.363411,2.477824,2.564593
False,mean,False,upper,VM7,3e+19,PAR3P,GFZ,0.15,0.26,short-term_:_and long-term,1.879769,1.95227,2.208294,2.245281,2.498911
False,mean,False,upper,VM7,3e+19,PAR3P,JPL,0.15,0.26,short-term_:_and long-term,1.948227,2.020728,2.285487,2.330254,2.586525
False,mean,False,upper,VM7,3e+19,PAR3P,CSR,0.15,0.26,short-term_:_and long-term,1.879606,1.952107,2.213433,2.259913,2.522342
False,mean,False,upper,VM7,3e+19,PAR3P,MSSA,0.15,0.26,short-term_:_and long-term,1.970531,2.043031,2.35497,2.462313,2.549879
True,mean,False,upper,VM7,3e+19,PAR3P,GFZ,0.15,0.26,short-term_:_and long-term,1.886454,1.958656,2.201592,2.234094,2.488664
True,mean,False,upper,VM7,3e+19,PAR3P,JPL,0.15,0.26,short-term_:_and long-term,1.95515,2.027352,2.278728,2.320785,2.57823
True,mean,False,upper,VM7,3e+19,PAR3P,CSR,0.15,0.26,short-term_:_and long-term,1.886291,1.958493,2.206495,2.250049,2.512087
True,mean,False,upper,VM7,3e+19,PAR3P,MSSA,0.15,0.26,short-term_:_and long-term,1.97753,2.049731,2.345431,2.449246,2.538373
False,mean,False,mean,VM7,3e+19,PAR3P,GFZ,0.1,0.26,short-term_:_and long-term,1.865566,1.937971,2.256568,2.306607,2.552683
False,mean,False,mean,VM7,3e+19,PAR3P,JPL,0.1,0.26,short-term_:_and long-term,1.933507,2.005912,2.33398,2.390541,2.639593
False,mean,False,mean,VM7,3e+19,PAR3P,CSR,0.1,0.26,short-term_:_and long-term,1.865404,1.937809,2.262459,2.321849,2.577158
False,mean,False,mean,VM7,3e+19,PAR3P,MSSA,0.1,0.26,short-term_:_and long-term,1.955641,2.028046,2.417738,2.538675,2.604669
True,mean,False,mean,VM7,3e+19,PAR3P,GFZ,0.1,0.26,short-term_:_and long-term,1.873194,1.945298,2.248368,2.294186,2.540625
True,mean,False,mean,VM7,3e+19,PAR3P,JPL,0.1,0.26,short-term_:_and long-term,1.941407,2.013511,2.325736,2.379199,2.62858
True,mean,False,mean,VM7,3e+19,PAR3P,CSR,0.1,0.26,short-term_:_and long-term,1.873032,1.945136,2.254087,2.309639,2.566207
True,mean,False,mean,VM7,3e+19,PAR3P,MSSA,0.1,0.26,short-term_:_and long-term,1.963629,2.035733,2.406335,2.524002,2.59188
False,mean,False,lower,VM7,3e+19,PAR3P,GFZ,0.1,0.26,short-term_:_and long-term,1.848995,1.921399,2.267113,2.322755,2.568257
False,mean,False,lower,VM7,3e+19,PAR3P,JPL,0.1,0.26,short-term_:_and long-term,1.916332,1.988737,2.344404,2.407522,2.65449
False,mean,False,lower,VM7,3e+19,PAR3P,CSR,0.1,0.26,short-term_:_and long-term,1.848834,1.921239,2.273469,2.338807,2.593029
False,mean,False,lower,VM7,3e+19,PAR3P,MSSA,0.1,0.26,short-term_:_and long-term,1.93827,2.010675,2.433659,2.560684,2.623572
True,mean,False,lower,VM7,3e+19,PAR3P,GFZ,0.1,0.26,short-term_:_and long-term,1.85713,1.929233,2.258071,2.309602,2.554925
True,mean,False,lower,VM7,3e+19,PAR3P,JPL,0.1,0.26,short-term_:_and long-term,1.924758,1.996862,2.33533,2.394256,2.641364
True,mean,False,lower,VM7,3e+19,PAR3P,CSR,0.1,0.26,short-term_:_and long-term,1.856969,1.929073,2.264191,2.325743,2.580759
True,mean,False,lower,VM7,3e+19,PAR3P,MSSA,0.1,0.26,short-term_:_and long-term,1.94679,2.018893,2.420891,2.543686,2.607873
False,mean,False,upper,VM7,3e+19,PAR3P,GFZ,0.1,0.26,short-term_:_and long-term,1.879769,1.952174,2.244746,2.288667,2.536077
False,mean,False,upper,VM7,3e+19,PAR3P,JPL,0.1,0.26,short-term_:_and long-term,1.948227,2.020632,2.322251,2.373737,2.624307
False,mean,False,upper,VM7,3e+19,PAR3P,CSR,0.1,0.26,short-term_:_and long-term,1.879606,1.952011,2.250296,2.303184,2.561446
False,mean,False,upper,VM7,3e+19,PAR3P,MSSA,0.1,0.26,short-term_:_and long-term,1.970531,2.042935,2.400837,2.51572,2.586314
True,mean,False,upper,VM7,3e+19,PAR3P,GFZ,0.1,0.26,short-term_:_and long-term,1.886454,1.958558,2.236987,2.277326,2.526059
True,mean,False,upper,VM7,3e+19,PAR3P,JPL,0.1,0.26,short-term_:_and long-term,1.95515,2.027254,2.314378,2.362989,2.612576
True,mean,False,upper,VM7,3e+19,PAR3P,CSR,0.1,0.26,short-term_:_and long-term,1.886291,1.958395,2.242262,2.2917,2.548982
True,mean,False,upper,VM7,3e+19,PAR3P,MSSA,0.1,0.26,short-term_:_and long-term,1.97753,2.049633,2.390081,2.501894,2.575717
False,mean,False,mean,VM7,3e+19,PAR3P,GFZ,0.2,0.26,short-term_:_and long-term,1.865566,1.938136,2.188248,2.224386,2.483511
False,mean,False,mean,VM7,3e+19,PAR3P,JPL,0.2,0.26,short-term_:_and long-term,1.933507,2.006077,2.264931,2.311214,2.573963
False,mean,False,mean,VM7,3e+19,PAR3P,CSR,0.2,0.26,short-term_:_and long-term,1.865404,1.937974,2.19334,2.240087,2.504329
False,mean,False,mean,VM7,3e+19,PAR3P,MSSA,0.2,0.26,short-term_:_and long-term,1.955641,2.028211,2.331882,2.438146,2.533182
True,mean,False,mean,VM7,3e+19,PAR3P,GFZ,0.2,0.26,short-term_:_and long-term,1.873194,1.945468,2.182172,2.215149,2.474609
True,mean,False,mean,VM7,3e+19,PAR3P,JPL,0.2,0.26,short-term_:_and long-term,1.941407,2.01368,2.258908,2.302028,2.565268
True,mean,False,mean,VM7,3e+19,PAR3P,CSR,0.2,0.26,short-term_:_and long-term,1.873032,1.945305,2.187129,2.230398,2.495616
True,mean,False,mean,VM7,3e+19,PAR3P,MSSA,0.2,0.26,short-term_:_and long-term,1.963629,2.035903,2.322915,2.425613,2.521846
False,mean,False,lower,VM7,3e+19,PAR3P,GFZ,0.2,0.26,short-term_:_and long-term,1.848995,1.921564,2.19018,2.231695,2.48996
False,mean,False,lower,VM7,3e+19,PAR3P,JPL,0.2,0.26,short-term_:_and long-term,1.916332,1.988902,2.266687,2.317714,2.581153
False,mean,False,lower,VM7,3e+19,PAR3P,CSR,0.2,0.26,short-term_:_and long-term,1.848834,1.921404,2.195637,2.24723,2.513297
False,mean,False,lower,VM7,3e+19,PAR3P,MSSA,0.2,0.26,short-term_:_and long-term,1.93827,2.01084,2.336991,2.448174,2.542226
True,mean,False,lower,VM7,3e+19,PAR3P,GFZ,0.2,0.26,short-term_:_and long-term,1.85713,1.929403,2.183427,2.221291,2.481676
True,mean,False,lower,VM7,3e+19,PAR3P,JPL,0.2,0.26,short-term_:_and long-term,1.924758,1.997031,2.260004,2.308212,2.571916
True,mean,False,lower,VM7,3e+19,PAR3P,CSR,0.2,0.26,short-term_:_and long-term,1.856969,1.929243,2.188704,2.236814,2.502548
True,mean,False,lower,VM7,3e+19,PAR3P,MSSA,0.2,0.26,short-term_:_and long-term,1.94679,2.019063,2.32692,2.434282,2.531432
False,mean,False,upper,VM7,3e+19,PAR3P,GFZ,0.2,0.26,short-term_:_and long-term,1.879769,1.952339,2.184802,2.216687,2.474737
False,mean,False,upper,VM7,3e+19,PAR3P,JPL,0.2,0.26,short-term_:_and long-term,1.948227,2.020797,2.261618,2.303413,2.565489
False,mean,False,upper,VM7,3e+19,PAR3P,CSR,0.2,0.26,short-term_:_and long-term,1.879606,1.952176,2.189618,2.231493,2.49519
False,mean,False,upper,VM7,3e+19,PAR3P,MSSA,0.2,0.26,short-term_:_and long-term,1.970531,2.0431,2.325444,2.427358,2.522375
True,mean,False,upper,VM7,3e+19,PAR3P,GFZ,0.2,0.26,short-term_:_and long-term,1.886454,1.958728,2.178985,2.206817,2.465645
True,mean,False,upper,VM7,3e+19,PAR3P,JPL,0.2,0.26,short-term_:_and long-term,1.95515,2.027424,2.255791,2.294646,2.557541
True,mean,False,upper,VM7,3e+19,PAR3P,CSR,0.2,0.26,short-term_:_and long-term,1.886291,1.958565,2.183595,2.222233,2.487004
True,mean,False,upper,VM7,3e+19,PAR3P,MSSA,0.2,0.26,short-term_:_and long-term,1.97753,2.049803,2.316938,2.415906,2.512403
False,mean,False,mean,VM7,3e+19,PREM,GFZ,0.15,0.26,short-term_:_and long-term,1.865566,1.939571,2.228275,2.276592,2.542849
False,mean,False,mean,VM7,3e+19,PREM,JPL,0.15,0.26,short-term_:_and long-term,1.933507,2.007512,2.305835,2.362857,2.631445
False,mean,False,mean,VM7,3e+19,PREM,CSR,0.15,0.26,short-term_:_and long-term,1.865404,1.939409,2.233841,2.292221,2.56645
False,mean,False,mean,VM7,3e+19,PREM,MSSA,0.15,0.26,short-term_:_and long-term,1.955641,2.029647,2.381901,2.500951,2.597098
True,mean,False,mean,VM7,3e+19,PREM,GFZ,0.15,0.26,short-term_:_and long-term,1.873194,1.946889,2.22111,2.264816,2.531363
True,mean,False,mean,VM7,3e+19,PREM,JPL,0.15,0.26,short-term_:_and long-term,1.941407,2.015102,2.298683,2.351861,2.620383
True,mean,False,mean,VM7,3e+19,PREM,CSR,0.15,0.26,short-term_:_and long-term,1.873032,1.946727,2.226532,2.281269,2.555016
True,mean,False,mean,VM7,3e+19,PREM,MSSA,0.15,0.26,short-term_:_and long-term,1.963629,2.037325,2.371628,2.487523,2.586907
False,mean,False,lower,VM7,3e+19,PREM,GFZ,0.15,0.26,short-term_:_and long-term,1.848995,1.923,2.234741,2.28915,2.556381
False,mean,False,lower,VM7,3e+19,PREM,JPL,0.15,0.26,short-term_:_and long-term,1.916332,1.990337,2.312192,2.375164,2.646031
False,mean,False,lower,VM7,3e+19,PREM,CSR,0.15,0.26,short-term_:_and long-term,1.848834,1.92284,2.240724,2.305283,2.580429
False,mean,False,lower,VM7,3e+19,PREM,MSSA,0.15,0.26,short-term_:_and long-term,1.93827,2.012275,2.39273,2.517829,2.613193
True,mean,False,lower,VM7,3e+19,PREM,GFZ,0.15,0.26,short-term_:_and long-term,1.85713,1.930825,2.226807,2.277406,2.544889
True,mean,False,lower,VM7,3e+19,PREM,JPL,0.15,0.26,short-term_:_and long-term,1.924758,1.998453,2.304288,2.363378,2.633512
True,mean,False,lower,VM7,3e+19,PREM,CSR,0.15,0.26,short-term_:_and long-term,1.856969,1.930664,2.232593,2.293049,2.568389
True,mean,False,lower,VM7,3e+19,PREM,MSSA,0.15,0.26,short-term_:_and long-term,1.94679,2.020485,2.381199,2.5023,2.600208
False,mean,False,upper,VM7,3e+19,PREM,GFZ,0.15,0.26,short-term_:_and long-term,1.879769,1.953775,2.22035,2.261868,2.526053
False,mean,False,upper,VM7,3e+19,PREM,JPL,0.15,0.26,short-term_:_and long-term,1.948227,2.022233,2.297986,2.348942,2.615121
False,mean,False,upper,VM7,3e+19,PREM,CSR,0.15,0.26,short-term_:_and long-term,1.879606,1.953611,2.225607,2.278288,2.549977
False,mean,False,upper,VM7,3e+19,PREM,MSSA,0.15,0.26,short-term_:_and long-term,1.970531,2.044536,2.369839,2.483393,2.580871
True,mean,False,upper,VM7,3e+19,PREM,GFZ,0.15,0.26,short-term_:_and long-term,1.886454,1.96015,2.213543,2.251812,2.516624
True,mean,False,upper,VM7,3e+19,PREM,JPL,0.15,0.26,short-term_:_and long-term,1.95515,2.028845,2.291125,2.339568,2.607458
True,mean,False,upper,VM7,3e+19,PREM,CSR,0.15,0.26,short-term_:_and long-term,1.886291,1.959987,2.218567,2.267279,2.539221
True,mean,False,upper,VM7,3e+19,PREM,MSSA,0.15,0.26,short-term_:_and long-term,1.97753,2.051225,2.360136,2.470201,2.569684
False,mean,False,mean,VM7,3e+19,PREM,GFZ,0.1,0.26,short-term_:_and long-term,1.865566,1.9394,2.268809,2.324969,2.582596
False,mean,False,mean,VM7,3e+19,PREM,JPL,0.1,0.26,short-term_:_and long-term,1.933507,2.007341,2.346718,2.411418,2.67182
False,mean,False,mean,VM7,3e+19,PREM,CSR,0.1,0.26,short-term_:_and long-term,1.865404,1.939239,2.27483,2.341412,2.609406
False,mean,False,mean,VM7,3e+19,PREM,MSSA,0.1,0.26,short-term_:_and long-term,1.955641,2.029476,2.432927,2.560546,2.639969
True,mean,False,mean,VM7,3e+19,PREM,GFZ,0.1,0.26,short-term_:_and long-term,1.873194,1.946716,2.259906,2.312491,2.57136
True,mean,False,mean,VM7,3e+19,PREM,JPL,0.1,0.26,short-term_:_and long-term,1.941407,2.014929,2.33776,2.398125,2.65851
True,mean,False,mean,VM7,3e+19,PREM,CSR,0.1,0.26,short-term_:_and long-term,1.873032,1.946554,2.265761,2.32779,2.596243
True,mean,False,mean,VM7,3e+19,PREM,MSSA,0.1,0.26,short-term_:_and long-term,1.963629,2.037152,2.420564,2.544361,2.62567
False,mean,False,lower,VM7,3e+19,PREM,GFZ,0.1,0.26,short-term_:_and long-term,1.848995,1.922829,2.279999,2.34171,2.599657
False,mean,False,lower,VM7,3e+19,PREM,JPL,0.1,0.26,short-term_:_and long-term,1.916332,1.990167,2.357827,2.427652,2.688169
False,mean,False,lower,VM7,3e+19,PREM,CSR,0.1,0.26,short-term_:_and long-term,1.848834,1.922669,2.286493,2.359563,2.627937
False,mean,False,lower,VM7,3e+19,PREM,MSSA,0.1,0.26,short-term_:_and long-term,1.93827,2.012104,2.449693,2.584295,2.660227
True,mean,False,lower,VM7,3e+19,PREM,GFZ,0.1,0.26,short-term_:_and long-term,1.85713,1.930652,2.270175,2.328269,2.585495
True,mean,False,lower,VM7,3e+19,PREM,JPL,0.1,0.26,short-term_:_and long-term,1.924758,1.99828,2.347962,2.415011,2.67555
True,mean,False,lower,VM7,3e+19,PREM,CSR,0.1,0.26,short-term_:_and long-term,1.856969,1.930491,2.276437,2.345312,2.61419
True,mean,False,lower,VM7,3e+19,PREM,MSSA,0.1,0.26,short-term_:_and long-term,1.94679,2.020312,2.435842,2.56597,2.645028
False,mean,False,upper,VM7,3e+19,PREM,GFZ,0.1,0.26,short-term_:_and long-term,1.879769,1.953604,2.256287,2.306197,2.56474
False,mean,False,upper,VM7,3e+19,PREM,JPL,0.1,0.26,short-term_:_and long-term,1.948227,2.022062,2.334257,2.392167,2.652191
False,mean,False,upper,VM7,3e+19,PREM,CSR,0.1,0.26,short-term_:_and long-term,1.879606,1.953441,2.261968,2.321745,2.589565
False,mean,False,upper,VM7,3e+19,PREM,MSSA,0.1,0.26,short-term_:_and long-term,1.970531,2.044365,2.415123,2.536635,2.618272
True,mean,False,upper,VM7,3e+19,PREM,GFZ,0.1,0.26,short-term_:_and long-term,1.886454,1.959977,2.247907,2.293922,2.55239
True,mean,False,upper,VM7,3e+19,PREM,JPL,0.1,0.26,short-term_:_and long-term,1.95515,2.028672,2.325749,2.380094,2.639462
True,mean,False,upper,VM7,3e+19,PREM,CSR,0.1,0.26,short-term_:_and long-term,1.886291,1.959813,2.253309,2.309585,2.57613
True,mean,False,upper,VM7,3e+19,PREM,MSSA,0.1,0.26,short-term_:_and long-term,1.97753,2.051052,2.403514,2.521894,2.604657
False,mean,False,mean,VM7,3e+19,PREM,GFZ,0.2,0.26,short-term_:_and long-term,1.865566,1.939716,2.201078,2.243044,2.511714
False,mean,False,mean,VM7,3e+19,PREM,JPL,0.2,0.26,short-term_:_and long-term,1.933507,2.007657,2.278239,2.330527,2.604188
False,mean,False,mean,VM7,3e+19,PREM,CSR,0.2,0.26,short-term_:_and long-term,1.865404,1.939554,2.206286,2.257589,2.534082
False,mean,False,mean,VM7,3e+19,PREM,MSSA,0.2,0.26,short-term_:_and long-term,1.955641,2.029792,2.347705,2.46014,2.566189
True,mean,False,mean,VM7,3e+19,PREM,GFZ,0.2,0.26,short-term_:_and long-term,1.873194,1.947037,2.195178,2.233926,2.504061
True,mean,False,mean,VM7,3e+19,PREM,JPL,0.2,0.26,short-term_:_and long-term,1.941407,2.01525,2.272403,2.321565,2.594876
True,mean,False,mean,VM7,3e+19,PREM,CSR,0.2,0.26,short-term_:_and long-term,1.873032,1.946875,2.20026,2.248702,2.526105
True,mean,False,mean,VM7,3e+19,PREM,MSSA,0.2,0.26,short-term_:_and long-term,1.963629,2.037472,2.338952,2.448841,2.556028
False,mean,False,lower,VM7,3e+19,PREM,GFZ,0.2,0.26,short-term_:_and long-term,1.848995,1.923145,2.20439,2.251816,2.52186
False,mean,False,lower,VM7,3e+19,PREM,JPL,0.2,0.26,short-term_:_and long-term,1.916332,1.990482,2.281412,2.338148,2.611709
False,mean,False,lower,VM7,3e+19,PREM,CSR,0.2,0.26,short-term_:_and long-term,1.848834,1.922984,2.209975,2.266999,2.544136
False,mean,False,lower,VM7,3e+19,PREM,MSSA,0.2,0.26,short-term_:_and long-term,1.93827,2.01242,2.354586,2.472808,2.578371
True,mean,False,lower,VM7,3e+19,PREM,GFZ,0.2,0.26,short-term_:_and long-term,1.85713,1.930973,2.197829,2.241469,2.513789
True,mean,False,lower,VM7,3e+19,PREM,JPL,0.2,0.26,short-term_:_and long-term,1.924758,1.998601,2.274935,2.32944,2.60539
True,mean,False,lower,VM7,3e+19,PREM,CSR,0.2,0.26,short-term_:_and long-term,1.856969,1.930812,2.203242,2.257279,2.536242
True,mean,False,lower,VM7,3e+19,PREM,MSSA,0.2,0.26,short-term_:_and long-term,1.94679,2.020632,2.344732,2.459629,2.56799
False,mean,False,upper,VM7,3e+19,PREM,GFZ,0.2,0.26,short-term_:_and long-term,1.879769,1.953919,2.196225,2.233516,2.501225
False,mean,False,upper,VM7,3e+19,PREM,JPL,0.2,0.26,short-term_:_and long-term,1.948227,2.022378,2.273487,2.320625,2.591585
False,mean,False,upper,VM7,3e+19,PREM,CSR,0.2,0.26,short-term_:_and long-term,1.879606,1.953756,2.201152,2.247624,2.522478
False,mean,False,upper,VM7,3e+19,PREM,MSSA,0.2,0.26,short-term_:_and long-term,1.970531,2.044681,2.339471,2.447034,2.552217
True,mean,False,upper,VM7,3e+19,PREM,GFZ,0.2,0.26,short-term_:_and long-term,1.886454,1.960297,2.190571,2.224451,2.493005
True,mean,False,upper,VM7,3e+19,PREM,JPL,0.2,0.26,short-term_:_and long-term,1.95515,2.028993,2.26783,2.311726,2.583805
True,mean,False,upper,VM7,3e+19,PREM,CSR,0.2,0.26,short-term_:_and long-term,1.886291,1.960134,2.195292,2.238548,2.515059
True,mean,False,upper,VM7,3e+19,PREM,MSSA,0.2,0.26,short-term_:_and long-term,1.97753,2.051373,2.33116,2.436668,2.543774
False,mean,False,mean,VM7,3e+19,QL6,GFZ,0.15,0.26,short-term_:_and long-term,1.865566,1.936653,2.212994,2.251791,2.501425
False,mean,False,mean,VM7,3e+19,QL6,JPL,0.15,0.26,short-term_:_and long-term,1.933507,2.004594,2.289145,2.335642,2.588787
False,mean,False,mean,VM7,3e+19,QL6,CSR,0.15,0.26,short-term_:_and long-term,1.865404,1.936492,2.218046,2.266395,2.524794
False,mean,False,mean,VM7,3e+19,QL6,MSSA,0.15,0.26,short-term_:_and long-term,1.955641,2.026729,2.365614,2.475565,2.554938
True,mean,False,mean,VM7,3e+19,QL6,GFZ,0.15,0.26,short-term_:_and long-term,1.873194,1.943992,2.204915,2.239486,2.490473
True,mean,False,mean,VM7,3e+19,QL6,JPL,0.15,0.26,short-term_:_and long-term,1.941407,2.012205,2.28108,2.324244,2.577089
True,mean,False,mean,VM7,3e+19,QL6,CSR,0.15,0.26,short-term_:_and long-term,1.873032,1.94383,2.209814,2.254202,2.51402
True,mean,False,mean,VM7,3e+19,QL6,MSSA,0.15,0.26,short-term_:_and long-term,1.963629,2.034427,2.354173,2.460502,2.544542
False,mean,False,lower,VM7,3e+19,QL6,GFZ,0.15,0.26,short-term_:_and long-term,1.848995,1.920082,2.218769,2.263309,2.515096
False,mean,False,lower,VM7,3e+19,QL6,JPL,0.15,0.26,short-term_:_and long-term,1.916332,1.98742,2.294721,2.347102,2.600862
False,mean,False,lower,VM7,3e+19,QL6,CSR,0.15,0.26,short-term_:_and long-term,1.848834,1.919922,2.224206,2.277572,2.53655
False,mean,False,lower,VM7,3e+19,QL6,MSSA,0.15,0.26,short-term_:_and long-term,1.93827,2.009357,2.37575,2.490986,2.568429
True,mean,False,lower,VM7,3e+19,QL6,GFZ,0.15,0.26,short-term_:_and long-term,1.85713,1.927928,2.209792,2.250445,2.501271
True,mean,False,lower,VM7,3e+19,QL6,JPL,0.15,0.26,short-term_:_and long-term,1.924758,1.995556,2.285774,2.333997,2.587416
True,mean,False,lower,VM7,3e+19,QL6,CSR,0.15,0.26,short-term_:_and long-term,1.856969,1.927767,2.215021,2.264883,2.524906
True,mean,False,lower,VM7,3e+19,QL6,MSSA,0.15,0.26,short-term_:_and long-term,1.94679,2.017588,2.362885,2.474459,2.556108
False,mean,False,upper,VM7,3e+19,QL6,GFZ,0.15,0.26,short-term_:_and long-term,1.879769,1.950857,2.205626,2.238896,2.488735
False,mean,False,upper,VM7,3e+19,QL6,JPL,0.15,0.26,short-term_:_and long-term,1.948227,2.019315,2.281948,2.323603,2.576198
False,mean,False,upper,VM7,3e+19,QL6,CSR,0.15,0.26,short-term_:_and long-term,1.879606,1.950694,2.210402,2.252531,2.510872
False,mean,False,upper,VM7,3e+19,QL6,MSSA,0.15,0.26,short-term_:_and long-term,1.970531,2.041618,2.354089,2.458942,2.541896
True,mean,False,upper,VM7,3e+19,QL6,GFZ,0.15,0.26,short-term_:_and long-term,1.886454,1.957252,2.198031,2.22728,2.477397
True,mean,False,upper,VM7,3e+19,QL6,JPL,0.15,0.26,short-term_:_and long-term,1.95515,2.025948,2.274299,2.312634,2.566863
True,mean,False,upper,VM7,3e+19,QL6,CSR,0.15,0.26,short-term_:_and long-term,1.886291,1.957089,2.202563,2.240859,2.498722
True,mean,False,upper,VM7,3e+19,QL6,MSSA,0.15,0.26,short-term_:_and long-term,1.97753,2.048328,2.343374,2.444683,2.528871
False,mean,False,mean,VM7,3e+19,QL6,GFZ,0.1,0.26,short-term_:_and long-term,1.865566,1.936561,2.250375,2.295441,2.536475
False,mean,False,mean,VM7,3e+19,QL6,JPL,0.1,0.26,short-term_:_and long-term,1.933507,2.004502,2.326825,2.378711,2.621301
False,mean,False,mean,VM7,3e+19,QL6,CSR,0.1,0.26,short-term_:_and long-term,1.865404,1.936399,2.255858,2.3101,2.559889
False,mean,False,mean,VM7,3e+19,QL6,MSSA,0.1,0.26,short-term_:_and long-term,1.955641,2.026637,2.412891,2.529615,2.587689
True,mean,False,mean,VM7,3e+19,QL6,GFZ,0.1,0.26,short-term_:_and long-term,1.873194,1.943899,2.240393,2.281462,2.524823
True,mean,False,mean,VM7,3e+19,QL6,JPL,0.1,0.26,short-term_:_and long-term,1.941407,2.012112,2.316816,2.364572,2.607911
True,mean,False,mean,VM7,3e+19,QL6,CSR,0.1,0.26,short-term_:_and long-term,1.873032,1.943737,2.245701,2.296493,2.545972
True,mean,False,mean,VM7,3e+19,QL6,MSSA,0.1,0.26,short-term_:_and long-term,1.963629,2.034334,2.399128,2.511548,2.572036
False,mean,False,lower,VM7,3e+19,QL6,GFZ,0.1,0.26,short-term_:_and long-term,1.848995,1.91999,2.259954,2.310551,2.549728
False,mean,False,lower,VM7,3e+19,QL6,JPL,0.1,0.26,short-term_:_and long-term,1.916332,1.987327,2.33622,2.393167,2.634952
False,mean,False,lower,VM7,3e+19,QL6,CSR,0.1,0.26,short-term_:_and long-term,1.848834,1.91983,2.265868,2.326832,2.577091
False,mean,False,lower,VM7,3e+19,QL6,MSSA,0.1,0.26,short-term_:_and long-term,1.93827,2.009265,2.427828,2.550545,2.604374
True,mean,False,lower,VM7,3e+19,QL6,GFZ,0.1,0.26,short-term_:_and long-term,1.85713,1.927835,2.248905,2.295498,2.536779
True,mean,False,lower,VM7,3e+19,QL6,JPL,0.1,0.26,short-term_:_and long-term,1.924758,1.995463,2.325159,2.378869,2.621721
True,mean,False,lower,VM7,3e+19,QL6,CSR,0.1,0.26,short-term_:_and long-term,1.856969,1.927674,2.254578,2.310472,2.560528
True,mean,False,lower,VM7,3e+19,QL6,MSSA,0.1,0.26,short-term_:_and long-term,1.94679,2.017494,2.412394,2.530576,2.588768
False,mean,False,upper,VM7,3e+19,QL6,GFZ,0.1,0.26,short-term_:_and long-term,1.879769,1.950765,2.239338,2.278224,2.521014
False,mean,False,upper,VM7,3e+19,QL6,JPL,0.1,0.26,short-term_:_and long-term,1.948227,2.019223,2.315952,2.36197,2.604848
False,mean,False,upper,VM7,3e+19,QL6,CSR,0.1,0.26,short-term_:_and long-term,1.879606,1.950602,2.24452,2.29351,2.542632
False,mean,False,upper,VM7,3e+19,QL6,MSSA,0.1,0.26,short-term_:_and long-term,1.970531,2.041526,2.396765,2.507273,2.56756
True,mean,False,upper,VM7,3e+19,QL6,GFZ,0.1,0.26,short-term_:_and long-term,1.886454,1.957159,2.230019,2.265398,2.508697
True,mean,False,upper,VM7,3e+19,QL6,JPL,0.1,0.26,short-term_:_and long-term,1.95515,2.025855,2.306531,2.349246,2.592751
True,mean,False,upper,VM7,3e+19,QL6,CSR,0.1,0.26,short-term_:_and long-term,1.886291,1.956996,2.234916,2.279685,2.530698
True,mean,False,upper,VM7,3e+19,QL6,MSSA,0.1,0.26,short-term_:_and long-term,1.97753,2.048235,2.383934,2.49177,2.556686
False,mean,False,mean,VM7,3e+19,QL6,GFZ,0.2,0.26,short-term_:_and long-term,1.865566,1.936743,2.186424,2.218879,2.474961
False,mean,False,mean,VM7,3e+19,QL6,JPL,0.2,0.26,short-term_:_and long-term,1.933507,2.004683,2.26228,2.304467,2.564422
False,mean,False,mean,VM7,3e+19,QL6,CSR,0.2,0.26,short-term_:_and long-term,1.865404,1.936581,2.191151,2.233168,2.495736
False,mean,False,mean,VM7,3e+19,QL6,MSSA,0.2,0.26,short-term_:_and long-term,1.955641,2.026818,2.332034,2.4354,2.526426
True,mean,False,mean,VM7,3e+19,QL6,GFZ,0.2,0.26,short-term_:_and long-term,1.873194,1.944082,2.179731,2.209653,2.467192
True,mean,False,mean,VM7,3e+19,QL6,JPL,0.2,0.26,short-term_:_and long-term,1.941407,2.012295,2.255638,2.295108,2.555414
True,mean,False,mean,VM7,3e+19,QL6,CSR,0.2,0.26,short-term_:_and long-term,1.873032,1.94392,2.184322,2.222998,2.486737
True,mean,False,mean,VM7,3e+19,QL6,MSSA,0.2,0.26,short-term_:_and long-term,1.963629,2.034517,2.322281,2.422945,2.515755
False,mean,False,lower,VM7,3e+19,QL6,GFZ,0.2,0.26,short-term_:_and long-term,1.848995,1.920171,2.189524,2.226985,2.482961
False,mean,False,lower,VM7,3e+19,QL6,JPL,0.2,0.26,short-term_:_and long-term,1.916332,1.987509,2.265163,2.312214,2.572214
False,mean,False,lower,VM7,3e+19,QL6,CSR,0.2,0.26,short-term_:_and long-term,1.848834,1.920011,2.194604,2.242156,2.50575
False,mean,False,lower,VM7,3e+19,QL6,MSSA,0.2,0.26,short-term_:_and long-term,1.93827,2.009447,2.338803,2.447936,2.538678
True,mean,False,lower,VM7,3e+19,QL6,GFZ,0.2,0.26,short-term_:_and long-term,1.85713,1.928018,2.182059,2.216582,2.475411
True,mean,False,lower,VM7,3e+19,QL6,JPL,0.2,0.26,short-term_:_and long-term,1.924758,1.995646,2.257767,2.302053,2.563609
True,mean,False,lower,VM7,3e+19,QL6,CSR,0.2,0.26,short-term_:_and long-term,1.856969,1.927857,2.186954,2.230736,2.494376
True,mean,False,lower,VM7,3e+19,QL6,MSSA,0.2,0.26,short-term_:_and long-term,1.94679,2.017678,2.327804,2.432944,2.52601
False,mean,False,upper,VM7,3e+19,QL6,GFZ,0.2,0.26,short-term_:_and long-term,1.879769,1.950946,2.181666,2.209501,2.46543
False,mean,False,upper,VM7,3e+19,QL6,JPL,0.2,0.26,short-term_:_and long-term,1.948227,2.019404,2.257702,2.295414,2.554309
False,mean,False,upper,VM7,3e+19,QL6,CSR,0.2,0.26,short-term_:_and long-term,1.879606,1.950783,2.186137,2.223683,2.48557
False,mean,False,upper,VM7,3e+19,QL6,MSSA,0.2,0.26,short-term_:_and long-term,1.970531,2.041707,2.323777,2.42289,2.514647
True,mean,False,upper,VM7,3e+19,QL6,GFZ,0.2,0.26,short-term_:_and long-term,1.886454,1.957343,2.175327,2.200039,2.456392
True,mean,False,upper,VM7,3e+19,QL6,JPL,0.2,0.26,short-term_:_and long-term,1.95515,2.026038,2.251349,2.286078,2.54552
True,mean,False,upper,VM7,3e+19,QL6,CSR,0.2,0.26,short-term_:_and long-term,1.886291,1.957179,2.179582,2.21407,2.478602
True,mean,False,upper,VM7,3e+19,QL6,MSSA,0.2,0.26,short-term_:_and long-term,1.97753,2.048418,2.314599,2.410754,2.504179
False,mean,False,mean,VM7,3e+19,QM1,GFZ,0.15,0.26,short-term_:_and long-term,1.865566,1.940945,2.22156,2.271772,2.536282
False,mean,False,mean,VM7,3e+19,QM1,JPL,0.15,0.26,short-term_:_and long-term,1.933507,2.008886,2.299308,2.359299,2.628038
False,mean,False,mean,VM7,3e+19,QM1,CSR,0.15,0.26,short-term_:_and long-term,1.865404,1.940783,2.227438,2.288024,2.561996
False,mean,False,mean,VM7,3e+19,QM1,MSSA,0.15,0.26,short-term_:_and long-term,1.955641,2.031021,2.369507,2.489184,2.585978
True,mean,False,mean,VM7,3e+19,QM1,GFZ,0.15,0.26,short-term_:_and long-term,1.873194,1.948253,2.215098,2.261326,2.526846
True,mean,False,mean,VM7,3e+19,QM1,JPL,0.15,0.26,short-term_:_and long-term,1.941407,2.016465,2.292874,2.349615,2.620089
True,mean,False,mean,VM7,3e+19,QM1,CSR,0.15,0.26,short-term_:_and long-term,1.873032,1.94809,2.220846,2.27816,2.551806
True,mean,False,mean,VM7,3e+19,QM1,MSSA,0.15,0.26,short-term_:_and long-term,1.963629,2.038688,2.360099,2.476184,2.576016
False,mean,False,lower,VM7,3e+19,QM1,GFZ,0.15,0.26,short-term_:_and long-term,1.848995,1.924374,2.228013,2.285144,2.551485
False,mean,False,lower,VM7,3e+19,QM1,JPL,0.15,0.26,short-term_:_and long-term,1.916332,1.991711,2.305685,2.372107,2.642219
False,mean,False,lower,VM7,3e+19,QM1,CSR,0.15,0.26,short-term_:_and long-term,1.848834,1.924214,2.234344,2.301154,2.576008
False,mean,False,lower,VM7,3e+19,QM1,MSSA,0.15,0.26,short-term_:_and long-term,1.93827,2.013649,2.380056,2.505785,2.600757
True,mean,False,lower,VM7,3e+19,QM1,GFZ,0.15,0.26,short-term_:_and long-term,1.85713,1.932188,2.220859,2.273029,2.538838
True,mean,False,lower,VM7,3e+19,QM1,JPL,0.15,0.26,short-term_:_and long-term,1.924758,1.999816,2.298576,2.361069,2.631289
True,mean,False,lower,VM7,3e+19,QM1,CSR,0.15,0.26,short-term_:_and long-term,1.856969,1.932028,2.227008,2.289986,2.565436
True,mean,False,lower,VM7,3e+19,QM1,MSSA,0.15,0.26,short-term_:_and long-term,1.94679,2.021848,2.369487,2.490915,2.588738
False,mean,False,upper,VM7,3e+19,QM1,GFZ,0.15,0.26,short-term_:_and long-term,1.879769,1.955149,2.213756,2.257633,2.520794
False,mean,False,upper,VM7,3e+19,QM1,JPL,0.15,0.26,short-term_:_and long-term,1.948227,2.023607,2.291547,2.346374,2.615049
False,mean,False,upper,VM7,3e+19,QM1,CSR,0.15,0.26,short-term_:_and long-term,1.879606,1.954985,2.219291,2.274296,2.546099
False,mean,False,upper,VM7,3e+19,QM1,MSSA,0.15,0.26,short-term_:_and long-term,1.970531,2.04591,2.357848,2.471702,2.569957
True,mean,False,upper,VM7,3e+19,QM1,GFZ,0.15,0.26,short-term_:_and long-term,1.886454,1.961513,2.207578,2.24823,2.512737
True,mean,False,upper,VM7,3e+19,QM1,JPL,0.15,0.26,short-term_:_and long-term,1.95515,2.030209,2.285327,2.336708,2.60696
True,mean,False,upper,VM7,3e+19,QM1,CSR,0.15,0.26,short-term_:_and long-term,1.886291,1.96135,2.212891,2.265022,2.536613
True,mean,False,upper,VM7,3e+19,QM1,MSSA,0.15,0.26,short-term_:_and long-term,1.97753,2.052588,2.348922,2.458931,2.558136
False,mean,False,mean,VM7,3e+19,QM1,GFZ,0.1,0.26,short-term_:_and long-term,1.865566,1.940681,2.254395,2.311273,2.571453
False,mean,False,mean,VM7,3e+19,QM1,JPL,0.1,0.26,short-term_:_and long-term,1.933507,2.008622,2.33243,2.399185,2.661128
False,mean,False,mean,VM7,3e+19,QM1,CSR,0.1,0.26,short-term_:_and long-term,1.865404,1.940519,2.260703,2.32786,2.596289
False,mean,False,mean,VM7,3e+19,QM1,MSSA,0.1,0.26,short-term_:_and long-term,1.955641,2.030757,2.410303,2.538219,2.620064
True,mean,False,mean,VM7,3e+19,QM1,GFZ,0.1,0.26,short-term_:_and long-term,1.873194,1.947986,2.246241,2.299282,2.55897
True,mean,False,mean,VM7,3e+19,QM1,JPL,0.1,0.26,short-term_:_and long-term,1.941407,2.016199,2.324228,2.386721,2.648132
True,mean,False,mean,VM7,3e+19,QM1,CSR,0.1,0.26,short-term_:_and long-term,1.873032,1.947824,2.252386,2.316145,2.584469
True,mean,False,mean,VM7,3e+19,QM1,MSSA,0.1,0.26,short-term_:_and long-term,1.963629,2.038421,2.398932,2.522653,2.605943
False,mean,False,lower,VM7,3e+19,QM1,GFZ,0.1,0.26,short-term_:_and long-term,1.848995,1.92411,2.265346,2.329828,2.58766
False,mean,False,lower,VM7,3e+19,QM1,JPL,0.1,0.26,short-term_:_and long-term,1.916332,1.991447,2.34333,2.416674,2.677576
False,mean,False,lower,VM7,3e+19,QM1,CSR,0.1,0.26,short-term_:_and long-term,1.848834,1.92395,2.272166,2.346126,2.614049
False,mean,False,lower,VM7,3e+19,QM1,MSSA,0.1,0.26,short-term_:_and long-term,1.93827,2.013385,2.426443,2.559082,2.636853
True,mean,False,lower,VM7,3e+19,QM1,GFZ,0.1,0.26,short-term_:_and long-term,1.85713,1.931922,2.256342,2.315946,2.574809
True,mean,False,lower,VM7,3e+19,QM1,JPL,0.1,0.26,short-term_:_and long-term,1.924758,1.99955,2.334292,2.40289,2.66365
True,mean,False,lower,VM7,3e+19,QM1,CSR,0.1,0.26,short-term_:_and long-term,1.856969,1.931761,2.262935,2.332845,2.600242
True,mean,False,lower,VM7,3e+19,QM1,MSSA,0.1,0.26,short-term_:_and long-term,1.94679,2.021582,2.413686,2.542619,2.622166
False,mean,False,upper,VM7,3e+19,QM1,GFZ,0.1,0.26,short-term_:_and long-term,1.879769,1.954885,2.242163,2.292839,2.554143
False,mean,False,upper,VM7,3e+19,QM1,JPL,0.1,0.26,short-term_:_and long-term,1.948227,2.023343,2.320225,2.380038,2.642263
False,mean,False,upper,VM7,3e+19,QM1,CSR,0.1,0.26,short-term_:_and long-term,1.879606,1.954722,2.248088,2.309064,2.577229
False,mean,False,upper,VM7,3e+19,QM1,MSSA,0.1,0.26,short-term_:_and long-term,1.970531,2.045646,2.393167,2.514018,2.600448
True,mean,False,upper,VM7,3e+19,QM1,GFZ,0.1,0.26,short-term_:_and long-term,1.886454,1.961246,2.234457,2.281246,2.541583
True,mean,False,upper,VM7,3e+19,QM1,JPL,0.1,0.26,short-term_:_and long-term,1.95515,2.029942,2.3124,2.368786,2.631476
True,mean,False,upper,VM7,3e+19,QM1,CSR,0.1,0.26,short-term_:_and long-term,1.886291,1.961083,2.240111,2.296977,2.56546
True,mean,False,upper,VM7,3e+19,QM1,MSSA,0.1,0.26,short-term_:_and long-term,1.97753,2.052322,2.382456,2.499649,2.588317
False,mean,False,mean,VM7,3e+19,QM1,GFZ,0.2,0.26,short-term_:_and long-term,1.865566,1.941205,2.198149,2.242804,2.511161
False,mean,False,mean,VM7,3e+19,QM1,JPL,0.2,0.26,short-term_:_and long-term,1.933507,2.009146,2.275517,2.330627,2.603827
False,mean,False,mean,VM7,3e+19,QM1,CSR,0.2,0.26,short-term_:_and long-term,1.865404,1.941044,2.203661,2.258361,2.53298
False,mean,False,mean,VM7,3e+19,QM1,MSSA,0.2,0.26,short-term_:_and long-term,1.955641,2.031281,2.340513,2.453362,2.557557
True,mean,False,mean,VM7,3e+19,QM1,GFZ,0.2,0.26,short-term_:_and long-term,1.873194,1.948515,2.192877,2.234469,2.503666
True,mean,False,mean,VM7,3e+19,QM1,JPL,0.2,0.26,short-term_:_and long-term,1.941407,2.016728,2.270323,2.322911,2.597984
True,mean,False,mean,VM7,3e+19,QM1,CSR,0.2,0.26,short-term_:_and long-term,1.873032,1.948353,2.198277,2.250018,2.527314
True,mean,False,mean,VM7,3e+19,QM1,MSSA,0.2,0.26,short-term_:_and long-term,1.963629,2.038951,2.33251,2.441741,2.547606
False,mean,False,lower,VM7,3e+19,QM1,GFZ,0.2,0.26,short-term_:_and long-term,1.848995,1.924634,2.201422,2.251577,2.520689
False,mean,False,lower,VM7,3e+19,QM1,JPL,0.2,0.26,short-term_:_and long-term,1.916332,1.991972,2.27868,2.339265,2.61301
False,mean,False,lower,VM7,3e+19,QM1,CSR,0.2,0.26,short-term_:_and long-term,1.848834,1.924474,2.20734,2.267627,2.543059
False,mean,False,lower,VM7,3e+19,QM1,MSSA,0.2,0.26,short-term_:_and long-term,1.93827,2.013909,2.347133,2.465313,2.569684
True,mean,False,lower,VM7,3e+19,QM1,GFZ,0.2,0.26,short-term_:_and long-term,1.85713,1.932451,2.195561,2.242056,2.51242
True,mean,False,lower,VM7,3e+19,QM1,JPL,0.2,0.26,short-term_:_and long-term,1.924758,2.000079,2.272919,2.330313,2.606016
True,mean,False,lower,VM7,3e+19,QM1,CSR,0.2,0.26,short-term_:_and long-term,1.856969,1.93229,2.201324,2.257511,2.535011
True,mean,False,lower,VM7,3e+19,QM1,MSSA,0.2,0.26,short-term_:_and long-term,1.94679,2.022111,2.338115,2.452502,2.558936
False,mean,False,upper,VM7,3e+19,QM1,GFZ,0.2,0.26,short-term_:_and long-term,1.879769,1.955409,2.193406,2.232684,2.499857
False,mean,False,upper,VM7,3e+19,QM1,JPL,0.2,0.26,short-term_:_and long-term,1.948227,2.023867,2.270846,2.321226,2.594039
False,mean,False,upper,VM7,3e+19,QM1,CSR,0.2,0.26,short-term_:_and long-term,1.879606,1.955246,2.198608,2.248227,2.522543
False,mean,False,upper,VM7,3e+19,QM1,MSSA,0.2,0.26,short-term_:_and long-term,1.970531,2.04617,2.332619,2.440529,2.544764
True,mean,False,upper,VM7,3e+19,QM1,GFZ,0.2,0.26,short-term_:_and long-term,1.886454,1.961776,2.188311,2.22486,2.492694
True,mean,False,upper,VM7,3e+19,QM1,JPL,0.2,0.26,short-term_:_and long-term,1.95515,2.030471,2.265761,2.313309,2.587013
True,mean,False,upper,VM7,3e+19,QM1,CSR,0.2,0.26,short-term_:_and long-term,1.886291,1.961612,2.193321,2.240434,2.516354
True,mean,False,upper,VM7,3e+19,QM1,MSSA,0.2,0.26,short-term_:_and long-term,1.97753,2.052851,2.324979,2.430247,2.535722
False,mean,False,mean,VM7,3e+19,Resovsky,GFZ,0.15,0.26,short-term_:_and long-term,1.865566,1.938358,2.203464,2.243696,2.503378
False,mean,False,mean,VM7,3e+19,Resovsky,JPL,0.15,0.26,short-term_:_and long-term,1.933507,2.006299,2.280078,2.330538,2.594763
False,mean,False,mean,VM7,3e+19,Resovsky,CSR,0.15,0.26,short-term_:_and long-term,1.865404,1.938196,2.208744,2.259101,2.527759
False,mean,False,mean,VM7,3e+19,Resovsky,MSSA,0.15,0.26,short-term_:_and long-term,1.955641,2.028433,2.350357,2.461412,2.554821
True,mean,False,mean,VM7,3e+19,Resovsky,GFZ,0.15,0.26,short-term_:_and long-term,1.873194,1.945683,2.196387,2.23326,2.494338
True,mean,False,mean,VM7,3e+19,Resovsky,JPL,0.15,0.26,short-term_:_and long-term,1.941407,2.013896,2.273022,2.320382,2.584738
True,mean,False,mean,VM7,3e+19,Resovsky,CSR,0.15,0.26,short-term_:_and long-term,1.873032,1.945521,2.201521,2.247983,2.515762
True,mean,False,mean,VM7,3e+19,Resovsky,MSSA,0.15,0.26,short-term_:_and long-term,1.963629,2.036118,2.340213,2.44692,2.541857
False,mean,False,lower,VM7,3e+19,Resovsky,GFZ,0.15,0.26,short-term_:_and long-term,1.848995,1.921786,2.207821,2.253744,2.515125
False,mean,False,lower,VM7,3e+19,Resovsky,JPL,0.15,0.26,short-term_:_and long-term,1.916332,1.989124,2.284276,2.340427,2.604878
False,mean,False,lower,VM7,3e+19,Resovsky,CSR,0.15,0.26,short-term_:_and long-term,1.848834,1.921626,2.2135,2.269929,2.539817
False,mean,False,lower,VM7,3e+19,Resovsky,MSSA,0.15,0.26,short-term_:_and long-term,1.93827,2.011062,2.35848,2.475399,2.569541
True,mean,False,lower,VM7,3e+19,Resovsky,GFZ,0.15,0.26,short-term_:_and long-term,1.85713,1.929619,2.199934,2.242215,2.503972
True,mean,False,lower,VM7,3e+19,Resovsky,JPL,0.15,0.26,short-term_:_and long-term,1.924758,1.997247,2.276427,2.329162,2.595368
True,mean,False,lower,VM7,3e+19,Resovsky,CSR,0.15,0.26,short-term_:_and long-term,1.856969,1.929458,2.205413,2.258199,2.527647
True,mean,False,lower,VM7,3e+19,Resovsky,MSSA,0.15,0.26,short-term_:_and long-term,1.94679,2.019279,2.347034,2.459284,2.554309
False,mean,False,upper,VM7,3e+19,Resovsky,GFZ,0.15,0.26,short-term_:_and long-term,1.879769,1.952561,2.197434,2.232484,2.491924
False,mean,False,upper,VM7,3e+19,Resovsky,JPL,0.15,0.26,short-term_:_and long-term,1.948227,2.021019,2.274177,2.319369,2.582664
False,mean,False,upper,VM7,3e+19,Resovsky,CSR,0.15,0.26,short-term_:_and long-term,1.879606,1.952398,2.202421,2.247083,2.514059
False,mean,False,upper,VM7,3e+19,Resovsky,MSSA,0.15,0.26,short-term_:_and long-term,1.970531,2.043322,2.340727,2.445503,2.538094
True,mean,False,upper,VM7,3e+19,Resovsky,GFZ,0.15,0.26,short-term_:_and long-term,1.886454,1.958944,2.190752,2.223063,2.482905
True,mean,False,upper,VM7,3e+19,Resovsky,JPL,0.15,0.26,short-term_:_and long-term,1.95515,2.027639,2.26745,2.309183,2.572629
True,mean,False,upper,VM7,3e+19,Resovsky,CSR,0.15,0.26,short-term_:_and long-term,1.886291,1.95878,2.195506,2.236939,2.504221
True,mean,False,upper,VM7,3e+19,Resovsky,MSSA,0.15,0.26,short-term_:_and long-term,1.97753,2.050019,2.331199,2.432542,2.528027
False,mean,False,mean,VM7,3e+19,Resovsky,GFZ,0.1,0.26,short-term_:_and long-term,1.865566,1.938208,2.231887,2.279304,2.531754
False,mean,False,mean,VM7,3e+19,Resovsky,JPL,0.1,0.26,short-term_:_and long-term,1.933507,2.006149,2.30886,2.363156,2.617734
False,mean,False,mean,VM7,3e+19,Resovsky,CSR,0.1,0.26,short-term_:_and long-term,1.865404,1.938046,2.237549,2.29417,2.55598
False,mean,False,mean,VM7,3e+19,Resovsky,MSSA,0.1,0.26,short-term_:_and long-term,1.955641,2.028283,2.386071,2.501876,2.579019
True,mean,False,mean,VM7,3e+19,Resovsky,GFZ,0.1,0.26,short-term_:_and long-term,1.873194,1.945532,2.223146,2.266091,2.51763
True,mean,False,mean,VM7,3e+19,Resovsky,JPL,0.1,0.26,short-term_:_and long-term,1.941407,2.013745,2.300082,2.351565,2.606531
True,mean,False,mean,VM7,3e+19,Resovsky,CSR,0.1,0.26,short-term_:_and long-term,1.873032,1.94537,2.228632,2.280907,2.54142
True,mean,False,mean,VM7,3e+19,Resovsky,MSSA,0.1,0.26,short-term_:_and long-term,1.963629,2.035968,2.373951,2.485943,2.563996
False,mean,False,lower,VM7,3e+19,Resovsky,GFZ,0.1,0.26,short-term_:_and long-term,1.848995,1.921637,2.238744,2.292013,2.547058
False,mean,False,lower,VM7,3e+19,Resovsky,JPL,0.1,0.26,short-term_:_and long-term,1.916332,1.988974,2.315578,2.37643,2.632578
False,mean,False,lower,VM7,3e+19,Resovsky,CSR,0.1,0.26,short-term_:_and long-term,1.848834,1.921476,2.24484,2.307484,2.570229
False,mean,False,lower,VM7,3e+19,Resovsky,MSSA,0.1,0.26,short-term_:_and long-term,1.93827,2.010912,2.397307,2.519126,2.594582
True,mean,False,lower,VM7,3e+19,Resovsky,GFZ,0.1,0.26,short-term_:_and long-term,1.85713,1.929468,2.229042,2.27807,2.531375
True,mean,False,lower,VM7,3e+19,Resovsky,JPL,0.1,0.26,short-term_:_and long-term,1.924758,1.997096,2.305851,2.362158,2.617939
True,mean,False,lower,VM7,3e+19,Resovsky,CSR,0.1,0.26,short-term_:_and long-term,1.856969,1.929307,2.234899,2.293273,2.555652
True,mean,False,lower,VM7,3e+19,Resovsky,MSSA,0.1,0.26,short-term_:_and long-term,1.94679,2.019128,2.383681,2.501312,2.579402
False,mean,False,upper,VM7,3e+19,Resovsky,GFZ,0.1,0.26,short-term_:_and long-term,1.879769,1.952411,2.223437,2.265041,2.516275
False,mean,False,upper,VM7,3e+19,Resovsky,JPL,0.1,0.26,short-term_:_and long-term,1.948227,2.020869,2.300529,2.35015,2.604695
False,mean,False,upper,VM7,3e+19,Resovsky,CSR,0.1,0.26,short-term_:_and long-term,1.879606,1.952248,2.228786,2.279268,2.538477
False,mean,False,upper,VM7,3e+19,Resovsky,MSSA,0.1,0.26,short-term_:_and long-term,1.970531,2.043173,2.373449,2.484093,2.561922
True,mean,False,upper,VM7,3e+19,Resovsky,GFZ,0.1,0.26,short-term_:_and long-term,1.886454,1.958793,2.215248,2.252203,2.502811
True,mean,False,upper,VM7,3e+19,Resovsky,JPL,0.1,0.26,short-term_:_and long-term,1.95515,2.027488,2.292235,2.337983,2.591911
True,mean,False,upper,VM7,3e+19,Resovsky,CSR,0.1,0.26,short-term_:_and long-term,1.886291,1.958629,2.220322,2.267403,2.527143
True,mean,False,upper,VM7,3e+19,Resovsky,MSSA,0.1,0.26,short-term_:_and long-term,1.97753,2.049868,2.362123,2.469395,2.551161
False,mean,False,mean,VM7,3e+19,Resovsky,GFZ,0.2,0.26,short-term_:_and long-term,1.865566,1.938539,2.182272,2.219313,2.482838
False,mean,False,mean,VM7,3e+19,Resovsky,JPL,0.2,0.26,short-term_:_and long-term,1.933507,2.00648,2.25856,2.304763,2.572539
False,mean,False,mean,VM7,3e+19,Resovsky,CSR,0.2,0.26,short-term_:_and long-term,1.865404,1.938377,2.187244,2.233187,2.505316
False,mean,False,mean,VM7,3e+19,Resovsky,MSSA,0.2,0.26,short-term_:_and long-term,1.955641,2.028614,2.323809,2.429461,2.530943
True,mean,False,mean,VM7,3e+19,Resovsky,GFZ,0.2,0.26,short-term_:_and long-term,1.873194,1.945866,2.176305,2.209506,2.474534
True,mean,False,mean,VM7,3e+19,Resovsky,JPL,0.2,0.26,short-term_:_and long-term,1.941407,2.014079,2.25266,2.296097,2.566216
True,mean,False,mean,VM7,3e+19,Resovsky,CSR,0.2,0.26,short-term_:_and long-term,1.873032,1.945704,2.181152,2.223889,2.497394
True,mean,False,mean,VM7,3e+19,Resovsky,MSSA,0.2,0.26,short-term_:_and long-term,1.963629,2.036301,2.314967,2.41838,2.52174
False,mean,False,lower,VM7,3e+19,Resovsky,GFZ,0.2,0.26,short-term_:_and long-term,1.848995,1.921967,2.1847,2.226606,2.491967
False,mean,False,lower,VM7,3e+19,Resovsky,JPL,0.2,0.26,short-term_:_and long-term,1.916332,1.989305,2.260811,2.312386,2.581852
False,mean,False,lower,VM7,3e+19,Resovsky,CSR,0.2,0.26,short-term_:_and long-term,1.848834,1.921807,2.190042,2.240881,2.512765
False,mean,False,lower,VM7,3e+19,Resovsky,MSSA,0.2,0.26,short-term_:_and long-term,1.93827,2.011243,2.329544,2.439991,2.542536
True,mean,False,lower,VM7,3e+19,Resovsky,GFZ,0.2,0.26,short-term_:_and long-term,1.85713,1.929802,2.178025,2.215994,2.482332
True,mean,False,lower,VM7,3e+19,Resovsky,JPL,0.2,0.26,short-term_:_and long-term,1.924758,1.99743,2.254221,2.302346,2.57302
True,mean,False,lower,VM7,3e+19,Resovsky,CSR,0.2,0.26,short-term_:_and long-term,1.856969,1.929641,2.183195,2.231074,2.505899
True,mean,False,lower,VM7,3e+19,Resovsky,MSSA,0.2,0.26,short-term_:_and long-term,1.94679,2.019462,2.319541,2.427079,2.530233
False,mean,False,upper,VM7,3e+19,Resovsky,GFZ,0.2,0.26,short-term_:_and long-term,1.879769,1.952742,2.178134,2.209492,2.472132
False,mean,False,upper,VM7,3e+19,Resovsky,JPL,0.2,0.26,short-term_:_and long-term,1.948227,2.0212,2.254566,2.296004,2.563428
False,mean,False,upper,VM7,3e+19,Resovsky,CSR,0.2,0.26,short-term_:_and long-term,1.879606,1.952579,2.182832,2.223722,2.494796
False,mean,False,upper,VM7,3e+19,Resovsky,MSSA,0.2,0.26,short-term_:_and long-term,1.970531,2.043503,2.316508,2.418399,2.519679
True,mean,False,upper,VM7,3e+19,Resovsky,GFZ,0.2,0.26,short-term_:_and long-term,1.886454,1.959126,2.172456,2.200973,2.464924
True,mean,False,upper,VM7,3e+19,Resovsky,JPL,0.2,0.26,short-term_:_and long-term,1.95515,2.027822,2.248889,2.286401,2.55515
True,mean,False,upper,VM7,3e+19,Resovsky,CSR,0.2,0.26,short-term_:_and long-term,1.886291,1.958963,2.17695,2.214583,2.48637
True,mean,False,upper,VM7,3e+19,Resovsky,MSSA,0.2,0.26,short-term_:_and long-term,1.97753,2.050202,2.308165,2.407225,2.509993
False,mean,False,mean,VM7,4.5e+20,,GFZ,,,long-term,1.865566,1.919006,1.945316,1.897969,2.130046
False,mean,False,mean,VM7,4.5e+20,,JPL,,,long-term,1.933507,1.986947,2.01376,1.97232,2.208742
False,mean,False,mean,VM7,4.5e+20,,CSR,,,long-term,1.865404,1.918844,1.945542,1.907509,2.145526
False,mean,False,mean,VM7,4.5e+20,,MSSA,,,long-term,1.955641,2.009082,2.041881,2.066333,2.174317
True,mean,False,mean,VM7,4.5e+20,,GFZ,,,long-term,1.873194,1.926447,1.946252,1.897078,2.127949
True,mean,False,mean,VM7,4.5e+20,,JPL,,,long-term,1.941407,1.99466,2.014843,1.971751,2.208261
True,mean,False,mean,VM7,4.5e+20,,CSR,,,long-term,1.873032,1.926285,1.946401,1.906499,2.143052
True,mean,False,mean,VM7,4.5e+20,,MSSA,,,long-term,1.963629,2.016883,2.041536,2.063956,2.170809
False,mean,False,lower,VM7,4.5e+20,,GFZ,,,long-term,1.848995,1.902435,1.931799,1.886046,2.117302
False,mean,False,lower,VM7,4.5e+20,,JPL,,,long-term,1.916332,1.969772,1.999696,1.959686,2.195325
False,mean,False,lower,VM7,4.5e+20,,CSR,,,long-term,1.848834,1.902275,1.932075,1.894889,2.131106
False,mean,False,lower,VM7,4.5e+20,,MSSA,,,long-term,1.93827,1.99171,2.028323,2.05433,2.163196
True,mean,False,lower,VM7,4.5e+20,,GFZ,,,long-term,1.85713,1.910383,1.932581,1.88465,2.114875
True,mean,False,lower,VM7,4.5e+20,,JPL,,,long-term,1.924758,1.978011,2.000635,1.958468,2.193556
True,mean,False,lower,VM7,4.5e+20,,CSR,,,long-term,1.856969,1.910222,1.932765,1.893463,2.128546
True,mean,False,lower,VM7,4.5e+20,,MSSA,,,long-term,1.94679,2.000043,2.027652,2.05132,2.158538
False,mean,False,upper,VM7,4.5e+20,,GFZ,,,long-term,1.879769,1.93321,1.956555,1.907451,2.140441
False,mean,False,upper,VM7,4.5e+20,,JPL,,,long-term,1.948227,2.001668,2.025472,1.983288,2.222455
False,mean,False,upper,VM7,4.5e+20,,CSR,,,long-term,1.879606,1.933047,1.956749,1.918114,2.156903
False,mean,False,upper,VM7,4.5e+20,,MSSA,,,long-term,1.970531,2.023971,2.053093,2.076536,2.183243
True,mean,False,upper,VM7,4.5e+20,,GFZ,,,long-term,1.886454,1.939708,1.957201,1.906594,2.139062
True,mean,False,upper,VM7,4.5e+20,,JPL,,,long-term,1.95515,2.008403,2.026232,1.981992,2.219682
True,mean,False,upper,VM7,4.5e+20,,CSR,,,long-term,1.886291,1.939544,1.957309,1.916721,2.154656
True,mean,False,upper,VM7,4.5e+20,,MSSA,,,long-term,1.97753,2.030783,2.052566,2.074234,2.179833
False,mean,False,mean,VM7,4.5e+20,PAR3P,GFZ,0.15,0.26,short-term_:_and long-term,1.865566,1.93807,2.176234,2.211395,2.488138
False,mean,False,mean,VM7,4.5e+20,PAR3P,JPL,0.15,0.26,short-term_:_and long-term,1.933507,2.006011,2.25334,2.298442,2.576786
False,mean,False,mean,VM7,4.5e+20,PAR3P,CSR,0.15,0.26,short-term_:_and long-term,1.865404,1.937908,2.18128,2.226331,2.507861
False,mean,False,mean,VM7,4.5e+20,PAR3P,MSSA,0.15,0.26,short-term_:_and long-term,1.955641,2.028146,2.316828,2.423259,2.539103
True,mean,False,mean,VM7,4.5e+20,PAR3P,GFZ,0.15,0.26,short-term_:_and long-term,1.873194,1.9454,2.174355,2.206639,2.480257
True,mean,False,mean,VM7,4.5e+20,PAR3P,JPL,0.15,0.26,short-term_:_and long-term,1.941407,2.013613,2.251474,2.293716,2.56997
True,mean,False,mean,VM7,4.5e+20,PAR3P,CSR,0.15,0.26,short-term_:_and long-term,1.873032,1.945238,2.179301,2.221985,2.500797
True,mean,False,mean,VM7,4.5e+20,PAR3P,MSSA,0.15,0.26,short-term_:_and long-term,1.963629,2.035835,2.313111,2.417247,2.530291
False,mean,False,lower,VM7,4.5e+20,PAR3P,GFZ,0.15,0.26,short-term_:_and long-term,1.848995,1.921499,2.177073,2.217022,2.49567
False,mean,False,lower,VM7,4.5e+20,PAR3P,JPL,0.15,0.26,short-term_:_and long-term,1.916332,1.988836,2.254042,2.30348,2.58292
False,mean,False,lower,VM7,4.5e+20,PAR3P,CSR,0.15,0.26,short-term_:_and long-term,1.848834,1.921338,2.182476,2.232607,2.516778
False,mean,False,lower,VM7,4.5e+20,PAR3P,MSSA,0.15,0.26,short-term_:_and long-term,1.93827,2.010774,2.32055,2.431174,2.548634
True,mean,False,lower,VM7,4.5e+20,PAR3P,GFZ,0.15,0.26,short-term_:_and long-term,1.85713,1.929336,2.17496,2.212071,2.488031
True,mean,False,lower,VM7,4.5e+20,PAR3P,JPL,0.15,0.26,short-term_:_and long-term,1.924758,1.996964,2.251953,2.29891,2.576057
True,mean,False,lower,VM7,4.5e+20,PAR3P,CSR,0.15,0.26,short-term_:_and long-term,1.856969,1.929175,2.180227,2.227314,2.508127
True,mean,False,lower,VM7,4.5e+20,PAR3P,MSSA,0.15,0.26,short-term_:_and long-term,1.94679,2.018996,2.316304,2.424513,2.53936
False,mean,False,upper,VM7,4.5e+20,PAR3P,GFZ,0.15,0.26,short-term_:_and long-term,1.879769,1.952273,2.17387,2.204423,2.478781
False,mean,False,upper,VM7,4.5e+20,PAR3P,JPL,0.15,0.26,short-term_:_and long-term,1.948227,2.020731,2.251061,2.291143,2.56822
False,mean,False,upper,VM7,4.5e+20,PAR3P,CSR,0.15,0.26,short-term_:_and long-term,1.879606,1.95211,2.178637,2.21909,2.497868
False,mean,False,upper,VM7,4.5e+20,PAR3P,MSSA,0.15,0.26,short-term_:_and long-term,1.970531,2.043035,2.311744,2.414304,2.527635
True,mean,False,upper,VM7,4.5e+20,PAR3P,GFZ,0.15,0.26,short-term_:_and long-term,1.886454,1.95866,2.171813,2.199094,2.470514
True,mean,False,upper,VM7,4.5e+20,PAR3P,JPL,0.15,0.26,short-term_:_and long-term,1.95515,2.027356,2.248964,2.2864,2.560668
True,mean,False,upper,VM7,4.5e+20,PAR3P,CSR,0.15,0.26,short-term_:_and long-term,1.886291,1.958497,2.176416,2.214777,2.491205
True,mean,False,upper,VM7,4.5e+20,PAR3P,MSSA,0.15,0.26,short-term_:_and long-term,1.97753,2.049736,2.307949,2.408022,2.520673
False,mean,False,mean,VM7,4.5e+20,PAR3P,GFZ,0.1,0.26,short-term_:_and long-term,1.865566,1.937967,2.220165,2.264316,2.532679
False,mean,False,mean,VM7,4.5e+20,PAR3P,JPL,0.1,0.26,short-term_:_and long-term,1.933507,2.005908,2.297587,2.349884,2.619505
False,mean,False,mean,VM7,4.5e+20,PAR3P,CSR,0.1,0.26,short-term_:_and long-term,1.865404,1.937806,2.225681,2.27999,2.553421
False,mean,False,mean,VM7,4.5e+20,PAR3P,MSSA,0.1,0.26,short-term_:_and long-term,1.955641,2.028043,2.372159,2.485797,2.588412
True,mean,False,mean,VM7,4.5e+20,PAR3P,GFZ,0.1,0.26,short-term_:_and long-term,1.873194,1.945295,2.217246,2.258247,2.522828
True,mean,False,mean,VM7,4.5e+20,PAR3P,JPL,0.1,0.26,short-term_:_and long-term,1.941407,2.013508,2.294629,2.343271,2.609643
True,mean,False,mean,VM7,4.5e+20,PAR3P,CSR,0.1,0.26,short-term_:_and long-term,1.873032,1.945133,2.222646,2.273823,2.544657
True,mean,False,mean,VM7,4.5e+20,PAR3P,MSSA,0.1,0.26,short-term_:_and long-term,1.963629,2.035731,2.367268,2.47796,2.577554
False,mean,False,lower,VM7,4.5e+20,PAR3P,GFZ,0.1,0.26,short-term_:_and long-term,1.848995,1.921396,2.226581,2.276288,2.546753
False,mean,False,lower,VM7,4.5e+20,PAR3P,JPL,0.1,0.26,short-term_:_and long-term,1.916332,1.988734,2.30389,2.362679,2.632985
False,mean,False,lower,VM7,4.5e+20,PAR3P,CSR,0.1,0.26,short-term_:_and long-term,1.848834,1.921236,2.232515,2.29282,2.569831
False,mean,False,lower,VM7,4.5e+20,PAR3P,MSSA,0.1,0.26,short-term_:_and long-term,1.93827,2.010671,2.382901,2.50245,2.603158
True,mean,False,lower,VM7,4.5e+20,PAR3P,GFZ,0.1,0.26,short-term_:_and long-term,1.85713,1.929231,2.223347,2.269658,2.535482
True,mean,False,lower,VM7,4.5e+20,PAR3P,JPL,0.1,0.26,short-term_:_and long-term,1.924758,1.996859,2.300626,2.355185,2.621194
True,mean,False,lower,VM7,4.5e+20,PAR3P,CSR,0.1,0.26,short-term_:_and long-term,1.856969,1.92907,2.229118,2.286375,2.558692
True,mean,False,lower,VM7,4.5e+20,PAR3P,MSSA,0.1,0.26,short-term_:_and long-term,1.94679,2.018891,2.37734,2.493618,2.591471
False,mean,False,upper,VM7,4.5e+20,PAR3P,GFZ,0.1,0.26,short-term_:_and long-term,1.879769,1.952171,2.212345,2.250739,2.516876
False,mean,False,upper,VM7,4.5e+20,PAR3P,JPL,0.1,0.26,short-term_:_and long-term,1.948227,2.020629,2.28984,2.336923,2.605691
False,mean,False,upper,VM7,4.5e+20,PAR3P,CSR,0.1,0.26,short-term_:_and long-term,1.879606,1.952008,2.217544,2.265952,2.537281
False,mean,False,upper,VM7,4.5e+20,PAR3P,MSSA,0.1,0.26,short-term_:_and long-term,1.970531,2.042932,2.360242,2.469053,2.570716
True,mean,False,upper,VM7,4.5e+20,PAR3P,GFZ,0.1,0.26,short-term_:_and long-term,1.886454,1.958556,2.20934,2.244787,2.507202
True,mean,False,upper,VM7,4.5e+20,PAR3P,JPL,0.1,0.26,short-term_:_and long-term,1.95515,2.027251,2.286737,2.330843,2.596744
True,mean,False,upper,VM7,4.5e+20,PAR3P,CSR,0.1,0.26,short-term_:_and long-term,1.886291,1.958392,2.214337,2.260104,2.528326
True,mean,False,upper,VM7,4.5e+20,PAR3P,MSSA,0.1,0.26,short-term_:_and long-term,1.97753,2.049631,2.355361,2.460977,2.559576
False,mean,False,mean,VM7,4.5e+20,PAR3P,GFZ,0.2,0.26,short-term_:_and long-term,1.865566,1.93814,2.148453,2.17772,2.457955
False,mean,False,mean,VM7,4.5e+20,PAR3P,JPL,0.2,0.26,short-term_:_and long-term,1.933507,2.006081,2.225156,2.262931,2.544391
False,mean,False,mean,VM7,4.5e+20,PAR3P,CSR,0.2,0.26,short-term_:_and long-term,1.865404,1.937978,2.153136,2.192245,2.478385
False,mean,False,mean,VM7,4.5e+20,PAR3P,MSSA,0.2,0.26,short-term_:_and long-term,1.955641,2.028215,2.281866,2.381415,2.509369
True,mean,False,mean,VM7,4.5e+20,PAR3P,GFZ,0.2,0.26,short-term_:_and long-term,1.873194,1.945472,2.147417,2.174399,2.452428
True,mean,False,mean,VM7,4.5e+20,PAR3P,JPL,0.2,0.26,short-term_:_and long-term,1.941407,2.013685,2.224178,2.259706,2.539154
True,mean,False,mean,VM7,4.5e+20,PAR3P,CSR,0.2,0.26,short-term_:_and long-term,1.873032,1.94531,2.152014,2.188915,2.473385
True,mean,False,mean,VM7,4.5e+20,PAR3P,MSSA,0.2,0.26,short-term_:_and long-term,1.963629,2.035907,2.279124,2.375881,2.501208
False,mean,False,lower,VM7,4.5e+20,PAR3P,GFZ,0.2,0.26,short-term_:_and long-term,1.848995,1.921568,2.145793,2.17952,2.46231
False,mean,False,lower,VM7,4.5e+20,PAR3P,JPL,0.2,0.26,short-term_:_and long-term,1.916332,1.988906,2.222329,2.26463,2.54804
False,mean,False,lower,VM7,4.5e+20,PAR3P,CSR,0.2,0.26,short-term_:_and long-term,1.848834,1.921408,2.150788,2.194467,2.483269
False,mean,False,lower,VM7,4.5e+20,PAR3P,MSSA,0.2,0.26,short-term_:_and long-term,1.93827,2.010844,2.281194,2.385023,2.515691
True,mean,False,lower,VM7,4.5e+20,PAR3P,GFZ,0.2,0.26,short-term_:_and long-term,1.85713,1.929408,2.144582,2.175702,2.455979
True,mean,False,lower,VM7,4.5e+20,PAR3P,JPL,0.2,0.26,short-term_:_and long-term,1.924758,1.997036,2.22119,2.260936,2.542242
True,mean,False,lower,VM7,4.5e+20,PAR3P,CSR,0.2,0.26,short-term_:_and long-term,1.856969,1.929247,2.149462,2.190439,2.476907
True,mean,False,lower,VM7,4.5e+20,PAR3P,MSSA,0.2,0.26,short-term_:_and long-term,1.94679,2.019067,2.278018,2.379044,2.507565
False,mean,False,upper,VM7,4.5e+20,PAR3P,GFZ,0.2,0.26,short-term_:_and long-term,1.879769,1.952343,2.149474,2.174767,2.452306
False,mean,False,upper,VM7,4.5e+20,PAR3P,JPL,0.2,0.26,short-term_:_and long-term,1.948227,2.020801,2.226287,2.260128,2.539081
False,mean,False,upper,VM7,4.5e+20,PAR3P,CSR,0.2,0.26,short-term_:_and long-term,1.879606,1.95218,2.153908,2.189015,2.473141
False,mean,False,upper,VM7,4.5e+20,PAR3P,MSSA,0.2,0.26,short-term_:_and long-term,1.970531,2.043104,2.281013,2.376959,2.501484
True,mean,False,upper,VM7,4.5e+20,PAR3P,GFZ,0.2,0.26,short-term_:_and long-term,1.886454,1.958732,2.148193,2.171692,2.446965
True,mean,False,upper,VM7,4.5e+20,PAR3P,JPL,0.2,0.26,short-term_:_and long-term,1.95515,2.027428,2.225014,2.256832,2.534115
True,mean,False,upper,VM7,4.5e+20,PAR3P,CSR,0.2,0.26,short-term_:_and long-term,1.886291,1.958569,2.152489,2.185261,2.467645
True,mean,False,upper,VM7,4.5e+20,PAR3P,MSSA,0.2,0.26,short-term_:_and long-term,1.97753,2.049808,2.278125,2.371763,2.493761
False,mean,False,mean,VM7,4.5e+20,PREM,GFZ,0.15,0.26,short-term_:_and long-term,1.865566,1.939572,2.189834,2.23083,2.517965
False,mean,False,mean,VM7,4.5e+20,PREM,JPL,0.15,0.26,short-term_:_and long-term,1.933507,2.007513,2.267419,2.317084,2.604628
False,mean,False,mean,VM7,4.5e+20,PREM,CSR,0.15,0.26,short-term_:_and long-term,1.865404,1.93941,2.195004,2.244806,2.538496
False,mean,False,mean,VM7,4.5e+20,PREM,MSSA,0.15,0.26,short-term_:_and long-term,1.955641,2.029648,2.333649,2.446499,2.573076
True,mean,False,mean,VM7,4.5e+20,PREM,GFZ,0.15,0.26,short-term_:_and long-term,1.873194,1.946891,2.187843,2.226328,2.51071
True,mean,False,mean,VM7,4.5e+20,PREM,JPL,0.15,0.26,short-term_:_and long-term,1.941407,2.015103,2.265445,2.31277,2.597979
True,mean,False,mean,VM7,4.5e+20,PREM,CSR,0.15,0.26,short-term_:_and long-term,1.873032,1.946728,2.192922,2.239888,2.529671
True,mean,False,mean,VM7,4.5e+20,PREM,MSSA,0.15,0.26,short-term_:_and long-term,1.963629,2.037326,2.32976,2.44002,2.563214
False,mean,False,lower,VM7,4.5e+20,PREM,GFZ,0.15,0.26,short-term_:_and long-term,1.848995,1.923001,2.191893,2.237849,2.529197
False,mean,False,lower,VM7,4.5e+20,PREM,JPL,0.15,0.26,short-term_:_and long-term,1.916332,1.990338,2.26938,2.324829,2.615908
False,mean,False,lower,VM7,4.5e+20,PREM,CSR,0.15,0.26,short-term_:_and long-term,1.848834,1.92284,2.197431,2.253281,2.550415
False,mean,False,lower,VM7,4.5e+20,PREM,MSSA,0.15,0.26,short-term_:_and long-term,1.93827,2.012276,2.338939,2.456348,2.586241
True,mean,False,lower,VM7,4.5e+20,PREM,GFZ,0.15,0.26,short-term_:_and long-term,1.85713,1.930826,2.189651,2.233313,2.521409
True,mean,False,lower,VM7,4.5e+20,PREM,JPL,0.15,0.26,short-term_:_and long-term,1.924758,1.998454,2.267167,2.319668,2.607432
True,mean,False,lower,VM7,4.5e+20,PREM,CSR,0.15,0.26,short-term_:_and long-term,1.856969,1.930666,2.195059,2.247545,2.541009
True,mean,False,lower,VM7,4.5e+20,PREM,MSSA,0.15,0.26,short-term_:_and long-term,1.94679,2.020486,2.334477,2.449772,2.576317
False,mean,False,upper,VM7,4.5e+20,PREM,GFZ,0.15,0.26,short-term_:_and long-term,1.879769,1.953775,2.186184,2.222725,2.505919
False,mean,False,upper,VM7,4.5e+20,PREM,JPL,0.15,0.26,short-term_:_and long-term,1.948227,2.022233,2.263823,2.308635,2.594199
False,mean,False,upper,VM7,4.5e+20,PREM,CSR,0.15,0.26,short-term_:_and long-term,1.879606,1.953612,2.191071,2.236088,2.525931
False,mean,False,upper,VM7,4.5e+20,PREM,MSSA,0.15,0.26,short-term_:_and long-term,1.970531,2.044537,2.326926,2.435131,2.559562
True,mean,False,upper,VM7,4.5e+20,PREM,GFZ,0.15,0.26,short-term_:_and long-term,1.886454,1.960151,2.184035,2.218049,2.498464
True,mean,False,upper,VM7,4.5e+20,PREM,JPL,0.15,0.26,short-term_:_and long-term,1.95515,2.028847,2.261635,2.304462,2.588558
True,mean,False,upper,VM7,4.5e+20,PREM,CSR,0.15,0.26,short-term_:_and long-term,1.886291,1.959988,2.188758,2.231612,2.518405
True,mean,False,upper,VM7,4.5e+20,PREM,MSSA,0.15,0.26,short-term_:_and long-term,1.97753,2.051226,2.322984,2.429191,2.550253
False,mean,False,mean,VM7,4.5e+20,PREM,GFZ,0.1,0.26,short-term_:_and long-term,1.865566,1.939383,2.232898,2.283285,2.562794
False,mean,False,mean,VM7,4.5e+20,PREM,JPL,0.1,0.26,short-term_:_and long-term,1.933507,2.007324,2.310818,2.370031,2.650365
False,mean,False,mean,VM7,4.5e+20,PREM,CSR,0.1,0.26,short-term_:_and long-term,1.865404,1.939221,2.238546,2.298684,2.583188
False,mean,False,mean,VM7,4.5e+20,PREM,MSSA,0.1,0.26,short-term_:_and long-term,1.955641,2.029458,2.387936,2.50936,2.621972
True,mean,False,mean,VM7,4.5e+20,PREM,GFZ,0.1,0.26,short-term_:_and long-term,1.873194,1.9467,2.229303,2.276719,2.551401
True,mean,False,mean,VM7,4.5e+20,PREM,JPL,0.1,0.26,short-term_:_and long-term,1.941407,2.014912,2.307172,2.363266,2.640155
True,mean,False,mean,VM7,4.5e+20,PREM,CSR,0.1,0.26,short-term_:_and long-term,1.873032,1.946537,2.23484,2.292033,2.573349
True,mean,False,mean,VM7,4.5e+20,PREM,MSSA,0.1,0.26,short-term_:_and long-term,1.963629,2.037135,2.382128,2.500453,2.609624
False,mean,False,lower,VM7,4.5e+20,PREM,GFZ,0.1,0.26,short-term_:_and long-term,1.848995,1.922811,2.239997,2.29751,2.580296
False,mean,False,lower,VM7,4.5e+20,PREM,JPL,0.1,0.26,short-term_:_and long-term,1.916332,1.990149,2.317845,2.383579,2.666535
False,mean,False,lower,VM7,4.5e+20,PREM,CSR,0.1,0.26,short-term_:_and long-term,1.848834,1.922651,2.246071,2.312028,2.599979
False,mean,False,lower,VM7,4.5e+20,PREM,MSSA,0.1,0.26,short-term_:_and long-term,1.93827,2.012087,2.39957,2.526927,2.640648
True,mean,False,lower,VM7,4.5e+20,PREM,GFZ,0.1,0.26,short-term_:_and long-term,1.85713,1.930635,2.236012,2.289019,2.567637
True,mean,False,lower,VM7,4.5e+20,PREM,JPL,0.1,0.26,short-term_:_and long-term,1.924758,1.998264,2.313818,2.376067,2.654191
True,mean,False,lower,VM7,4.5e+20,PREM,CSR,0.1,0.26,short-term_:_and long-term,1.856969,1.930475,2.241925,2.304598,2.588395
True,mean,False,lower,VM7,4.5e+20,PREM,MSSA,0.1,0.26,short-term_:_and long-term,1.94679,2.020295,2.392972,2.516677,2.626652
False,mean,False,upper,VM7,4.5e+20,PREM,GFZ,0.1,0.26,short-term_:_and long-term,1.879769,1.953586,2.224341,2.267736,2.543704
False,mean,False,upper,VM7,4.5e+20,PREM,JPL,0.1,0.26,short-term_:_and long-term,1.948227,2.022044,2.302302,2.355435,2.6343
False,mean,False,upper,VM7,4.5e+20,PREM,CSR,0.1,0.26,short-term_:_and long-term,1.879606,1.953423,2.229672,2.284,2.565664
False,mean,False,upper,VM7,4.5e+20,PREM,MSSA,0.1,0.26,short-term_:_and long-term,1.970531,2.044347,2.375075,2.49009,2.601122
True,mean,False,upper,VM7,4.5e+20,PREM,GFZ,0.1,0.26,short-term_:_and long-term,1.886454,1.95996,2.220738,2.261532,2.53499
True,mean,False,upper,VM7,4.5e+20,PREM,JPL,0.1,0.26,short-term_:_and long-term,1.95515,2.028656,2.298587,2.348906,2.624715
True,mean,False,upper,VM7,4.5e+20,PREM,CSR,0.1,0.26,short-term_:_and long-term,1.886291,1.959797,2.225864,2.277157,2.555247
True,mean,False,upper,VM7,4.5e+20,PREM,MSSA,0.1,0.26,short-term_:_and long-term,1.97753,2.051035,2.369379,2.480982,2.588858
False,mean,False,mean,VM7,4.5e+20,PREM,GFZ,0.2,0.26,short-term_:_and long-term,1.865566,1.939714,2.161269,2.196698,2.486389
False,mean,False,mean,VM7,4.5e+20,PREM,JPL,0.2,0.26,short-term_:_and long-term,1.933507,2.007654,2.238456,2.280452,2.572112
False,mean,False,mean,VM7,4.5e+20,PREM,CSR,0.2,0.26,short-term_:_and long-term,1.865404,1.939552,2.166067,2.211861,2.506879
False,mean,False,mean,VM7,4.5e+20,PREM,MSSA,0.2,0.26,short-term_:_and long-term,1.955641,2.029789,2.297689,2.403582,2.539661
True,mean,False,mean,VM7,4.5e+20,PREM,GFZ,0.2,0.26,short-term_:_and long-term,1.873194,1.947034,2.160416,2.193216,2.480661
True,mean,False,mean,VM7,4.5e+20,PREM,JPL,0.2,0.26,short-term_:_and long-term,1.941407,2.015247,2.237671,2.277464,2.567925
True,mean,False,mean,VM7,4.5e+20,PREM,CSR,0.2,0.26,short-term_:_and long-term,1.873032,1.946872,2.165139,2.208275,2.501203
True,mean,False,mean,VM7,4.5e+20,PREM,MSSA,0.2,0.26,short-term_:_and long-term,1.963629,2.037469,2.295164,2.398636,2.532847
False,mean,False,lower,VM7,4.5e+20,PREM,GFZ,0.2,0.26,short-term_:_and long-term,1.848995,1.923142,2.15999,2.200005,2.492894
False,mean,False,lower,VM7,4.5e+20,PREM,JPL,0.2,0.26,short-term_:_and long-term,1.916332,1.99048,2.237049,2.284217,2.579444
False,mean,False,lower,VM7,4.5e+20,PREM,CSR,0.2,0.26,short-term_:_and long-term,1.848834,1.922982,2.165114,2.215168,2.513657
False,mean,False,lower,VM7,4.5e+20,PREM,MSSA,0.2,0.26,short-term_:_and long-term,1.93827,2.012418,2.298794,2.409135,2.54897
True,mean,False,lower,VM7,4.5e+20,PREM,GFZ,0.2,0.26,short-term_:_and long-term,1.85713,1.93097,2.15898,2.196316,2.48721
True,mean,False,lower,VM7,4.5e+20,PREM,JPL,0.2,0.26,short-term_:_and long-term,1.924758,1.998598,2.236123,2.280891,2.574073
True,mean,False,lower,VM7,4.5e+20,PREM,CSR,0.2,0.26,short-term_:_and long-term,1.856969,1.930809,2.163998,2.211797,2.507865
True,mean,False,lower,VM7,4.5e+20,PREM,MSSA,0.2,0.26,short-term_:_and long-term,1.94679,2.02063,2.295837,2.403763,2.541445
False,mean,False,upper,VM7,4.5e+20,PREM,GFZ,0.2,0.26,short-term_:_and long-term,1.879769,1.953917,2.160877,2.191742,2.477593
False,mean,False,upper,VM7,4.5e+20,PREM,JPL,0.2,0.26,short-term_:_and long-term,1.948227,2.022375,2.238141,2.275617,2.564387
False,mean,False,upper,VM7,4.5e+20,PREM,CSR,0.2,0.26,short-term_:_and long-term,1.879606,1.953754,2.16542,2.206354,2.498171
False,mean,False,upper,VM7,4.5e+20,PREM,MSSA,0.2,0.26,short-term_:_and long-term,1.970531,2.044678,2.295033,2.396911,2.529327
True,mean,False,upper,VM7,4.5e+20,PREM,GFZ,0.2,0.26,short-term_:_and long-term,1.886454,1.960295,2.159764,2.18805,2.471864
True,mean,False,upper,VM7,4.5e+20,PREM,JPL,0.2,0.26,short-term_:_and long-term,1.95515,2.02899,2.237044,2.272714,2.559056
True,mean,False,upper,VM7,4.5e+20,PREM,CSR,0.2,0.26,short-term_:_and long-term,1.886291,1.960131,2.164173,2.202866,2.493708
True,mean,False,upper,VM7,4.5e+20,PREM,MSSA,0.2,0.26,short-term_:_and long-term,1.97753,2.05137,2.292342,2.391756,2.522688
False,mean,False,mean,VM7,4.5e+20,QL6,GFZ,0.15,0.26,short-term_:_and long-term,1.865566,1.936646,2.168859,2.199044,2.473435
False,mean,False,mean,VM7,4.5e+20,QL6,JPL,0.15,0.26,short-term_:_and long-term,1.933507,2.004587,2.245065,2.284155,2.56052
False,mean,False,mean,VM7,4.5e+20,QL6,CSR,0.15,0.26,short-term_:_and long-term,1.865404,1.936484,2.173464,2.213065,2.492635
False,mean,False,mean,VM7,4.5e+20,QL6,MSSA,0.15,0.26,short-term_:_and long-term,1.955641,2.026722,2.310141,2.413967,2.526593
True,mean,False,mean,VM7,4.5e+20,QL6,GFZ,0.15,0.26,short-term_:_and long-term,1.873194,1.943985,2.166901,2.194145,2.465891
True,mean,False,mean,VM7,4.5e+20,QL6,JPL,0.15,0.26,short-term_:_and long-term,1.941407,2.012198,2.243123,2.279917,2.553886
True,mean,False,mean,VM7,4.5e+20,QL6,CSR,0.15,0.26,short-term_:_and long-term,1.873032,1.943823,2.171407,2.208722,2.485894
True,mean,False,mean,VM7,4.5e+20,QL6,MSSA,0.15,0.26,short-term_:_and long-term,1.963629,2.03442,2.30631,2.406793,2.517411
False,mean,False,lower,VM7,4.5e+20,QL6,GFZ,0.15,0.26,short-term_:_and long-term,1.848995,1.920075,2.169552,2.204744,2.481986
False,mean,False,lower,VM7,4.5e+20,QL6,JPL,0.15,0.26,short-term_:_and long-term,1.916332,1.987412,2.245571,2.289675,2.567551
False,mean,False,lower,VM7,4.5e+20,QL6,CSR,0.15,0.26,short-term_:_and long-term,1.848834,1.919914,2.174486,2.218616,2.500733
False,mean,False,lower,VM7,4.5e+20,QL6,MSSA,0.15,0.26,short-term_:_and long-term,1.93827,2.00935,2.313879,2.421611,2.536902
True,mean,False,lower,VM7,4.5e+20,QL6,GFZ,0.15,0.26,short-term_:_and long-term,1.85713,1.927921,2.16731,2.199485,2.473686
True,mean,False,lower,VM7,4.5e+20,QL6,JPL,0.15,0.26,short-term_:_and long-term,1.924758,1.995549,2.243357,2.284829,2.560069
True,mean,False,lower,VM7,4.5e+20,QL6,CSR,0.15,0.26,short-term_:_and long-term,1.856969,1.92776,2.172107,2.213567,2.492495
True,mean,False,lower,VM7,4.5e+20,QL6,MSSA,0.15,0.26,short-term_:_and long-term,1.94679,2.017581,2.309441,2.414668,2.526647
False,mean,False,upper,VM7,4.5e+20,QL6,GFZ,0.15,0.26,short-term_:_and long-term,1.879769,1.950849,2.166421,2.191572,2.463011
False,mean,False,upper,VM7,4.5e+20,QL6,JPL,0.15,0.26,short-term_:_and long-term,1.948227,2.019307,2.24277,2.277633,2.551832
False,mean,False,upper,VM7,4.5e+20,QL6,CSR,0.15,0.26,short-term_:_and long-term,1.879606,1.950686,2.170779,2.206054,2.482554
False,mean,False,upper,VM7,4.5e+20,QL6,MSSA,0.15,0.26,short-term_:_and long-term,1.970531,2.041611,2.304783,2.404083,2.514688
True,mean,False,upper,VM7,4.5e+20,QL6,GFZ,0.15,0.26,short-term_:_and long-term,1.886454,1.957245,2.164334,2.187486,2.456084
True,mean,False,upper,VM7,4.5e+20,QL6,JPL,0.15,0.26,short-term_:_and long-term,1.95515,2.025941,2.240645,2.272968,2.544839
True,mean,False,upper,VM7,4.5e+20,QL6,CSR,0.15,0.26,short-term_:_and long-term,1.886291,1.957082,2.168523,2.20152,2.475694
True,mean,False,upper,VM7,4.5e+20,QL6,MSSA,0.15,0.26,short-term_:_and long-term,1.97753,2.048321,2.300932,2.397817,2.5062
False,mean,False,mean,VM7,4.5e+20,QL6,GFZ,0.1,0.26,short-term_:_and long-term,1.865566,1.936545,2.208448,2.245901,2.509926
False,mean,False,mean,VM7,4.5e+20,QL6,JPL,0.1,0.26,short-term_:_and long-term,1.933507,2.004486,2.284946,2.33118,2.597162
False,mean,False,mean,VM7,4.5e+20,QL6,CSR,0.1,0.26,short-term_:_and long-term,1.865404,1.936384,2.213502,2.2613,2.531007
False,mean,False,mean,VM7,4.5e+20,QL6,MSSA,0.1,0.26,short-term_:_and long-term,1.955641,2.026621,2.36024,2.470504,2.566586
True,mean,False,mean,VM7,4.5e+20,QL6,GFZ,0.1,0.26,short-term_:_and long-term,1.873194,1.943884,2.205388,2.239541,2.499192
True,mean,False,mean,VM7,4.5e+20,QL6,JPL,0.1,0.26,short-term_:_and long-term,1.941407,2.012096,2.281861,2.325185,2.587239
True,mean,False,mean,VM7,4.5e+20,QL6,CSR,0.1,0.26,short-term_:_and long-term,1.873032,1.943721,2.21033,2.255299,2.520773
True,mean,False,mean,VM7,4.5e+20,QL6,MSSA,0.1,0.26,short-term_:_and long-term,1.963629,2.034319,2.355107,2.46181,2.554561
False,mean,False,lower,VM7,4.5e+20,QL6,GFZ,0.1,0.26,short-term_:_and long-term,1.848995,1.919974,2.213215,2.257046,2.523184
False,mean,False,lower,VM7,4.5e+20,QL6,JPL,0.1,0.26,short-term_:_and long-term,1.916332,1.987312,2.289541,2.341308,2.608928
False,mean,False,lower,VM7,4.5e+20,QL6,CSR,0.1,0.26,short-term_:_and long-term,1.848834,1.919814,2.218646,2.272341,2.54477
False,mean,False,lower,VM7,4.5e+20,QL6,MSSA,0.1,0.26,short-term_:_and long-term,1.93827,2.00925,2.369124,2.484334,2.581264
True,mean,False,lower,VM7,4.5e+20,QL6,GFZ,0.1,0.26,short-term_:_and long-term,1.85713,1.927819,2.209786,2.24942,2.510467
True,mean,False,lower,VM7,4.5e+20,QL6,JPL,0.1,0.26,short-term_:_and long-term,1.924758,1.995447,2.286097,2.334383,2.597787
True,mean,False,lower,VM7,4.5e+20,QL6,CSR,0.1,0.26,short-term_:_and long-term,1.856969,1.927659,2.215055,2.26551,2.534115
True,mean,False,lower,VM7,4.5e+20,QL6,MSSA,0.1,0.26,short-term_:_and long-term,1.94679,2.017479,2.36324,2.475062,2.56823
False,mean,False,upper,VM7,4.5e+20,QL6,GFZ,0.1,0.26,short-term_:_and long-term,1.879769,1.950749,2.202077,2.2335,2.495084
False,mean,False,upper,VM7,4.5e+20,QL6,JPL,0.1,0.26,short-term_:_and long-term,1.948227,2.019207,2.278713,2.319954,2.583882
False,mean,False,upper,VM7,4.5e+20,QL6,CSR,0.1,0.26,short-term_:_and long-term,1.879606,1.950586,2.206857,2.248686,2.515692
False,mean,False,upper,VM7,4.5e+20,QL6,MSSA,0.1,0.26,short-term_:_and long-term,1.970531,2.04151,2.349944,2.454565,2.548605
True,mean,False,upper,VM7,4.5e+20,QL6,GFZ,0.1,0.26,short-term_:_and long-term,1.886454,1.957144,2.198985,2.227561,2.485603
True,mean,False,upper,VM7,4.5e+20,QL6,JPL,0.1,0.26,short-term_:_and long-term,1.95515,2.02584,2.275538,2.313697,2.575377
True,mean,False,upper,VM7,4.5e+20,QL6,CSR,0.1,0.26,short-term_:_and long-term,1.886291,1.956981,2.203564,2.243083,2.507063
True,mean,False,upper,VM7,4.5e+20,QL6,MSSA,0.1,0.26,short-term_:_and long-term,1.97753,2.048219,2.344894,2.446952,2.538333
False,mean,False,mean,VM7,4.5e+20,QL6,GFZ,0.2,0.26,short-term_:_and long-term,1.865566,1.936741,2.141564,2.166561,2.444868
False,mean,False,mean,VM7,4.5e+20,QL6,JPL,0.2,0.26,short-term_:_and long-term,1.933507,2.004681,2.217474,2.250107,2.530342
False,mean,False,mean,VM7,4.5e+20,QL6,CSR,0.2,0.26,short-term_:_and long-term,1.865404,1.936579,2.145832,2.179883,2.465281
False,mean,False,mean,VM7,4.5e+20,QL6,MSSA,0.2,0.26,short-term_:_and long-term,1.955641,2.026816,2.275613,2.371761,2.497626
True,mean,False,mean,VM7,4.5e+20,QL6,GFZ,0.2,0.26,short-term_:_and long-term,1.873194,1.94408,2.140441,2.162775,2.438746
True,mean,False,mean,VM7,4.5e+20,QL6,JPL,0.2,0.26,short-term_:_and long-term,1.941407,2.012293,2.216406,2.247019,2.524975
True,mean,False,mean,VM7,4.5e+20,QL6,CSR,0.2,0.26,short-term_:_and long-term,1.873032,1.943918,2.144625,2.176796,2.459314
True,mean,False,mean,VM7,4.5e+20,QL6,MSSA,0.2,0.26,short-term_:_and long-term,1.963629,2.034516,2.272773,2.366239,2.488633
False,mean,False,lower,VM7,4.5e+20,QL6,GFZ,0.2,0.26,short-term_:_and long-term,1.848995,1.920169,2.139478,2.168703,2.45011
False,mean,False,lower,VM7,4.5e+20,QL6,JPL,0.2,0.26,short-term_:_and long-term,1.916332,1.987507,2.215184,2.251791,2.534976
False,mean,False,lower,VM7,4.5e+20,QL6,CSR,0.2,0.26,short-term_:_and long-term,1.848834,1.920009,2.14404,2.182577,2.469815
False,mean,False,lower,VM7,4.5e+20,QL6,MSSA,0.2,0.26,short-term_:_and long-term,1.93827,2.009445,2.275848,2.376751,2.505887
True,mean,False,lower,VM7,4.5e+20,QL6,GFZ,0.2,0.26,short-term_:_and long-term,1.85713,1.928016,2.13814,2.164669,2.443409
True,mean,False,lower,VM7,4.5e+20,QL6,JPL,0.2,0.26,short-term_:_and long-term,1.924758,1.995644,2.213914,2.248072,2.528653
True,mean,False,lower,VM7,4.5e+20,QL6,CSR,0.2,0.26,short-term_:_and long-term,1.856969,1.927855,2.142586,2.178462,2.464327
True,mean,False,lower,VM7,4.5e+20,QL6,MSSA,0.2,0.26,short-term_:_and long-term,1.94679,2.017676,2.272509,2.370387,2.497094
False,mean,False,upper,VM7,4.5e+20,QL6,GFZ,0.2,0.26,short-term_:_and long-term,1.879769,1.950944,2.141845,2.163052,2.438292
False,mean,False,upper,VM7,4.5e+20,QL6,JPL,0.2,0.26,short-term_:_and long-term,1.948227,2.019402,2.217907,2.246659,2.524448
False,mean,False,upper,VM7,4.5e+20,QL6,CSR,0.2,0.26,short-term_:_and long-term,1.879606,1.950781,2.145886,2.17652,2.458399
False,mean,False,upper,VM7,4.5e+20,QL6,MSSA,0.2,0.26,short-term_:_and long-term,1.970531,2.041705,2.273662,2.365668,2.486904
True,mean,False,upper,VM7,4.5e+20,QL6,GFZ,0.2,0.26,short-term_:_and long-term,1.886454,1.957341,2.140518,2.15961,2.432395
True,mean,False,upper,VM7,4.5e+20,QL6,JPL,0.2,0.26,short-term_:_and long-term,1.95515,2.026036,2.216585,2.243136,2.518812
True,mean,False,upper,VM7,4.5e+20,QL6,CSR,0.2,0.26,short-term_:_and long-term,1.886291,1.957177,2.144418,2.173142,2.452136
True,mean,False,upper,VM7,4.5e+20,QL6,MSSA,0.2,0.26,short-term_:_and long-term,1.97753,2.048416,2.270722,2.360598,2.479818
False,mean,False,mean,VM7,4.5e+20,QM1,GFZ,0.15,0.26,short-term_:_and long-term,1.865566,1.940942,2.183709,2.226946,2.515611
False,mean,False,mean,VM7,4.5e+20,QM1,JPL,0.15,0.26,short-term_:_and long-term,1.933507,2.008883,2.261484,2.314287,2.603248
False,mean,False,mean,VM7,4.5e+20,QM1,CSR,0.15,0.26,short-term_:_and long-term,1.865404,1.94078,2.189198,2.242547,2.535262
False,mean,False,mean,VM7,4.5e+20,QM1,MSSA,0.15,0.26,short-term_:_and long-term,1.955641,2.031017,2.321992,2.435213,2.563119
True,mean,False,mean,VM7,4.5e+20,QM1,GFZ,0.15,0.26,short-term_:_and long-term,1.873194,1.948249,2.18198,2.222617,2.508858
True,mean,False,mean,VM7,4.5e+20,QM1,JPL,0.15,0.26,short-term_:_and long-term,1.941407,2.016462,2.259782,2.31021,2.596684
True,mean,False,mean,VM7,4.5e+20,QM1,CSR,0.15,0.26,short-term_:_and long-term,1.873032,1.948087,2.187387,2.23842,2.528518
True,mean,False,mean,VM7,4.5e+20,QM1,MSSA,0.15,0.26,short-term_:_and long-term,1.963629,2.038685,2.318404,2.429342,2.554506
False,mean,False,lower,VM7,4.5e+20,QM1,GFZ,0.15,0.26,short-term_:_and long-term,1.848995,1.924371,2.185854,2.234274,2.525551
False,mean,False,lower,VM7,4.5e+20,QM1,JPL,0.15,0.26,short-term_:_and long-term,1.916332,1.991708,2.263564,2.322184,2.613709
False,mean,False,lower,VM7,4.5e+20,QM1,CSR,0.15,0.26,short-term_:_and long-term,1.848834,1.92421,2.191748,2.250502,2.545917
False,mean,False,lower,VM7,4.5e+20,QM1,MSSA,0.15,0.26,short-term_:_and long-term,1.93827,2.013646,2.327128,2.445099,2.575873
True,mean,False,lower,VM7,4.5e+20,QM1,GFZ,0.15,0.26,short-term_:_and long-term,1.85713,1.932185,2.183904,2.229111,2.517859
True,mean,False,lower,VM7,4.5e+20,QM1,JPL,0.15,0.26,short-term_:_and long-term,1.924758,1.999813,2.261655,2.31752,2.60685
True,mean,False,lower,VM7,4.5e+20,QM1,CSR,0.15,0.26,short-term_:_and long-term,1.856969,1.932024,2.189679,2.246124,2.538744
True,mean,False,lower,VM7,4.5e+20,QM1,MSSA,0.15,0.26,short-term_:_and long-term,1.94679,2.021845,2.323003,2.438059,2.565526
False,mean,False,upper,VM7,4.5e+20,QM1,GFZ,0.15,0.26,short-term_:_and long-term,1.879769,1.955145,2.180084,2.219311,2.504542
False,mean,False,upper,VM7,4.5e+20,QM1,JPL,0.15,0.26,short-term_:_and long-term,1.948227,2.023603,2.257878,2.305577,2.592114
False,mean,False,upper,VM7,4.5e+20,QM1,CSR,0.15,0.26,short-term_:_and long-term,1.879606,1.954982,2.185254,2.233724,2.523497
False,mean,False,upper,VM7,4.5e+20,QM1,MSSA,0.15,0.26,short-term_:_and long-term,1.970531,2.045907,2.315549,2.424505,2.55039
True,mean,False,upper,VM7,4.5e+20,QM1,GFZ,0.15,0.26,short-term_:_and long-term,1.886454,1.96151,2.178166,2.214994,2.497844
True,mean,False,upper,VM7,4.5e+20,QM1,JPL,0.15,0.26,short-term_:_and long-term,1.95515,2.030205,2.255931,2.301428,2.585774
True,mean,False,upper,VM7,4.5e+20,QM1,CSR,0.15,0.26,short-term_:_and long-term,1.886291,1.961346,2.183181,2.229046,2.516861
True,mean,False,upper,VM7,4.5e+20,QM1,MSSA,0.15,0.26,short-term_:_and long-term,1.97753,2.052585,2.311875,2.417517,2.541672
False,mean,False,mean,VM7,4.5e+20,QM1,GFZ,0.1,0.26,short-term_:_and long-term,1.865566,1.940671,2.218919,2.269116,2.549629
False,mean,False,mean,VM7,4.5e+20,QM1,JPL,0.1,0.26,short-term_:_and long-term,1.933507,2.008612,2.296961,2.358407,2.641588
False,mean,False,mean,VM7,4.5e+20,QM1,CSR,0.1,0.26,short-term_:_and long-term,1.865404,1.940509,2.224863,2.286302,2.572156
False,mean,False,mean,VM7,4.5e+20,QM1,MSSA,0.1,0.26,short-term_:_and long-term,1.955641,2.030746,2.365835,2.485896,2.600933
True,mean,False,mean,VM7,4.5e+20,QM1,GFZ,0.1,0.26,short-term_:_and long-term,1.873194,1.947976,2.215607,2.262859,2.539134
True,mean,False,mean,VM7,4.5e+20,QM1,JPL,0.1,0.26,short-term_:_and long-term,1.941407,2.016189,2.293603,2.35188,2.63167
True,mean,False,mean,VM7,4.5e+20,QM1,CSR,0.1,0.26,short-term_:_and long-term,1.873032,1.947814,2.22144,2.279419,2.562623
True,mean,False,mean,VM7,4.5e+20,QM1,MSSA,0.1,0.26,short-term_:_and long-term,1.963629,2.038411,2.36042,2.476724,2.588681
False,mean,False,lower,VM7,4.5e+20,QM1,GFZ,0.1,0.26,short-term_:_and long-term,1.848995,1.924099,2.225856,2.283794,2.566916
False,mean,False,lower,VM7,4.5e+20,QM1,JPL,0.1,0.26,short-term_:_and long-term,1.916332,1.991437,2.303857,2.370591,2.655035
False,mean,False,lower,VM7,4.5e+20,QM1,CSR,0.1,0.26,short-term_:_and long-term,1.848834,1.923939,2.232268,2.299528,2.587301
False,mean,False,lower,VM7,4.5e+20,QM1,MSSA,0.1,0.26,short-term_:_and long-term,1.93827,2.013375,2.376939,2.503322,2.621274
True,mean,False,lower,VM7,4.5e+20,QM1,GFZ,0.1,0.26,short-term_:_and long-term,1.85713,1.931912,2.222178,2.276525,2.555829
True,mean,False,lower,VM7,4.5e+20,QM1,JPL,0.1,0.26,short-term_:_and long-term,1.924758,1.99954,2.300142,2.36378,2.644588
True,mean,False,lower,VM7,4.5e+20,QM1,CSR,0.1,0.26,short-term_:_and long-term,1.856969,1.931751,2.228428,2.292621,2.575646
True,mean,False,lower,VM7,4.5e+20,QM1,MSSA,0.1,0.26,short-term_:_and long-term,1.94679,2.021572,2.370772,2.493408,2.607268
False,mean,False,upper,VM7,4.5e+20,QM1,GFZ,0.1,0.26,short-term_:_and long-term,1.879769,1.954874,2.210569,2.254325,2.532504
False,mean,False,upper,VM7,4.5e+20,QM1,JPL,0.1,0.26,short-term_:_and long-term,1.948227,2.023332,2.288619,2.343843,2.624788
False,mean,False,upper,VM7,4.5e+20,QM1,CSR,0.1,0.26,short-term_:_and long-term,1.879606,1.954711,2.216154,2.271024,2.554317
False,mean,False,upper,VM7,4.5e+20,QM1,MSSA,0.1,0.26,short-term_:_and long-term,1.970531,2.045635,2.353541,2.467563,2.582548
True,mean,False,upper,VM7,4.5e+20,QM1,GFZ,0.1,0.26,short-term_:_and long-term,1.886454,1.961237,2.207223,2.247729,2.522248
True,mean,False,upper,VM7,4.5e+20,QM1,JPL,0.1,0.26,short-term_:_and long-term,1.95515,2.029932,2.285167,2.337352,2.615059
True,mean,False,upper,VM7,4.5e+20,QM1,CSR,0.1,0.26,short-term_:_and long-term,1.886291,1.961073,2.212604,2.264341,2.544496
True,mean,False,upper,VM7,4.5e+20,QM1,MSSA,0.1,0.26,short-term_:_and long-term,1.97753,2.052312,2.348205,2.458922,2.570609
False,mean,False,mean,VM7,4.5e+20,QM1,GFZ,0.2,0.26,short-term_:_and long-term,1.865566,1.941202,2.159405,2.197468,2.486534
False,mean,False,mean,VM7,4.5e+20,QM1,JPL,0.2,0.26,short-term_:_and long-term,1.933507,2.009143,2.236803,2.282541,2.573735
False,mean,False,mean,VM7,4.5e+20,QM1,CSR,0.2,0.26,short-term_:_and long-term,1.865404,1.94104,2.164523,2.213329,2.50846
False,mean,False,mean,VM7,4.5e+20,QM1,MSSA,0.2,0.26,short-term_:_and long-term,1.955641,2.031278,2.29181,2.399121,2.536759
True,mean,False,mean,VM7,4.5e+20,QM1,GFZ,0.2,0.26,short-term_:_and long-term,1.873194,1.948512,2.158698,2.194475,2.481577
True,mean,False,mean,VM7,4.5e+20,QM1,JPL,0.2,0.26,short-term_:_and long-term,1.941407,2.016725,2.236175,2.279659,2.569103
True,mean,False,mean,VM7,4.5e+20,QM1,CSR,0.2,0.26,short-term_:_and long-term,1.873032,1.94835,2.16375,2.210178,2.503983
True,mean,False,mean,VM7,4.5e+20,QM1,MSSA,0.2,0.26,short-term_:_and long-term,1.963629,2.038948,2.289424,2.39469,2.529966
False,mean,False,lower,VM7,4.5e+20,QM1,GFZ,0.2,0.26,short-term_:_and long-term,1.848995,1.924631,2.15823,2.200885,2.493101
False,mean,False,lower,VM7,4.5e+20,QM1,JPL,0.2,0.26,short-term_:_and long-term,1.916332,1.991968,2.23553,2.286217,2.580192
False,mean,False,lower,VM7,4.5e+20,QM1,CSR,0.2,0.26,short-term_:_and long-term,1.848834,1.92447,2.163706,2.217216,2.515432
False,mean,False,lower,VM7,4.5e+20,QM1,MSSA,0.2,0.26,short-term_:_and long-term,1.93827,2.013906,2.292835,2.404721,2.544781
True,mean,False,lower,VM7,4.5e+20,QM1,GFZ,0.2,0.26,short-term_:_and long-term,1.85713,1.932448,2.157389,2.197398,2.48766
True,mean,False,lower,VM7,4.5e+20,QM1,JPL,0.2,0.26,short-term_:_and long-term,1.924758,2.000076,2.234784,2.283036,2.575171
True,mean,False,lower,VM7,4.5e+20,QM1,CSR,0.2,0.26,short-term_:_and long-term,1.856969,1.932287,2.162768,2.213889,2.510133
True,mean,False,lower,VM7,4.5e+20,QM1,MSSA,0.2,0.26,short-term_:_and long-term,1.94679,2.022108,2.290038,2.39921,2.537401
False,mean,False,upper,VM7,4.5e+20,QM1,GFZ,0.2,0.26,short-term_:_and long-term,1.879769,1.955405,2.158984,2.192817,2.479021
False,mean,False,upper,VM7,4.5e+20,QM1,JPL,0.2,0.26,short-term_:_and long-term,1.948227,2.023864,2.236429,2.278245,2.566407
False,mean,False,upper,VM7,4.5e+20,QM1,CSR,0.2,0.26,short-term_:_and long-term,1.879606,1.955242,2.163819,2.208257,2.500856
False,mean,False,upper,VM7,4.5e+20,QM1,MSSA,0.2,0.26,short-term_:_and long-term,1.970531,2.046167,2.28932,2.392868,2.527119
True,mean,False,upper,VM7,4.5e+20,QM1,GFZ,0.2,0.26,short-term_:_and long-term,1.886454,1.961773,2.157999,2.189654,2.473515
True,mean,False,upper,VM7,4.5e+20,QM1,JPL,0.2,0.26,short-term_:_and long-term,1.95515,2.030468,2.235467,2.275331,2.561529
True,mean,False,upper,VM7,4.5e+20,QM1,CSR,0.2,0.26,short-term_:_and long-term,1.886291,1.961609,2.162705,2.205144,2.495982
True,mean,False,upper,VM7,4.5e+20,QM1,MSSA,0.2,0.26,short-term_:_and long-term,1.97753,2.052848,2.28675,2.388035,2.52018
False,mean,False,mean,VM7,4.5e+20,Resovsky,GFZ,0.15,0.26,short-term_:_and long-term,1.865566,1.938347,2.166261,2.201564,2.482145
False,mean,False,mean,VM7,4.5e+20,Resovsky,JPL,0.15,0.26,short-term_:_and long-term,1.933507,2.006288,2.242907,2.285468,2.568879
False,mean,False,mean,VM7,4.5e+20,Resovsky,CSR,0.15,0.26,short-term_:_and long-term,1.865404,1.938185,2.171161,2.214636,2.502685
False,mean,False,mean,VM7,4.5e+20,Resovsky,MSSA,0.15,0.26,short-term_:_and long-term,1.955641,2.028423,2.303654,2.409544,2.532918
True,mean,False,mean,VM7,4.5e+20,Resovsky,GFZ,0.15,0.26,short-term_:_and long-term,1.873194,1.945673,2.164367,2.196837,2.474921
True,mean,False,mean,VM7,4.5e+20,Resovsky,JPL,0.15,0.26,short-term_:_and long-term,1.941407,2.013886,2.241037,2.281275,2.562412
True,mean,False,mean,VM7,4.5e+20,Resovsky,CSR,0.15,0.26,short-term_:_and long-term,1.873032,1.945511,2.169174,2.209881,2.496006
True,mean,False,mean,VM7,4.5e+20,Resovsky,MSSA,0.15,0.26,short-term_:_and long-term,1.963629,2.036108,2.299899,2.402332,2.522181
False,mean,False,lower,VM7,4.5e+20,Resovsky,GFZ,0.15,0.26,short-term_:_and long-term,1.848995,1.921776,2.166339,2.206298,2.490264
False,mean,False,lower,VM7,4.5e+20,Resovsky,JPL,0.15,0.26,short-term_:_and long-term,1.916332,1.989113,2.242837,2.290648,2.577481
False,mean,False,lower,VM7,4.5e+20,Resovsky,CSR,0.15,0.26,short-term_:_and long-term,1.848834,1.921615,2.171589,2.220172,2.511232
False,mean,False,lower,VM7,4.5e+20,Resovsky,MSSA,0.15,0.26,short-term_:_and long-term,1.93827,2.011051,2.306397,2.41617,2.54195
True,mean,False,lower,VM7,4.5e+20,Resovsky,GFZ,0.15,0.26,short-term_:_and long-term,1.85713,1.929609,2.164154,2.201339,2.482146
True,mean,False,lower,VM7,4.5e+20,Resovsky,JPL,0.15,0.26,short-term_:_and long-term,1.924758,1.997237,2.240688,2.28579,2.569362
True,mean,False,lower,VM7,4.5e+20,Resovsky,CSR,0.15,0.26,short-term_:_and long-term,1.856969,1.929448,2.169272,2.215071,2.50302
True,mean,False,lower,VM7,4.5e+20,Resovsky,MSSA,0.15,0.26,short-term_:_and long-term,1.94679,2.019269,2.302025,2.408918,2.531828
False,mean,False,upper,VM7,4.5e+20,Resovsky,GFZ,0.15,0.26,short-term_:_and long-term,1.879769,1.95255,2.164381,2.194956,2.472373
False,mean,False,upper,VM7,4.5e+20,Resovsky,JPL,0.15,0.26,short-term_:_and long-term,1.948227,2.021008,2.241134,2.279024,2.559885
False,mean,False,upper,VM7,4.5e+20,Resovsky,CSR,0.15,0.26,short-term_:_and long-term,1.879606,1.952387,2.169013,2.207894,2.493265
False,mean,False,upper,VM7,4.5e+20,Resovsky,MSSA,0.15,0.26,short-term_:_and long-term,1.970531,2.043312,2.29921,2.400226,2.519395
True,mean,False,upper,VM7,4.5e+20,Resovsky,GFZ,0.15,0.26,short-term_:_and long-term,1.886454,1.958934,2.162364,2.189988,2.464695
True,mean,False,upper,VM7,4.5e+20,Resovsky,JPL,0.15,0.26,short-term_:_and long-term,1.95515,2.027629,2.239087,2.274936,2.553684
True,mean,False,upper,VM7,4.5e+20,Resovsky,CSR,0.15,0.26,short-term_:_and long-term,1.886291,1.95877,2.166833,2.203342,2.486391
True,mean,False,upper,VM7,4.5e+20,Resovsky,MSSA,0.15,0.26,short-term_:_and long-term,1.97753,2.050009,2.295447,2.393747,2.509846
False,mean,False,mean,VM7,4.5e+20,Resovsky,GFZ,0.1,0.26,short-term_:_and long-term,1.865566,1.938192,2.197474,2.237552,2.51004
False,mean,False,mean,VM7,4.5e+20,Resovsky,JPL,0.1,0.26,short-term_:_and long-term,1.933507,2.006133,2.274474,2.325103,2.599979
False,mean,False,mean,VM7,4.5e+20,Resovsky,CSR,0.1,0.26,short-term_:_and long-term,1.865404,1.93803,2.202782,2.252854,2.531825
False,mean,False,mean,VM7,4.5e+20,Resovsky,MSSA,0.1,0.26,short-term_:_and long-term,1.955641,2.028268,2.342954,2.454073,2.561969
True,mean,False,mean,VM7,4.5e+20,Resovsky,GFZ,0.1,0.26,short-term_:_and long-term,1.873194,1.945517,2.194114,2.231196,2.499934
True,mean,False,mean,VM7,4.5e+20,Resovsky,JPL,0.1,0.26,short-term_:_and long-term,1.941407,2.01373,2.271079,2.318896,2.590953
True,mean,False,mean,VM7,4.5e+20,Resovsky,CSR,0.1,0.26,short-term_:_and long-term,1.873032,1.945355,2.199303,2.246415,2.52158
True,mean,False,mean,VM7,4.5e+20,Resovsky,MSSA,0.1,0.26,short-term_:_and long-term,1.963629,2.035953,2.337479,2.44494,2.550189
False,mean,False,lower,VM7,4.5e+20,Resovsky,GFZ,0.1,0.26,short-term_:_and long-term,1.848995,1.921621,2.200379,2.245379,2.520498
False,mean,False,lower,VM7,4.5e+20,Resovsky,JPL,0.1,0.26,short-term_:_and long-term,1.916332,1.988958,2.27725,2.333244,2.611036
False,mean,False,lower,VM7,4.5e+20,Resovsky,CSR,0.1,0.26,short-term_:_and long-term,1.848834,1.921461,2.206076,2.261145,2.542041
False,mean,False,lower,VM7,4.5e+20,Resovsky,MSSA,0.1,0.26,short-term_:_and long-term,1.93827,2.010896,2.349231,2.465399,2.576205
True,mean,False,lower,VM7,4.5e+20,Resovsky,GFZ,0.1,0.26,short-term_:_and long-term,1.85713,1.929453,2.196598,2.238121,2.509584
True,mean,False,lower,VM7,4.5e+20,Resovsky,JPL,0.1,0.26,short-term_:_and long-term,1.924758,1.997081,2.273442,2.326391,2.59959
True,mean,False,lower,VM7,4.5e+20,Resovsky,CSR,0.1,0.26,short-term_:_and long-term,1.856969,1.929292,2.202127,2.254302,2.531088
True,mean,False,lower,VM7,4.5e+20,Resovsky,MSSA,0.1,0.26,short-term_:_and long-term,1.94679,2.019113,2.342957,2.45624,2.5633
False,mean,False,upper,VM7,4.5e+20,Resovsky,GFZ,0.1,0.26,short-term_:_and long-term,1.879769,1.952395,2.192857,2.227825,2.497059
False,mean,False,upper,VM7,4.5e+20,Resovsky,JPL,0.1,0.26,short-term_:_and long-term,1.948227,2.020854,2.269955,2.315178,2.587571
False,mean,False,upper,VM7,4.5e+20,Resovsky,CSR,0.1,0.26,short-term_:_and long-term,1.879606,1.952232,2.197875,2.24247,2.518373
False,mean,False,upper,VM7,4.5e+20,Resovsky,MSSA,0.1,0.26,short-term_:_and long-term,1.970531,2.043157,2.33511,2.440831,2.547803
True,mean,False,upper,VM7,4.5e+20,Resovsky,GFZ,0.1,0.26,short-term_:_and long-term,1.886454,1.958778,2.189511,2.221912,2.487398
True,mean,False,upper,VM7,4.5e+20,Resovsky,JPL,0.1,0.26,short-term_:_and long-term,1.95515,2.027473,2.266518,2.30871,2.577725
True,mean,False,upper,VM7,4.5e+20,Resovsky,CSR,0.1,0.26,short-term_:_and long-term,1.886291,1.958614,2.194327,2.236121,2.508628
True,mean,False,upper,VM7,4.5e+20,Resovsky,MSSA,0.1,0.26,short-term_:_and long-term,1.97753,2.049853,2.329779,2.432594,2.535622
False,mean,False,mean,VM7,4.5e+20,Resovsky,GFZ,0.2,0.26,short-term_:_and long-term,1.865566,1.938517,2.143032,2.172495,2.456693
False,mean,False,mean,VM7,4.5e+20,Resovsky,JPL,0.2,0.26,short-term_:_and long-term,1.933507,2.006458,2.219352,2.255958,2.543274
False,mean,False,mean,VM7,4.5e+20,Resovsky,CSR,0.2,0.26,short-term_:_and long-term,1.865404,1.938355,2.147598,2.187733,2.479161
False,mean,False,mean,VM7,4.5e+20,Resovsky,MSSA,0.2,0.26,short-term_:_and long-term,1.955641,2.028593,2.274504,2.374075,2.507053
True,mean,False,mean,VM7,4.5e+20,Resovsky,GFZ,0.2,0.26,short-term_:_and long-term,1.873194,1.945845,2.142127,2.169514,2.451766
True,mean,False,mean,VM7,4.5e+20,Resovsky,JPL,0.2,0.26,short-term_:_and long-term,1.941407,2.014057,2.218516,2.252895,2.538086
True,mean,False,mean,VM7,4.5e+20,Resovsky,CSR,0.2,0.26,short-term_:_and long-term,1.873032,1.945682,2.146619,2.18399,2.472749
True,mean,False,mean,VM7,4.5e+20,Resovsky,MSSA,0.2,0.26,short-term_:_and long-term,1.963629,2.03628,2.271912,2.368726,2.49822
False,mean,False,lower,VM7,4.5e+20,Resovsky,GFZ,0.2,0.26,short-term_:_and long-term,1.848995,1.921946,2.140941,2.175209,2.46308
False,mean,False,lower,VM7,4.5e+20,Resovsky,JPL,0.2,0.26,short-term_:_and long-term,1.916332,1.989283,2.217094,2.258351,2.548463
False,mean,False,lower,VM7,4.5e+20,Resovsky,CSR,0.2,0.26,short-term_:_and long-term,1.848834,1.921785,2.145826,2.190746,2.484348
False,mean,False,lower,VM7,4.5e+20,Resovsky,MSSA,0.2,0.26,short-term_:_and long-term,1.93827,2.011221,2.274552,2.378255,2.513877
True,mean,False,lower,VM7,4.5e+20,Resovsky,GFZ,0.2,0.26,short-term_:_and long-term,1.85713,1.92978,2.139834,2.171179,2.456388
True,mean,False,lower,VM7,4.5e+20,Resovsky,JPL,0.2,0.26,short-term_:_and long-term,1.924758,1.997408,2.216071,2.254521,2.542004
True,mean,False,lower,VM7,4.5e+20,Resovsky,CSR,0.2,0.26,short-term_:_and long-term,1.856969,1.92962,2.144613,2.186707,2.478794
True,mean,False,lower,VM7,4.5e+20,Resovsky,MSSA,0.2,0.26,short-term_:_and long-term,1.94679,2.01944,2.271469,2.372396,2.505896
False,mean,False,upper,VM7,4.5e+20,Resovsky,GFZ,0.2,0.26,short-term_:_and long-term,1.879769,1.95272,2.143279,2.16882,2.449274
False,mean,False,upper,VM7,4.5e+20,Resovsky,JPL,0.2,0.26,short-term_:_and long-term,1.948227,2.021178,2.219718,2.252139,2.536144
False,mean,False,upper,VM7,4.5e+20,Resovsky,CSR,0.2,0.26,short-term_:_and long-term,1.879606,1.952557,2.147597,2.183046,2.471009
False,mean,False,upper,VM7,4.5e+20,Resovsky,MSSA,0.2,0.26,short-term_:_and long-term,1.970531,2.043482,2.272688,2.367665,2.496626
True,mean,False,upper,VM7,4.5e+20,Resovsky,GFZ,0.2,0.26,short-term_:_and long-term,1.886454,1.959105,2.142157,2.165376,2.443849
True,mean,False,upper,VM7,4.5e+20,Resovsky,JPL,0.2,0.26,short-term_:_and long-term,1.95515,2.027801,2.218613,2.249321,2.530899
True,mean,False,upper,VM7,4.5e+20,Resovsky,CSR,0.2,0.26,short-term_:_and long-term,1.886291,1.958942,2.146341,2.179826,2.465717
True,mean,False,upper,VM7,4.5e+20,Resovsky,MSSA,0.2,0.26,short-term_:_and long-term,1.97753,2.05018,2.269983,2.362718,2.489345
False,mean,False,mean,Lau,3e+19,,GFZ,,,long-term,1.865566,1.919094,1.987264,1.949074,2.167598
False,mean,False,mean,Lau,3e+19,,JPL,,,long-term,1.933507,1.987035,2.055715,2.025106,2.246041
False,mean,False,mean,Lau,3e+19,,CSR,,,long-term,1.865404,1.918933,1.987916,1.960109,2.18239
False,mean,False,mean,Lau,3e+19,,MSSA,,,long-term,1.955641,2.00917,2.094693,2.127363,2.205823
True,mean,False,mean,Lau,3e+19,,GFZ,,,long-term,1.873194,1.926534,1.98407,1.942974,2.163546
True,mean,False,mean,Lau,3e+19,,JPL,,,long-term,1.941407,1.994747,2.05265,2.019203,2.241513
True,mean,False,mean,Lau,3e+19,,CSR,,,long-term,1.873032,1.926372,1.984591,1.954427,2.177554
True,mean,False,mean,Lau,3e+19,,MSSA,,,long-term,1.963629,2.016969,2.089383,2.1194,2.200315
False,mean,False,lower,Lau,3e+19,,GFZ,,,long-term,1.848995,1.902523,1.978652,1.94274,2.158763
False,mean,False,lower,Lau,3e+19,,JPL,,,long-term,1.916332,1.969861,2.046546,2.018054,2.236617
False,mean,False,lower,Lau,3e+19,,CSR,,,long-term,1.848834,1.902363,1.979408,1.953455,2.17208
False,mean,False,lower,Lau,3e+19,,MSSA,,,long-term,1.93827,1.991799,2.087318,2.121752,2.198233
True,mean,False,lower,Lau,3e+19,,GFZ,,,long-term,1.85713,1.91047,1.974899,1.93564,2.152668
True,mean,False,lower,Lau,3e+19,,JPL,,,long-term,1.924758,1.978098,2.042934,2.011446,2.231089
True,mean,False,lower,Lau,3e+19,,CSR,,,long-term,1.856969,1.910309,1.975493,1.94641,2.166683
True,mean,False,lower,Lau,3e+19,,MSSA,,,long-term,1.94679,2.00013,2.081145,2.112636,2.190815
False,mean,False,upper,Lau,3e+19,,GFZ,,,long-term,1.879769,1.933298,1.993733,1.953161,2.174386
False,mean,False,upper,Lau,3e+19,,JPL,,,long-term,1.948227,2.001756,2.06268,2.029947,2.253357
False,mean,False,upper,Lau,3e+19,,CSR,,,long-term,1.879606,1.933135,1.994325,1.96502,2.190004
False,mean,False,upper,Lau,3e+19,,MSSA,,,long-term,1.970531,2.024059,2.099931,2.130936,2.212024
True,mean,False,upper,Lau,3e+19,,GFZ,,,long-term,1.886454,1.939794,1.990659,1.94815,2.17141
True,mean,False,upper,Lau,3e+19,,JPL,,,long-term,1.95515,2.00849,2.059691,2.024397,2.24855
True,mean,False,upper,Lau,3e+19,,CSR,,,long-term,1.886291,1.939631,1.991091,1.95903,2.184786
True,mean,False,upper,Lau,3e+19,,MSSA,,,long-term,1.97753,2.03087,2.094916,2.123149,2.206511
False,mean,False,mean,Lau,3e+19,PAR3P,GFZ,0.15,0.26,short-term_:_and long-term,1.865566,1.93807,2.217064,2.260038,2.512935
False,mean,False,mean,Lau,3e+19,PAR3P,JPL,0.15,0.26,short-term_:_and long-term,1.933507,2.006011,2.294155,2.344838,2.601129
False,mean,False,mean,Lau,3e+19,PAR3P,CSR,0.15,0.26,short-term_:_and long-term,1.865404,1.937908,2.222533,2.274679,2.536857
False,mean,False,mean,Lau,3e+19,PAR3P,MSSA,0.15,0.26,short-term_:_and long-term,1.955641,2.028146,2.367929,2.481231,2.566432
True,mean,False,mean,Lau,3e+19,PAR3P,GFZ,0.15,0.26,short-term_:_and long-term,1.873194,1.9454,2.209344,2.248509,2.502564
True,mean,False,mean,Lau,3e+19,PAR3P,JPL,0.15,0.26,short-term_:_and long-term,1.941407,2.013612,2.286437,2.333164,2.589271
True,mean,False,mean,Lau,3e+19,PAR3P,CSR,0.15,0.26,short-term_:_and long-term,1.873032,1.945237,2.214648,2.262493,2.524977
True,mean,False,mean,Lau,3e+19,PAR3P,MSSA,0.15,0.26,short-term_:_and long-term,1.963629,2.035835,2.357042,2.466256,2.553576
False,mean,False,lower,Lau,3e+19,PAR3P,GFZ,0.15,0.26,short-term_:_and long-term,1.848995,1.921499,2.222566,2.270769,2.526024
False,mean,False,lower,Lau,3e+19,PAR3P,JPL,0.15,0.26,short-term_:_and long-term,1.916332,1.988836,2.29951,2.356212,2.611281
False,mean,False,lower,Lau,3e+19,PAR3P,CSR,0.15,0.26,short-term_:_and long-term,1.848834,1.921339,2.228444,2.28616,2.549772
False,mean,False,lower,Lau,3e+19,PAR3P,MSSA,0.15,0.26,short-term_:_and long-term,1.93827,2.010774,2.377495,2.496564,2.578467
True,mean,False,lower,Lau,3e+19,PAR3P,GFZ,0.15,0.26,short-term_:_and long-term,1.85713,1.929335,2.214027,2.258615,2.512261
True,mean,False,lower,Lau,3e+19,PAR3P,JPL,0.15,0.26,short-term_:_and long-term,1.924758,1.996964,2.290988,2.343342,2.600241
True,mean,False,lower,Lau,3e+19,PAR3P,CSR,0.15,0.26,short-term_:_and long-term,1.856969,1.929175,2.219687,2.273698,2.537525
True,mean,False,lower,Lau,3e+19,PAR3P,MSSA,0.15,0.26,short-term_:_and long-term,1.94679,2.018995,2.365312,2.479939,2.565266
False,mean,False,upper,Lau,3e+19,PAR3P,GFZ,0.15,0.26,short-term_:_and long-term,1.879769,1.952273,2.210175,2.2471,2.499788
False,mean,False,upper,Lau,3e+19,PAR3P,JPL,0.15,0.26,short-term_:_and long-term,1.948227,2.020732,2.287374,2.332507,2.588184
False,mean,False,upper,Lau,3e+19,PAR3P,CSR,0.15,0.26,short-term_:_and long-term,1.879606,1.95211,2.215338,2.261722,2.523347
False,mean,False,upper,Lau,3e+19,PAR3P,MSSA,0.15,0.26,short-term_:_and long-term,1.970531,2.043035,2.357211,2.46446,2.551241
True,mean,False,upper,Lau,3e+19,PAR3P,GFZ,0.15,0.26,short-term_:_and long-term,1.886454,1.95866,2.202861,2.235621,2.489522
True,mean,False,upper,Lau,3e+19,PAR3P,JPL,0.15,0.26,short-term_:_and long-term,1.95515,2.027356,2.279997,2.322256,2.579497
True,mean,False,upper,Lau,3e+19,PAR3P,CSR,0.15,0.26,short-term_:_and long-term,1.886291,1.958497,2.207776,2.251162,2.512573
True,mean,False,upper,Lau,3e+19,PAR3P,MSSA,0.15,0.26,short-term_:_and long-term,1.97753,2.049735,2.346947,2.451084,2.53954
False,mean,False,mean,Lau,3e+19,PAR3P,GFZ,0.1,0.26,short-term_:_and long-term,1.865566,1.937978,2.258337,2.307909,2.553171
False,mean,False,mean,Lau,3e+19,PAR3P,JPL,0.1,0.26,short-term_:_and long-term,1.933507,2.005918,2.335755,2.392178,2.639086
False,mean,False,mean,Lau,3e+19,PAR3P,CSR,0.1,0.26,short-term_:_and long-term,1.865404,1.937816,2.264249,2.323901,2.578276
False,mean,False,mean,Lau,3e+19,PAR3P,MSSA,0.1,0.26,short-term_:_and long-term,1.955641,2.028053,2.419814,2.54062,2.605115
True,mean,False,mean,Lau,3e+19,PAR3P,GFZ,0.1,0.26,short-term_:_and long-term,1.873194,1.945305,2.249544,2.295709,2.541454
True,mean,False,mean,Lau,3e+19,PAR3P,JPL,0.1,0.26,short-term_:_and long-term,1.941407,2.013517,2.326915,2.38055,2.629222
True,mean,False,mean,Lau,3e+19,PAR3P,CSR,0.1,0.26,short-term_:_and long-term,1.873032,1.945142,2.255274,2.311219,2.567101
True,mean,False,mean,Lau,3e+19,PAR3P,MSSA,0.1,0.26,short-term_:_and long-term,1.963629,2.03574,2.40772,2.524774,2.590884
False,mean,False,lower,Lau,3e+19,PAR3P,GFZ,0.1,0.26,short-term_:_and long-term,1.848995,1.921406,2.269081,2.324191,2.56861
False,mean,False,lower,Lau,3e+19,PAR3P,JPL,0.1,0.26,short-term_:_and long-term,1.916332,1.988744,2.346377,2.409779,2.654597
False,mean,False,lower,Lau,3e+19,PAR3P,CSR,0.1,0.26,short-term_:_and long-term,1.848834,1.921246,2.27546,2.341103,2.593651
False,mean,False,lower,Lau,3e+19,PAR3P,MSSA,0.1,0.26,short-term_:_and long-term,1.93827,2.010682,2.435967,2.562977,2.622355
True,mean,False,lower,Lau,3e+19,PAR3P,GFZ,0.1,0.26,short-term_:_and long-term,1.85713,1.92924,2.259384,2.310924,2.554754
True,mean,False,lower,Lau,3e+19,PAR3P,JPL,0.1,0.26,short-term_:_and long-term,1.924758,1.996868,2.336647,2.395522,2.642174
True,mean,False,lower,Lau,3e+19,PAR3P,CSR,0.1,0.26,short-term_:_and long-term,1.856969,1.92908,2.265518,2.327306,2.580423
True,mean,False,lower,Lau,3e+19,PAR3P,MSSA,0.1,0.26,short-term_:_and long-term,1.94679,2.0189,2.422436,2.54513,2.60849
False,mean,False,upper,Lau,3e+19,PAR3P,GFZ,0.1,0.26,short-term_:_and long-term,1.879769,1.952181,2.246324,2.290273,2.537323
False,mean,False,upper,Lau,3e+19,PAR3P,JPL,0.1,0.26,short-term_:_and long-term,1.948227,2.020639,2.323836,2.375427,2.623878
False,mean,False,upper,Lau,3e+19,PAR3P,CSR,0.1,0.26,short-term_:_and long-term,1.879606,1.952018,2.251894,2.305273,2.562218
False,mean,False,upper,Lau,3e+19,PAR3P,MSSA,0.1,0.26,short-term_:_and long-term,1.970531,2.042942,2.40269,2.518334,2.588455
True,mean,False,upper,Lau,3e+19,PAR3P,GFZ,0.1,0.26,short-term_:_and long-term,1.886454,1.958565,2.238031,2.278255,2.526104
True,mean,False,upper,Lau,3e+19,PAR3P,JPL,0.1,0.26,short-term_:_and long-term,1.95515,2.027261,2.315425,2.363893,2.613516
True,mean,False,upper,Lau,3e+19,PAR3P,CSR,0.1,0.26,short-term_:_and long-term,1.886291,1.958402,2.243316,2.292989,2.549649
True,mean,False,upper,Lau,3e+19,PAR3P,MSSA,0.1,0.26,short-term_:_and long-term,1.97753,2.04964,2.391311,2.503228,2.575211
False,mean,False,mean,Lau,3e+19,PAR3P,GFZ,0.2,0.26,short-term_:_and long-term,1.865566,1.938135,2.190601,2.227197,2.484976
False,mean,False,mean,Lau,3e+19,PAR3P,JPL,0.2,0.26,short-term_:_and long-term,1.933507,2.006076,2.267292,2.313945,2.575823
False,mean,False,mean,Lau,3e+19,PAR3P,CSR,0.2,0.26,short-term_:_and long-term,1.865404,1.937974,2.195723,2.24321,2.507785
False,mean,False,mean,Lau,3e+19,PAR3P,MSSA,0.2,0.26,short-term_:_and long-term,1.955641,2.028211,2.334702,2.441392,2.534653
True,mean,False,mean,Lau,3e+19,PAR3P,GFZ,0.2,0.26,short-term_:_and long-term,1.873194,1.945467,2.183835,2.217061,2.47648
True,mean,False,mean,Lau,3e+19,PAR3P,JPL,0.2,0.26,short-term_:_and long-term,1.941407,2.01368,2.260571,2.303862,2.566425
True,mean,False,mean,Lau,3e+19,PAR3P,CSR,0.2,0.26,short-term_:_and long-term,1.873032,1.945305,2.188808,2.232721,2.497114
True,mean,False,mean,Lau,3e+19,PAR3P,MSSA,0.2,0.26,short-term_:_and long-term,1.963629,2.035903,2.324919,2.427937,2.522899
False,mean,False,lower,Lau,3e+19,PAR3P,GFZ,0.2,0.26,short-term_:_and long-term,1.848995,1.921564,2.192798,2.234381,2.491919
False,mean,False,lower,Lau,3e+19,PAR3P,JPL,0.2,0.26,short-term_:_and long-term,1.916332,1.988902,2.269313,2.320412,2.582111
False,mean,False,lower,Lau,3e+19,PAR3P,CSR,0.2,0.26,short-term_:_and long-term,1.848834,1.921404,2.198289,2.251251,2.5171
False,mean,False,lower,Lau,3e+19,PAR3P,MSSA,0.2,0.26,short-term_:_and long-term,1.93827,2.01084,2.340128,2.45156,2.544113
True,mean,False,lower,Lau,3e+19,PAR3P,GFZ,0.2,0.26,short-term_:_and long-term,1.85713,1.929403,2.185283,2.223756,2.483481
True,mean,False,lower,Lau,3e+19,PAR3P,JPL,0.2,0.26,short-term_:_and long-term,1.924758,1.997031,2.261861,2.310111,2.573807
True,mean,False,lower,Lau,3e+19,PAR3P,CSR,0.2,0.26,short-term_:_and long-term,1.856969,1.929242,2.19058,2.239064,2.504755
True,mean,False,lower,Lau,3e+19,PAR3P,MSSA,0.2,0.26,short-term_:_and long-term,1.94679,2.019063,2.329156,2.436778,2.532686
False,mean,False,upper,Lau,3e+19,PAR3P,GFZ,0.2,0.26,short-term_:_and long-term,1.879769,1.952339,2.1869,2.219036,2.476474
False,mean,False,upper,Lau,3e+19,PAR3P,JPL,0.2,0.26,short-term_:_and long-term,1.948227,2.020797,2.263724,2.305613,2.566787
False,mean,False,upper,Lau,3e+19,PAR3P,CSR,0.2,0.26,short-term_:_and long-term,1.879606,1.952176,2.191744,2.234553,2.497659
False,mean,False,upper,Lau,3e+19,PAR3P,MSSA,0.2,0.26,short-term_:_and long-term,1.970531,2.0431,2.327959,2.429916,2.523903
True,mean,False,upper,Lau,3e+19,PAR3P,GFZ,0.2,0.26,short-term_:_and long-term,1.886454,1.958728,2.180462,2.208938,2.467195
True,mean,False,upper,Lau,3e+19,PAR3P,JPL,0.2,0.26,short-term_:_and long-term,1.95515,2.027423,2.257268,2.296134,2.558526
True,mean,False,upper,Lau,3e+19,PAR3P,CSR,0.2,0.26,short-term_:_and long-term,1.886291,1.958564,2.185086,2.224096,2.488168
True,mean,False,upper,Lau,3e+19,PAR3P,MSSA,0.2,0.26,short-term_:_and long-term,1.97753,2.049803,2.318719,2.418071,2.513647
False,mean,False,mean,Lau,3e+19,PREM,GFZ,0.15,0.26,short-term_:_and long-term,1.865566,1.939564,2.230703,2.279418,2.544493
False,mean,False,mean,Lau,3e+19,PREM,JPL,0.15,0.26,short-term_:_and long-term,1.933507,2.007505,2.308274,2.365589,2.633491
False,mean,False,mean,Lau,3e+19,PREM,CSR,0.15,0.26,short-term_:_and long-term,1.865404,1.939402,2.236304,2.29556,2.568966
False,mean,False,mean,Lau,3e+19,PREM,MSSA,0.15,0.26,short-term_:_and long-term,1.955641,2.02964,2.384782,2.504033,2.59846
True,mean,False,mean,Lau,3e+19,PREM,GFZ,0.15,0.26,short-term_:_and long-term,1.873194,1.946882,2.222824,2.267811,2.534051
True,mean,False,mean,Lau,3e+19,PREM,JPL,0.15,0.26,short-term_:_and long-term,1.941407,2.015095,2.300404,2.353942,2.621647
True,mean,False,mean,Lau,3e+19,PREM,CSR,0.15,0.26,short-term_:_and long-term,1.873032,1.94672,2.228271,2.28352,2.556466
True,mean,False,mean,Lau,3e+19,PREM,MSSA,0.15,0.26,short-term_:_and long-term,1.963629,2.037317,2.373664,2.489353,2.5869
False,mean,False,lower,Lau,3e+19,PREM,GFZ,0.15,0.26,short-term_:_and long-term,1.848995,1.922993,2.237445,2.292585,2.559318
False,mean,False,lower,Lau,3e+19,PREM,JPL,0.15,0.26,short-term_:_and long-term,1.916332,1.99033,2.314909,2.378581,2.647128
False,mean,False,lower,Lau,3e+19,PREM,CSR,0.15,0.26,short-term_:_and long-term,1.848834,1.922833,2.243467,2.308006,2.583692
False,mean,False,lower,Lau,3e+19,PREM,MSSA,0.15,0.26,short-term_:_and long-term,1.93827,2.012268,2.395938,2.521113,2.615172
True,mean,False,lower,Lau,3e+19,PREM,GFZ,0.15,0.26,short-term_:_and long-term,1.85713,1.930818,2.228724,2.279871,2.546433
True,mean,False,lower,Lau,3e+19,PREM,JPL,0.15,0.26,short-term_:_and long-term,1.924758,1.998446,2.306214,2.365492,2.635055
True,mean,False,lower,Lau,3e+19,PREM,CSR,0.15,0.26,short-term_:_and long-term,1.856969,1.930657,2.234537,2.295696,2.570821
True,mean,False,lower,Lau,3e+19,PREM,MSSA,0.15,0.26,short-term_:_and long-term,1.94679,2.020478,2.383475,2.504914,2.602442
False,mean,False,upper,Lau,3e+19,PREM,GFZ,0.15,0.26,short-term_:_and long-term,1.879769,1.953768,2.22251,2.265114,2.529017
False,mean,False,upper,Lau,3e+19,PREM,JPL,0.15,0.26,short-term_:_and long-term,1.948227,2.022226,2.300159,2.351835,2.617779
False,mean,False,upper,Lau,3e+19,PREM,CSR,0.15,0.26,short-term_:_and long-term,1.879606,1.953604,2.227801,2.280687,2.552083
False,mean,False,upper,Lau,3e+19,PREM,MSSA,0.15,0.26,short-term_:_and long-term,1.970531,2.044529,2.372406,2.486345,2.582458
True,mean,False,upper,Lau,3e+19,PREM,GFZ,0.15,0.26,short-term_:_and long-term,1.886454,1.960142,2.215062,2.253952,2.517976
True,mean,False,upper,Lau,3e+19,PREM,JPL,0.15,0.26,short-term_:_and long-term,1.95515,2.028838,2.29265,2.341053,2.608638
True,mean,False,upper,Lau,3e+19,PREM,CSR,0.15,0.26,short-term_:_and long-term,1.886291,1.959979,2.220107,2.269636,2.540793
True,mean,False,upper,Lau,3e+19,PREM,MSSA,0.15,0.26,short-term_:_and long-term,1.97753,2.051218,2.361943,2.472297,2.570478
False,mean,False,mean,Lau,3e+19,PREM,GFZ,0.1,0.26,short-term_:_and long-term,1.865566,1.939397,2.270928,2.327242,2.583571
False,mean,False,mean,Lau,3e+19,PREM,JPL,0.1,0.26,short-term_:_and long-term,1.933507,2.007338,2.348853,2.413638,2.673138
False,mean,False,mean,Lau,3e+19,PREM,CSR,0.1,0.26,short-term_:_and long-term,1.865404,1.939235,2.276986,2.343792,2.610424
False,mean,False,mean,Lau,3e+19,PREM,MSSA,0.1,0.26,short-term_:_and long-term,1.955641,2.029472,2.435398,2.56362,2.641953
True,mean,False,mean,Lau,3e+19,PREM,GFZ,0.1,0.26,short-term_:_and long-term,1.873194,1.946713,2.261366,2.314045,2.571493
True,mean,False,mean,Lau,3e+19,PREM,JPL,0.1,0.26,short-term_:_and long-term,1.941407,2.014926,2.339231,2.399781,2.659395
True,mean,False,mean,Lau,3e+19,PREM,CSR,0.1,0.26,short-term_:_and long-term,1.873032,1.946551,2.267248,2.330068,2.598258
True,mean,False,mean,Lau,3e+19,PREM,MSSA,0.1,0.26,short-term_:_and long-term,1.963629,2.037148,2.422268,2.546151,2.626176
False,mean,False,lower,Lau,3e+19,PREM,GFZ,0.1,0.26,short-term_:_and long-term,1.848995,1.922826,2.282361,2.344628,2.602249
False,mean,False,lower,Lau,3e+19,PREM,JPL,0.1,0.26,short-term_:_and long-term,1.916332,1.990163,2.360206,2.430599,2.690831
False,mean,False,lower,Lau,3e+19,PREM,CSR,0.1,0.26,short-term_:_and long-term,1.848834,1.922665,2.288896,2.361961,2.628769
False,mean,False,lower,Lau,3e+19,PREM,MSSA,0.1,0.26,short-term_:_and long-term,1.93827,2.012101,2.452446,2.587224,2.661242
True,mean,False,lower,Lau,3e+19,PREM,GFZ,0.1,0.26,short-term_:_and long-term,1.85713,1.930649,2.27181,2.329803,2.586262
True,mean,False,lower,Lau,3e+19,PREM,JPL,0.1,0.26,short-term_:_and long-term,1.924758,1.998277,2.349608,2.416375,2.676152
True,mean,False,lower,Lau,3e+19,PREM,CSR,0.1,0.26,short-term_:_and long-term,1.856969,1.930488,2.278102,2.347186,2.61377
True,mean,False,lower,Lau,3e+19,PREM,MSSA,0.1,0.26,short-term_:_and long-term,1.94679,2.020309,2.437748,2.568228,2.646
False,mean,False,upper,Lau,3e+19,PREM,GFZ,0.1,0.26,short-term_:_and long-term,1.879769,1.9536,2.258171,2.308233,2.565717
False,mean,False,upper,Lau,3e+19,PREM,JPL,0.1,0.26,short-term_:_and long-term,1.948227,2.022058,2.336157,2.394148,2.653457
False,mean,False,upper,Lau,3e+19,PREM,CSR,0.1,0.26,short-term_:_and long-term,1.879606,1.953437,2.263886,2.323805,2.590948
False,mean,False,upper,Lau,3e+19,PREM,MSSA,0.1,0.26,short-term_:_and long-term,1.970531,2.044362,2.417323,2.539598,2.620195
True,mean,False,upper,Lau,3e+19,PREM,GFZ,0.1,0.26,short-term_:_and long-term,1.886454,1.959973,2.249197,2.29542,2.553292
True,mean,False,upper,Lau,3e+19,PREM,JPL,0.1,0.26,short-term_:_and long-term,1.95515,2.028669,2.327049,2.381785,2.640632
True,mean,False,upper,Lau,3e+19,PREM,CSR,0.1,0.26,short-term_:_and long-term,1.886291,1.95981,2.254624,2.310999,2.577014
True,mean,False,upper,Lau,3e+19,PREM,MSSA,0.1,0.26,short-term_:_and long-term,1.97753,2.051049,2.405021,2.523409,2.605533
False,mean,False,mean,Lau,3e+19,PREM,GFZ,0.2,0.26,short-term_:_and long-term,1.865566,1.939707,2.203764,2.246444,2.514429
False,mean,False,mean,Lau,3e+19,PREM,JPL,0.2,0.26,short-term_:_and long-term,1.933507,2.007648,2.28094,2.333924,2.605567
False,mean,False,mean,Lau,3e+19,PREM,CSR,0.2,0.26,short-term_:_and long-term,1.865404,1.939545,2.20902,2.261258,2.535854
False,mean,False,mean,Lau,3e+19,PREM,MSSA,0.2,0.26,short-term_:_and long-term,1.955641,2.029782,2.350918,2.464345,2.568751
True,mean,False,mean,Lau,3e+19,PREM,GFZ,0.2,0.26,short-term_:_and long-term,1.873194,1.947027,2.197138,2.235997,2.505931
True,mean,False,mean,Lau,3e+19,PREM,JPL,0.2,0.26,short-term_:_and long-term,1.941407,2.01524,2.274371,2.324319,2.598374
True,mean,False,mean,Lau,3e+19,PREM,CSR,0.2,0.26,short-term_:_and long-term,1.873032,1.946865,2.202253,2.251329,2.528252
True,mean,False,mean,Lau,3e+19,PREM,MSSA,0.2,0.26,short-term_:_and long-term,1.963629,2.037462,2.341302,2.451474,2.558242
False,mean,False,lower,Lau,3e+19,PREM,GFZ,0.2,0.26,short-term_:_and long-term,1.848995,1.923135,2.207382,2.255539,2.523995
False,mean,False,lower,Lau,3e+19,PREM,JPL,0.2,0.26,short-term_:_and long-term,1.916332,1.990473,2.284421,2.341896,2.614347
False,mean,False,lower,Lau,3e+19,PREM,CSR,0.2,0.26,short-term_:_and long-term,1.848834,1.922975,2.21302,2.271385,2.547456
False,mean,False,lower,Lau,3e+19,PREM,MSSA,0.2,0.26,short-term_:_and long-term,1.93827,2.012411,2.358164,2.476917,2.581194
True,mean,False,lower,Lau,3e+19,PREM,GFZ,0.2,0.26,short-term_:_and long-term,1.85713,1.930963,2.200021,2.243859,2.515812
True,mean,False,lower,Lau,3e+19,PREM,JPL,0.2,0.26,short-term_:_and long-term,1.924758,1.998591,2.277136,2.332487,2.607525
True,mean,False,lower,Lau,3e+19,PREM,CSR,0.2,0.26,short-term_:_and long-term,1.856969,1.930802,2.205471,2.25938,2.537379
True,mean,False,lower,Lau,3e+19,PREM,MSSA,0.2,0.26,short-term_:_and long-term,1.94679,2.020623,2.347357,2.462701,2.570327
False,mean,False,upper,Lau,3e+19,PREM,GFZ,0.2,0.26,short-term_:_and long-term,1.879769,1.95391,2.198616,2.23673,2.503425
False,mean,False,upper,Lau,3e+19,PREM,JPL,0.2,0.26,short-term_:_and long-term,1.948227,2.022368,2.275893,2.324263,2.594777
False,mean,False,upper,Lau,3e+19,PREM,CSR,0.2,0.26,short-term_:_and long-term,1.879606,1.953747,2.203586,2.250765,2.52441
False,mean,False,upper,Lau,3e+19,PREM,MSSA,0.2,0.26,short-term_:_and long-term,1.970531,2.044671,2.342333,2.449948,2.554341
True,mean,False,upper,Lau,3e+19,PREM,GFZ,0.2,0.26,short-term_:_and long-term,1.886454,1.960287,2.192307,2.226381,2.494136
True,mean,False,upper,Lau,3e+19,PREM,JPL,0.2,0.26,short-term_:_and long-term,1.95515,2.028983,2.269574,2.314224,2.585682
True,mean,False,upper,Lau,3e+19,PREM,CSR,0.2,0.26,short-term_:_and long-term,1.886291,1.960124,2.197059,2.241126,2.516461
True,mean,False,upper,Lau,3e+19,PREM,MSSA,0.2,0.26,short-term_:_and long-term,1.97753,2.051363,2.333245,2.438451,2.544149
False,mean,False,mean,Lau,3e+19,QL6,GFZ,0.15,0.26,short-term_:_and long-term,1.865566,1.936648,2.215813,2.255542,2.505703
False,mean,False,mean,Lau,3e+19,QL6,JPL,0.15,0.26,short-term_:_and long-term,1.933507,2.004589,2.291979,2.339151,2.592071
False,mean,False,mean,Lau,3e+19,QL6,CSR,0.15,0.26,short-term_:_and long-term,1.865404,1.936487,2.22091,2.269353,2.526874
False,mean,False,mean,Lau,3e+19,QL6,MSSA,0.15,0.26,short-term_:_and long-term,1.955641,2.026724,2.368983,2.479352,2.557076
True,mean,False,mean,Lau,3e+19,QL6,GFZ,0.15,0.26,short-term_:_and long-term,1.873194,1.943987,2.206899,2.241955,2.492862
True,mean,False,mean,Lau,3e+19,QL6,JPL,0.15,0.26,short-term_:_and long-term,1.941407,2.012199,2.283073,2.326724,2.579472
True,mean,False,mean,Lau,3e+19,QL6,CSR,0.15,0.26,short-term_:_and long-term,1.873032,1.943824,2.21183,2.256561,2.516161
True,mean,False,mean,Lau,3e+19,QL6,MSSA,0.15,0.26,short-term_:_and long-term,1.963629,2.034422,2.35654,2.463384,2.546447
False,mean,False,lower,Lau,3e+19,QL6,GFZ,0.15,0.26,short-term_:_and long-term,1.848995,1.920077,2.22191,2.266728,2.517802
False,mean,False,lower,Lau,3e+19,QL6,JPL,0.15,0.26,short-term_:_and long-term,1.916332,1.987415,2.297878,2.350327,2.603458
False,mean,False,lower,Lau,3e+19,QL6,CSR,0.15,0.26,short-term_:_and long-term,1.848834,1.919917,2.227398,2.281734,2.54078
False,mean,False,lower,Lau,3e+19,QL6,MSSA,0.15,0.26,short-term_:_and long-term,1.93827,2.009352,2.379504,2.495553,2.571428
True,mean,False,lower,Lau,3e+19,QL6,GFZ,0.15,0.26,short-term_:_and long-term,1.85713,1.927922,2.212014,2.253153,2.504474
True,mean,False,lower,Lau,3e+19,QL6,JPL,0.15,0.26,short-term_:_and long-term,1.924758,1.99555,2.288005,2.336522,2.589858
True,mean,False,lower,Lau,3e+19,QL6,CSR,0.15,0.26,short-term_:_and long-term,1.856969,1.927762,2.217278,2.267211,2.52647
True,mean,False,lower,Lau,3e+19,QL6,MSSA,0.15,0.26,short-term_:_and long-term,1.94679,2.017582,2.365532,2.477254,2.558103
False,mean,False,upper,Lau,3e+19,QL6,GFZ,0.15,0.26,short-term_:_and long-term,1.879769,1.950852,2.208133,2.241829,2.490534
False,mean,False,upper,Lau,3e+19,QL6,JPL,0.15,0.26,short-term_:_and long-term,1.948227,2.01931,2.28447,2.326286,2.577907
False,mean,False,upper,Lau,3e+19,QL6,CSR,0.15,0.26,short-term_:_and long-term,1.879606,1.950689,2.212951,2.256422,2.514364
False,mean,False,upper,Lau,3e+19,QL6,MSSA,0.15,0.26,short-term_:_and long-term,1.970531,2.041613,2.357088,2.462383,2.543762
True,mean,False,upper,Lau,3e+19,QL6,GFZ,0.15,0.26,short-term_:_and long-term,1.886454,1.957247,2.199787,2.229311,2.479244
True,mean,False,upper,Lau,3e+19,QL6,JPL,0.15,0.26,short-term_:_and long-term,1.95515,2.025943,2.276062,2.314431,2.56804
True,mean,False,upper,Lau,3e+19,QL6,CSR,0.15,0.26,short-term_:_and long-term,1.886291,1.957084,2.204347,2.243545,2.501358
True,mean,False,upper,Lau,3e+19,QL6,MSSA,0.15,0.26,short-term_:_and long-term,1.97753,2.048322,2.34547,2.447032,2.530968
False,mean,False,mean,Lau,3e+19,QL6,GFZ,0.1,0.26,short-term_:_and long-term,1.865566,1.936556,2.253082,2.298935,2.538882
False,mean,False,mean,Lau,3e+19,QL6,JPL,0.1,0.26,short-term_:_and long-term,1.933507,2.004497,2.329545,2.381878,2.623731
False,mean,False,mean,Lau,3e+19,QL6,CSR,0.1,0.26,short-term_:_and long-term,1.865404,1.936395,2.258607,2.313284,2.562319
False,mean,False,mean,Lau,3e+19,QL6,MSSA,0.1,0.26,short-term_:_and long-term,1.955641,2.026632,2.416108,2.533245,2.589434
True,mean,False,mean,Lau,3e+19,QL6,GFZ,0.1,0.26,short-term_:_and long-term,1.873194,1.943894,2.242292,2.28314,2.525547
True,mean,False,mean,Lau,3e+19,QL6,JPL,0.1,0.26,short-term_:_and long-term,1.941407,2.012107,2.318724,2.366612,2.609604
True,mean,False,mean,Lau,3e+19,QL6,CSR,0.1,0.26,short-term_:_and long-term,1.873032,1.943732,2.247631,2.298607,2.547637
True,mean,False,mean,Lau,3e+19,QL6,MSSA,0.1,0.26,short-term_:_and long-term,1.963629,2.034329,2.401379,2.513766,2.57301
False,mean,False,lower,Lau,3e+19,QL6,GFZ,0.1,0.26,short-term_:_and long-term,1.848995,1.919985,2.262974,2.313807,2.551166
False,mean,False,lower,Lau,3e+19,QL6,JPL,0.1,0.26,short-term_:_and long-term,1.916332,1.987323,2.339255,2.396995,2.637491
False,mean,False,lower,Lau,3e+19,QL6,CSR,0.1,0.26,short-term_:_and long-term,1.848834,1.919825,2.268936,2.330189,2.579422
False,mean,False,lower,Lau,3e+19,QL6,MSSA,0.1,0.26,short-term_:_and long-term,1.93827,2.009261,2.431418,2.554594,2.606951
True,mean,False,lower,Lau,3e+19,QL6,GFZ,0.1,0.26,short-term_:_and long-term,1.85713,1.92783,2.251035,2.297596,2.537704
True,mean,False,lower,Lau,3e+19,QL6,JPL,0.1,0.26,short-term_:_and long-term,1.924758,1.995458,2.3273,2.381068,2.623584
True,mean,False,lower,Lau,3e+19,QL6,CSR,0.1,0.26,short-term_:_and long-term,1.856969,1.927669,2.256743,2.313276,2.562649
True,mean,False,lower,Lau,3e+19,QL6,MSSA,0.1,0.26,short-term_:_and long-term,1.94679,2.01749,2.414917,2.533826,2.591078
False,mean,False,upper,Lau,3e+19,QL6,GFZ,0.1,0.26,short-term_:_and long-term,1.879769,1.95076,2.241742,2.281339,2.523362
False,mean,False,upper,Lau,3e+19,QL6,JPL,0.1,0.26,short-term_:_and long-term,1.948227,2.019218,2.31837,2.3646,2.606732
False,mean,False,upper,Lau,3e+19,QL6,CSR,0.1,0.26,short-term_:_and long-term,1.879606,1.950597,2.246963,2.296548,2.544962
False,mean,False,upper,Lau,3e+19,QL6,MSSA,0.1,0.26,short-term_:_and long-term,1.970531,2.041521,2.399624,2.510661,2.569942
True,mean,False,upper,Lau,3e+19,QL6,GFZ,0.1,0.26,short-term_:_and long-term,1.886454,1.957154,2.231695,2.267089,2.509587
True,mean,False,upper,Lau,3e+19,QL6,JPL,0.1,0.26,short-term_:_and long-term,1.95515,2.02585,2.308217,2.351353,2.594362
True,mean,False,upper,Lau,3e+19,QL6,CSR,0.1,0.26,short-term_:_and long-term,1.886291,1.956991,2.23662,2.281963,2.532316
True,mean,False,upper,Lau,3e+19,QL6,MSSA,0.1,0.26,short-term_:_and long-term,1.97753,2.04823,2.385923,2.493775,2.557455
False,mean,False,mean,Lau,3e+19,QL6,GFZ,0.2,0.26,short-term_:_and long-term,1.865566,1.936734,2.189397,2.222248,2.477258
False,mean,False,mean,Lau,3e+19,QL6,JPL,0.2,0.26,short-term_:_and long-term,1.933507,2.004675,2.265267,2.308038,2.56707
False,mean,False,mean,Lau,3e+19,QL6,CSR,0.2,0.26,short-term_:_and long-term,1.865404,1.936573,2.194171,2.237721,2.499765
False,mean,False,mean,Lau,3e+19,QL6,MSSA,0.2,0.26,short-term_:_and long-term,1.955641,2.02681,2.335603,2.44017,2.53033
True,mean,False,mean,Lau,3e+19,QL6,GFZ,0.2,0.26,short-term_:_and long-term,1.873194,1.944074,2.181891,2.21195,2.468975
True,mean,False,mean,Lau,3e+19,QL6,JPL,0.2,0.26,short-term_:_and long-term,1.941407,2.012287,2.257805,2.297659,2.557884
True,mean,False,mean,Lau,3e+19,QL6,CSR,0.2,0.26,short-term_:_and long-term,1.873032,1.943912,2.186515,2.225684,2.487986
True,mean,False,mean,Lau,3e+19,QL6,MSSA,0.2,0.26,short-term_:_and long-term,1.963629,2.034509,2.324878,2.425381,2.517753
False,mean,False,lower,Lau,3e+19,QL6,GFZ,0.2,0.26,short-term_:_and long-term,1.848995,1.920163,2.192838,2.23142,2.48699
False,mean,False,lower,Lau,3e+19,QL6,JPL,0.2,0.26,short-term_:_and long-term,1.916332,1.987501,2.268493,2.316157,2.575195
False,mean,False,lower,Lau,3e+19,QL6,CSR,0.2,0.26,short-term_:_and long-term,1.848834,1.920003,2.19797,2.246841,2.509708
False,mean,False,lower,Lau,3e+19,QL6,MSSA,0.2,0.26,short-term_:_and long-term,1.93827,2.009438,2.342781,2.452798,2.542133
True,mean,False,lower,Lau,3e+19,QL6,GFZ,0.2,0.26,short-term_:_and long-term,1.85713,1.928009,2.184477,2.219025,2.477676
True,mean,False,lower,Lau,3e+19,QL6,JPL,0.2,0.26,short-term_:_and long-term,1.924758,1.995638,2.260193,2.304283,2.565502
True,mean,False,lower,Lau,3e+19,QL6,CSR,0.2,0.26,short-term_:_and long-term,1.856969,1.927849,2.189409,2.234143,2.497582
True,mean,False,lower,Lau,3e+19,QL6,MSSA,0.2,0.26,short-term_:_and long-term,1.94679,2.017669,2.330708,2.436029,2.528304
False,mean,False,upper,Lau,3e+19,QL6,GFZ,0.2,0.26,short-term_:_and long-term,1.879769,1.950938,2.184309,2.2129,2.467882
False,mean,False,upper,Lau,3e+19,QL6,JPL,0.2,0.26,short-term_:_and long-term,1.948227,2.019396,2.260359,2.298522,2.55753
False,mean,False,upper,Lau,3e+19,QL6,CSR,0.2,0.26,short-term_:_and long-term,1.879606,1.950775,2.188823,2.226887,2.487592
False,mean,False,upper,Lau,3e+19,QL6,MSSA,0.2,0.26,short-term_:_and long-term,1.970531,2.041699,2.326952,2.426085,2.516444
True,mean,False,upper,Lau,3e+19,QL6,GFZ,0.2,0.26,short-term_:_and long-term,1.886454,1.957334,2.177238,2.202812,2.458867
True,mean,False,upper,Lau,3e+19,QL6,JPL,0.2,0.26,short-term_:_and long-term,1.95515,2.02603,2.253267,2.288294,2.547367
True,mean,False,upper,Lau,3e+19,QL6,CSR,0.2,0.26,short-term_:_and long-term,1.886291,1.957171,2.181523,2.216441,2.479001
True,mean,False,upper,Lau,3e+19,QL6,MSSA,0.2,0.26,short-term_:_and long-term,1.97753,2.048409,2.316899,2.413623,2.506717
False,mean,False,mean,Lau,3e+19,QM1,GFZ,0.15,0.26,short-term_:_and long-term,1.865566,1.940962,2.223892,2.275117,2.539396
False,mean,False,mean,Lau,3e+19,QM1,JPL,0.15,0.26,short-term_:_and long-term,1.933507,2.008903,2.301648,2.361631,2.62936
False,mean,False,mean,Lau,3e+19,QM1,CSR,0.15,0.26,short-term_:_and long-term,1.865404,1.9408,2.229798,2.290693,2.56364
False,mean,False,mean,Lau,3e+19,QM1,MSSA,0.15,0.26,short-term_:_and long-term,1.955641,2.031037,2.372304,2.492886,2.588881
True,mean,False,mean,Lau,3e+19,QM1,GFZ,0.15,0.26,short-term_:_and long-term,1.873194,1.94827,2.216831,2.263576,2.528547
True,mean,False,mean,Lau,3e+19,QM1,JPL,0.15,0.26,short-term_:_and long-term,1.941407,2.016482,2.294608,2.351626,2.620513
True,mean,False,mean,Lau,3e+19,QM1,CSR,0.15,0.26,short-term_:_and long-term,1.873032,1.948107,2.222594,2.280494,2.553509
True,mean,False,mean,Lau,3e+19,QM1,MSSA,0.15,0.26,short-term_:_and long-term,1.963629,2.038705,2.362198,2.47846,2.577004
False,mean,False,lower,Lau,3e+19,QM1,GFZ,0.15,0.26,short-term_:_and long-term,1.848995,1.924391,2.230603,2.288538,2.554547
False,mean,False,lower,Lau,3e+19,QM1,JPL,0.15,0.26,short-term_:_and long-term,1.916332,1.991728,2.308283,2.375296,2.644693
False,mean,False,lower,Lau,3e+19,QM1,CSR,0.15,0.26,short-term_:_and long-term,1.848834,1.92423,2.236965,2.304142,2.578227
False,mean,False,lower,Lau,3e+19,QM1,MSSA,0.15,0.26,short-term_:_and long-term,1.93827,2.013666,2.383165,2.508949,2.603688
True,mean,False,lower,Lau,3e+19,QM1,GFZ,0.15,0.26,short-term_:_and long-term,1.85713,1.932205,2.222789,2.275727,2.541242
True,mean,False,lower,Lau,3e+19,QM1,JPL,0.15,0.26,short-term_:_and long-term,1.924758,1.999833,2.300508,2.363334,2.633118
True,mean,False,lower,Lau,3e+19,QM1,CSR,0.15,0.26,short-term_:_and long-term,1.856969,1.932045,2.228956,2.292122,2.566517
True,mean,False,lower,Lau,3e+19,QM1,MSSA,0.15,0.26,short-term_:_and long-term,1.94679,2.021865,2.371823,2.49374,2.590664
False,mean,False,upper,Lau,3e+19,QM1,GFZ,0.15,0.26,short-term_:_and long-term,1.879769,1.955165,2.21584,2.260427,2.523849
False,mean,False,upper,Lau,3e+19,QM1,JPL,0.15,0.26,short-term_:_and long-term,1.948227,2.023623,2.293639,2.348299,2.615795
False,mean,False,upper,Lau,3e+19,QM1,CSR,0.15,0.26,short-term_:_and long-term,1.879606,1.955002,2.2214,2.277064,2.548237
False,mean,False,upper,Lau,3e+19,QM1,MSSA,0.15,0.26,short-term_:_and long-term,1.970531,2.045927,2.360348,2.474733,2.57199
True,mean,False,upper,Lau,3e+19,QM1,GFZ,0.15,0.26,short-term_:_and long-term,1.886454,1.96153,2.209122,2.249965,2.513759
True,mean,False,upper,Lau,3e+19,QM1,JPL,0.15,0.26,short-term_:_and long-term,1.95515,2.030226,2.286874,2.338468,2.608375
True,mean,False,upper,Lau,3e+19,QM1,CSR,0.15,0.26,short-term_:_and long-term,1.886291,1.961367,2.21445,2.266707,2.537212
True,mean,False,upper,Lau,3e+19,QM1,MSSA,0.15,0.26,short-term_:_and long-term,1.97753,2.052605,2.350792,2.461083,2.559687
False,mean,False,mean,Lau,3e+19,QM1,GFZ,0.1,0.26,short-term_:_and long-term,1.865566,1.940699,2.256398,2.313344,2.571912
False,mean,False,mean,Lau,3e+19,QM1,JPL,0.1,0.26,short-term_:_and long-term,1.933507,2.00864,2.334436,2.401327,2.661755
False,mean,False,mean,Lau,3e+19,QM1,CSR,0.1,0.26,short-term_:_and long-term,1.865404,1.940537,2.262727,2.330542,2.597446
False,mean,False,mean,Lau,3e+19,QM1,MSSA,0.1,0.26,short-term_:_and long-term,1.955641,2.030774,2.412685,2.540615,2.620817
True,mean,False,mean,Lau,3e+19,QM1,GFZ,0.1,0.26,short-term_:_and long-term,1.873194,1.948003,2.247766,2.301054,2.560523
True,mean,False,mean,Lau,3e+19,QM1,JPL,0.1,0.26,short-term_:_and long-term,1.941407,2.016216,2.325754,2.388391,2.649008
True,mean,False,mean,Lau,3e+19,QM1,CSR,0.1,0.26,short-term_:_and long-term,1.873032,1.947841,2.253924,2.317666,2.585389
True,mean,False,mean,Lau,3e+19,QM1,MSSA,0.1,0.26,short-term_:_and long-term,1.963629,2.038439,2.400767,2.524724,2.607634
False,mean,False,lower,Lau,3e+19,QM1,GFZ,0.1,0.26,short-term_:_and long-term,1.848995,1.924127,2.267576,2.332401,2.589045
False,mean,False,lower,Lau,3e+19,QM1,JPL,0.1,0.26,short-term_:_and long-term,1.916332,1.991465,2.345564,2.418732,2.678401
False,mean,False,lower,Lau,3e+19,QM1,CSR,0.1,0.26,short-term_:_and long-term,1.848834,1.923967,2.27442,2.348066,2.61402
False,mean,False,lower,Lau,3e+19,QM1,MSSA,0.1,0.26,short-term_:_and long-term,1.93827,2.013403,2.429097,2.562061,2.63829
True,mean,False,lower,Lau,3e+19,QM1,GFZ,0.1,0.26,short-term_:_and long-term,1.85713,1.931939,2.258046,2.317898,2.575205
True,mean,False,lower,Lau,3e+19,QM1,JPL,0.1,0.26,short-term_:_and long-term,1.924758,1.999567,2.335998,2.404983,2.664463
True,mean,False,lower,Lau,3e+19,QM1,CSR,0.1,0.26,short-term_:_and long-term,1.856969,1.931778,2.264655,2.334995,2.601863
True,mean,False,lower,Lau,3e+19,QM1,MSSA,0.1,0.26,short-term_:_and long-term,1.94679,2.021599,2.415736,2.54464,2.622773
False,mean,False,upper,Lau,3e+19,QM1,GFZ,0.1,0.26,short-term_:_and long-term,1.879769,1.954902,2.243945,2.294718,2.554694
False,mean,False,upper,Lau,3e+19,QM1,JPL,0.1,0.26,short-term_:_and long-term,1.948227,2.02336,2.322012,2.382105,2.643364
False,mean,False,upper,Lau,3e+19,QM1,CSR,0.1,0.26,short-term_:_and long-term,1.879606,1.954739,2.24989,2.311012,2.579059
False,mean,False,upper,Lau,3e+19,QM1,MSSA,0.1,0.26,short-term_:_and long-term,1.970531,2.045663,2.395287,2.516821,2.601804
True,mean,False,upper,Lau,3e+19,QM1,GFZ,0.1,0.26,short-term_:_and long-term,1.886454,1.961264,2.235809,2.283002,2.542418
True,mean,False,upper,Lau,3e+19,QM1,JPL,0.1,0.26,short-term_:_and long-term,1.95515,2.029959,2.313754,2.370078,2.631609
True,mean,False,upper,Lau,3e+19,QM1,CSR,0.1,0.26,short-term_:_and long-term,1.886291,1.9611,2.241475,2.298352,2.565351
True,mean,False,upper,Lau,3e+19,QM1,MSSA,0.1,0.26,short-term_:_and long-term,1.97753,2.052339,2.384084,2.501277,2.588979
False,mean,False,mean,Lau,3e+19,QM1,GFZ,0.2,0.26,short-term_:_and long-term,1.865566,1.941201,2.200756,2.246116,2.51366
False,mean,False,mean,Lau,3e+19,QM1,JPL,0.2,0.26,short-term_:_and long-term,1.933507,2.009142,2.278134,2.334056,2.606516
False,mean,False,mean,Lau,3e+19,QM1,CSR,0.2,0.26,short-term_:_and long-term,1.865404,1.941039,2.206306,2.262261,2.535881
False,mean,False,mean,Lau,3e+19,QM1,MSSA,0.2,0.26,short-term_:_and long-term,1.955641,2.031276,2.343635,2.457565,2.5607
True,mean,False,mean,Lau,3e+19,QM1,GFZ,0.2,0.26,short-term_:_and long-term,1.873194,1.948511,2.194817,2.236727,2.505103
True,mean,False,mean,Lau,3e+19,QM1,JPL,0.2,0.26,short-term_:_and long-term,1.941407,2.016724,2.272266,2.325046,2.599787
True,mean,False,mean,Lau,3e+19,QM1,CSR,0.2,0.26,short-term_:_and long-term,1.873032,1.948349,2.200241,2.251983,2.527989
True,mean,False,mean,Lau,3e+19,QM1,MSSA,0.2,0.26,short-term_:_and long-term,1.963629,2.038946,2.334867,2.444567,2.550618
False,mean,False,lower,Lau,3e+19,QM1,GFZ,0.2,0.26,short-term_:_and long-term,1.848995,1.924629,2.204326,2.254702,2.522586
False,mean,False,lower,Lau,3e+19,QM1,JPL,0.2,0.26,short-term_:_and long-term,1.916332,1.991967,2.281595,2.343187,2.61684
False,mean,False,lower,Lau,3e+19,QM1,CSR,0.2,0.26,short-term_:_and long-term,1.848834,1.924469,2.210287,2.27201,2.546747
False,mean,False,lower,Lau,3e+19,QM1,MSSA,0.2,0.26,short-term_:_and long-term,1.93827,2.013905,2.350612,2.468968,2.571845
True,mean,False,lower,Lau,3e+19,QM1,GFZ,0.2,0.26,short-term_:_and long-term,1.85713,1.932447,2.197731,2.244743,2.514538
True,mean,False,lower,Lau,3e+19,QM1,JPL,0.2,0.26,short-term_:_and long-term,1.924758,2.000075,2.275091,2.332689,2.607434
True,mean,False,lower,Lau,3e+19,QM1,CSR,0.2,0.26,short-term_:_and long-term,1.856969,1.932286,2.20352,2.260428,2.536569
True,mean,False,lower,Lau,3e+19,QM1,MSSA,0.2,0.26,short-term_:_and long-term,1.94679,2.022106,2.340748,2.455628,2.561864
False,mean,False,upper,Lau,3e+19,QM1,GFZ,0.2,0.26,short-term_:_and long-term,1.879769,1.955404,2.195725,2.235697,2.502026
False,mean,False,upper,Lau,3e+19,QM1,JPL,0.2,0.26,short-term_:_and long-term,1.948227,2.023862,2.273175,2.32412,2.595862
False,mean,False,upper,Lau,3e+19,QM1,CSR,0.2,0.26,short-term_:_and long-term,1.879606,1.955241,2.200963,2.25159,2.52431
False,mean,False,upper,Lau,3e+19,QM1,MSSA,0.2,0.26,short-term_:_and long-term,1.970531,2.046165,2.335398,2.444056,2.547896
True,mean,False,upper,Lau,3e+19,QM1,GFZ,0.2,0.26,short-term_:_and long-term,1.886454,1.961771,2.190031,2.22695,2.494368
True,mean,False,upper,Lau,3e+19,QM1,JPL,0.2,0.26,short-term_:_and long-term,1.95515,2.030467,2.267482,2.315613,2.588659
True,mean,False,upper,Lau,3e+19,QM1,CSR,0.2,0.26,short-term_:_and long-term,1.886291,1.961608,2.195061,2.242707,2.518334
True,mean,False,upper,Lau,3e+19,QM1,MSSA,0.2,0.26,short-term_:_and long-term,1.97753,2.052847,2.327069,2.432403,2.537356
False,mean,False,mean,Lau,3e+19,Resovsky,GFZ,0.15,0.26,short-term_:_and long-term,1.865566,1.938364,2.206139,2.246886,2.505943
False,mean,False,mean,Lau,3e+19,Resovsky,JPL,0.15,0.26,short-term_:_and long-term,1.933507,2.006305,2.282762,2.333889,2.596923
False,mean,False,mean,Lau,3e+19,Resovsky,CSR,0.15,0.26,short-term_:_and long-term,1.865404,1.938202,2.211455,2.262533,2.530292
False,mean,False,mean,Lau,3e+19,Resovsky,MSSA,0.15,0.26,short-term_:_and long-term,1.955641,2.028439,2.353569,2.465198,2.558135
True,mean,False,mean,Lau,3e+19,Resovsky,GFZ,0.15,0.26,short-term_:_and long-term,1.873194,1.945689,2.198368,2.235562,2.495661
True,mean,False,mean,Lau,3e+19,Resovsky,JPL,0.15,0.26,short-term_:_and long-term,1.941407,2.013902,2.275008,2.322703,2.586969
True,mean,False,mean,Lau,3e+19,Resovsky,CSR,0.15,0.26,short-term_:_and long-term,1.873032,1.945527,2.203527,2.251242,2.519051
True,mean,False,mean,Lau,3e+19,Resovsky,MSSA,0.15,0.26,short-term_:_and long-term,1.963629,2.036124,2.342604,2.449926,2.543653
False,mean,False,lower,Lau,3e+19,Resovsky,GFZ,0.15,0.26,short-term_:_and long-term,1.848995,1.921792,2.210804,2.257609,2.518067
False,mean,False,lower,Lau,3e+19,Resovsky,JPL,0.15,0.26,short-term_:_and long-term,1.916332,1.98913,2.28727,2.343451,2.606713
False,mean,False,lower,Lau,3e+19,Resovsky,CSR,0.15,0.26,short-term_:_and long-term,1.848834,1.921632,2.216523,2.273907,2.543093
False,mean,False,lower,Lau,3e+19,Resovsky,MSSA,0.15,0.26,short-term_:_and long-term,1.93827,2.011068,2.362062,2.479365,2.571637
True,mean,False,lower,Lau,3e+19,Resovsky,GFZ,0.15,0.26,short-term_:_and long-term,1.85713,1.929625,2.202152,2.244742,2.505464
True,mean,False,lower,Lau,3e+19,Resovsky,JPL,0.15,0.26,short-term_:_and long-term,1.924758,1.997253,2.278651,2.331377,2.597146
True,mean,False,lower,Lau,3e+19,Resovsky,CSR,0.15,0.26,short-term_:_and long-term,1.856969,1.929464,2.207659,2.260559,2.529477
True,mean,False,lower,Lau,3e+19,Resovsky,MSSA,0.15,0.26,short-term_:_and long-term,1.94679,2.019285,2.349711,2.462943,2.557212
False,mean,False,upper,Lau,3e+19,Resovsky,GFZ,0.15,0.26,short-term_:_and long-term,1.879769,1.952567,2.19981,2.235171,2.493237
False,mean,False,upper,Lau,3e+19,Resovsky,JPL,0.15,0.26,short-term_:_and long-term,1.948227,2.021025,2.276564,2.322338,2.584693
False,mean,False,upper,Lau,3e+19,Resovsky,CSR,0.15,0.26,short-term_:_and long-term,1.879606,1.952404,2.204831,2.25027,2.515698
False,mean,False,upper,Lau,3e+19,Resovsky,MSSA,0.15,0.26,short-term_:_and long-term,1.970531,2.043328,2.343583,2.449285,2.541282
True,mean,False,upper,Lau,3e+19,Resovsky,GFZ,0.15,0.26,short-term_:_and long-term,1.886454,1.95895,2.192504,2.224833,2.483738
True,mean,False,upper,Lau,3e+19,Resovsky,JPL,0.15,0.26,short-term_:_and long-term,1.95515,2.027645,2.269207,2.311849,2.574879
True,mean,False,upper,Lau,3e+19,Resovsky,CSR,0.15,0.26,short-term_:_and long-term,1.886291,1.958786,2.19728,2.238985,2.504739
True,mean,False,upper,Lau,3e+19,Resovsky,MSSA,0.15,0.26,short-term_:_and long-term,1.97753,2.050025,2.333316,2.435287,2.529383
False,mean,False,mean,Lau,3e+19,Resovsky,GFZ,0.1,0.26,short-term_:_and long-term,1.865566,1.938217,2.234413,2.282314,2.534452
False,mean,False,mean,Lau,3e+19,Resovsky,JPL,0.1,0.26,short-term_:_and long-term,1.933507,2.006158,2.311397,2.366642,2.620537
False,mean,False,mean,Lau,3e+19,Resovsky,CSR,0.1,0.26,short-term_:_and long-term,1.865404,1.938055,2.240111,2.297139,2.558499
False,mean,False,mean,Lau,3e+19,Resovsky,MSSA,0.1,0.26,short-term_:_and long-term,1.955641,2.028293,2.389092,2.505682,2.58153
True,mean,False,mean,Lau,3e+19,Resovsky,GFZ,0.1,0.26,short-term_:_and long-term,1.873194,1.945541,2.225064,2.268263,2.520298
True,mean,False,mean,Lau,3e+19,Resovsky,JPL,0.1,0.26,short-term_:_and long-term,1.941407,2.013754,2.302007,2.353637,2.608069
True,mean,False,mean,Lau,3e+19,Resovsky,CSR,0.1,0.26,short-term_:_and long-term,1.873032,1.945379,2.230575,2.283662,2.542806
True,mean,False,mean,Lau,3e+19,Resovsky,MSSA,0.1,0.26,short-term_:_and long-term,1.963629,2.035977,2.376257,2.48866,2.565824
False,mean,False,lower,Lau,3e+19,Resovsky,GFZ,0.1,0.26,short-term_:_and long-term,1.848995,1.921646,2.241563,2.294959,2.549503
False,mean,False,lower,Lau,3e+19,Resovsky,JPL,0.1,0.26,short-term_:_and long-term,1.916332,1.988983,2.318407,2.379442,2.634907
False,mean,False,lower,Lau,3e+19,Resovsky,CSR,0.1,0.26,short-term_:_and long-term,1.848834,1.921486,2.247697,2.310403,2.571542
False,mean,False,lower,Lau,3e+19,Resovsky,MSSA,0.1,0.26,short-term_:_and long-term,1.93827,2.010921,2.400678,2.523295,2.596663
True,mean,False,lower,Lau,3e+19,Resovsky,GFZ,0.1,0.26,short-term_:_and long-term,1.85713,1.929477,2.23119,2.280764,2.534161
True,mean,False,lower,Lau,3e+19,Resovsky,JPL,0.1,0.26,short-term_:_and long-term,1.924758,1.997105,2.308007,2.365043,2.620571
True,mean,False,lower,Lau,3e+19,Resovsky,CSR,0.1,0.26,short-term_:_and long-term,1.856969,1.929316,2.237075,2.295785,2.558028
True,mean,False,lower,Lau,3e+19,Resovsky,MSSA,0.1,0.26,short-term_:_and long-term,1.94679,2.019137,2.386262,2.50461,2.580612
False,mean,False,upper,Lau,3e+19,Resovsky,GFZ,0.1,0.26,short-term_:_and long-term,1.879769,1.952421,2.22568,2.267046,2.517838
False,mean,False,upper,Lau,3e+19,Resovsky,JPL,0.1,0.26,short-term_:_and long-term,1.948227,2.020879,2.302783,2.352376,2.605886
False,mean,False,upper,Lau,3e+19,Resovsky,CSR,0.1,0.26,short-term_:_and long-term,1.879606,1.952258,2.231061,2.282406,2.541807
False,mean,False,upper,Lau,3e+19,Resovsky,MSSA,0.1,0.26,short-term_:_and long-term,1.970531,2.043182,2.376133,2.486877,2.563553
True,mean,False,upper,Lau,3e+19,Resovsky,GFZ,0.1,0.26,short-term_:_and long-term,1.886454,1.958802,2.216943,2.254153,2.504311
True,mean,False,upper,Lau,3e+19,Resovsky,JPL,0.1,0.26,short-term_:_and long-term,1.95515,2.027497,2.293937,2.34007,2.592918
True,mean,False,upper,Lau,3e+19,Resovsky,CSR,0.1,0.26,short-term_:_and long-term,1.886291,1.958638,2.222039,2.269384,2.528231
True,mean,False,upper,Lau,3e+19,Resovsky,MSSA,0.1,0.26,short-term_:_and long-term,1.97753,2.049877,2.364162,2.471585,2.553294
False,mean,False,mean,Lau,3e+19,Resovsky,GFZ,0.2,0.26,short-term_:_and long-term,1.865566,1.938542,2.185106,2.222227,2.48569
False,mean,False,mean,Lau,3e+19,Resovsky,JPL,0.2,0.26,short-term_:_and long-term,1.933507,2.006483,2.261406,2.30862,2.57536
False,mean,False,mean,Lau,3e+19,Resovsky,CSR,0.2,0.26,short-term_:_and long-term,1.865404,1.93838,2.190118,2.236776,2.50675
False,mean,False,mean,Lau,3e+19,Resovsky,MSSA,0.2,0.26,short-term_:_and long-term,1.955641,2.028617,2.327224,2.433562,2.533909
True,mean,False,mean,Lau,3e+19,Resovsky,GFZ,0.2,0.26,short-term_:_and long-term,1.873194,1.945869,2.178428,2.211943,2.476535
True,mean,False,mean,Lau,3e+19,Resovsky,JPL,0.2,0.26,short-term_:_and long-term,1.941407,2.014081,2.254788,2.298337,2.567367
True,mean,False,mean,Lau,3e+19,Resovsky,CSR,0.2,0.26,short-term_:_and long-term,1.873032,1.945706,2.183303,2.226567,2.499676
True,mean,False,mean,Lau,3e+19,Resovsky,MSSA,0.2,0.26,short-term_:_and long-term,1.963629,2.036304,2.31754,2.421576,2.523676
False,mean,False,lower,Lau,3e+19,Resovsky,GFZ,0.2,0.26,short-term_:_and long-term,1.848995,1.92197,2.187859,2.230398,2.494496
False,mean,False,lower,Lau,3e+19,Resovsky,JPL,0.2,0.26,short-term_:_and long-term,1.916332,1.989308,2.263982,2.316619,2.585719
False,mean,False,lower,Lau,3e+19,Resovsky,CSR,0.2,0.26,short-term_:_and long-term,1.848834,1.92181,2.193246,2.245162,2.515208
False,mean,False,lower,Lau,3e+19,Resovsky,MSSA,0.2,0.26,short-term_:_and long-term,1.93827,2.011246,2.333352,2.444937,2.545892
True,mean,False,lower,Lau,3e+19,Resovsky,GFZ,0.2,0.26,short-term_:_and long-term,1.85713,1.929804,2.1804,2.219091,2.484636
True,mean,False,lower,Lau,3e+19,Resovsky,JPL,0.2,0.26,short-term_:_and long-term,1.924758,1.997432,2.256602,2.30546,2.575472
True,mean,False,lower,Lau,3e+19,Resovsky,CSR,0.2,0.26,short-term_:_and long-term,1.856969,1.929643,2.185602,2.234156,2.507072
True,mean,False,lower,Lau,3e+19,Resovsky,MSSA,0.2,0.26,short-term_:_and long-term,1.94679,2.019464,2.322418,2.430263,2.532839
False,mean,False,upper,Lau,3e+19,Resovsky,GFZ,0.2,0.26,short-term_:_and long-term,1.879769,1.952745,2.180653,2.212643,2.474299
False,mean,False,upper,Lau,3e+19,Resovsky,JPL,0.2,0.26,short-term_:_and long-term,1.948227,2.021203,2.257097,2.298937,2.565041
False,mean,False,upper,Lau,3e+19,Resovsky,CSR,0.2,0.26,short-term_:_and long-term,1.879606,1.952582,2.185389,2.227211,2.497069
False,mean,False,upper,Lau,3e+19,Resovsky,MSSA,0.2,0.26,short-term_:_and long-term,1.970531,2.043506,2.319546,2.421923,2.521771
True,mean,False,upper,Lau,3e+19,Resovsky,GFZ,0.2,0.26,short-term_:_and long-term,1.886454,1.959129,2.174335,2.203359,2.46659
True,mean,False,upper,Lau,3e+19,Resovsky,JPL,0.2,0.26,short-term_:_and long-term,1.95515,2.027825,2.250773,2.289528,2.55767
True,mean,False,upper,Lau,3e+19,Resovsky,CSR,0.2,0.26,short-term_:_and long-term,1.886291,1.958966,2.178854,2.216758,2.488436
True,mean,False,upper,Lau,3e+19,Resovsky,MSSA,0.2,0.26,short-term_:_and long-term,1.97753,2.050204,2.310443,2.409706,2.511546
False,mean,False,mean,Lau,3e+20,,GFZ,,,long-term,1.865566,1.918996,1.950348,1.904056,2.135583
False,mean,False,mean,Lau,3e+20,,JPL,,,long-term,1.933507,1.986937,2.018808,1.979046,2.21501
False,mean,False,mean,Lau,3e+20,,CSR,,,long-term,1.865404,1.918834,1.950644,1.915024,2.151918
False,mean,False,mean,Lau,3e+20,,MSSA,,,long-term,1.955641,2.009072,2.048059,2.073645,2.178995
True,mean,False,mean,Lau,3e+20,,GFZ,,,long-term,1.873194,1.926437,1.950332,1.90225,2.133191
True,mean,False,mean,Lau,3e+20,,JPL,,,long-term,1.941407,1.99465,2.018929,1.977168,2.212285
True,mean,False,mean,Lau,3e+20,,CSR,,,long-term,1.873032,1.926275,1.950533,1.912354,2.149056
True,mean,False,mean,Lau,3e+20,,MSSA,,,long-term,1.963629,2.016872,2.046598,2.070113,2.175007
False,mean,False,lower,Lau,3e+20,,GFZ,,,long-term,1.848995,1.902425,1.937417,1.892505,2.122998
False,mean,False,lower,Lau,3e+20,,JPL,,,long-term,1.916332,1.969762,2.005332,1.96679,2.201233
False,mean,False,lower,Lau,3e+20,,CSR,,,long-term,1.848834,1.902264,1.937772,1.902644,2.137483
False,mean,False,lower,Lau,3e+20,,MSSA,,,long-term,1.93827,1.9917,2.035223,2.061419,2.167322
True,mean,False,lower,Lau,3e+20,,GFZ,,,long-term,1.85713,1.910372,1.937151,1.890325,2.119707
True,mean,False,lower,Lau,3e+20,,JPL,,,long-term,1.924758,1.978001,2.005212,1.964456,2.19852
True,mean,False,lower,Lau,3e+20,,CSR,,,long-term,1.856969,1.910212,1.937393,1.899567,2.134048
True,mean,False,lower,Lau,3e+20,,MSSA,,,long-term,1.94679,2.000032,2.033316,2.057417,2.162451
False,mean,False,upper,Lau,3e+20,,GFZ,,,long-term,1.879769,1.933199,1.961017,1.913343,2.145437
False,mean,False,upper,Lau,3e+20,,JPL,,,long-term,1.948227,2.001657,2.029951,1.988875,2.225332
False,mean,False,upper,Lau,3e+20,,CSR,,,long-term,1.879606,1.933036,1.961276,1.923998,2.16316
False,mean,False,upper,Lau,3e+20,,MSSA,,,long-term,1.970531,2.023961,2.058576,2.082444,2.187654
True,mean,False,upper,Lau,3e+20,,GFZ,,,long-term,1.886454,1.939697,1.960808,1.911075,2.142667
True,mean,False,upper,Lau,3e+20,,JPL,,,long-term,1.95515,2.008393,2.029844,1.986705,2.223132
True,mean,False,upper,Lau,3e+20,,CSR,,,long-term,1.886291,1.939534,1.960961,1.922093,2.160538
True,mean,False,upper,Lau,3e+20,,MSSA,,,long-term,1.97753,2.030772,2.057043,2.079431,2.183647
False,mean,False,mean,Lau,3e+20,PAR3P,GFZ,0.15,0.26,short-term_:_and long-term,1.865566,1.938073,2.179678,2.215205,2.490027
False,mean,False,mean,Lau,3e+20,PAR3P,JPL,0.15,0.26,short-term_:_and long-term,1.933507,2.006014,2.256788,2.302228,2.578819
False,mean,False,mean,Lau,3e+20,PAR3P,CSR,0.15,0.26,short-term_:_and long-term,1.865404,1.937912,2.184763,2.230558,2.51057
False,mean,False,mean,Lau,3e+20,PAR3P,MSSA,0.15,0.26,short-term_:_and long-term,1.955641,2.028149,2.321027,2.428451,2.542645
True,mean,False,mean,Lau,3e+20,PAR3P,GFZ,0.15,0.26,short-term_:_and long-term,1.873194,1.945403,2.176812,2.209346,2.482437
True,mean,False,mean,Lau,3e+20,PAR3P,JPL,0.15,0.26,short-term_:_and long-term,1.941407,2.013616,2.25393,2.296239,2.570469
True,mean,False,mean,Lau,3e+20,PAR3P,CSR,0.15,0.26,short-term_:_and long-term,1.873032,1.945241,2.181783,2.224446,2.502125
True,mean,False,mean,Lau,3e+20,PAR3P,MSSA,0.15,0.26,short-term_:_and long-term,1.963629,2.035839,2.316116,2.420468,2.531994
False,mean,False,lower,Lau,3e+20,PAR3P,GFZ,0.15,0.26,short-term_:_and long-term,1.848995,1.921502,2.180905,2.220912,2.49815
False,mean,False,lower,Lau,3e+20,PAR3P,JPL,0.15,0.26,short-term_:_and long-term,1.916332,1.98884,2.257877,2.308351,2.586465
False,mean,False,lower,Lau,3e+20,PAR3P,CSR,0.15,0.26,short-term_:_and long-term,1.848834,1.921342,2.18635,2.236682,2.518751
False,mean,False,lower,Lau,3e+20,PAR3P,MSSA,0.15,0.26,short-term_:_and long-term,1.93827,2.010778,2.325222,2.436456,2.552286
True,mean,False,lower,Lau,3e+20,PAR3P,GFZ,0.15,0.26,short-term_:_and long-term,1.85713,1.929339,2.177704,2.214639,2.489458
True,mean,False,lower,Lau,3e+20,PAR3P,JPL,0.15,0.26,short-term_:_and long-term,1.924758,1.996967,2.254696,2.301914,2.578497
True,mean,False,lower,Lau,3e+20,PAR3P,CSR,0.15,0.26,short-term_:_and long-term,1.856969,1.929178,2.182998,2.230499,2.509735
True,mean,False,lower,Lau,3e+20,PAR3P,MSSA,0.15,0.26,short-term_:_and long-term,1.94679,2.018999,2.319657,2.428376,2.541609
False,mean,False,upper,Lau,3e+20,PAR3P,GFZ,0.15,0.26,short-term_:_and long-term,1.879769,1.952277,2.17694,2.207674,2.480633
False,mean,False,upper,Lau,3e+20,PAR3P,JPL,0.15,0.26,short-term_:_and long-term,1.948227,2.020735,2.254136,2.294766,2.569599
False,mean,False,upper,Lau,3e+20,PAR3P,CSR,0.15,0.26,short-term_:_and long-term,1.879606,1.952114,2.181743,2.222941,2.500871
False,mean,False,upper,Lau,3e+20,PAR3P,MSSA,0.15,0.26,short-term_:_and long-term,1.970531,2.043038,2.315489,2.418335,2.530667
True,mean,False,upper,Lau,3e+20,PAR3P,GFZ,0.15,0.26,short-term_:_and long-term,1.886454,1.958664,2.173994,2.202009,2.472683
True,mean,False,upper,Lau,3e+20,PAR3P,JPL,0.15,0.26,short-term_:_and long-term,1.95515,2.027359,2.251146,2.289436,2.562876
True,mean,False,upper,Lau,3e+20,PAR3P,CSR,0.15,0.26,short-term_:_and long-term,1.886291,1.9585,2.17862,2.217251,2.492703
True,mean,False,upper,Lau,3e+20,PAR3P,MSSA,0.15,0.26,short-term_:_and long-term,1.97753,2.049739,2.310618,2.41003,2.520428
False,mean,False,mean,Lau,3e+20,PAR3P,GFZ,0.1,0.26,short-term_:_and long-term,1.865566,1.937974,2.223169,2.267612,2.53486
False,mean,False,mean,Lau,3e+20,PAR3P,JPL,0.1,0.26,short-term_:_and long-term,1.933507,2.005915,2.300597,2.353292,2.620618
False,mean,False,mean,Lau,3e+20,PAR3P,CSR,0.1,0.26,short-term_:_and long-term,1.865404,1.937813,2.228712,2.283609,2.55724
False,mean,False,mean,Lau,3e+20,PAR3P,MSSA,0.1,0.26,short-term_:_and long-term,1.955641,2.02805,2.375813,2.490103,2.58913
True,mean,False,mean,Lau,3e+20,PAR3P,GFZ,0.1,0.26,short-term_:_and long-term,1.873194,1.945302,2.219405,2.260588,2.523906
True,mean,False,mean,Lau,3e+20,PAR3P,JPL,0.1,0.26,short-term_:_and long-term,1.941407,2.013515,2.296791,2.346197,2.610097
True,mean,False,mean,Lau,3e+20,PAR3P,CSR,0.1,0.26,short-term_:_and long-term,1.873032,1.94514,2.224823,2.276741,2.54682
True,mean,False,mean,Lau,3e+20,PAR3P,MSSA,0.1,0.26,short-term_:_and long-term,1.963629,2.035737,2.369898,2.481254,2.578149
False,mean,False,lower,Lau,3e+20,PAR3P,GFZ,0.1,0.26,short-term_:_and long-term,1.848995,1.921403,2.229922,2.280233,2.54889
False,mean,False,lower,Lau,3e+20,PAR3P,JPL,0.1,0.26,short-term_:_and long-term,1.916332,1.988741,2.307237,2.367135,2.634483
False,mean,False,lower,Lau,3e+20,PAR3P,CSR,0.1,0.26,short-term_:_and long-term,1.848834,1.921243,2.235888,2.296786,2.571405
False,mean,False,lower,Lau,3e+20,PAR3P,MSSA,0.1,0.26,short-term_:_and long-term,1.93827,2.010678,2.386967,2.50745,2.605504
True,mean,False,lower,Lau,3e+20,PAR3P,GFZ,0.1,0.26,short-term_:_and long-term,1.85713,1.929238,2.225758,2.272383,2.537496
True,mean,False,lower,Lau,3e+20,PAR3P,JPL,0.1,0.26,short-term_:_and long-term,1.924758,1.996866,2.303041,2.359099,2.623165
True,mean,False,lower,Lau,3e+20,PAR3P,CSR,0.1,0.26,short-term_:_and long-term,1.856969,1.929077,2.231549,2.288833,2.559951
True,mean,False,lower,Lau,3e+20,PAR3P,MSSA,0.1,0.26,short-term_:_and long-term,1.94679,2.018898,2.380275,2.497518,2.593336
False,mean,False,upper,Lau,3e+20,PAR3P,GFZ,0.1,0.26,short-term_:_and long-term,1.879769,1.952178,2.215022,2.253911,2.5182
False,mean,False,upper,Lau,3e+20,PAR3P,JPL,0.1,0.26,short-term_:_and long-term,1.948227,2.020636,2.292524,2.338864,2.605976
False,mean,False,upper,Lau,3e+20,PAR3P,CSR,0.1,0.26,short-term_:_and long-term,1.879606,1.952015,2.220248,2.268958,2.53952
False,mean,False,upper,Lau,3e+20,PAR3P,MSSA,0.1,0.26,short-term_:_and long-term,1.970531,2.042939,2.363501,2.472273,2.572633
True,mean,False,upper,Lau,3e+20,PAR3P,GFZ,0.1,0.26,short-term_:_and long-term,1.886454,1.958563,2.211257,2.246936,2.508294
True,mean,False,upper,Lau,3e+20,PAR3P,JPL,0.1,0.26,short-term_:_and long-term,1.95515,2.027258,2.288657,2.332348,2.596559
True,mean,False,upper,Lau,3e+20,PAR3P,CSR,0.1,0.26,short-term_:_and long-term,1.886291,1.958399,2.216269,2.261853,2.529844
True,mean,False,upper,Lau,3e+20,PAR3P,MSSA,0.1,0.26,short-term_:_and long-term,1.97753,2.049638,2.357698,2.463458,2.560735
False,mean,False,mean,Lau,3e+20,PAR3P,GFZ,0.2,0.26,short-term_:_and long-term,1.865566,1.938137,2.152274,2.182981,2.461465
False,mean,False,mean,Lau,3e+20,PAR3P,JPL,0.2,0.26,short-term_:_and long-term,1.933507,2.006078,2.228984,2.268027,2.548601
False,mean,False,mean,Lau,3e+20,PAR3P,CSR,0.2,0.26,short-term_:_and long-term,1.865404,1.937976,2.157002,2.197599,2.481859
False,mean,False,mean,Lau,3e+20,PAR3P,MSSA,0.2,0.26,short-term_:_and long-term,1.955641,2.028213,2.28655,2.386649,2.510707
True,mean,False,mean,Lau,3e+20,PAR3P,GFZ,0.2,0.26,short-term_:_and long-term,1.873194,1.94547,2.150179,2.178204,2.455408
True,mean,False,mean,Lau,3e+20,PAR3P,JPL,0.2,0.26,short-term_:_and long-term,1.941407,2.013682,2.226941,2.263372,2.541949
True,mean,False,mean,Lau,3e+20,PAR3P,CSR,0.2,0.26,short-term_:_and long-term,1.873032,1.945307,2.154807,2.192099,2.4749
True,mean,False,mean,Lau,3e+20,PAR3P,MSSA,0.2,0.26,short-term_:_and long-term,1.963629,2.035905,2.282522,2.379835,2.502549
False,mean,False,lower,Lau,3e+20,PAR3P,GFZ,0.2,0.26,short-term_:_and long-term,1.848995,1.921566,2.150046,2.18524,2.466098
False,mean,False,lower,Lau,3e+20,PAR3P,JPL,0.2,0.26,short-term_:_and long-term,1.916332,1.988903,2.22659,2.269865,2.5521
False,mean,False,lower,Lau,3e+20,PAR3P,CSR,0.2,0.26,short-term_:_and long-term,1.848834,1.921406,2.155092,2.200122,2.486593
False,mean,False,lower,Lau,3e+20,PAR3P,MSSA,0.2,0.26,short-term_:_and long-term,1.93827,2.010841,2.286409,2.39033,2.516818
True,mean,False,lower,Lau,3e+20,PAR3P,GFZ,0.2,0.26,short-term_:_and long-term,1.85713,1.929405,2.147669,2.180148,2.459153
True,mean,False,lower,Lau,3e+20,PAR3P,JPL,0.2,0.26,short-term_:_and long-term,1.924758,1.997033,2.224279,2.264825,2.545924
True,mean,False,lower,Lau,3e+20,PAR3P,CSR,0.2,0.26,short-term_:_and long-term,1.856969,1.929245,2.152584,2.194106,2.47858
True,mean,False,lower,Lau,3e+20,PAR3P,MSSA,0.2,0.26,short-term_:_and long-term,1.94679,2.019065,2.281812,2.382953,2.508834
False,mean,False,upper,Lau,3e+20,PAR3P,GFZ,0.2,0.26,short-term_:_and long-term,1.879769,1.952341,2.152876,2.179419,2.454984
False,mean,False,upper,Lau,3e+20,PAR3P,JPL,0.2,0.26,short-term_:_and long-term,1.948227,2.020799,2.229697,2.264724,2.54258
False,mean,False,upper,Lau,3e+20,PAR3P,CSR,0.2,0.26,short-term_:_and long-term,1.879606,1.952178,2.157352,2.192813,2.475159
False,mean,False,upper,Lau,3e+20,PAR3P,MSSA,0.2,0.26,short-term_:_and long-term,1.970531,2.043102,2.285187,2.381656,2.502783
True,mean,False,upper,Lau,3e+20,PAR3P,GFZ,0.2,0.26,short-term_:_and long-term,1.886454,1.95873,2.150643,2.174472,2.448646
True,mean,False,upper,Lau,3e+20,PAR3P,JPL,0.2,0.26,short-term_:_and long-term,1.95515,2.027426,2.227465,2.259833,2.535815
True,mean,False,upper,Lau,3e+20,PAR3P,CSR,0.2,0.26,short-term_:_and long-term,1.886291,1.958567,2.154966,2.188419,2.468869
True,mean,False,upper,Lau,3e+20,PAR3P,MSSA,0.2,0.26,short-term_:_and long-term,1.97753,2.049805,2.28114,2.375412,2.494467
False,mean,False,mean,Lau,3e+20,PREM,GFZ,0.15,0.26,short-term_:_and long-term,1.865566,1.939564,2.193582,2.235122,2.520884
False,mean,False,mean,Lau,3e+20,PREM,JPL,0.15,0.26,short-term_:_and long-term,1.933507,2.007505,2.271179,2.322405,2.609343
False,mean,False,mean,Lau,3e+20,PREM,CSR,0.15,0.26,short-term_:_and long-term,1.865404,1.939402,2.198802,2.249594,2.540741
False,mean,False,mean,Lau,3e+20,PREM,MSSA,0.15,0.26,short-term_:_and long-term,1.955641,2.02964,2.338202,2.451624,2.57648
True,mean,False,mean,Lau,3e+20,PREM,GFZ,0.15,0.26,short-term_:_and long-term,1.873194,1.946883,2.190519,2.229481,2.513044
True,mean,False,mean,Lau,3e+20,PREM,JPL,0.15,0.26,short-term_:_and long-term,1.941407,2.015096,2.268128,2.316736,2.601354
True,mean,False,mean,Lau,3e+20,PREM,CSR,0.15,0.26,short-term_:_and long-term,1.873032,1.946721,2.195635,2.243756,2.532449
True,mean,False,mean,Lau,3e+20,PREM,MSSA,0.15,0.26,short-term_:_and long-term,1.963629,2.037318,2.333005,2.443903,2.565152
False,mean,False,lower,Lau,3e+20,PREM,GFZ,0.15,0.26,short-term_:_and long-term,1.848995,1.922993,2.196069,2.242649,2.533291
False,mean,False,lower,Lau,3e+20,PREM,JPL,0.15,0.26,short-term_:_and long-term,1.916332,1.99033,2.273569,2.330018,2.619462
False,mean,False,lower,Lau,3e+20,PREM,CSR,0.15,0.26,short-term_:_and long-term,1.848834,1.922833,2.201664,2.257887,2.552646
False,mean,False,lower,Lau,3e+20,PREM,MSSA,0.15,0.26,short-term_:_and long-term,1.93827,2.012268,2.344013,2.462354,2.590886
True,mean,False,lower,Lau,3e+20,PREM,GFZ,0.15,0.26,short-term_:_and long-term,1.85713,1.930819,2.192646,2.236338,2.523425
True,mean,False,lower,Lau,3e+20,PREM,JPL,0.15,0.26,short-term_:_and long-term,1.924758,1.998447,2.27017,2.324075,2.611528
True,mean,False,lower,Lau,3e+20,PREM,CSR,0.15,0.26,short-term_:_and long-term,1.856969,1.930658,2.198095,2.251235,2.54289
True,mean,False,lower,Lau,3e+20,PREM,MSSA,0.15,0.26,short-term_:_and long-term,1.94679,2.020478,2.338106,2.453162,2.578154
False,mean,False,upper,Lau,3e+20,PREM,GFZ,0.15,0.26,short-term_:_and long-term,1.879769,1.953768,2.189518,2.226576,2.509096
False,mean,False,upper,Lau,3e+20,PREM,JPL,0.15,0.26,short-term_:_and long-term,1.948227,2.022226,2.26717,2.31285,2.596983
False,mean,False,upper,Lau,3e+20,PREM,CSR,0.15,0.26,short-term_:_and long-term,1.879606,1.953605,2.194452,2.240141,2.528195
False,mean,False,upper,Lau,3e+20,PREM,MSSA,0.15,0.26,short-term_:_and long-term,1.970531,2.044529,2.33098,2.439882,2.560606
True,mean,False,upper,Lau,3e+20,PREM,GFZ,0.15,0.26,short-term_:_and long-term,1.886454,1.960143,2.186405,2.220789,2.500854
True,mean,False,upper,Lau,3e+20,PREM,JPL,0.15,0.26,short-term_:_and long-term,1.95515,2.028839,2.264011,2.307836,2.589793
True,mean,False,upper,Lau,3e+20,PREM,CSR,0.15,0.26,short-term_:_and long-term,1.886291,1.95998,2.19116,2.234655,2.520525
True,mean,False,upper,Lau,3e+20,PREM,MSSA,0.15,0.26,short-term_:_and long-term,1.97753,2.051219,2.32586,2.43246,2.551087
False,mean,False,mean,Lau,3e+20,PREM,GFZ,0.1,0.26,short-term_:_and long-term,1.865566,1.939384,2.236259,2.287103,2.564987
False,mean,False,mean,Lau,3e+20,PREM,JPL,0.1,0.26,short-term_:_and long-term,1.933507,2.007324,2.314191,2.374475,2.652928
False,mean,False,mean,Lau,3e+20,PREM,CSR,0.1,0.26,short-term_:_and long-term,1.865404,1.939222,2.241953,2.302546,2.586474
False,mean,False,mean,Lau,3e+20,PREM,MSSA,0.1,0.26,short-term_:_and long-term,1.955641,2.029459,2.391983,2.514109,2.624619
True,mean,False,mean,Lau,3e+20,PREM,GFZ,0.1,0.26,short-term_:_and long-term,1.873194,1.946701,2.231714,2.278994,2.552584
True,mean,False,mean,Lau,3e+20,PREM,JPL,0.1,0.26,short-term_:_and long-term,1.941407,2.014913,2.309592,2.365649,2.640587
True,mean,False,mean,Lau,3e+20,PREM,CSR,0.1,0.26,short-term_:_and long-term,1.873032,1.946538,2.237285,2.294552,2.574766
True,mean,False,mean,Lau,3e+20,PREM,MSSA,0.1,0.26,short-term_:_and long-term,1.963629,2.037136,2.385028,2.503743,2.612005
False,mean,False,lower,Lau,3e+20,PREM,GFZ,0.1,0.26,short-term_:_and long-term,1.848995,1.922812,2.24374,2.301033,2.582229
False,mean,False,lower,Lau,3e+20,PREM,JPL,0.1,0.26,short-term_:_and long-term,1.916332,1.99015,2.321601,2.387659,2.668789
False,mean,False,lower,Lau,3e+20,PREM,CSR,0.1,0.26,short-term_:_and long-term,1.848834,1.922652,2.249867,2.316257,2.604035
False,mean,False,lower,Lau,3e+20,PREM,MSSA,0.1,0.26,short-term_:_and long-term,1.93827,2.012088,2.404076,2.532085,2.643258
True,mean,False,lower,Lau,3e+20,PREM,GFZ,0.1,0.26,short-term_:_and long-term,1.85713,1.930636,2.238708,2.291929,2.570236
True,mean,False,lower,Lau,3e+20,PREM,JPL,0.1,0.26,short-term_:_and long-term,1.924758,1.998264,2.316525,2.378924,2.656344
True,mean,False,lower,Lau,3e+20,PREM,CSR,0.1,0.26,short-term_:_and long-term,1.856969,1.930476,2.244659,2.307685,2.591745
True,mean,False,lower,Lau,3e+20,PREM,MSSA,0.1,0.26,short-term_:_and long-term,1.94679,2.020296,2.396212,2.520996,2.628145
False,mean,False,upper,Lau,3e+20,PREM,GFZ,0.1,0.26,short-term_:_and long-term,1.879769,1.953587,2.227332,2.271856,2.546782
False,mean,False,upper,Lau,3e+20,PREM,JPL,0.1,0.26,short-term_:_and long-term,1.948227,2.022045,2.305306,2.359362,2.636336
False,mean,False,upper,Lau,3e+20,PREM,CSR,0.1,0.26,short-term_:_and long-term,1.879606,1.953424,2.232707,2.28762,2.568416
False,mean,False,upper,Lau,3e+20,PREM,MSSA,0.1,0.26,short-term_:_and long-term,1.970531,2.044348,2.378679,2.494364,2.604153
True,mean,False,upper,Lau,3e+20,PREM,GFZ,0.1,0.26,short-term_:_and long-term,1.886454,1.959961,2.222874,2.264236,2.536305
True,mean,False,upper,Lau,3e+20,PREM,JPL,0.1,0.26,short-term_:_and long-term,1.95515,2.028657,2.300732,2.351083,2.625577
True,mean,False,upper,Lau,3e+20,PREM,CSR,0.1,0.26,short-term_:_and long-term,1.886291,1.959798,2.228029,2.279924,2.557134
True,mean,False,upper,Lau,3e+20,PREM,MSSA,0.1,0.26,short-term_:_and long-term,1.97753,2.051036,2.371949,2.484387,2.590591
False,mean,False,mean,Lau,3e+20,PREM,GFZ,0.2,0.26,short-term_:_and long-term,1.865566,1.939714,2.165282,2.202392,2.489505
False,mean,False,mean,Lau,3e+20,PREM,JPL,0.2,0.26,short-term_:_and long-term,1.933507,2.007655,2.242476,2.285857,2.576377
False,mean,False,mean,Lau,3e+20,PREM,CSR,0.2,0.26,short-term_:_and long-term,1.865404,1.939552,2.170136,2.216508,2.510941
False,mean,False,mean,Lau,3e+20,PREM,MSSA,0.2,0.26,short-term_:_and long-term,1.955641,2.02979,2.302562,2.409923,2.543546
True,mean,False,mean,Lau,3e+20,PREM,GFZ,0.2,0.26,short-term_:_and long-term,1.873194,1.947035,2.163375,2.197188,2.482898
True,mean,False,mean,Lau,3e+20,PREM,JPL,0.2,0.26,short-term_:_and long-term,1.941407,2.015248,2.240634,2.281467,2.569953
True,mean,False,mean,Lau,3e+20,PREM,CSR,0.2,0.26,short-term_:_and long-term,1.873032,1.946873,2.168141,2.211426,2.504191
True,mean,False,mean,Lau,3e+20,PREM,MSSA,0.2,0.26,short-term_:_and long-term,1.963629,2.03747,2.298757,2.403184,2.535513
False,mean,False,lower,Lau,3e+20,PREM,GFZ,0.2,0.26,short-term_:_and long-term,1.848995,1.923143,2.16446,2.205652,2.497097
False,mean,False,lower,Lau,3e+20,PREM,JPL,0.2,0.26,short-term_:_and long-term,1.916332,1.99048,2.241526,2.289572,2.582574
False,mean,False,lower,Lau,3e+20,PREM,CSR,0.2,0.26,short-term_:_and long-term,1.848834,1.922982,2.169647,2.220901,2.518932
False,mean,False,lower,Lau,3e+20,PREM,MSSA,0.2,0.26,short-term_:_and long-term,1.93827,2.012418,2.304222,2.415343,2.552292
True,mean,False,lower,Lau,3e+20,PREM,GFZ,0.2,0.26,short-term_:_and long-term,1.85713,1.930971,2.162289,2.200524,2.489093
True,mean,False,lower,Lau,3e+20,PREM,JPL,0.2,0.26,short-term_:_and long-term,1.924758,1.998599,2.239436,2.284749,2.576666
True,mean,False,lower,Lau,3e+20,PREM,CSR,0.2,0.26,short-term_:_and long-term,1.856969,1.93081,2.167354,2.215861,2.511904
True,mean,False,lower,Lau,3e+20,PREM,MSSA,0.2,0.26,short-term_:_and long-term,1.94679,2.02063,2.299851,2.408376,2.544284
False,mean,False,upper,Lau,3e+20,PREM,GFZ,0.2,0.26,short-term_:_and long-term,1.879769,1.953917,2.164447,2.196692,2.481222
False,mean,False,upper,Lau,3e+20,PREM,JPL,0.2,0.26,short-term_:_and long-term,1.948227,2.022375,2.24172,2.280732,2.568725
False,mean,False,upper,Lau,3e+20,PREM,CSR,0.2,0.26,short-term_:_and long-term,1.879606,1.953754,2.169043,2.210499,2.501979
False,mean,False,upper,Lau,3e+20,PREM,MSSA,0.2,0.26,short-term_:_and long-term,1.970531,2.044679,2.299372,2.402369,2.533385
True,mean,False,upper,Lau,3e+20,PREM,GFZ,0.2,0.26,short-term_:_and long-term,1.886454,1.960295,2.162387,2.191834,2.474671
True,mean,False,upper,Lau,3e+20,PREM,JPL,0.2,0.26,short-term_:_and long-term,1.95515,2.028991,2.23967,2.276281,2.562223
True,mean,False,upper,Lau,3e+20,PREM,CSR,0.2,0.26,short-term_:_and long-term,1.886291,1.960132,2.166833,2.205668,2.495943
True,mean,False,upper,Lau,3e+20,PREM,MSSA,0.2,0.26,short-term_:_and long-term,1.97753,2.051371,2.295528,2.396197,2.525561
False,mean,False,mean,Lau,3e+20,QL6,GFZ,0.15,0.26,short-term_:_and long-term,1.865566,1.936636,2.173204,2.204377,2.477413
False,mean,False,mean,Lau,3e+20,QL6,JPL,0.15,0.26,short-term_:_and long-term,1.933507,2.004577,2.249419,2.289989,2.564669
False,mean,False,mean,Lau,3e+20,QL6,CSR,0.15,0.26,short-term_:_and long-term,1.865404,1.936474,2.177866,2.218819,2.49702
False,mean,False,mean,Lau,3e+20,QL6,MSSA,0.15,0.26,short-term_:_and long-term,1.955641,2.026712,2.315446,2.419141,2.529887
True,mean,False,mean,Lau,3e+20,QL6,GFZ,0.15,0.26,short-term_:_and long-term,1.873194,1.943975,2.170075,2.198049,2.468508
True,mean,False,mean,Lau,3e+20,QL6,JPL,0.15,0.26,short-term_:_and long-term,1.941407,2.012188,2.246302,2.283986,2.557429
True,mean,False,mean,Lau,3e+20,QL6,CSR,0.15,0.26,short-term_:_and long-term,1.873032,1.943813,2.174626,2.212437,2.487773
True,mean,False,mean,Lau,3e+20,QL6,MSSA,0.15,0.26,short-term_:_and long-term,1.963629,2.03441,2.310184,2.410757,2.518963
False,mean,False,lower,Lau,3e+20,QL6,GFZ,0.15,0.26,short-term_:_and long-term,1.848995,1.920065,2.174397,2.210096,2.485643
False,mean,False,lower,Lau,3e+20,QL6,JPL,0.15,0.26,short-term_:_and long-term,1.916332,1.987402,2.250425,2.295747,2.572182
False,mean,False,lower,Lau,3e+20,QL6,CSR,0.15,0.26,short-term_:_and long-term,1.848834,1.919904,2.179395,2.225046,2.504864
False,mean,False,lower,Lau,3e+20,QL6,MSSA,0.15,0.26,short-term_:_and long-term,1.93827,2.00934,2.319794,2.428288,2.540576
True,mean,False,lower,Lau,3e+20,QL6,GFZ,0.15,0.26,short-term_:_and long-term,1.85713,1.927911,2.170865,2.203688,2.476423
True,mean,False,lower,Lau,3e+20,QL6,JPL,0.15,0.26,short-term_:_and long-term,1.924758,1.995539,2.246917,2.289091,2.56338
True,mean,False,lower,Lau,3e+20,QL6,CSR,0.15,0.26,short-term_:_and long-term,1.856969,1.92775,2.175711,2.218282,2.495118
True,mean,False,lower,Lau,3e+20,QL6,MSSA,0.15,0.26,short-term_:_and long-term,1.94679,2.01757,2.313775,2.41929,2.530005
False,mean,False,upper,Lau,3e+20,QL6,GFZ,0.15,0.26,short-term_:_and long-term,1.879769,1.950839,2.170283,2.196335,2.467032
False,mean,False,upper,Lau,3e+20,QL6,JPL,0.15,0.26,short-term_:_and long-term,1.948227,2.019297,2.246641,2.282123,2.555299
False,mean,False,upper,Lau,3e+20,QL6,CSR,0.15,0.26,short-term_:_and long-term,1.879606,1.950676,2.174694,2.210825,2.486228
False,mean,False,upper,Lau,3e+20,QL6,MSSA,0.15,0.26,short-term_:_and long-term,1.970531,2.041601,2.309501,2.408452,2.517159
True,mean,False,upper,Lau,3e+20,QL6,GFZ,0.15,0.26,short-term_:_and long-term,1.886454,1.957235,2.167142,2.190528,2.458363
True,mean,False,upper,Lau,3e+20,QL6,JPL,0.15,0.26,short-term_:_and long-term,1.95515,2.025931,2.243458,2.276372,2.547145
True,mean,False,upper,Lau,3e+20,QL6,CSR,0.15,0.26,short-term_:_and long-term,1.886291,1.957072,2.171371,2.204886,2.47797
True,mean,False,upper,Lau,3e+20,QL6,MSSA,0.15,0.26,short-term_:_and long-term,1.97753,2.048311,2.304362,2.400942,2.507028
False,mean,False,mean,Lau,3e+20,QL6,GFZ,0.1,0.26,short-term_:_and long-term,1.865566,1.936541,2.212612,2.250796,2.512211
False,mean,False,mean,Lau,3e+20,QL6,JPL,0.1,0.26,short-term_:_and long-term,1.933507,2.004482,2.289122,2.335777,2.600034
False,mean,False,mean,Lau,3e+20,QL6,CSR,0.1,0.26,short-term_:_and long-term,1.865404,1.936379,2.217722,2.26656,2.535481
False,mean,False,mean,Lau,3e+20,QL6,MSSA,0.1,0.26,short-term_:_and long-term,1.955641,2.026617,2.365302,2.475815,2.569589
True,mean,False,mean,Lau,3e+20,QL6,GFZ,0.1,0.26,short-term_:_and long-term,1.873194,1.943879,2.20846,2.243375,2.501183
True,mean,False,mean,Lau,3e+20,QL6,JPL,0.1,0.26,short-term_:_and long-term,1.941407,2.012092,2.284942,2.328856,2.589901
True,mean,False,mean,Lau,3e+20,QL6,CSR,0.1,0.26,short-term_:_and long-term,1.873032,1.943717,2.213445,2.259404,2.525151
True,mean,False,mean,Lau,3e+20,QL6,MSSA,0.1,0.26,short-term_:_and long-term,1.963629,2.034314,2.358841,2.465796,2.556614
False,mean,False,lower,Lau,3e+20,QL6,GFZ,0.1,0.26,short-term_:_and long-term,1.848995,1.91997,2.217858,2.26233,2.5253
False,mean,False,lower,Lau,3e+20,QL6,JPL,0.1,0.26,short-term_:_and long-term,1.916332,1.987307,2.294197,2.346635,2.61191
False,mean,False,lower,Lau,3e+20,QL6,CSR,0.1,0.26,short-term_:_and long-term,1.848834,1.919809,2.223353,2.2779,2.549024
False,mean,False,lower,Lau,3e+20,QL6,MSSA,0.1,0.26,short-term_:_and long-term,1.93827,2.009245,2.374769,2.490358,2.583611
True,mean,False,lower,Lau,3e+20,QL6,GFZ,0.1,0.26,short-term_:_and long-term,1.85713,1.927815,2.213226,2.253658,2.512598
True,mean,False,lower,Lau,3e+20,QL6,JPL,0.1,0.26,short-term_:_and long-term,1.924758,1.995443,2.289547,2.338036,2.599474
True,mean,False,lower,Lau,3e+20,QL6,CSR,0.1,0.26,short-term_:_and long-term,1.856969,1.927654,2.218544,2.269344,2.537003
True,mean,False,lower,Lau,3e+20,QL6,MSSA,0.1,0.26,short-term_:_and long-term,1.94679,2.017475,2.367418,2.479767,2.56987
False,mean,False,upper,Lau,3e+20,QL6,GFZ,0.1,0.26,short-term_:_and long-term,1.879769,1.950744,2.205776,2.238471,2.498268
False,mean,False,upper,Lau,3e+20,QL6,JPL,0.1,0.26,short-term_:_and long-term,1.948227,2.019202,2.282425,2.323987,2.586303
False,mean,False,upper,Lau,3e+20,QL6,CSR,0.1,0.26,short-term_:_and long-term,1.879606,1.950581,2.210609,2.253623,2.519006
False,mean,False,upper,Lau,3e+20,QL6,MSSA,0.1,0.26,short-term_:_and long-term,1.970531,2.041506,2.354445,2.460216,2.553426
True,mean,False,upper,Lau,3e+20,QL6,GFZ,0.1,0.26,short-term_:_and long-term,1.886454,1.957139,2.201703,2.231189,2.488054
True,mean,False,upper,Lau,3e+20,QL6,JPL,0.1,0.26,short-term_:_and long-term,1.95515,2.025835,2.278263,2.316972,2.576655
True,mean,False,upper,Lau,3e+20,QL6,CSR,0.1,0.26,short-term_:_and long-term,1.886291,1.956976,2.206319,2.246148,2.509188
True,mean,False,upper,Lau,3e+20,QL6,MSSA,0.1,0.26,short-term_:_and long-term,1.97753,2.048215,2.348199,2.450843,2.541148
False,mean,False,mean,Lau,3e+20,QL6,GFZ,0.2,0.26,short-term_:_and long-term,1.865566,1.936731,2.146048,2.172424,2.449139
False,mean,False,mean,Lau,3e+20,QL6,JPL,0.2,0.26,short-term_:_and long-term,1.933507,2.004672,2.221968,2.255682,2.535454
False,mean,False,mean,Lau,3e+20,QL6,CSR,0.2,0.26,short-term_:_and long-term,1.865404,1.93657,2.150375,2.185174,2.468437
False,mean,False,mean,Lau,3e+20,QL6,MSSA,0.2,0.26,short-term_:_and long-term,1.955641,2.026807,2.281093,2.378704,2.500785
True,mean,False,mean,Lau,3e+20,QL6,GFZ,0.2,0.26,short-term_:_and long-term,1.873194,1.944071,2.14374,2.16785,2.443091
True,mean,False,mean,Lau,3e+20,QL6,JPL,0.2,0.26,short-term_:_and long-term,1.941407,2.012284,2.219709,2.250923,2.528622
True,mean,False,mean,Lau,3e+20,QL6,CSR,0.2,0.26,short-term_:_and long-term,1.873032,1.943909,2.147968,2.180488,2.46238
True,mean,False,mean,Lau,3e+20,QL6,MSSA,0.2,0.26,short-term_:_and long-term,1.963629,2.034507,2.276807,2.371487,2.491867
False,mean,False,lower,Lau,3e+20,QL6,GFZ,0.2,0.26,short-term_:_and long-term,1.848995,1.92016,2.144477,2.17547,2.455107
False,mean,False,lower,Lau,3e+20,QL6,JPL,0.2,0.26,short-term_:_and long-term,1.916332,1.987498,2.220194,2.258177,2.539274
False,mean,False,lower,Lau,3e+20,QL6,CSR,0.2,0.26,short-term_:_and long-term,1.848834,1.92,2.149106,2.188181,2.47416
False,mean,False,lower,Lau,3e+20,QL6,MSSA,0.2,0.26,short-term_:_and long-term,1.93827,2.009435,2.281957,2.383641,2.510187
True,mean,False,lower,Lau,3e+20,QL6,GFZ,0.2,0.26,short-term_:_and long-term,1.85713,1.928007,2.141833,2.169725,2.447442
True,mean,False,lower,Lau,3e+20,QL6,JPL,0.2,0.26,short-term_:_and long-term,1.924758,1.995635,2.217612,2.253129,2.532282
True,mean,False,lower,Lau,3e+20,QL6,CSR,0.2,0.26,short-term_:_and long-term,1.856969,1.927846,2.146328,2.182681,2.46699
True,mean,False,lower,Lau,3e+20,QL6,MSSA,0.2,0.26,short-term_:_and long-term,1.94679,2.017667,2.277022,2.375706,2.500048
False,mean,False,upper,Lau,3e+20,QL6,GFZ,0.2,0.26,short-term_:_and long-term,1.879769,1.950935,2.14583,2.168436,2.443018
False,mean,False,upper,Lau,3e+20,QL6,JPL,0.2,0.26,short-term_:_and long-term,1.948227,2.019393,2.221903,2.251533,2.528997
False,mean,False,upper,Lau,3e+20,QL6,CSR,0.2,0.26,short-term_:_and long-term,1.879606,1.950772,2.149926,2.180839,2.461872
False,mean,False,upper,Lau,3e+20,QL6,MSSA,0.2,0.26,short-term_:_and long-term,1.970531,2.041696,2.278536,2.372213,2.491234
True,mean,False,upper,Lau,3e+20,QL6,GFZ,0.2,0.26,short-term_:_and long-term,1.886454,1.957332,2.143437,2.163246,2.435855
True,mean,False,upper,Lau,3e+20,QL6,JPL,0.2,0.26,short-term_:_and long-term,1.95515,2.026027,2.219507,2.246709,2.522315
True,mean,False,upper,Lau,3e+20,QL6,CSR,0.2,0.26,short-term_:_and long-term,1.886291,1.957168,2.147375,2.176273,2.455098
True,mean,False,upper,Lau,3e+20,QL6,MSSA,0.2,0.26,short-term_:_and long-term,1.97753,2.048407,2.274294,2.365172,2.482572
False,mean,False,mean,Lau,3e+20,QM1,GFZ,0.15,0.26,short-term_:_and long-term,1.865566,1.940956,2.187321,2.230607,2.517621
False,mean,False,mean,Lau,3e+20,QM1,JPL,0.15,0.26,short-term_:_and long-term,1.933507,2.008897,2.265097,2.319015,2.60667
False,mean,False,mean,Lau,3e+20,QM1,CSR,0.15,0.26,short-term_:_and long-term,1.865404,1.940794,2.192846,2.247095,2.538602
False,mean,False,mean,Lau,3e+20,QM1,MSSA,0.15,0.26,short-term_:_and long-term,1.955641,2.031031,2.326422,2.439704,2.564482
True,mean,False,mean,Lau,3e+20,QM1,GFZ,0.15,0.26,short-term_:_and long-term,1.873194,1.948263,2.184659,2.225393,2.510203
True,mean,False,mean,Lau,3e+20,QM1,JPL,0.15,0.26,short-term_:_and long-term,1.941407,2.016476,2.26246,2.313581,2.599097
True,mean,False,mean,Lau,3e+20,QM1,CSR,0.15,0.26,short-term_:_and long-term,1.873032,1.948101,2.19009,2.241192,2.530301
True,mean,False,mean,Lau,3e+20,QM1,MSSA,0.15,0.26,short-term_:_and long-term,1.963629,2.038699,2.32171,2.432399,2.55483
False,mean,False,lower,Lau,3e+20,QM1,GFZ,0.15,0.26,short-term_:_and long-term,1.848995,1.924384,2.189875,2.239168,2.529788
False,mean,False,lower,Lau,3e+20,QM1,JPL,0.15,0.26,short-term_:_and long-term,1.916332,1.991722,2.267586,2.327121,2.617363
False,mean,False,lower,Lau,3e+20,QM1,CSR,0.15,0.26,short-term_:_and long-term,1.848834,1.924224,2.19581,2.255532,2.550565
False,mean,False,lower,Lau,3e+20,QM1,MSSA,0.15,0.26,short-term_:_and long-term,1.93827,2.01366,2.332063,2.45043,2.578571
True,mean,False,lower,Lau,3e+20,QM1,GFZ,0.15,0.26,short-term_:_and long-term,1.85713,1.932199,2.186899,2.232724,2.520148
True,mean,False,lower,Lau,3e+20,QM1,JPL,0.15,0.26,short-term_:_and long-term,1.924758,1.999827,2.264648,2.321423,2.609427
True,mean,False,lower,Lau,3e+20,QM1,CSR,0.15,0.26,short-term_:_and long-term,1.856969,1.932038,2.1927,2.249456,2.54171
True,mean,False,lower,Lau,3e+20,QM1,MSSA,0.15,0.26,short-term_:_and long-term,1.94679,2.021859,2.326696,2.442034,2.567034
False,mean,False,upper,Lau,3e+20,QM1,GFZ,0.15,0.26,short-term_:_and long-term,1.879769,1.955159,2.183299,2.221997,2.505696
False,mean,False,upper,Lau,3e+20,QM1,JPL,0.15,0.26,short-term_:_and long-term,1.948227,2.023617,2.261097,2.310013,2.594924
False,mean,False,upper,Lau,3e+20,QM1,CSR,0.15,0.26,short-term_:_and long-term,1.879606,1.954996,2.188503,2.237518,2.525509
False,mean,False,upper,Lau,3e+20,QM1,MSSA,0.15,0.26,short-term_:_and long-term,1.970531,2.04592,2.319495,2.428725,2.551678
True,mean,False,upper,Lau,3e+20,QM1,GFZ,0.15,0.26,short-term_:_and long-term,1.886454,1.961524,2.180542,2.217258,2.499147
True,mean,False,upper,Lau,3e+20,QM1,JPL,0.15,0.26,short-term_:_and long-term,1.95515,2.030219,2.258307,2.304502,2.587352
True,mean,False,upper,Lau,3e+20,QM1,CSR,0.15,0.26,short-term_:_and long-term,1.886291,1.96136,2.185579,2.231892,2.517912
True,mean,False,upper,Lau,3e+20,QM1,MSSA,0.15,0.26,short-term_:_and long-term,1.97753,2.052599,2.314809,2.42091,2.541983
False,mean,False,mean,Lau,3e+20,QM1,GFZ,0.1,0.26,short-term_:_and long-term,1.865566,1.94069,2.222156,2.274202,2.553618
False,mean,False,mean,Lau,3e+20,QM1,JPL,0.1,0.26,short-term_:_and long-term,1.933507,2.008631,2.3002,2.361012,2.642271
False,mean,False,mean,Lau,3e+20,QM1,CSR,0.1,0.26,short-term_:_and long-term,1.865404,1.940528,2.228132,2.289883,2.573824
False,mean,False,mean,Lau,3e+20,QM1,MSSA,0.1,0.26,short-term_:_and long-term,1.955641,2.030766,2.369784,2.490399,2.604955
True,mean,False,mean,Lau,3e+20,QM1,GFZ,0.1,0.26,short-term_:_and long-term,1.873194,1.947996,2.21807,2.266678,2.542205
True,mean,False,mean,Lau,3e+20,QM1,JPL,0.1,0.26,short-term_:_and long-term,1.941407,2.016209,2.296067,2.354813,2.633243
True,mean,False,mean,Lau,3e+20,QM1,CSR,0.1,0.26,short-term_:_and long-term,1.873032,1.947833,2.223926,2.282424,2.562936
True,mean,False,mean,Lau,3e+20,QM1,MSSA,0.1,0.26,short-term_:_and long-term,1.963629,2.038431,2.363442,2.480358,2.592251
False,mean,False,lower,Lau,3e+20,QM1,GFZ,0.1,0.26,short-term_:_and long-term,1.848995,1.924119,2.22946,2.288126,2.569436
False,mean,False,lower,Lau,3e+20,QM1,JPL,0.1,0.26,short-term_:_and long-term,1.916332,1.991456,2.307463,2.374621,2.65722
False,mean,False,lower,Lau,3e+20,QM1,CSR,0.1,0.26,short-term_:_and long-term,1.848834,1.923958,2.235908,2.304142,2.59047
False,mean,False,lower,Lau,3e+20,QM1,MSSA,0.1,0.26,short-term_:_and long-term,1.93827,2.013394,2.381336,2.50759,2.622735
True,mean,False,lower,Lau,3e+20,QM1,GFZ,0.1,0.26,short-term_:_and long-term,1.85713,1.931931,2.224929,2.279919,2.557416
True,mean,False,lower,Lau,3e+20,QM1,JPL,0.1,0.26,short-term_:_and long-term,1.924758,1.99956,2.302895,2.366542,2.645338
True,mean,False,lower,Lau,3e+20,QM1,CSR,0.1,0.26,short-term_:_and long-term,1.856969,1.931771,2.231205,2.296247,2.579141
True,mean,False,lower,Lau,3e+20,QM1,MSSA,0.1,0.26,short-term_:_and long-term,1.94679,2.021591,2.374147,2.496733,2.608012
False,mean,False,upper,Lau,3e+20,QM1,GFZ,0.1,0.26,short-term_:_and long-term,1.879769,1.954893,2.21345,2.257948,2.534451
False,mean,False,upper,Lau,3e+20,QM1,JPL,0.1,0.26,short-term_:_and long-term,1.948227,2.023352,2.291504,2.34726,2.627272
False,mean,False,upper,Lau,3e+20,QM1,CSR,0.1,0.26,short-term_:_and long-term,1.879606,1.95473,2.219065,2.2744,2.556902
False,mean,False,upper,Lau,3e+20,QM1,MSSA,0.1,0.26,short-term_:_and long-term,1.970531,2.045655,2.357057,2.471344,2.583218
True,mean,False,upper,Lau,3e+20,QM1,GFZ,0.1,0.26,short-term_:_and long-term,1.886454,1.961256,2.209408,2.250352,2.52337
True,mean,False,upper,Lau,3e+20,QM1,JPL,0.1,0.26,short-term_:_and long-term,1.95515,2.029952,2.287354,2.340352,2.617077
True,mean,False,upper,Lau,3e+20,QM1,CSR,0.1,0.26,short-term_:_and long-term,1.886291,1.961093,2.214809,2.267004,2.546716
True,mean,False,upper,Lau,3e+20,QM1,MSSA,0.1,0.26,short-term_:_and long-term,1.97753,2.052331,2.350887,2.461967,2.571906
False,mean,False,mean,Lau,3e+20,QM1,GFZ,0.2,0.26,short-term_:_and long-term,1.865566,1.94121,2.16328,2.202545,2.490807
False,mean,False,mean,Lau,3e+20,QM1,JPL,0.2,0.26,short-term_:_and long-term,1.933507,2.009151,2.24068,2.287929,2.577178
False,mean,False,mean,Lau,3e+20,QM1,CSR,0.2,0.26,short-term_:_and long-term,1.865404,1.941048,2.16844,2.218301,2.512842
False,mean,False,mean,Lau,3e+20,QM1,MSSA,0.2,0.26,short-term_:_and long-term,1.955641,2.031285,2.296571,2.40499,2.539623
True,mean,False,mean,Lau,3e+20,QM1,GFZ,0.2,0.26,short-term_:_and long-term,1.873194,1.94852,2.161582,2.198275,2.484399
True,mean,False,mean,Lau,3e+20,QM1,JPL,0.2,0.26,short-term_:_and long-term,1.941407,2.016733,2.239056,2.283662,2.572071
True,mean,False,mean,Lau,3e+20,QM1,CSR,0.2,0.26,short-term_:_and long-term,1.873032,1.948358,2.166662,2.214086,2.507267
True,mean,False,mean,Lau,3e+20,QM1,MSSA,0.2,0.26,short-term_:_and long-term,1.963629,2.038955,2.292989,2.398395,2.532305
False,mean,False,lower,Lau,3e+20,QM1,GFZ,0.2,0.26,short-term_:_and long-term,1.848995,1.924638,2.162547,2.206223,2.497427
False,mean,False,lower,Lau,3e+20,QM1,JPL,0.2,0.26,short-term_:_and long-term,1.916332,1.991976,2.239848,2.291552,2.582879
False,mean,False,lower,Lau,3e+20,QM1,CSR,0.2,0.26,short-term_:_and long-term,1.848834,1.924478,2.168069,2.221715,2.518326
False,mean,False,lower,Lau,3e+20,QM1,MSSA,0.2,0.26,short-term_:_and long-term,1.93827,2.013914,2.298139,2.411256,2.549602
True,mean,False,lower,Lau,3e+20,QM1,GFZ,0.2,0.26,short-term_:_and long-term,1.85713,1.932456,2.160613,2.201607,2.491306
True,mean,False,lower,Lau,3e+20,QM1,JPL,0.2,0.26,short-term_:_and long-term,1.924758,2.000084,2.238005,2.286951,2.576752
True,mean,False,lower,Lau,3e+20,QM1,CSR,0.2,0.26,short-term_:_and long-term,1.856969,1.932295,2.166023,2.217138,2.512966
True,mean,False,lower,Lau,3e+20,QM1,MSSA,0.2,0.26,short-term_:_and long-term,1.94679,2.022116,2.294021,2.403895,2.540563
False,mean,False,upper,Lau,3e+20,QM1,GFZ,0.2,0.26,short-term_:_and long-term,1.879769,1.955413,2.162433,2.196856,2.481479
False,mean,False,upper,Lau,3e+20,QM1,JPL,0.2,0.26,short-term_:_and long-term,1.948227,2.023871,2.239882,2.282353,2.569598
False,mean,False,upper,Lau,3e+20,QM1,CSR,0.2,0.26,short-term_:_and long-term,1.879606,1.95525,2.167306,2.212572,2.503722
False,mean,False,upper,Lau,3e+20,QM1,MSSA,0.2,0.26,short-term_:_and long-term,1.970531,2.046174,2.293559,2.397481,2.529287
True,mean,False,upper,Lau,3e+20,QM1,GFZ,0.2,0.26,short-term_:_and long-term,1.886454,1.961781,2.160555,2.19272,2.475194
True,mean,False,upper,Lau,3e+20,QM1,JPL,0.2,0.26,short-term_:_and long-term,1.95515,2.030476,2.238022,2.278768,2.564679
True,mean,False,upper,Lau,3e+20,QM1,CSR,0.2,0.26,short-term_:_and long-term,1.886291,1.961617,2.165285,2.208131,2.498495
True,mean,False,upper,Lau,3e+20,QM1,MSSA,0.2,0.26,short-term_:_and long-term,1.97753,2.052856,2.289912,2.391702,2.522236
False,mean,False,mean,Lau,3e+20,Resovsky,GFZ,0.15,0.26,short-term_:_and long-term,1.865566,1.938353,2.17021,2.206011,2.486215
False,mean,False,mean,Lau,3e+20,Resovsky,JPL,0.15,0.26,short-term_:_and long-term,1.933507,2.006294,2.246864,2.290802,2.572817
False,mean,False,mean,Lau,3e+20,Resovsky,CSR,0.15,0.26,short-term_:_and long-term,1.865404,1.938191,2.175158,2.219426,2.50527
False,mean,False,mean,Lau,3e+20,Resovsky,MSSA,0.15,0.26,short-term_:_and long-term,1.955641,2.028429,2.308482,2.414746,2.535316
True,mean,False,mean,Lau,3e+20,Resovsky,GFZ,0.15,0.26,short-term_:_and long-term,1.873194,1.945679,2.167293,2.200447,2.478065
True,mean,False,mean,Lau,3e+20,Resovsky,JPL,0.15,0.26,short-term_:_and long-term,1.941407,2.013892,2.243967,2.285104,2.565338
True,mean,False,mean,Lau,3e+20,Resovsky,CSR,0.15,0.26,short-term_:_and long-term,1.873032,1.945517,2.172136,2.213697,2.497326
True,mean,False,mean,Lau,3e+20,Resovsky,MSSA,0.15,0.26,short-term_:_and long-term,1.963629,2.036114,2.303484,2.406953,2.525103
False,mean,False,lower,Lau,3e+20,Resovsky,GFZ,0.15,0.26,short-term_:_and long-term,1.848995,1.921782,2.170741,2.211448,2.494514
False,mean,False,lower,Lau,3e+20,Resovsky,JPL,0.15,0.26,short-term_:_and long-term,1.916332,1.989119,2.247248,2.295921,2.581166
False,mean,False,lower,Lau,3e+20,Resovsky,CSR,0.15,0.26,short-term_:_and long-term,1.848834,1.921622,2.176046,2.225285,2.513886
False,mean,False,lower,Lau,3e+20,Resovsky,MSSA,0.15,0.26,short-term_:_and long-term,1.93827,2.011057,2.31178,2.422602,2.545459
True,mean,False,lower,Lau,3e+20,Resovsky,GFZ,0.15,0.26,short-term_:_and long-term,1.85713,1.929615,2.167429,2.205296,2.486476
True,mean,False,lower,Lau,3e+20,Resovsky,JPL,0.15,0.26,short-term_:_and long-term,1.924758,1.997243,2.243968,2.290136,2.572714
True,mean,False,lower,Lau,3e+20,Resovsky,CSR,0.15,0.26,short-term_:_and long-term,1.856969,1.929454,2.172588,2.218656,2.504675
True,mean,False,lower,Lau,3e+20,Resovsky,MSSA,0.15,0.26,short-term_:_and long-term,1.94679,2.019275,2.306035,2.413864,2.534397
False,mean,False,upper,Lau,3e+20,Resovsky,GFZ,0.15,0.26,short-term_:_and long-term,1.879769,1.952556,2.167892,2.199012,2.475185
False,mean,False,upper,Lau,3e+20,Resovsky,JPL,0.15,0.26,short-term_:_and long-term,1.948227,2.021015,2.244654,2.283599,2.563561
False,mean,False,upper,Lau,3e+20,Resovsky,CSR,0.15,0.26,short-term_:_and long-term,1.879606,1.952393,2.172568,2.212488,2.495695
False,mean,False,upper,Lau,3e+20,Resovsky,MSSA,0.15,0.26,short-term_:_and long-term,1.970531,2.043318,2.303504,2.405263,2.522438
True,mean,False,upper,Lau,3e+20,Resovsky,GFZ,0.15,0.26,short-term_:_and long-term,1.886454,1.95894,2.164954,2.192861,2.466747
True,mean,False,upper,Lau,3e+20,Resovsky,JPL,0.15,0.26,short-term_:_and long-term,1.95515,2.027635,2.241681,2.277791,2.555402
True,mean,False,upper,Lau,3e+20,Resovsky,CSR,0.15,0.26,short-term_:_and long-term,1.886291,1.958776,2.169455,2.206191,2.488197
True,mean,False,upper,Lau,3e+20,Resovsky,MSSA,0.15,0.26,short-term_:_and long-term,1.97753,2.050015,2.298621,2.397663,2.512793
False,mean,False,mean,Lau,3e+20,Resovsky,GFZ,0.1,0.26,short-term_:_and long-term,1.865566,1.938202,2.201197,2.241401,2.512774
False,mean,False,mean,Lau,3e+20,Resovsky,JPL,0.1,0.26,short-term_:_and long-term,1.933507,2.006143,2.278206,2.329395,2.602962
False,mean,False,mean,Lau,3e+20,Resovsky,CSR,0.1,0.26,short-term_:_and long-term,1.865404,1.93804,2.206552,2.257425,2.53402
False,mean,False,mean,Lau,3e+20,Resovsky,MSSA,0.1,0.26,short-term_:_and long-term,1.955641,2.028277,2.34748,2.459098,2.56522
True,mean,False,mean,Lau,3e+20,Resovsky,GFZ,0.1,0.26,short-term_:_and long-term,1.873194,1.945527,2.196933,2.234881,2.502735
True,mean,False,mean,Lau,3e+20,Resovsky,JPL,0.1,0.26,short-term_:_and long-term,1.941407,2.01374,2.273905,2.32248,2.593856
True,mean,False,mean,Lau,3e+20,Resovsky,CSR,0.1,0.26,short-term_:_and long-term,1.873032,1.945365,2.202158,2.249912,2.522482
True,mean,False,mean,Lau,3e+20,Resovsky,MSSA,0.1,0.26,short-term_:_and long-term,1.963629,2.035962,2.340912,2.448521,2.553029
False,mean,False,lower,Lau,3e+20,Resovsky,GFZ,0.1,0.26,short-term_:_and long-term,1.848995,1.92163,2.20453,2.2501,2.523922
False,mean,False,lower,Lau,3e+20,Resovsky,JPL,0.1,0.26,short-term_:_and long-term,1.916332,1.988968,2.28141,2.337629,2.613935
False,mean,False,lower,Lau,3e+20,Resovsky,CSR,0.1,0.26,short-term_:_and long-term,1.848834,1.92147,2.21028,2.266786,2.546302
False,mean,False,lower,Lau,3e+20,Resovsky,MSSA,0.1,0.26,short-term_:_and long-term,1.93827,2.010906,2.354278,2.471207,2.579183
True,mean,False,lower,Lau,3e+20,Resovsky,GFZ,0.1,0.26,short-term_:_and long-term,1.85713,1.929463,2.199753,2.242375,2.512855
True,mean,False,lower,Lau,3e+20,Resovsky,JPL,0.1,0.26,short-term_:_and long-term,1.924758,1.997091,2.276605,2.329654,2.602702
True,mean,False,lower,Lau,3e+20,Resovsky,CSR,0.1,0.26,short-term_:_and long-term,1.856969,1.929302,2.205323,2.257739,2.533885
True,mean,False,lower,Lau,3e+20,Resovsky,MSSA,0.1,0.26,short-term_:_and long-term,1.94679,2.019123,2.346796,2.460088,2.56516
False,mean,False,upper,Lau,3e+20,Resovsky,GFZ,0.1,0.26,short-term_:_and long-term,1.879769,1.952405,2.196165,2.231721,2.499927
False,mean,False,upper,Lau,3e+20,Resovsky,JPL,0.1,0.26,short-term_:_and long-term,1.948227,2.020863,2.273272,2.319166,2.590751
False,mean,False,upper,Lau,3e+20,Resovsky,CSR,0.1,0.26,short-term_:_and long-term,1.879606,1.952242,2.201226,2.246905,2.521266
False,mean,False,upper,Lau,3e+20,Resovsky,MSSA,0.1,0.26,short-term_:_and long-term,1.970531,2.043166,2.339134,2.445045,2.55015
True,mean,False,upper,Lau,3e+20,Resovsky,GFZ,0.1,0.26,short-term_:_and long-term,1.886454,1.958787,2.192005,2.224691,2.489379
True,mean,False,upper,Lau,3e+20,Resovsky,JPL,0.1,0.26,short-term_:_and long-term,1.95515,2.027483,2.269019,2.311789,2.579742
True,mean,False,upper,Lau,3e+20,Resovsky,CSR,0.1,0.26,short-term_:_and long-term,1.886291,1.958624,2.196853,2.239457,2.510543
True,mean,False,upper,Lau,3e+20,Resovsky,MSSA,0.1,0.26,short-term_:_and long-term,1.97753,2.049863,2.332816,2.435555,2.537019
False,mean,False,mean,Lau,3e+20,Resovsky,GFZ,0.2,0.26,short-term_:_and long-term,1.865566,1.938519,2.147178,2.177323,2.460208
False,mean,False,mean,Lau,3e+20,Resovsky,JPL,0.2,0.26,short-term_:_and long-term,1.933507,2.00646,2.223506,2.261647,2.547357
False,mean,False,mean,Lau,3e+20,Resovsky,CSR,0.2,0.26,short-term_:_and long-term,1.865404,1.938358,2.151795,2.192504,2.48263
False,mean,False,mean,Lau,3e+20,Resovsky,MSSA,0.2,0.26,short-term_:_and long-term,1.955641,2.028595,2.279585,2.379526,2.510603
True,mean,False,mean,Lau,3e+20,Resovsky,GFZ,0.2,0.26,short-term_:_and long-term,1.873194,1.945847,2.14521,2.172567,2.453302
True,mean,False,mean,Lau,3e+20,Resovsky,JPL,0.2,0.26,short-term_:_and long-term,1.941407,2.01406,2.221603,2.256993,2.540256
True,mean,False,mean,Lau,3e+20,Resovsky,CSR,0.2,0.26,short-term_:_and long-term,1.873032,1.945685,2.149739,2.187634,2.47543
True,mean,False,mean,Lau,3e+20,Resovsky,MSSA,0.2,0.26,short-term_:_and long-term,1.963629,2.036282,2.275699,2.372797,2.502108
False,mean,False,lower,Lau,3e+20,Resovsky,GFZ,0.2,0.26,short-term_:_and long-term,1.848995,1.921948,2.145564,2.180512,2.466878
False,mean,False,lower,Lau,3e+20,Resovsky,JPL,0.2,0.26,short-term_:_and long-term,1.916332,1.989286,2.221725,2.263943,2.552475
False,mean,False,lower,Lau,3e+20,Resovsky,CSR,0.2,0.26,short-term_:_and long-term,1.848834,1.921788,2.150506,2.195826,2.488731
False,mean,False,lower,Lau,3e+20,Resovsky,MSSA,0.2,0.26,short-term_:_and long-term,1.93827,2.011223,2.280217,2.384539,2.518626
True,mean,False,lower,Lau,3e+20,Resovsky,GFZ,0.2,0.26,short-term_:_and long-term,1.85713,1.929783,2.143285,2.175207,2.459678
True,mean,False,lower,Lau,3e+20,Resovsky,JPL,0.2,0.26,short-term_:_and long-term,1.924758,1.997411,2.219527,2.259208,2.545781
True,mean,False,lower,Lau,3e+20,Resovsky,CSR,0.2,0.26,short-term_:_and long-term,1.856969,1.929622,2.148105,2.19025,2.481475
True,mean,False,lower,Lau,3e+20,Resovsky,MSSA,0.2,0.26,short-term_:_and long-term,1.94679,2.019443,2.275705,2.377621,2.50988
False,mean,False,upper,Lau,3e+20,Resovsky,GFZ,0.2,0.26,short-term_:_and long-term,1.879769,1.952723,2.146964,2.172755,2.452237
False,mean,False,upper,Lau,3e+20,Resovsky,JPL,0.2,0.26,short-term_:_and long-term,1.948227,2.021181,2.223413,2.257086,2.539267
False,mean,False,upper,Lau,3e+20,Resovsky,CSR,0.2,0.26,short-term_:_and long-term,1.879606,1.95256,2.151329,2.187298,2.473987
False,mean,False,upper,Lau,3e+20,Resovsky,MSSA,0.2,0.26,short-term_:_and long-term,1.970531,2.043484,2.277206,2.372738,2.500166
True,mean,False,upper,Lau,3e+20,Resovsky,GFZ,0.2,0.26,short-term_:_and long-term,1.886454,1.959107,2.144885,2.168577,2.446199
True,mean,False,upper,Lau,3e+20,Resovsky,JPL,0.2,0.26,short-term_:_and long-term,1.95515,2.027803,2.221345,2.252925,2.533653
True,mean,False,upper,Lau,3e+20,Resovsky,CSR,0.2,0.26,short-term_:_and long-term,1.886291,1.958944,2.149101,2.182893,2.467956
True,mean,False,upper,Lau,3e+20,Resovsky,MSSA,0.2,0.26,short-term_:_and long-term,1.97753,2.050183,2.273336,2.366488,2.492667
